ISO-10303-21;
HEADER;
FILE_DESCRIPTION(('Open CASCADE Model'),'2;1');
FILE_NAME('Open CASCADE Shape Model','2026-09-15T11:03:13',('Author'),(
    'Open CASCADE'),'Open CASCADE STEP processor 7.9','Open CASCADE 7.9'
  ,'Unknown');
FILE_SCHEMA(('AUTOMOTIVE_DESIGN { 1 0 10303 214 1 1 1 1 }'));
ENDSEC;
DATA;
#1 = APPLICATION_PROTOCOL_DEFINITION('international standard',
  'automotive_design',2000,#2);
#2 = APPLICATION_CONTEXT(
  'core data for automotive mechanical design processes');
#3 = SHAPE_DEFINITION_REPRESENTATION(#4,#10);
#4 = PRODUCT_DEFINITION_SHAPE('','',#5);
#5 = PRODUCT_DEFINITION('design','',#6,#9);
#6 = PRODUCT_DEFINITION_FORMATION('','',#7);
#7 = PRODUCT('Open CASCADE STEP translator 7.9 2',
  'Open CASCADE STEP translator 7.9 2','',(#8));
#8 = PRODUCT_CONTEXT('',#2,'mechanical');
#9 = PRODUCT_DEFINITION_CONTEXT('part definition',#2,'design');
#10 = ADVANCED_BREP_SHAPE_REPRESENTATION('',(#11,#15),#4619);
#11 = AXIS2_PLACEMENT_3D('',#12,#13,#14);
#12 = CARTESIAN_POINT('',(0.,0.,0.));
#13 = DIRECTION('',(0.,0.,1.));
#14 = DIRECTION('',(1.,0.,-0.));
#15 = MANIFOLD_SOLID_BREP('',#16);
#16 = CLOSED_SHELL('',(#17,#137,#213,#354,#556,#1062,#1069,#1246,#1423,
    #1586,#1771,#1826,#1881,#1936,#2013,#2062,#2112,#2161,#2211,#2260,
    #2314,#2341,#2391,#2468,#2517,#2566,#2620,#2670,#2719,#2768,#2796,
    #3100,#3562,#3589,#3615,#3662,#3668,#3703,#3710,#3745,#3756,#3767,
    #3773,#3779,#3849,#3854,#4114,#4395,#4442,#4447,#4453,#4532,#4611,
    #4615));
#17 = ADVANCED_FACE('',(#18),#32,.F.);
#18 = FACE_BOUND('',#19,.F.);
#19 = EDGE_LOOP('',(#20,#55,#83,#111));
#20 = ORIENTED_EDGE('',*,*,#21,.T.);
#21 = EDGE_CURVE('',#22,#24,#26,.T.);
#22 = VERTEX_POINT('',#23);
#23 = CARTESIAN_POINT('',(420.,-85.,-125.));
#24 = VERTEX_POINT('',#25);
#25 = CARTESIAN_POINT('',(500.,-85.,-125.));
#26 = SURFACE_CURVE('',#27,(#31,#43),.PCURVE_S1.);
#27 = LINE('',#28,#29);
#28 = CARTESIAN_POINT('',(420.,-85.,-125.));
#29 = VECTOR('',#30,1.);
#30 = DIRECTION('',(1.,0.,0.));
#31 = PCURVE('',#32,#37);
#32 = PLANE('',#33);
#33 = AXIS2_PLACEMENT_3D('',#34,#35,#36);
#34 = CARTESIAN_POINT('',(420.,-85.,-125.));
#35 = DIRECTION('',(0.,0.,1.));
#36 = DIRECTION('',(0.,1.,0.));
#37 = DEFINITIONAL_REPRESENTATION('',(#38),#42);
#38 = LINE('',#39,#40);
#39 = CARTESIAN_POINT('',(0.,0.));
#40 = VECTOR('',#41,1.);
#41 = DIRECTION('',(0.,-1.));
#42 = ( GEOMETRIC_REPRESENTATION_CONTEXT(2) 
PARAMETRIC_REPRESENTATION_CONTEXT() REPRESENTATION_CONTEXT('2D SPACE',''
  ) );
#43 = PCURVE('',#44,#49);
#44 = PLANE('',#45);
#45 = AXIS2_PLACEMENT_3D('',#46,#47,#48);
#46 = CARTESIAN_POINT('',(420.,-85.,125.));
#47 = DIRECTION('',(-0.,1.,0.));
#48 = DIRECTION('',(0.,0.,-1.));
#49 = DEFINITIONAL_REPRESENTATION('',(#50),#54);
#50 = LINE('',#51,#52);
#51 = CARTESIAN_POINT('',(250.,0.));
#52 = VECTOR('',#53,1.);
#53 = DIRECTION('',(0.,-1.));
#54 = ( GEOMETRIC_REPRESENTATION_CONTEXT(2) 
PARAMETRIC_REPRESENTATION_CONTEXT() REPRESENTATION_CONTEXT('2D SPACE',''
  ) );
#55 = ORIENTED_EDGE('',*,*,#56,.T.);
#56 = EDGE_CURVE('',#24,#57,#59,.T.);
#57 = VERTEX_POINT('',#58);
#58 = CARTESIAN_POINT('',(500.,85.,-125.));
#59 = SURFACE_CURVE('',#60,(#64,#71),.PCURVE_S1.);
#60 = LINE('',#61,#62);
#61 = CARTESIAN_POINT('',(500.,-85.,-125.));
#62 = VECTOR('',#63,1.);
#63 = DIRECTION('',(0.,1.,0.));
#64 = PCURVE('',#32,#65);
#65 = DEFINITIONAL_REPRESENTATION('',(#66),#70);
#66 = LINE('',#67,#68);
#67 = CARTESIAN_POINT('',(0.,-80.));
#68 = VECTOR('',#69,1.);
#69 = DIRECTION('',(1.,0.));
#70 = ( GEOMETRIC_REPRESENTATION_CONTEXT(2) 
PARAMETRIC_REPRESENTATION_CONTEXT() REPRESENTATION_CONTEXT('2D SPACE',''
  ) );
#71 = PCURVE('',#72,#77);
#72 = PLANE('',#73);
#73 = AXIS2_PLACEMENT_3D('',#74,#75,#76);
#74 = CARTESIAN_POINT('',(500.,0.,0.));
#75 = DIRECTION('',(1.,0.,0.));
#76 = DIRECTION('',(-0.,0.,1.));
#77 = DEFINITIONAL_REPRESENTATION('',(#78),#82);
#78 = LINE('',#79,#80);
#79 = CARTESIAN_POINT('',(-125.,85.));
#80 = VECTOR('',#81,1.);
#81 = DIRECTION('',(0.,-1.));
#82 = ( GEOMETRIC_REPRESENTATION_CONTEXT(2) 
PARAMETRIC_REPRESENTATION_CONTEXT() REPRESENTATION_CONTEXT('2D SPACE',''
  ) );
#83 = ORIENTED_EDGE('',*,*,#84,.F.);
#84 = EDGE_CURVE('',#85,#57,#87,.T.);
#85 = VERTEX_POINT('',#86);
#86 = CARTESIAN_POINT('',(420.,85.,-125.));
#87 = SURFACE_CURVE('',#88,(#92,#99),.PCURVE_S1.);
#88 = LINE('',#89,#90);
#89 = CARTESIAN_POINT('',(420.,85.,-125.));
#90 = VECTOR('',#91,1.);
#91 = DIRECTION('',(1.,0.,0.));
#92 = PCURVE('',#32,#93);
#93 = DEFINITIONAL_REPRESENTATION('',(#94),#98);
#94 = LINE('',#95,#96);
#95 = CARTESIAN_POINT('',(170.,0.));
#96 = VECTOR('',#97,1.);
#97 = DIRECTION('',(0.,-1.));
#98 = ( GEOMETRIC_REPRESENTATION_CONTEXT(2) 
PARAMETRIC_REPRESENTATION_CONTEXT() REPRESENTATION_CONTEXT('2D SPACE',''
  ) );
#99 = PCURVE('',#100,#105);
#100 = PLANE('',#101);
#101 = AXIS2_PLACEMENT_3D('',#102,#103,#104);
#102 = CARTESIAN_POINT('',(420.,85.,-125.));
#103 = DIRECTION('',(0.,-1.,0.));
#104 = DIRECTION('',(0.,0.,1.));
#105 = DEFINITIONAL_REPRESENTATION('',(#106),#110);
#106 = LINE('',#107,#108);
#107 = CARTESIAN_POINT('',(0.,0.));
#108 = VECTOR('',#109,1.);
#109 = DIRECTION('',(0.,-1.));
#110 = ( GEOMETRIC_REPRESENTATION_CONTEXT(2) 
PARAMETRIC_REPRESENTATION_CONTEXT() REPRESENTATION_CONTEXT('2D SPACE',''
  ) );
#111 = ORIENTED_EDGE('',*,*,#112,.F.);
#112 = EDGE_CURVE('',#22,#85,#113,.T.);
#113 = SURFACE_CURVE('',#114,(#118,#125),.PCURVE_S1.);
#114 = LINE('',#115,#116);
#115 = CARTESIAN_POINT('',(420.,-85.,-125.));
#116 = VECTOR('',#117,1.);
#117 = DIRECTION('',(0.,1.,0.));
#118 = PCURVE('',#32,#119);
#119 = DEFINITIONAL_REPRESENTATION('',(#120),#124);
#120 = LINE('',#121,#122);
#121 = CARTESIAN_POINT('',(0.,0.));
#122 = VECTOR('',#123,1.);
#123 = DIRECTION('',(1.,0.));
#124 = ( GEOMETRIC_REPRESENTATION_CONTEXT(2) 
PARAMETRIC_REPRESENTATION_CONTEXT() REPRESENTATION_CONTEXT('2D SPACE',''
  ) );
#125 = PCURVE('',#126,#131);
#126 = PLANE('',#127);
#127 = AXIS2_PLACEMENT_3D('',#128,#129,#130);
#128 = CARTESIAN_POINT('',(420.,0.,0.));
#129 = DIRECTION('',(1.,0.,0.));
#130 = DIRECTION('',(-0.,0.,1.));
#131 = DEFINITIONAL_REPRESENTATION('',(#132),#136);
#132 = LINE('',#133,#134);
#133 = CARTESIAN_POINT('',(-125.,85.));
#134 = VECTOR('',#135,1.);
#135 = DIRECTION('',(0.,-1.));
#136 = ( GEOMETRIC_REPRESENTATION_CONTEXT(2) 
PARAMETRIC_REPRESENTATION_CONTEXT() REPRESENTATION_CONTEXT('2D SPACE',''
  ) );
#137 = ADVANCED_FACE('',(#138),#44,.F.);
#138 = FACE_BOUND('',#139,.F.);
#139 = EDGE_LOOP('',(#140,#170,#191,#192));
#140 = ORIENTED_EDGE('',*,*,#141,.T.);
#141 = EDGE_CURVE('',#142,#144,#146,.T.);
#142 = VERTEX_POINT('',#143);
#143 = CARTESIAN_POINT('',(420.,-85.,125.));
#144 = VERTEX_POINT('',#145);
#145 = CARTESIAN_POINT('',(500.,-85.,125.));
#146 = SURFACE_CURVE('',#147,(#151,#158),.PCURVE_S1.);
#147 = LINE('',#148,#149);
#148 = CARTESIAN_POINT('',(420.,-85.,125.));
#149 = VECTOR('',#150,1.);
#150 = DIRECTION('',(1.,0.,0.));
#151 = PCURVE('',#44,#152);
#152 = DEFINITIONAL_REPRESENTATION('',(#153),#157);
#153 = LINE('',#154,#155);
#154 = CARTESIAN_POINT('',(0.,0.));
#155 = VECTOR('',#156,1.);
#156 = DIRECTION('',(0.,-1.));
#157 = ( GEOMETRIC_REPRESENTATION_CONTEXT(2) 
PARAMETRIC_REPRESENTATION_CONTEXT() REPRESENTATION_CONTEXT('2D SPACE',''
  ) );
#158 = PCURVE('',#159,#164);
#159 = PLANE('',#160);
#160 = AXIS2_PLACEMENT_3D('',#161,#162,#163);
#161 = CARTESIAN_POINT('',(420.,85.,125.));
#162 = DIRECTION('',(0.,0.,-1.));
#163 = DIRECTION('',(0.,-1.,0.));
#164 = DEFINITIONAL_REPRESENTATION('',(#165),#169);
#165 = LINE('',#166,#167);
#166 = CARTESIAN_POINT('',(170.,0.));
#167 = VECTOR('',#168,1.);
#168 = DIRECTION('',(0.,-1.));
#169 = ( GEOMETRIC_REPRESENTATION_CONTEXT(2) 
PARAMETRIC_REPRESENTATION_CONTEXT() REPRESENTATION_CONTEXT('2D SPACE',''
  ) );
#170 = ORIENTED_EDGE('',*,*,#171,.T.);
#171 = EDGE_CURVE('',#144,#24,#172,.T.);
#172 = SURFACE_CURVE('',#173,(#177,#184),.PCURVE_S1.);
#173 = LINE('',#174,#175);
#174 = CARTESIAN_POINT('',(500.,-85.,125.));
#175 = VECTOR('',#176,1.);
#176 = DIRECTION('',(0.,0.,-1.));
#177 = PCURVE('',#44,#178);
#178 = DEFINITIONAL_REPRESENTATION('',(#179),#183);
#179 = LINE('',#180,#181);
#180 = CARTESIAN_POINT('',(0.,-80.));
#181 = VECTOR('',#182,1.);
#182 = DIRECTION('',(1.,0.));
#183 = ( GEOMETRIC_REPRESENTATION_CONTEXT(2) 
PARAMETRIC_REPRESENTATION_CONTEXT() REPRESENTATION_CONTEXT('2D SPACE',''
  ) );
#184 = PCURVE('',#72,#185);
#185 = DEFINITIONAL_REPRESENTATION('',(#186),#190);
#186 = LINE('',#187,#188);
#187 = CARTESIAN_POINT('',(125.,85.));
#188 = VECTOR('',#189,1.);
#189 = DIRECTION('',(-1.,0.));
#190 = ( GEOMETRIC_REPRESENTATION_CONTEXT(2) 
PARAMETRIC_REPRESENTATION_CONTEXT() REPRESENTATION_CONTEXT('2D SPACE',''
  ) );
#191 = ORIENTED_EDGE('',*,*,#21,.F.);
#192 = ORIENTED_EDGE('',*,*,#193,.F.);
#193 = EDGE_CURVE('',#142,#22,#194,.T.);
#194 = SURFACE_CURVE('',#195,(#199,#206),.PCURVE_S1.);
#195 = LINE('',#196,#197);
#196 = CARTESIAN_POINT('',(420.,-85.,125.));
#197 = VECTOR('',#198,1.);
#198 = DIRECTION('',(0.,0.,-1.));
#199 = PCURVE('',#44,#200);
#200 = DEFINITIONAL_REPRESENTATION('',(#201),#205);
#201 = LINE('',#202,#203);
#202 = CARTESIAN_POINT('',(0.,0.));
#203 = VECTOR('',#204,1.);
#204 = DIRECTION('',(1.,0.));
#205 = ( GEOMETRIC_REPRESENTATION_CONTEXT(2) 
PARAMETRIC_REPRESENTATION_CONTEXT() REPRESENTATION_CONTEXT('2D SPACE',''
  ) );
#206 = PCURVE('',#126,#207);
#207 = DEFINITIONAL_REPRESENTATION('',(#208),#212);
#208 = LINE('',#209,#210);
#209 = CARTESIAN_POINT('',(125.,85.));
#210 = VECTOR('',#211,1.);
#211 = DIRECTION('',(-1.,0.));
#212 = ( GEOMETRIC_REPRESENTATION_CONTEXT(2) 
PARAMETRIC_REPRESENTATION_CONTEXT() REPRESENTATION_CONTEXT('2D SPACE',''
  ) );
#213 = ADVANCED_FACE('',(#214,#284,#319),#100,.F.);
#214 = FACE_BOUND('',#215,.F.);
#215 = EDGE_LOOP('',(#216,#217,#240,#263));
#216 = ORIENTED_EDGE('',*,*,#84,.T.);
#217 = ORIENTED_EDGE('',*,*,#218,.T.);
#218 = EDGE_CURVE('',#57,#219,#221,.T.);
#219 = VERTEX_POINT('',#220);
#220 = CARTESIAN_POINT('',(500.,85.,125.));
#221 = SURFACE_CURVE('',#222,(#226,#233),.PCURVE_S1.);
#222 = LINE('',#223,#224);
#223 = CARTESIAN_POINT('',(500.,85.,-125.));
#224 = VECTOR('',#225,1.);
#225 = DIRECTION('',(0.,0.,1.));
#226 = PCURVE('',#100,#227);
#227 = DEFINITIONAL_REPRESENTATION('',(#228),#232);
#228 = LINE('',#229,#230);
#229 = CARTESIAN_POINT('',(0.,-80.));
#230 = VECTOR('',#231,1.);
#231 = DIRECTION('',(1.,0.));
#232 = ( GEOMETRIC_REPRESENTATION_CONTEXT(2) 
PARAMETRIC_REPRESENTATION_CONTEXT() REPRESENTATION_CONTEXT('2D SPACE',''
  ) );
#233 = PCURVE('',#72,#234);
#234 = DEFINITIONAL_REPRESENTATION('',(#235),#239);
#235 = LINE('',#236,#237);
#236 = CARTESIAN_POINT('',(-125.,-85.));
#237 = VECTOR('',#238,1.);
#238 = DIRECTION('',(1.,0.));
#239 = ( GEOMETRIC_REPRESENTATION_CONTEXT(2) 
PARAMETRIC_REPRESENTATION_CONTEXT() REPRESENTATION_CONTEXT('2D SPACE',''
  ) );
#240 = ORIENTED_EDGE('',*,*,#241,.F.);
#241 = EDGE_CURVE('',#242,#219,#244,.T.);
#242 = VERTEX_POINT('',#243);
#243 = CARTESIAN_POINT('',(420.,85.,125.));
#244 = SURFACE_CURVE('',#245,(#249,#256),.PCURVE_S1.);
#245 = LINE('',#246,#247);
#246 = CARTESIAN_POINT('',(420.,85.,125.));
#247 = VECTOR('',#248,1.);
#248 = DIRECTION('',(1.,0.,0.));
#249 = PCURVE('',#100,#250);
#250 = DEFINITIONAL_REPRESENTATION('',(#251),#255);
#251 = LINE('',#252,#253);
#252 = CARTESIAN_POINT('',(250.,0.));
#253 = VECTOR('',#254,1.);
#254 = DIRECTION('',(0.,-1.));
#255 = ( GEOMETRIC_REPRESENTATION_CONTEXT(2) 
PARAMETRIC_REPRESENTATION_CONTEXT() REPRESENTATION_CONTEXT('2D SPACE',''
  ) );
#256 = PCURVE('',#159,#257);
#257 = DEFINITIONAL_REPRESENTATION('',(#258),#262);
#258 = LINE('',#259,#260);
#259 = CARTESIAN_POINT('',(0.,-0.));
#260 = VECTOR('',#261,1.);
#261 = DIRECTION('',(0.,-1.));
#262 = ( GEOMETRIC_REPRESENTATION_CONTEXT(2) 
PARAMETRIC_REPRESENTATION_CONTEXT() REPRESENTATION_CONTEXT('2D SPACE',''
  ) );
#263 = ORIENTED_EDGE('',*,*,#264,.F.);
#264 = EDGE_CURVE('',#85,#242,#265,.T.);
#265 = SURFACE_CURVE('',#266,(#270,#277),.PCURVE_S1.);
#266 = LINE('',#267,#268);
#267 = CARTESIAN_POINT('',(420.,85.,-125.));
#268 = VECTOR('',#269,1.);
#269 = DIRECTION('',(0.,0.,1.));
#270 = PCURVE('',#100,#271);
#271 = DEFINITIONAL_REPRESENTATION('',(#272),#276);
#272 = LINE('',#273,#274);
#273 = CARTESIAN_POINT('',(0.,0.));
#274 = VECTOR('',#275,1.);
#275 = DIRECTION('',(1.,0.));
#276 = ( GEOMETRIC_REPRESENTATION_CONTEXT(2) 
PARAMETRIC_REPRESENTATION_CONTEXT() REPRESENTATION_CONTEXT('2D SPACE',''
  ) );
#277 = PCURVE('',#126,#278);
#278 = DEFINITIONAL_REPRESENTATION('',(#279),#283);
#279 = LINE('',#280,#281);
#280 = CARTESIAN_POINT('',(-125.,-85.));
#281 = VECTOR('',#282,1.);
#282 = DIRECTION('',(1.,0.));
#283 = ( GEOMETRIC_REPRESENTATION_CONTEXT(2) 
PARAMETRIC_REPRESENTATION_CONTEXT() REPRESENTATION_CONTEXT('2D SPACE',''
  ) );
#284 = FACE_BOUND('',#285,.F.);
#285 = EDGE_LOOP('',(#286));
#286 = ORIENTED_EDGE('',*,*,#287,.T.);
#287 = EDGE_CURVE('',#288,#288,#290,.T.);
#288 = VERTEX_POINT('',#289);
#289 = CARTESIAN_POINT('',(483.,85.,0.));
#290 = SURFACE_CURVE('',#291,(#296,#307),.PCURVE_S1.);
#291 = CIRCLE('',#292,3.);
#292 = AXIS2_PLACEMENT_3D('',#293,#294,#295);
#293 = CARTESIAN_POINT('',(480.,85.,0.));
#294 = DIRECTION('',(-0.,1.,0.));
#295 = DIRECTION('',(1.,0.,0.));
#296 = PCURVE('',#100,#297);
#297 = DEFINITIONAL_REPRESENTATION('',(#298),#306);
#298 = ( BOUNDED_CURVE() B_SPLINE_CURVE(2,(#299,#300,#301,#302,#303,#304
,#305),.UNSPECIFIED.,.T.,.F.) B_SPLINE_CURVE_WITH_KNOTS((1,2,2,2,2,1),(
    -2.094395102393,0.,2.094395102393,4.188790204786,6.28318530718,
8.377580409573),.UNSPECIFIED.) CURVE() GEOMETRIC_REPRESENTATION_ITEM() 
RATIONAL_B_SPLINE_CURVE((1.,0.5,1.,0.5,1.,0.5,1.)) REPRESENTATION_ITEM(
  '') );
#299 = CARTESIAN_POINT('',(125.,-63.));
#300 = CARTESIAN_POINT('',(119.80384757729,-63.));
#301 = CARTESIAN_POINT('',(122.40192378864,-58.5));
#302 = CARTESIAN_POINT('',(125.,-54.));
#303 = CARTESIAN_POINT('',(127.59807621135,-58.5));
#304 = CARTESIAN_POINT('',(130.1961524227,-63.));
#305 = CARTESIAN_POINT('',(125.,-63.));
#306 = ( GEOMETRIC_REPRESENTATION_CONTEXT(2) 
PARAMETRIC_REPRESENTATION_CONTEXT() REPRESENTATION_CONTEXT('2D SPACE',''
  ) );
#307 = PCURVE('',#308,#313);
#308 = CYLINDRICAL_SURFACE('',#309,3.);
#309 = AXIS2_PLACEMENT_3D('',#310,#311,#312);
#310 = CARTESIAN_POINT('',(480.,86.,0.));
#311 = DIRECTION('',(-0.,1.,-0.));
#312 = DIRECTION('',(1.,0.,0.));
#313 = DEFINITIONAL_REPRESENTATION('',(#314),#318);
#314 = LINE('',#315,#316);
#315 = CARTESIAN_POINT('',(-6.28318530718,-1.));
#316 = VECTOR('',#317,1.);
#317 = DIRECTION('',(1.,-0.));
#318 = ( GEOMETRIC_REPRESENTATION_CONTEXT(2) 
PARAMETRIC_REPRESENTATION_CONTEXT() REPRESENTATION_CONTEXT('2D SPACE',''
  ) );
#319 = FACE_BOUND('',#320,.F.);
#320 = EDGE_LOOP('',(#321));
#321 = ORIENTED_EDGE('',*,*,#322,.T.);
#322 = EDGE_CURVE('',#323,#323,#325,.T.);
#323 = VERTEX_POINT('',#324);
#324 = CARTESIAN_POINT('',(458.,85.,0.));
#325 = SURFACE_CURVE('',#326,(#331,#342),.PCURVE_S1.);
#326 = CIRCLE('',#327,3.);
#327 = AXIS2_PLACEMENT_3D('',#328,#329,#330);
#328 = CARTESIAN_POINT('',(455.,85.,0.));
#329 = DIRECTION('',(-0.,1.,0.));
#330 = DIRECTION('',(1.,0.,0.));
#331 = PCURVE('',#100,#332);
#332 = DEFINITIONAL_REPRESENTATION('',(#333),#341);
#333 = ( BOUNDED_CURVE() B_SPLINE_CURVE(2,(#334,#335,#336,#337,#338,#339
,#340),.UNSPECIFIED.,.T.,.F.) B_SPLINE_CURVE_WITH_KNOTS((1,2,2,2,2,1),(
    -2.094395102393,0.,2.094395102393,4.188790204786,6.28318530718,
8.377580409573),.UNSPECIFIED.) CURVE() GEOMETRIC_REPRESENTATION_ITEM() 
RATIONAL_B_SPLINE_CURVE((1.,0.5,1.,0.5,1.,0.5,1.)) REPRESENTATION_ITEM(
  '') );
#334 = CARTESIAN_POINT('',(125.,-38.));
#335 = CARTESIAN_POINT('',(119.80384757729,-38.));
#336 = CARTESIAN_POINT('',(122.40192378864,-33.5));
#337 = CARTESIAN_POINT('',(125.,-29.));
#338 = CARTESIAN_POINT('',(127.59807621135,-33.5));
#339 = CARTESIAN_POINT('',(130.1961524227,-38.));
#340 = CARTESIAN_POINT('',(125.,-38.));
#341 = ( GEOMETRIC_REPRESENTATION_CONTEXT(2) 
PARAMETRIC_REPRESENTATION_CONTEXT() REPRESENTATION_CONTEXT('2D SPACE',''
  ) );
#342 = PCURVE('',#343,#348);
#343 = CYLINDRICAL_SURFACE('',#344,3.);
#344 = AXIS2_PLACEMENT_3D('',#345,#346,#347);
#345 = CARTESIAN_POINT('',(455.,86.,0.));
#346 = DIRECTION('',(-0.,1.,-0.));
#347 = DIRECTION('',(1.,0.,0.));
#348 = DEFINITIONAL_REPRESENTATION('',(#349),#353);
#349 = LINE('',#350,#351);
#350 = CARTESIAN_POINT('',(-6.28318530718,-1.));
#351 = VECTOR('',#352,1.);
#352 = DIRECTION('',(1.,-0.));
#353 = ( GEOMETRIC_REPRESENTATION_CONTEXT(2) 
PARAMETRIC_REPRESENTATION_CONTEXT() REPRESENTATION_CONTEXT('2D SPACE',''
  ) );
#354 = ADVANCED_FACE('',(#355,#381,#416,#451,#486,#521),#126,.F.);
#355 = FACE_BOUND('',#356,.F.);
#356 = EDGE_LOOP('',(#357,#358,#359,#380));
#357 = ORIENTED_EDGE('',*,*,#112,.T.);
#358 = ORIENTED_EDGE('',*,*,#264,.T.);
#359 = ORIENTED_EDGE('',*,*,#360,.T.);
#360 = EDGE_CURVE('',#242,#142,#361,.T.);
#361 = SURFACE_CURVE('',#362,(#366,#373),.PCURVE_S1.);
#362 = LINE('',#363,#364);
#363 = CARTESIAN_POINT('',(420.,85.,125.));
#364 = VECTOR('',#365,1.);
#365 = DIRECTION('',(0.,-1.,0.));
#366 = PCURVE('',#126,#367);
#367 = DEFINITIONAL_REPRESENTATION('',(#368),#372);
#368 = LINE('',#369,#370);
#369 = CARTESIAN_POINT('',(125.,-85.));
#370 = VECTOR('',#371,1.);
#371 = DIRECTION('',(0.,1.));
#372 = ( GEOMETRIC_REPRESENTATION_CONTEXT(2) 
PARAMETRIC_REPRESENTATION_CONTEXT() REPRESENTATION_CONTEXT('2D SPACE',''
  ) );
#373 = PCURVE('',#159,#374);
#374 = DEFINITIONAL_REPRESENTATION('',(#375),#379);
#375 = LINE('',#376,#377);
#376 = CARTESIAN_POINT('',(0.,-0.));
#377 = VECTOR('',#378,1.);
#378 = DIRECTION('',(1.,0.));
#379 = ( GEOMETRIC_REPRESENTATION_CONTEXT(2) 
PARAMETRIC_REPRESENTATION_CONTEXT() REPRESENTATION_CONTEXT('2D SPACE',''
  ) );
#380 = ORIENTED_EDGE('',*,*,#193,.T.);
#381 = FACE_BOUND('',#382,.F.);
#382 = EDGE_LOOP('',(#383));
#383 = ORIENTED_EDGE('',*,*,#384,.T.);
#384 = EDGE_CURVE('',#385,#385,#387,.T.);
#385 = VERTEX_POINT('',#386);
#386 = CARTESIAN_POINT('',(420.,73.,-110.));
#387 = SURFACE_CURVE('',#388,(#393,#404),.PCURVE_S1.);
#388 = CIRCLE('',#389,3.);
#389 = AXIS2_PLACEMENT_3D('',#390,#391,#392);
#390 = CARTESIAN_POINT('',(420.,70.,-110.));
#391 = DIRECTION('',(-1.,0.,0.));
#392 = DIRECTION('',(0.,1.,0.));
#393 = PCURVE('',#126,#394);
#394 = DEFINITIONAL_REPRESENTATION('',(#395),#403);
#395 = ( BOUNDED_CURVE() B_SPLINE_CURVE(2,(#396,#397,#398,#399,#400,#401
,#402),.UNSPECIFIED.,.T.,.F.) B_SPLINE_CURVE_WITH_KNOTS((1,2,2,2,2,1),(
    -2.094395102393,0.,2.094395102393,4.188790204786,6.28318530718,
8.377580409573),.UNSPECIFIED.) CURVE() GEOMETRIC_REPRESENTATION_ITEM() 
RATIONAL_B_SPLINE_CURVE((1.,0.5,1.,0.5,1.,0.5,1.)) REPRESENTATION_ITEM(
  '') );
#396 = CARTESIAN_POINT('',(-110.,-73.));
#397 = CARTESIAN_POINT('',(-115.1961524227,-73.));
#398 = CARTESIAN_POINT('',(-112.5980762113,-68.5));
#399 = CARTESIAN_POINT('',(-110.,-64.));
#400 = CARTESIAN_POINT('',(-107.4019237886,-68.5));
#401 = CARTESIAN_POINT('',(-104.8038475772,-73.));
#402 = CARTESIAN_POINT('',(-110.,-73.));
#403 = ( GEOMETRIC_REPRESENTATION_CONTEXT(2) 
PARAMETRIC_REPRESENTATION_CONTEXT() REPRESENTATION_CONTEXT('2D SPACE',''
  ) );
#404 = PCURVE('',#405,#410);
#405 = CYLINDRICAL_SURFACE('',#406,3.);
#406 = AXIS2_PLACEMENT_3D('',#407,#408,#409);
#407 = CARTESIAN_POINT('',(419.,70.,-110.));
#408 = DIRECTION('',(-1.,-0.,-0.));
#409 = DIRECTION('',(0.,1.,0.));
#410 = DEFINITIONAL_REPRESENTATION('',(#411),#415);
#411 = LINE('',#412,#413);
#412 = CARTESIAN_POINT('',(-6.28318530718,-1.));
#413 = VECTOR('',#414,1.);
#414 = DIRECTION('',(1.,-0.));
#415 = ( GEOMETRIC_REPRESENTATION_CONTEXT(2) 
PARAMETRIC_REPRESENTATION_CONTEXT() REPRESENTATION_CONTEXT('2D SPACE',''
  ) );
#416 = FACE_BOUND('',#417,.F.);
#417 = EDGE_LOOP('',(#418));
#418 = ORIENTED_EDGE('',*,*,#419,.T.);
#419 = EDGE_CURVE('',#420,#420,#422,.T.);
#420 = VERTEX_POINT('',#421);
#421 = CARTESIAN_POINT('',(420.,73.,110.));
#422 = SURFACE_CURVE('',#423,(#428,#439),.PCURVE_S1.);
#423 = CIRCLE('',#424,3.);
#424 = AXIS2_PLACEMENT_3D('',#425,#426,#427);
#425 = CARTESIAN_POINT('',(420.,70.,110.));
#426 = DIRECTION('',(-1.,0.,0.));
#427 = DIRECTION('',(0.,1.,0.));
#428 = PCURVE('',#126,#429);
#429 = DEFINITIONAL_REPRESENTATION('',(#430),#438);
#430 = ( BOUNDED_CURVE() B_SPLINE_CURVE(2,(#431,#432,#433,#434,#435,#436
,#437),.UNSPECIFIED.,.T.,.F.) B_SPLINE_CURVE_WITH_KNOTS((1,2,2,2,2,1),(
    -2.094395102393,0.,2.094395102393,4.188790204786,6.28318530718,
8.377580409573),.UNSPECIFIED.) CURVE() GEOMETRIC_REPRESENTATION_ITEM() 
RATIONAL_B_SPLINE_CURVE((1.,0.5,1.,0.5,1.,0.5,1.)) REPRESENTATION_ITEM(
  '') );
#431 = CARTESIAN_POINT('',(110.,-73.));
#432 = CARTESIAN_POINT('',(104.80384757729,-73.));
#433 = CARTESIAN_POINT('',(107.40192378864,-68.5));
#434 = CARTESIAN_POINT('',(110.,-64.));
#435 = CARTESIAN_POINT('',(112.59807621135,-68.5));
#436 = CARTESIAN_POINT('',(115.1961524227,-73.));
#437 = CARTESIAN_POINT('',(110.,-73.));
#438 = ( GEOMETRIC_REPRESENTATION_CONTEXT(2) 
PARAMETRIC_REPRESENTATION_CONTEXT() REPRESENTATION_CONTEXT('2D SPACE',''
  ) );
#439 = PCURVE('',#440,#445);
#440 = CYLINDRICAL_SURFACE('',#441,3.);
#441 = AXIS2_PLACEMENT_3D('',#442,#443,#444);
#442 = CARTESIAN_POINT('',(419.,70.,110.));
#443 = DIRECTION('',(-1.,-0.,-0.));
#444 = DIRECTION('',(0.,1.,0.));
#445 = DEFINITIONAL_REPRESENTATION('',(#446),#450);
#446 = LINE('',#447,#448);
#447 = CARTESIAN_POINT('',(-6.28318530718,-1.));
#448 = VECTOR('',#449,1.);
#449 = DIRECTION('',(1.,-0.));
#450 = ( GEOMETRIC_REPRESENTATION_CONTEXT(2) 
PARAMETRIC_REPRESENTATION_CONTEXT() REPRESENTATION_CONTEXT('2D SPACE',''
  ) );
#451 = FACE_BOUND('',#452,.F.);
#452 = EDGE_LOOP('',(#453));
#453 = ORIENTED_EDGE('',*,*,#454,.T.);
#454 = EDGE_CURVE('',#455,#455,#457,.T.);
#455 = VERTEX_POINT('',#456);
#456 = CARTESIAN_POINT('',(420.,35.,-80.));
#457 = SURFACE_CURVE('',#458,(#463,#474),.PCURVE_S1.);
#458 = CIRCLE('',#459,35.);
#459 = AXIS2_PLACEMENT_3D('',#460,#461,#462);
#460 = CARTESIAN_POINT('',(420.,0.,-80.));
#461 = DIRECTION('',(-1.,0.,0.));
#462 = DIRECTION('',(0.,1.,0.));
#463 = PCURVE('',#126,#464);
#464 = DEFINITIONAL_REPRESENTATION('',(#465),#473);
#465 = ( BOUNDED_CURVE() B_SPLINE_CURVE(2,(#466,#467,#468,#469,#470,#471
,#472),.UNSPECIFIED.,.T.,.F.) B_SPLINE_CURVE_WITH_KNOTS((1,2,2,2,2,1),(
    -2.094395102393,0.,2.094395102393,4.188790204786,6.28318530718,
8.377580409573),.UNSPECIFIED.) CURVE() GEOMETRIC_REPRESENTATION_ITEM() 
RATIONAL_B_SPLINE_CURVE((1.,0.5,1.,0.5,1.,0.5,1.)) REPRESENTATION_ITEM(
  '') );
#466 = CARTESIAN_POINT('',(-80.,-35.));
#467 = CARTESIAN_POINT('',(-140.6217782649,-35.));
#468 = CARTESIAN_POINT('',(-110.3108891324,17.5));
#469 = CARTESIAN_POINT('',(-80.,70.));
#470 = CARTESIAN_POINT('',(-49.68911086754,17.5));
#471 = CARTESIAN_POINT('',(-19.37822173508,-35.));
#472 = CARTESIAN_POINT('',(-80.,-35.));
#473 = ( GEOMETRIC_REPRESENTATION_CONTEXT(2) 
PARAMETRIC_REPRESENTATION_CONTEXT() REPRESENTATION_CONTEXT('2D SPACE',''
  ) );
#474 = PCURVE('',#475,#480);
#475 = CYLINDRICAL_SURFACE('',#476,35.);
#476 = AXIS2_PLACEMENT_3D('',#477,#478,#479);
#477 = CARTESIAN_POINT('',(419.,0.,-80.));
#478 = DIRECTION('',(-1.,-0.,-0.));
#479 = DIRECTION('',(0.,1.,0.));
#480 = DEFINITIONAL_REPRESENTATION('',(#481),#485);
#481 = LINE('',#482,#483);
#482 = CARTESIAN_POINT('',(-6.28318530718,-1.));
#483 = VECTOR('',#484,1.);
#484 = DIRECTION('',(1.,-0.));
#485 = ( GEOMETRIC_REPRESENTATION_CONTEXT(2) 
PARAMETRIC_REPRESENTATION_CONTEXT() REPRESENTATION_CONTEXT('2D SPACE',''
  ) );
#486 = FACE_BOUND('',#487,.F.);
#487 = EDGE_LOOP('',(#488));
#488 = ORIENTED_EDGE('',*,*,#489,.T.);
#489 = EDGE_CURVE('',#490,#490,#492,.T.);
#490 = VERTEX_POINT('',#491);
#491 = CARTESIAN_POINT('',(420.,13.,0.));
#492 = SURFACE_CURVE('',#493,(#498,#509),.PCURVE_S1.);
#493 = CIRCLE('',#494,13.);
#494 = AXIS2_PLACEMENT_3D('',#495,#496,#497);
#495 = CARTESIAN_POINT('',(420.,0.,0.));
#496 = DIRECTION('',(-1.,0.,0.));
#497 = DIRECTION('',(0.,1.,0.));
#498 = PCURVE('',#126,#499);
#499 = DEFINITIONAL_REPRESENTATION('',(#500),#508);
#500 = ( BOUNDED_CURVE() B_SPLINE_CURVE(2,(#501,#502,#503,#504,#505,#506
,#507),.UNSPECIFIED.,.T.,.F.) B_SPLINE_CURVE_WITH_KNOTS((1,2,2,2,2,1),(
    -2.094395102393,0.,2.094395102393,4.188790204786,6.28318530718,
8.377580409573),.UNSPECIFIED.) CURVE() GEOMETRIC_REPRESENTATION_ITEM() 
RATIONAL_B_SPLINE_CURVE((1.,0.5,1.,0.5,1.,0.5,1.)) REPRESENTATION_ITEM(
  '') );
#501 = CARTESIAN_POINT('',(0.,-13.));
#502 = CARTESIAN_POINT('',(-22.51666049839,-13.));
#503 = CARTESIAN_POINT('',(-11.25833024919,6.5));
#504 = CARTESIAN_POINT('',(-3.184081677783E-15,26.));
#505 = CARTESIAN_POINT('',(11.258330249198,6.5));
#506 = CARTESIAN_POINT('',(22.516660498395,-13.));
#507 = CARTESIAN_POINT('',(0.,-13.));
#508 = ( GEOMETRIC_REPRESENTATION_CONTEXT(2) 
PARAMETRIC_REPRESENTATION_CONTEXT() REPRESENTATION_CONTEXT('2D SPACE',''
  ) );
#509 = PCURVE('',#510,#515);
#510 = CYLINDRICAL_SURFACE('',#511,13.);
#511 = AXIS2_PLACEMENT_3D('',#512,#513,#514);
#512 = CARTESIAN_POINT('',(419.,0.,0.));
#513 = DIRECTION('',(-1.,-0.,-0.));
#514 = DIRECTION('',(0.,1.,0.));
#515 = DEFINITIONAL_REPRESENTATION('',(#516),#520);
#516 = LINE('',#517,#518);
#517 = CARTESIAN_POINT('',(-6.28318530718,-1.));
#518 = VECTOR('',#519,1.);
#519 = DIRECTION('',(1.,-0.));
#520 = ( GEOMETRIC_REPRESENTATION_CONTEXT(2) 
PARAMETRIC_REPRESENTATION_CONTEXT() REPRESENTATION_CONTEXT('2D SPACE',''
  ) );
#521 = FACE_BOUND('',#522,.F.);
#522 = EDGE_LOOP('',(#523));
#523 = ORIENTED_EDGE('',*,*,#524,.T.);
#524 = EDGE_CURVE('',#525,#525,#527,.T.);
#525 = VERTEX_POINT('',#526);
#526 = CARTESIAN_POINT('',(420.,35.,80.));
#527 = SURFACE_CURVE('',#528,(#533,#544),.PCURVE_S1.);
#528 = CIRCLE('',#529,35.);
#529 = AXIS2_PLACEMENT_3D('',#530,#531,#532);
#530 = CARTESIAN_POINT('',(420.,0.,80.));
#531 = DIRECTION('',(-1.,0.,0.));
#532 = DIRECTION('',(0.,1.,0.));
#533 = PCURVE('',#126,#534);
#534 = DEFINITIONAL_REPRESENTATION('',(#535),#543);
#535 = ( BOUNDED_CURVE() B_SPLINE_CURVE(2,(#536,#537,#538,#539,#540,#541
,#542),.UNSPECIFIED.,.T.,.F.) B_SPLINE_CURVE_WITH_KNOTS((1,2,2,2,2,1),(
    -2.094395102393,0.,2.094395102393,4.188790204786,6.28318530718,
8.377580409573),.UNSPECIFIED.) CURVE() GEOMETRIC_REPRESENTATION_ITEM() 
RATIONAL_B_SPLINE_CURVE((1.,0.5,1.,0.5,1.,0.5,1.)) REPRESENTATION_ITEM(
  '') );
#536 = CARTESIAN_POINT('',(80.,-35.));
#537 = CARTESIAN_POINT('',(19.378221735089,-35.));
#538 = CARTESIAN_POINT('',(49.689110867545,17.5));
#539 = CARTESIAN_POINT('',(80.,70.));
#540 = CARTESIAN_POINT('',(110.31088913245,17.5));
#541 = CARTESIAN_POINT('',(140.62177826491,-35.));
#542 = CARTESIAN_POINT('',(80.,-35.));
#543 = ( GEOMETRIC_REPRESENTATION_CONTEXT(2) 
PARAMETRIC_REPRESENTATION_CONTEXT() REPRESENTATION_CONTEXT('2D SPACE',''
  ) );
#544 = PCURVE('',#545,#550);
#545 = CYLINDRICAL_SURFACE('',#546,35.);
#546 = AXIS2_PLACEMENT_3D('',#547,#548,#549);
#547 = CARTESIAN_POINT('',(419.,0.,80.));
#548 = DIRECTION('',(-1.,-0.,-0.));
#549 = DIRECTION('',(0.,1.,0.));
#550 = DEFINITIONAL_REPRESENTATION('',(#551),#555);
#551 = LINE('',#552,#553);
#552 = CARTESIAN_POINT('',(-6.28318530718,-1.));
#553 = VECTOR('',#554,1.);
#554 = DIRECTION('',(1.,-0.));
#555 = ( GEOMETRIC_REPRESENTATION_CONTEXT(2) 
PARAMETRIC_REPRESENTATION_CONTEXT() REPRESENTATION_CONTEXT('2D SPACE',''
  ) );
#556 = ADVANCED_FACE('',(#557,#583,#805,#840),#72,.T.);
#557 = FACE_BOUND('',#558,.T.);
#558 = EDGE_LOOP('',(#559,#560,#561,#582));
#559 = ORIENTED_EDGE('',*,*,#56,.T.);
#560 = ORIENTED_EDGE('',*,*,#218,.T.);
#561 = ORIENTED_EDGE('',*,*,#562,.T.);
#562 = EDGE_CURVE('',#219,#144,#563,.T.);
#563 = SURFACE_CURVE('',#564,(#568,#575),.PCURVE_S1.);
#564 = LINE('',#565,#566);
#565 = CARTESIAN_POINT('',(500.,85.,125.));
#566 = VECTOR('',#567,1.);
#567 = DIRECTION('',(0.,-1.,0.));
#568 = PCURVE('',#72,#569);
#569 = DEFINITIONAL_REPRESENTATION('',(#570),#574);
#570 = LINE('',#571,#572);
#571 = CARTESIAN_POINT('',(125.,-85.));
#572 = VECTOR('',#573,1.);
#573 = DIRECTION('',(0.,1.));
#574 = ( GEOMETRIC_REPRESENTATION_CONTEXT(2) 
PARAMETRIC_REPRESENTATION_CONTEXT() REPRESENTATION_CONTEXT('2D SPACE',''
  ) );
#575 = PCURVE('',#159,#576);
#576 = DEFINITIONAL_REPRESENTATION('',(#577),#581);
#577 = LINE('',#578,#579);
#578 = CARTESIAN_POINT('',(0.,-80.));
#579 = VECTOR('',#580,1.);
#580 = DIRECTION('',(1.,0.));
#581 = ( GEOMETRIC_REPRESENTATION_CONTEXT(2) 
PARAMETRIC_REPRESENTATION_CONTEXT() REPRESENTATION_CONTEXT('2D SPACE',''
  ) );
#582 = ORIENTED_EDGE('',*,*,#171,.T.);
#583 = FACE_BOUND('',#584,.T.);
#584 = EDGE_LOOP('',(#585,#616,#642,#671,#697,#726,#752,#781));
#585 = ORIENTED_EDGE('',*,*,#586,.F.);
#586 = EDGE_CURVE('',#587,#589,#591,.T.);
#587 = VERTEX_POINT('',#588);
#588 = CARTESIAN_POINT('',(500.,58.,-116.));
#589 = VERTEX_POINT('',#590);
#590 = CARTESIAN_POINT('',(500.,66.,-108.));
#591 = SURFACE_CURVE('',#592,(#597,#604),.PCURVE_S1.);
#592 = CIRCLE('',#593,8.);
#593 = AXIS2_PLACEMENT_3D('',#594,#595,#596);
#594 = CARTESIAN_POINT('',(500.,58.,-108.));
#595 = DIRECTION('',(1.,0.,0.));
#596 = DIRECTION('',(0.,0.,-1.));
#597 = PCURVE('',#72,#598);
#598 = DEFINITIONAL_REPRESENTATION('',(#599),#603);
#599 = CIRCLE('',#600,8.);
#600 = AXIS2_PLACEMENT_2D('',#601,#602);
#601 = CARTESIAN_POINT('',(-108.,-58.));
#602 = DIRECTION('',(-1.,0.));
#603 = ( GEOMETRIC_REPRESENTATION_CONTEXT(2) 
PARAMETRIC_REPRESENTATION_CONTEXT() REPRESENTATION_CONTEXT('2D SPACE',''
  ) );
#604 = PCURVE('',#605,#610);
#605 = CYLINDRICAL_SURFACE('',#606,8.);
#606 = AXIS2_PLACEMENT_3D('',#607,#608,#609);
#607 = CARTESIAN_POINT('',(465.,58.,-108.));
#608 = DIRECTION('',(1.,0.,0.));
#609 = DIRECTION('',(0.,0.,-1.));
#610 = DEFINITIONAL_REPRESENTATION('',(#611),#615);
#611 = LINE('',#612,#613);
#612 = CARTESIAN_POINT('',(0.,35.));
#613 = VECTOR('',#614,1.);
#614 = DIRECTION('',(1.,0.));
#615 = ( GEOMETRIC_REPRESENTATION_CONTEXT(2) 
PARAMETRIC_REPRESENTATION_CONTEXT() REPRESENTATION_CONTEXT('2D SPACE',''
  ) );
#616 = ORIENTED_EDGE('',*,*,#617,.T.);
#617 = EDGE_CURVE('',#587,#618,#620,.T.);
#618 = VERTEX_POINT('',#619);
#619 = CARTESIAN_POINT('',(500.,-58.,-116.));
#620 = SURFACE_CURVE('',#621,(#625,#631),.PCURVE_S1.);
#621 = LINE('',#622,#623);
#622 = CARTESIAN_POINT('',(500.,-33.,-116.));
#623 = VECTOR('',#624,1.);
#624 = DIRECTION('',(0.,-1.,0.));
#625 = PCURVE('',#72,#626);
#626 = DEFINITIONAL_REPRESENTATION('',(#627),#630);
#627 = B_SPLINE_CURVE_WITH_KNOTS('',1,(#628,#629),.UNSPECIFIED.,.F.,.F.,
  (2,2),(-91.,25.),.PIECEWISE_BEZIER_KNOTS.);
#628 = CARTESIAN_POINT('',(-116.,-58.));
#629 = CARTESIAN_POINT('',(-116.,58.));
#630 = ( GEOMETRIC_REPRESENTATION_CONTEXT(2) 
PARAMETRIC_REPRESENTATION_CONTEXT() REPRESENTATION_CONTEXT('2D SPACE',''
  ) );
#631 = PCURVE('',#632,#637);
#632 = PLANE('',#633);
#633 = AXIS2_PLACEMENT_3D('',#634,#635,#636);
#634 = CARTESIAN_POINT('',(465.,-66.,-116.));
#635 = DIRECTION('',(0.,0.,1.));
#636 = DIRECTION('',(0.,1.,0.));
#637 = DEFINITIONAL_REPRESENTATION('',(#638),#641);
#638 = B_SPLINE_CURVE_WITH_KNOTS('',1,(#639,#640),.UNSPECIFIED.,.F.,.F.,
  (2,2),(-91.,25.),.PIECEWISE_BEZIER_KNOTS.);
#639 = CARTESIAN_POINT('',(124.,-35.));
#640 = CARTESIAN_POINT('',(8.,-35.));
#641 = ( GEOMETRIC_REPRESENTATION_CONTEXT(2) 
PARAMETRIC_REPRESENTATION_CONTEXT() REPRESENTATION_CONTEXT('2D SPACE',''
  ) );
#642 = ORIENTED_EDGE('',*,*,#643,.F.);
#643 = EDGE_CURVE('',#644,#618,#646,.T.);
#644 = VERTEX_POINT('',#645);
#645 = CARTESIAN_POINT('',(500.,-66.,-108.));
#646 = SURFACE_CURVE('',#647,(#652,#659),.PCURVE_S1.);
#647 = CIRCLE('',#648,8.);
#648 = AXIS2_PLACEMENT_3D('',#649,#650,#651);
#649 = CARTESIAN_POINT('',(500.,-58.,-108.));
#650 = DIRECTION('',(1.,0.,0.));
#651 = DIRECTION('',(0.,0.,-1.));
#652 = PCURVE('',#72,#653);
#653 = DEFINITIONAL_REPRESENTATION('',(#654),#658);
#654 = CIRCLE('',#655,8.);
#655 = AXIS2_PLACEMENT_2D('',#656,#657);
#656 = CARTESIAN_POINT('',(-108.,58.));
#657 = DIRECTION('',(-1.,0.));
#658 = ( GEOMETRIC_REPRESENTATION_CONTEXT(2) 
PARAMETRIC_REPRESENTATION_CONTEXT() REPRESENTATION_CONTEXT('2D SPACE',''
  ) );
#659 = PCURVE('',#660,#665);
#660 = CYLINDRICAL_SURFACE('',#661,8.);
#661 = AXIS2_PLACEMENT_3D('',#662,#663,#664);
#662 = CARTESIAN_POINT('',(465.,-58.,-108.));
#663 = DIRECTION('',(1.,0.,0.));
#664 = DIRECTION('',(0.,0.,-1.));
#665 = DEFINITIONAL_REPRESENTATION('',(#666),#670);
#666 = LINE('',#667,#668);
#667 = CARTESIAN_POINT('',(-6.28318530718,35.));
#668 = VECTOR('',#669,1.);
#669 = DIRECTION('',(1.,-0.));
#670 = ( GEOMETRIC_REPRESENTATION_CONTEXT(2) 
PARAMETRIC_REPRESENTATION_CONTEXT() REPRESENTATION_CONTEXT('2D SPACE',''
  ) );
#671 = ORIENTED_EDGE('',*,*,#672,.T.);
#672 = EDGE_CURVE('',#644,#673,#675,.T.);
#673 = VERTEX_POINT('',#674);
#674 = CARTESIAN_POINT('',(500.,-66.,-46.));
#675 = SURFACE_CURVE('',#676,(#680,#686),.PCURVE_S1.);
#676 = LINE('',#677,#678);
#677 = CARTESIAN_POINT('',(500.,-66.,-19.));
#678 = VECTOR('',#679,1.);
#679 = DIRECTION('',(0.,-0.,1.));
#680 = PCURVE('',#72,#681);
#681 = DEFINITIONAL_REPRESENTATION('',(#682),#685);
#682 = B_SPLINE_CURVE_WITH_KNOTS('',1,(#683,#684),.UNSPECIFIED.,.F.,.F.,
  (2,2),(-89.,-27.),.PIECEWISE_BEZIER_KNOTS.);
#683 = CARTESIAN_POINT('',(-108.,66.));
#684 = CARTESIAN_POINT('',(-46.,66.));
#685 = ( GEOMETRIC_REPRESENTATION_CONTEXT(2) 
PARAMETRIC_REPRESENTATION_CONTEXT() REPRESENTATION_CONTEXT('2D SPACE',''
  ) );
#686 = PCURVE('',#687,#692);
#687 = PLANE('',#688);
#688 = AXIS2_PLACEMENT_3D('',#689,#690,#691);
#689 = CARTESIAN_POINT('',(465.,-66.,-38.));
#690 = DIRECTION('',(-0.,1.,0.));
#691 = DIRECTION('',(0.,0.,-1.));
#692 = DEFINITIONAL_REPRESENTATION('',(#693),#696);
#693 = B_SPLINE_CURVE_WITH_KNOTS('',1,(#694,#695),.UNSPECIFIED.,.F.,.F.,
  (2,2),(-89.,-27.),.PIECEWISE_BEZIER_KNOTS.);
#694 = CARTESIAN_POINT('',(70.,-35.));
#695 = CARTESIAN_POINT('',(8.,-35.));
#696 = ( GEOMETRIC_REPRESENTATION_CONTEXT(2) 
PARAMETRIC_REPRESENTATION_CONTEXT() REPRESENTATION_CONTEXT('2D SPACE',''
  ) );
#697 = ORIENTED_EDGE('',*,*,#698,.F.);
#698 = EDGE_CURVE('',#699,#673,#701,.T.);
#699 = VERTEX_POINT('',#700);
#700 = CARTESIAN_POINT('',(500.,-58.,-38.));
#701 = SURFACE_CURVE('',#702,(#707,#714),.PCURVE_S1.);
#702 = CIRCLE('',#703,8.);
#703 = AXIS2_PLACEMENT_3D('',#704,#705,#706);
#704 = CARTESIAN_POINT('',(500.,-58.,-46.));
#705 = DIRECTION('',(1.,0.,0.));
#706 = DIRECTION('',(0.,-0.,1.));
#707 = PCURVE('',#72,#708);
#708 = DEFINITIONAL_REPRESENTATION('',(#709),#713);
#709 = CIRCLE('',#710,8.);
#710 = AXIS2_PLACEMENT_2D('',#711,#712);
#711 = CARTESIAN_POINT('',(-46.,58.));
#712 = DIRECTION('',(1.,0.));
#713 = ( GEOMETRIC_REPRESENTATION_CONTEXT(2) 
PARAMETRIC_REPRESENTATION_CONTEXT() REPRESENTATION_CONTEXT('2D SPACE',''
  ) );
#714 = PCURVE('',#715,#720);
#715 = CYLINDRICAL_SURFACE('',#716,8.);
#716 = AXIS2_PLACEMENT_3D('',#717,#718,#719);
#717 = CARTESIAN_POINT('',(465.,-58.,-46.));
#718 = DIRECTION('',(1.,0.,0.));
#719 = DIRECTION('',(0.,-0.,1.));
#720 = DEFINITIONAL_REPRESENTATION('',(#721),#725);
#721 = LINE('',#722,#723);
#722 = CARTESIAN_POINT('',(0.,35.));
#723 = VECTOR('',#724,1.);
#724 = DIRECTION('',(1.,0.));
#725 = ( GEOMETRIC_REPRESENTATION_CONTEXT(2) 
PARAMETRIC_REPRESENTATION_CONTEXT() REPRESENTATION_CONTEXT('2D SPACE',''
  ) );
#726 = ORIENTED_EDGE('',*,*,#727,.T.);
#727 = EDGE_CURVE('',#699,#728,#730,.T.);
#728 = VERTEX_POINT('',#729);
#729 = CARTESIAN_POINT('',(500.,58.,-38.));
#730 = SURFACE_CURVE('',#731,(#735,#741),.PCURVE_S1.);
#731 = LINE('',#732,#733);
#732 = CARTESIAN_POINT('',(500.,33.,-38.));
#733 = VECTOR('',#734,1.);
#734 = DIRECTION('',(-0.,1.,0.));
#735 = PCURVE('',#72,#736);
#736 = DEFINITIONAL_REPRESENTATION('',(#737),#740);
#737 = B_SPLINE_CURVE_WITH_KNOTS('',1,(#738,#739),.UNSPECIFIED.,.F.,.F.,
  (2,2),(-91.,25.),.PIECEWISE_BEZIER_KNOTS.);
#738 = CARTESIAN_POINT('',(-38.,58.));
#739 = CARTESIAN_POINT('',(-38.,-58.));
#740 = ( GEOMETRIC_REPRESENTATION_CONTEXT(2) 
PARAMETRIC_REPRESENTATION_CONTEXT() REPRESENTATION_CONTEXT('2D SPACE',''
  ) );
#741 = PCURVE('',#742,#747);
#742 = PLANE('',#743);
#743 = AXIS2_PLACEMENT_3D('',#744,#745,#746);
#744 = CARTESIAN_POINT('',(465.,66.,-38.));
#745 = DIRECTION('',(0.,0.,-1.));
#746 = DIRECTION('',(0.,-1.,0.));
#747 = DEFINITIONAL_REPRESENTATION('',(#748),#751);
#748 = B_SPLINE_CURVE_WITH_KNOTS('',1,(#749,#750),.UNSPECIFIED.,.F.,.F.,
  (2,2),(-91.,25.),.PIECEWISE_BEZIER_KNOTS.);
#749 = CARTESIAN_POINT('',(124.,-35.));
#750 = CARTESIAN_POINT('',(8.,-35.));
#751 = ( GEOMETRIC_REPRESENTATION_CONTEXT(2) 
PARAMETRIC_REPRESENTATION_CONTEXT() REPRESENTATION_CONTEXT('2D SPACE',''
  ) );
#752 = ORIENTED_EDGE('',*,*,#753,.F.);
#753 = EDGE_CURVE('',#754,#728,#756,.T.);
#754 = VERTEX_POINT('',#755);
#755 = CARTESIAN_POINT('',(500.,66.,-46.));
#756 = SURFACE_CURVE('',#757,(#762,#769),.PCURVE_S1.);
#757 = CIRCLE('',#758,8.);
#758 = AXIS2_PLACEMENT_3D('',#759,#760,#761);
#759 = CARTESIAN_POINT('',(500.,58.,-46.));
#760 = DIRECTION('',(1.,0.,0.));
#761 = DIRECTION('',(-0.,1.,0.));
#762 = PCURVE('',#72,#763);
#763 = DEFINITIONAL_REPRESENTATION('',(#764),#768);
#764 = CIRCLE('',#765,8.);
#765 = AXIS2_PLACEMENT_2D('',#766,#767);
#766 = CARTESIAN_POINT('',(-46.,-58.));
#767 = DIRECTION('',(0.,-1.));
#768 = ( GEOMETRIC_REPRESENTATION_CONTEXT(2) 
PARAMETRIC_REPRESENTATION_CONTEXT() REPRESENTATION_CONTEXT('2D SPACE',''
  ) );
#769 = PCURVE('',#770,#775);
#770 = CYLINDRICAL_SURFACE('',#771,8.);
#771 = AXIS2_PLACEMENT_3D('',#772,#773,#774);
#772 = CARTESIAN_POINT('',(465.,58.,-46.));
#773 = DIRECTION('',(1.,0.,0.));
#774 = DIRECTION('',(-0.,1.,0.));
#775 = DEFINITIONAL_REPRESENTATION('',(#776),#780);
#776 = LINE('',#777,#778);
#777 = CARTESIAN_POINT('',(0.,35.));
#778 = VECTOR('',#779,1.);
#779 = DIRECTION('',(1.,0.));
#780 = ( GEOMETRIC_REPRESENTATION_CONTEXT(2) 
PARAMETRIC_REPRESENTATION_CONTEXT() REPRESENTATION_CONTEXT('2D SPACE',''
  ) );
#781 = ORIENTED_EDGE('',*,*,#782,.T.);
#782 = EDGE_CURVE('',#754,#589,#783,.T.);
#783 = SURFACE_CURVE('',#784,(#788,#794),.PCURVE_S1.);
#784 = LINE('',#785,#786);
#785 = CARTESIAN_POINT('',(500.,66.,-58.));
#786 = VECTOR('',#787,1.);
#787 = DIRECTION('',(0.,0.,-1.));
#788 = PCURVE('',#72,#789);
#789 = DEFINITIONAL_REPRESENTATION('',(#790),#793);
#790 = B_SPLINE_CURVE_WITH_KNOTS('',1,(#791,#792),.UNSPECIFIED.,.F.,.F.,
  (2,2),(-12.,50.),.PIECEWISE_BEZIER_KNOTS.);
#791 = CARTESIAN_POINT('',(-46.,-66.));
#792 = CARTESIAN_POINT('',(-108.,-66.));
#793 = ( GEOMETRIC_REPRESENTATION_CONTEXT(2) 
PARAMETRIC_REPRESENTATION_CONTEXT() REPRESENTATION_CONTEXT('2D SPACE',''
  ) );
#794 = PCURVE('',#795,#800);
#795 = PLANE('',#796);
#796 = AXIS2_PLACEMENT_3D('',#797,#798,#799);
#797 = CARTESIAN_POINT('',(465.,66.,-116.));
#798 = DIRECTION('',(0.,-1.,0.));
#799 = DIRECTION('',(0.,0.,1.));
#800 = DEFINITIONAL_REPRESENTATION('',(#801),#804);
#801 = B_SPLINE_CURVE_WITH_KNOTS('',1,(#802,#803),.UNSPECIFIED.,.F.,.F.,
  (2,2),(-12.,50.),.PIECEWISE_BEZIER_KNOTS.);
#802 = CARTESIAN_POINT('',(70.,-35.));
#803 = CARTESIAN_POINT('',(8.,-35.));
#804 = ( GEOMETRIC_REPRESENTATION_CONTEXT(2) 
PARAMETRIC_REPRESENTATION_CONTEXT() REPRESENTATION_CONTEXT('2D SPACE',''
  ) );
#805 = FACE_BOUND('',#806,.T.);
#806 = EDGE_LOOP('',(#807));
#807 = ORIENTED_EDGE('',*,*,#808,.T.);
#808 = EDGE_CURVE('',#809,#809,#811,.T.);
#809 = VERTEX_POINT('',#810);
#810 = CARTESIAN_POINT('',(500.,29.25,0.));
#811 = SURFACE_CURVE('',#812,(#817,#828),.PCURVE_S1.);
#812 = CIRCLE('',#813,29.25);
#813 = AXIS2_PLACEMENT_3D('',#814,#815,#816);
#814 = CARTESIAN_POINT('',(500.,0.,0.));
#815 = DIRECTION('',(-1.,0.,0.));
#816 = DIRECTION('',(0.,1.,0.));
#817 = PCURVE('',#72,#818);
#818 = DEFINITIONAL_REPRESENTATION('',(#819),#827);
#819 = ( BOUNDED_CURVE() B_SPLINE_CURVE(2,(#820,#821,#822,#823,#824,#825
,#826),.UNSPECIFIED.,.T.,.F.) B_SPLINE_CURVE_WITH_KNOTS((1,2,2,2,2,1),(
    -2.094395102393,0.,2.094395102393,4.188790204786,6.28318530718,
8.377580409573),.UNSPECIFIED.) CURVE() GEOMETRIC_REPRESENTATION_ITEM() 
RATIONAL_B_SPLINE_CURVE((1.,0.5,1.,0.5,1.,0.5,1.)) REPRESENTATION_ITEM(
  '') );
#820 = CARTESIAN_POINT('',(0.,-29.25));
#821 = CARTESIAN_POINT('',(-50.66248612139,-29.25));
#822 = CARTESIAN_POINT('',(-25.33124306069,14.625));
#823 = CARTESIAN_POINT('',(-7.164183775012E-15,58.5));
#824 = CARTESIAN_POINT('',(25.331243060695,14.625));
#825 = CARTESIAN_POINT('',(50.66248612139,-29.25));
#826 = CARTESIAN_POINT('',(0.,-29.25));
#827 = ( GEOMETRIC_REPRESENTATION_CONTEXT(2) 
PARAMETRIC_REPRESENTATION_CONTEXT() REPRESENTATION_CONTEXT('2D SPACE',''
  ) );
#828 = PCURVE('',#829,#834);
#829 = CYLINDRICAL_SURFACE('',#830,29.25);
#830 = AXIS2_PLACEMENT_3D('',#831,#832,#833);
#831 = CARTESIAN_POINT('',(465.,0.,0.));
#832 = DIRECTION('',(-1.,-0.,-0.));
#833 = DIRECTION('',(0.,1.,0.));
#834 = DEFINITIONAL_REPRESENTATION('',(#835),#839);
#835 = LINE('',#836,#837);
#836 = CARTESIAN_POINT('',(-6.28318530718,-35.));
#837 = VECTOR('',#838,1.);
#838 = DIRECTION('',(1.,-0.));
#839 = ( GEOMETRIC_REPRESENTATION_CONTEXT(2) 
PARAMETRIC_REPRESENTATION_CONTEXT() REPRESENTATION_CONTEXT('2D SPACE',''
  ) );
#840 = FACE_BOUND('',#841,.T.);
#841 = EDGE_LOOP('',(#842,#873,#899,#928,#954,#983,#1009,#1038));
#842 = ORIENTED_EDGE('',*,*,#843,.F.);
#843 = EDGE_CURVE('',#844,#846,#848,.T.);
#844 = VERTEX_POINT('',#845);
#845 = CARTESIAN_POINT('',(500.,58.,38.));
#846 = VERTEX_POINT('',#847);
#847 = CARTESIAN_POINT('',(500.,66.,46.));
#848 = SURFACE_CURVE('',#849,(#854,#861),.PCURVE_S1.);
#849 = CIRCLE('',#850,8.);
#850 = AXIS2_PLACEMENT_3D('',#851,#852,#853);
#851 = CARTESIAN_POINT('',(500.,58.,46.));
#852 = DIRECTION('',(1.,0.,0.));
#853 = DIRECTION('',(0.,0.,-1.));
#854 = PCURVE('',#72,#855);
#855 = DEFINITIONAL_REPRESENTATION('',(#856),#860);
#856 = CIRCLE('',#857,8.);
#857 = AXIS2_PLACEMENT_2D('',#858,#859);
#858 = CARTESIAN_POINT('',(46.,-58.));
#859 = DIRECTION('',(-1.,0.));
#860 = ( GEOMETRIC_REPRESENTATION_CONTEXT(2) 
PARAMETRIC_REPRESENTATION_CONTEXT() REPRESENTATION_CONTEXT('2D SPACE',''
  ) );
#861 = PCURVE('',#862,#867);
#862 = CYLINDRICAL_SURFACE('',#863,8.);
#863 = AXIS2_PLACEMENT_3D('',#864,#865,#866);
#864 = CARTESIAN_POINT('',(465.,58.,46.));
#865 = DIRECTION('',(1.,0.,0.));
#866 = DIRECTION('',(0.,0.,-1.));
#867 = DEFINITIONAL_REPRESENTATION('',(#868),#872);
#868 = LINE('',#869,#870);
#869 = CARTESIAN_POINT('',(0.,35.));
#870 = VECTOR('',#871,1.);
#871 = DIRECTION('',(1.,0.));
#872 = ( GEOMETRIC_REPRESENTATION_CONTEXT(2) 
PARAMETRIC_REPRESENTATION_CONTEXT() REPRESENTATION_CONTEXT('2D SPACE',''
  ) );
#873 = ORIENTED_EDGE('',*,*,#874,.T.);
#874 = EDGE_CURVE('',#844,#875,#877,.T.);
#875 = VERTEX_POINT('',#876);
#876 = CARTESIAN_POINT('',(500.,-58.,38.));
#877 = SURFACE_CURVE('',#878,(#882,#888),.PCURVE_S1.);
#878 = LINE('',#879,#880);
#879 = CARTESIAN_POINT('',(500.,-33.,38.));
#880 = VECTOR('',#881,1.);
#881 = DIRECTION('',(0.,-1.,0.));
#882 = PCURVE('',#72,#883);
#883 = DEFINITIONAL_REPRESENTATION('',(#884),#887);
#884 = B_SPLINE_CURVE_WITH_KNOTS('',1,(#885,#886),.UNSPECIFIED.,.F.,.F.,
  (2,2),(-91.,25.),.PIECEWISE_BEZIER_KNOTS.);
#885 = CARTESIAN_POINT('',(38.,-58.));
#886 = CARTESIAN_POINT('',(38.,58.));
#887 = ( GEOMETRIC_REPRESENTATION_CONTEXT(2) 
PARAMETRIC_REPRESENTATION_CONTEXT() REPRESENTATION_CONTEXT('2D SPACE',''
  ) );
#888 = PCURVE('',#889,#894);
#889 = PLANE('',#890);
#890 = AXIS2_PLACEMENT_3D('',#891,#892,#893);
#891 = CARTESIAN_POINT('',(465.,-66.,38.));
#892 = DIRECTION('',(0.,0.,1.));
#893 = DIRECTION('',(0.,1.,0.));
#894 = DEFINITIONAL_REPRESENTATION('',(#895),#898);
#895 = B_SPLINE_CURVE_WITH_KNOTS('',1,(#896,#897),.UNSPECIFIED.,.F.,.F.,
  (2,2),(-91.,25.),.PIECEWISE_BEZIER_KNOTS.);
#896 = CARTESIAN_POINT('',(124.,-35.));
#897 = CARTESIAN_POINT('',(8.,-35.));
#898 = ( GEOMETRIC_REPRESENTATION_CONTEXT(2) 
PARAMETRIC_REPRESENTATION_CONTEXT() REPRESENTATION_CONTEXT('2D SPACE',''
  ) );
#899 = ORIENTED_EDGE('',*,*,#900,.F.);
#900 = EDGE_CURVE('',#901,#875,#903,.T.);
#901 = VERTEX_POINT('',#902);
#902 = CARTESIAN_POINT('',(500.,-66.,46.));
#903 = SURFACE_CURVE('',#904,(#909,#916),.PCURVE_S1.);
#904 = CIRCLE('',#905,8.);
#905 = AXIS2_PLACEMENT_3D('',#906,#907,#908);
#906 = CARTESIAN_POINT('',(500.,-58.,46.));
#907 = DIRECTION('',(1.,0.,0.));
#908 = DIRECTION('',(0.,0.,-1.));
#909 = PCURVE('',#72,#910);
#910 = DEFINITIONAL_REPRESENTATION('',(#911),#915);
#911 = CIRCLE('',#912,8.);
#912 = AXIS2_PLACEMENT_2D('',#913,#914);
#913 = CARTESIAN_POINT('',(46.,58.));
#914 = DIRECTION('',(-1.,0.));
#915 = ( GEOMETRIC_REPRESENTATION_CONTEXT(2) 
PARAMETRIC_REPRESENTATION_CONTEXT() REPRESENTATION_CONTEXT('2D SPACE',''
  ) );
#916 = PCURVE('',#917,#922);
#917 = CYLINDRICAL_SURFACE('',#918,8.);
#918 = AXIS2_PLACEMENT_3D('',#919,#920,#921);
#919 = CARTESIAN_POINT('',(465.,-58.,46.));
#920 = DIRECTION('',(1.,0.,0.));
#921 = DIRECTION('',(0.,0.,-1.));
#922 = DEFINITIONAL_REPRESENTATION('',(#923),#927);
#923 = LINE('',#924,#925);
#924 = CARTESIAN_POINT('',(-6.28318530718,35.));
#925 = VECTOR('',#926,1.);
#926 = DIRECTION('',(1.,-0.));
#927 = ( GEOMETRIC_REPRESENTATION_CONTEXT(2) 
PARAMETRIC_REPRESENTATION_CONTEXT() REPRESENTATION_CONTEXT('2D SPACE',''
  ) );
#928 = ORIENTED_EDGE('',*,*,#929,.T.);
#929 = EDGE_CURVE('',#901,#930,#932,.T.);
#930 = VERTEX_POINT('',#931);
#931 = CARTESIAN_POINT('',(500.,-66.,108.));
#932 = SURFACE_CURVE('',#933,(#937,#943),.PCURVE_S1.);
#933 = LINE('',#934,#935);
#934 = CARTESIAN_POINT('',(500.,-66.,58.));
#935 = VECTOR('',#936,1.);
#936 = DIRECTION('',(0.,-0.,1.));
#937 = PCURVE('',#72,#938);
#938 = DEFINITIONAL_REPRESENTATION('',(#939),#942);
#939 = B_SPLINE_CURVE_WITH_KNOTS('',1,(#940,#941),.UNSPECIFIED.,.F.,.F.,
  (2,2),(-12.,50.),.PIECEWISE_BEZIER_KNOTS.);
#940 = CARTESIAN_POINT('',(46.,66.));
#941 = CARTESIAN_POINT('',(108.,66.));
#942 = ( GEOMETRIC_REPRESENTATION_CONTEXT(2) 
PARAMETRIC_REPRESENTATION_CONTEXT() REPRESENTATION_CONTEXT('2D SPACE',''
  ) );
#943 = PCURVE('',#944,#949);
#944 = PLANE('',#945);
#945 = AXIS2_PLACEMENT_3D('',#946,#947,#948);
#946 = CARTESIAN_POINT('',(465.,-66.,116.));
#947 = DIRECTION('',(-0.,1.,0.));
#948 = DIRECTION('',(0.,0.,-1.));
#949 = DEFINITIONAL_REPRESENTATION('',(#950),#953);
#950 = B_SPLINE_CURVE_WITH_KNOTS('',1,(#951,#952),.UNSPECIFIED.,.F.,.F.,
  (2,2),(-12.,50.),.PIECEWISE_BEZIER_KNOTS.);
#951 = CARTESIAN_POINT('',(70.,-35.));
#952 = CARTESIAN_POINT('',(8.,-35.));
#953 = ( GEOMETRIC_REPRESENTATION_CONTEXT(2) 
PARAMETRIC_REPRESENTATION_CONTEXT() REPRESENTATION_CONTEXT('2D SPACE',''
  ) );
#954 = ORIENTED_EDGE('',*,*,#955,.F.);
#955 = EDGE_CURVE('',#956,#930,#958,.T.);
#956 = VERTEX_POINT('',#957);
#957 = CARTESIAN_POINT('',(500.,-58.,116.));
#958 = SURFACE_CURVE('',#959,(#964,#971),.PCURVE_S1.);
#959 = CIRCLE('',#960,8.);
#960 = AXIS2_PLACEMENT_3D('',#961,#962,#963);
#961 = CARTESIAN_POINT('',(500.,-58.,108.));
#962 = DIRECTION('',(1.,0.,0.));
#963 = DIRECTION('',(0.,-0.,1.));
#964 = PCURVE('',#72,#965);
#965 = DEFINITIONAL_REPRESENTATION('',(#966),#970);
#966 = CIRCLE('',#967,8.);
#967 = AXIS2_PLACEMENT_2D('',#968,#969);
#968 = CARTESIAN_POINT('',(108.,58.));
#969 = DIRECTION('',(1.,0.));
#970 = ( GEOMETRIC_REPRESENTATION_CONTEXT(2) 
PARAMETRIC_REPRESENTATION_CONTEXT() REPRESENTATION_CONTEXT('2D SPACE',''
  ) );
#971 = PCURVE('',#972,#977);
#972 = CYLINDRICAL_SURFACE('',#973,8.);
#973 = AXIS2_PLACEMENT_3D('',#974,#975,#976);
#974 = CARTESIAN_POINT('',(465.,-58.,108.));
#975 = DIRECTION('',(1.,0.,0.));
#976 = DIRECTION('',(0.,-0.,1.));
#977 = DEFINITIONAL_REPRESENTATION('',(#978),#982);
#978 = LINE('',#979,#980);
#979 = CARTESIAN_POINT('',(0.,35.));
#980 = VECTOR('',#981,1.);
#981 = DIRECTION('',(1.,0.));
#982 = ( GEOMETRIC_REPRESENTATION_CONTEXT(2) 
PARAMETRIC_REPRESENTATION_CONTEXT() REPRESENTATION_CONTEXT('2D SPACE',''
  ) );
#983 = ORIENTED_EDGE('',*,*,#984,.T.);
#984 = EDGE_CURVE('',#956,#985,#987,.T.);
#985 = VERTEX_POINT('',#986);
#986 = CARTESIAN_POINT('',(500.,58.,116.));
#987 = SURFACE_CURVE('',#988,(#992,#998),.PCURVE_S1.);
#988 = LINE('',#989,#990);
#989 = CARTESIAN_POINT('',(500.,33.,116.));
#990 = VECTOR('',#991,1.);
#991 = DIRECTION('',(-0.,1.,0.));
#992 = PCURVE('',#72,#993);
#993 = DEFINITIONAL_REPRESENTATION('',(#994),#997);
#994 = B_SPLINE_CURVE_WITH_KNOTS('',1,(#995,#996),.UNSPECIFIED.,.F.,.F.,
  (2,2),(-91.,25.),.PIECEWISE_BEZIER_KNOTS.);
#995 = CARTESIAN_POINT('',(116.,58.));
#996 = CARTESIAN_POINT('',(116.,-58.));
#997 = ( GEOMETRIC_REPRESENTATION_CONTEXT(2) 
PARAMETRIC_REPRESENTATION_CONTEXT() REPRESENTATION_CONTEXT('2D SPACE',''
  ) );
#998 = PCURVE('',#999,#1004);
#999 = PLANE('',#1000);
#1000 = AXIS2_PLACEMENT_3D('',#1001,#1002,#1003);
#1001 = CARTESIAN_POINT('',(465.,66.,116.));
#1002 = DIRECTION('',(0.,0.,-1.));
#1003 = DIRECTION('',(0.,-1.,0.));
#1004 = DEFINITIONAL_REPRESENTATION('',(#1005),#1008);
#1005 = B_SPLINE_CURVE_WITH_KNOTS('',1,(#1006,#1007),.UNSPECIFIED.,.F.,
  .F.,(2,2),(-91.,25.),.PIECEWISE_BEZIER_KNOTS.);
#1006 = CARTESIAN_POINT('',(124.,-35.));
#1007 = CARTESIAN_POINT('',(8.,-35.));
#1008 = ( GEOMETRIC_REPRESENTATION_CONTEXT(2) 
PARAMETRIC_REPRESENTATION_CONTEXT() REPRESENTATION_CONTEXT('2D SPACE',''
  ) );
#1009 = ORIENTED_EDGE('',*,*,#1010,.F.);
#1010 = EDGE_CURVE('',#1011,#985,#1013,.T.);
#1011 = VERTEX_POINT('',#1012);
#1012 = CARTESIAN_POINT('',(500.,66.,108.));
#1013 = SURFACE_CURVE('',#1014,(#1019,#1026),.PCURVE_S1.);
#1014 = CIRCLE('',#1015,8.);
#1015 = AXIS2_PLACEMENT_3D('',#1016,#1017,#1018);
#1016 = CARTESIAN_POINT('',(500.,58.,108.));
#1017 = DIRECTION('',(1.,0.,0.));
#1018 = DIRECTION('',(-0.,1.,0.));
#1019 = PCURVE('',#72,#1020);
#1020 = DEFINITIONAL_REPRESENTATION('',(#1021),#1025);
#1021 = CIRCLE('',#1022,8.);
#1022 = AXIS2_PLACEMENT_2D('',#1023,#1024);
#1023 = CARTESIAN_POINT('',(108.,-58.));
#1024 = DIRECTION('',(0.,-1.));
#1025 = ( GEOMETRIC_REPRESENTATION_CONTEXT(2) 
PARAMETRIC_REPRESENTATION_CONTEXT() REPRESENTATION_CONTEXT('2D SPACE',''
  ) );
#1026 = PCURVE('',#1027,#1032);
#1027 = CYLINDRICAL_SURFACE('',#1028,8.);
#1028 = AXIS2_PLACEMENT_3D('',#1029,#1030,#1031);
#1029 = CARTESIAN_POINT('',(465.,58.,108.));
#1030 = DIRECTION('',(1.,0.,0.));
#1031 = DIRECTION('',(-0.,1.,0.));
#1032 = DEFINITIONAL_REPRESENTATION('',(#1033),#1037);
#1033 = LINE('',#1034,#1035);
#1034 = CARTESIAN_POINT('',(0.,35.));
#1035 = VECTOR('',#1036,1.);
#1036 = DIRECTION('',(1.,0.));
#1037 = ( GEOMETRIC_REPRESENTATION_CONTEXT(2) 
PARAMETRIC_REPRESENTATION_CONTEXT() REPRESENTATION_CONTEXT('2D SPACE',''
  ) );
#1038 = ORIENTED_EDGE('',*,*,#1039,.T.);
#1039 = EDGE_CURVE('',#1011,#846,#1040,.T.);
#1040 = SURFACE_CURVE('',#1041,(#1045,#1051),.PCURVE_S1.);
#1041 = LINE('',#1042,#1043);
#1042 = CARTESIAN_POINT('',(500.,66.,19.));
#1043 = VECTOR('',#1044,1.);
#1044 = DIRECTION('',(0.,0.,-1.));
#1045 = PCURVE('',#72,#1046);
#1046 = DEFINITIONAL_REPRESENTATION('',(#1047),#1050);
#1047 = B_SPLINE_CURVE_WITH_KNOTS('',1,(#1048,#1049),.UNSPECIFIED.,.F.,
  .F.,(2,2),(-89.,-27.),.PIECEWISE_BEZIER_KNOTS.);
#1048 = CARTESIAN_POINT('',(108.,-66.));
#1049 = CARTESIAN_POINT('',(46.,-66.));
#1050 = ( GEOMETRIC_REPRESENTATION_CONTEXT(2) 
PARAMETRIC_REPRESENTATION_CONTEXT() REPRESENTATION_CONTEXT('2D SPACE',''
  ) );
#1051 = PCURVE('',#1052,#1057);
#1052 = PLANE('',#1053);
#1053 = AXIS2_PLACEMENT_3D('',#1054,#1055,#1056);
#1054 = CARTESIAN_POINT('',(465.,66.,38.));
#1055 = DIRECTION('',(0.,-1.,0.));
#1056 = DIRECTION('',(0.,0.,1.));
#1057 = DEFINITIONAL_REPRESENTATION('',(#1058),#1061);
#1058 = B_SPLINE_CURVE_WITH_KNOTS('',1,(#1059,#1060),.UNSPECIFIED.,.F.,
  .F.,(2,2),(-89.,-27.),.PIECEWISE_BEZIER_KNOTS.);
#1059 = CARTESIAN_POINT('',(70.,-35.));
#1060 = CARTESIAN_POINT('',(8.,-35.));
#1061 = ( GEOMETRIC_REPRESENTATION_CONTEXT(2) 
PARAMETRIC_REPRESENTATION_CONTEXT() REPRESENTATION_CONTEXT('2D SPACE',''
  ) );
#1062 = ADVANCED_FACE('',(#1063),#159,.F.);
#1063 = FACE_BOUND('',#1064,.F.);
#1064 = EDGE_LOOP('',(#1065,#1066,#1067,#1068));
#1065 = ORIENTED_EDGE('',*,*,#241,.T.);
#1066 = ORIENTED_EDGE('',*,*,#562,.T.);
#1067 = ORIENTED_EDGE('',*,*,#141,.F.);
#1068 = ORIENTED_EDGE('',*,*,#360,.F.);
#1069 = ADVANCED_FACE('',(#1070),#308,.F.);
#1070 = FACE_BOUND('',#1071,.T.);
#1071 = EDGE_LOOP('',(#1072,#1095,#1096,#1097,#1140,#1176,#1212));
#1072 = ORIENTED_EDGE('',*,*,#1073,.F.);
#1073 = EDGE_CURVE('',#288,#1074,#1076,.T.);
#1074 = VERTEX_POINT('',#1075);
#1075 = CARTESIAN_POINT('',(483.,70.,0.));
#1076 = SEAM_CURVE('',#1077,(#1081,#1088),.PCURVE_S1.);
#1077 = LINE('',#1078,#1079);
#1078 = CARTESIAN_POINT('',(483.,86.,0.));
#1079 = VECTOR('',#1080,1.);
#1080 = DIRECTION('',(0.,-1.,0.));
#1081 = PCURVE('',#308,#1082);
#1082 = DEFINITIONAL_REPRESENTATION('',(#1083),#1087);
#1083 = LINE('',#1084,#1085);
#1084 = CARTESIAN_POINT('',(-6.28318530718,0.));
#1085 = VECTOR('',#1086,1.);
#1086 = DIRECTION('',(-0.,-1.));
#1087 = ( GEOMETRIC_REPRESENTATION_CONTEXT(2) 
PARAMETRIC_REPRESENTATION_CONTEXT() REPRESENTATION_CONTEXT('2D SPACE',''
  ) );
#1088 = PCURVE('',#308,#1089);
#1089 = DEFINITIONAL_REPRESENTATION('',(#1090),#1094);
#1090 = LINE('',#1091,#1092);
#1091 = CARTESIAN_POINT('',(-0.,0.));
#1092 = VECTOR('',#1093,1.);
#1093 = DIRECTION('',(-0.,-1.));
#1094 = ( GEOMETRIC_REPRESENTATION_CONTEXT(2) 
PARAMETRIC_REPRESENTATION_CONTEXT() REPRESENTATION_CONTEXT('2D SPACE',''
  ) );
#1095 = ORIENTED_EDGE('',*,*,#287,.T.);
#1096 = ORIENTED_EDGE('',*,*,#1073,.T.);
#1097 = ORIENTED_EDGE('',*,*,#1098,.F.);
#1098 = EDGE_CURVE('',#1099,#1101,#1103,.T.);
#1099 = VERTEX_POINT('',#1100);
#1100 = CARTESIAN_POINT('',(480.,73.,3.));
#1101 = VERTEX_POINT('',#1102);
#1102 = CARTESIAN_POINT('',(483.,70.,0.));
#1103 = SURFACE_CURVE('',#1104,(#1109,#1122),.PCURVE_S1.);
#1104 = ELLIPSE('',#1105,4.242640687119,3.);
#1105 = AXIS2_PLACEMENT_3D('',#1106,#1107,#1108);
#1106 = CARTESIAN_POINT('',(480.,70.,0.));
#1107 = DIRECTION('',(-0.,0.707106781187,-0.707106781187));
#1108 = DIRECTION('',(0.,0.707106781187,0.707106781187));
#1109 = PCURVE('',#308,#1110);
#1110 = DEFINITIONAL_REPRESENTATION('',(#1111),#1121);
#1111 = B_SPLINE_CURVE_WITH_KNOTS('',8,(#1112,#1113,#1114,#1115,#1116,
    #1117,#1118,#1119,#1120),.UNSPECIFIED.,.F.,.F.,(9,9),(0.,
    1.570796326795),.PIECEWISE_BEZIER_KNOTS.);
#1112 = CARTESIAN_POINT('',(-1.570796326795,-13.));
#1113 = CARTESIAN_POINT('',(-1.374446785946,-13.));
#1114 = CARTESIAN_POINT('',(-1.178097245096,-13.13218232796));
#1115 = CARTESIAN_POINT('',(-0.981747704246,-13.39654586094));
#1116 = CARTESIAN_POINT('',(-0.785398163395,-13.78222374824));
#1117 = CARTESIAN_POINT('',(-0.589048622547,-14.2674602163));
#1118 = CARTESIAN_POINT('',(-0.392699081699,-14.82190261505));
#1119 = CARTESIAN_POINT('',(-0.196349540849,-15.41095137745));
#1120 = CARTESIAN_POINT('',(-6.123233995737E-17,-16.));
#1121 = ( GEOMETRIC_REPRESENTATION_CONTEXT(2) 
PARAMETRIC_REPRESENTATION_CONTEXT() REPRESENTATION_CONTEXT('2D SPACE',''
  ) );
#1122 = PCURVE('',#1123,#1128);
#1123 = CYLINDRICAL_SURFACE('',#1124,3.);
#1124 = AXIS2_PLACEMENT_3D('',#1125,#1126,#1127);
#1125 = CARTESIAN_POINT('',(480.,70.,-110.));
#1126 = DIRECTION('',(-0.,-0.,-1.));
#1127 = DIRECTION('',(1.,0.,0.));
#1128 = DEFINITIONAL_REPRESENTATION('',(#1129),#1139);
#1129 = B_SPLINE_CURVE_WITH_KNOTS('',8,(#1130,#1131,#1132,#1133,#1134,
    #1135,#1136,#1137,#1138),.UNSPECIFIED.,.F.,.F.,(9,9),(0.,
    1.570796326795),.PIECEWISE_BEZIER_KNOTS.);
#1130 = CARTESIAN_POINT('',(-1.570796326795,-113.));
#1131 = CARTESIAN_POINT('',(-1.374446785946,-113.));
#1132 = CARTESIAN_POINT('',(-1.178097245096,-112.8678176719));
#1133 = CARTESIAN_POINT('',(-0.981747704247,-112.6034541393));
#1134 = CARTESIAN_POINT('',(-0.785398163398,-112.2177762514));
#1135 = CARTESIAN_POINT('',(-0.589048622549,-111.7325397836));
#1136 = CARTESIAN_POINT('',(-0.392699081698,-111.1780973848));
#1137 = CARTESIAN_POINT('',(-0.196349540849,-110.5890486225));
#1138 = CARTESIAN_POINT('',(0.,-110.));
#1139 = ( GEOMETRIC_REPRESENTATION_CONTEXT(2) 
PARAMETRIC_REPRESENTATION_CONTEXT() REPRESENTATION_CONTEXT('2D SPACE',''
  ) );
#1140 = ORIENTED_EDGE('',*,*,#1141,.F.);
#1141 = EDGE_CURVE('',#1142,#1099,#1144,.T.);
#1142 = VERTEX_POINT('',#1143);
#1143 = CARTESIAN_POINT('',(477.,70.,3.673940397442E-16));
#1144 = SURFACE_CURVE('',#1145,(#1150,#1163),.PCURVE_S1.);
#1145 = ELLIPSE('',#1146,4.242640687119,3.);
#1146 = AXIS2_PLACEMENT_3D('',#1147,#1148,#1149);
#1147 = CARTESIAN_POINT('',(480.,70.,0.));
#1148 = DIRECTION('',(-0.,0.707106781187,-0.707106781187));
#1149 = DIRECTION('',(0.,0.707106781187,0.707106781187));
#1150 = PCURVE('',#308,#1151);
#1151 = DEFINITIONAL_REPRESENTATION('',(#1152),#1162);
#1152 = B_SPLINE_CURVE_WITH_KNOTS('',8,(#1153,#1154,#1155,#1156,#1157,
    #1158,#1159,#1160,#1161),.UNSPECIFIED.,.F.,.F.,(9,9),(4.712388880385
    ,6.28318530718),.PIECEWISE_BEZIER_KNOTS.);
#1153 = CARTESIAN_POINT('',(-3.14159275359,-16.0000003));
#1154 = CARTESIAN_POINT('',(-2.94524320024,-15.41095163995));
#1155 = CARTESIAN_POINT('',(-2.748893646887,-14.82190282682));
#1156 = CARTESIAN_POINT('',(-2.552544093553,-14.26746037082));
#1157 = CARTESIAN_POINT('',(-2.356194540173,-13.78222384646));
#1158 = CARTESIAN_POINT('',(-2.159844986855,-13.39654591146));
#1159 = CARTESIAN_POINT('',(-1.96349543349,-13.13218234478));
#1160 = CARTESIAN_POINT('',(-1.767145880144,-13.));
#1161 = CARTESIAN_POINT('',(-1.570796326795,-13.));
#1162 = ( GEOMETRIC_REPRESENTATION_CONTEXT(2) 
PARAMETRIC_REPRESENTATION_CONTEXT() REPRESENTATION_CONTEXT('2D SPACE',''
  ) );
#1163 = PCURVE('',#1123,#1164);
#1164 = DEFINITIONAL_REPRESENTATION('',(#1165),#1175);
#1165 = B_SPLINE_CURVE_WITH_KNOTS('',8,(#1166,#1167,#1168,#1169,#1170,
    #1171,#1172,#1173,#1174),.UNSPECIFIED.,.F.,.F.,(9,9),(4.712388880385
    ,6.28318530718),.PIECEWISE_BEZIER_KNOTS.);
#1166 = CARTESIAN_POINT('',(-3.14159275359,-109.9999997));
#1167 = CARTESIAN_POINT('',(-2.94524320024,-110.58904836));
#1168 = CARTESIAN_POINT('',(-2.748893646887,-111.178097173));
#1169 = CARTESIAN_POINT('',(-2.552544093545,-111.7325396291));
#1170 = CARTESIAN_POINT('',(-2.356194540174,-112.2177761531));
#1171 = CARTESIAN_POINT('',(-2.159844986846,-112.6034540887));
#1172 = CARTESIAN_POINT('',(-1.963495433489,-112.867817655));
#1173 = CARTESIAN_POINT('',(-1.767145880144,-113.));
#1174 = CARTESIAN_POINT('',(-1.570796326795,-113.));
#1175 = ( GEOMETRIC_REPRESENTATION_CONTEXT(2) 
PARAMETRIC_REPRESENTATION_CONTEXT() REPRESENTATION_CONTEXT('2D SPACE',''
  ) );
#1176 = ORIENTED_EDGE('',*,*,#1177,.F.);
#1177 = EDGE_CURVE('',#1178,#1142,#1180,.T.);
#1178 = VERTEX_POINT('',#1179);
#1179 = CARTESIAN_POINT('',(480.,73.,-3.));
#1180 = SURFACE_CURVE('',#1181,(#1186,#1199),.PCURVE_S1.);
#1181 = ELLIPSE('',#1182,4.242640687119,3.);
#1182 = AXIS2_PLACEMENT_3D('',#1183,#1184,#1185);
#1183 = CARTESIAN_POINT('',(480.,70.,0.));
#1184 = DIRECTION('',(0.,0.707106781187,0.707106781187));
#1185 = DIRECTION('',(-0.,0.707106781187,-0.707106781187));
#1186 = PCURVE('',#308,#1187);
#1187 = DEFINITIONAL_REPRESENTATION('',(#1188),#1198);
#1188 = B_SPLINE_CURVE_WITH_KNOTS('',8,(#1189,#1190,#1191,#1192,#1193,
    #1194,#1195,#1196,#1197),.UNSPECIFIED.,.F.,.F.,(9,9),(0.,
    1.570796426795),.PIECEWISE_BEZIER_KNOTS.);
#1189 = CARTESIAN_POINT('',(-4.712388980385,-13.));
#1190 = CARTESIAN_POINT('',(-4.516039427035,-13.));
#1191 = CARTESIAN_POINT('',(-4.319689873686,-13.13218234478));
#1192 = CARTESIAN_POINT('',(-4.123340320331,-13.39654591146));
#1193 = CARTESIAN_POINT('',(-3.926990767002,-13.78222384648));
#1194 = CARTESIAN_POINT('',(-3.730641213631,-14.26746037077));
#1195 = CARTESIAN_POINT('',(-3.534291660285,-14.82190282683));
#1196 = CARTESIAN_POINT('',(-3.337942106939,-15.41095163995));
#1197 = CARTESIAN_POINT('',(-3.14159255359,-16.0000003));
#1198 = ( GEOMETRIC_REPRESENTATION_CONTEXT(2) 
PARAMETRIC_REPRESENTATION_CONTEXT() REPRESENTATION_CONTEXT('2D SPACE',''
  ) );
#1199 = PCURVE('',#1123,#1200);
#1200 = DEFINITIONAL_REPRESENTATION('',(#1201),#1211);
#1201 = B_SPLINE_CURVE_WITH_KNOTS('',8,(#1202,#1203,#1204,#1205,#1206,
    #1207,#1208,#1209,#1210),.UNSPECIFIED.,.F.,.F.,(9,9),(0.,
    1.570796426795),.PIECEWISE_BEZIER_KNOTS.);
#1202 = CARTESIAN_POINT('',(-1.570796326795,-107.));
#1203 = CARTESIAN_POINT('',(-1.767145880144,-107.));
#1204 = CARTESIAN_POINT('',(-1.963495433493,-107.1321823447));
#1205 = CARTESIAN_POINT('',(-2.159844986832,-107.3965459111));
#1206 = CARTESIAN_POINT('',(-2.356194540191,-107.7822238467));
#1207 = CARTESIAN_POINT('',(-2.552544093536,-108.2674603703));
#1208 = CARTESIAN_POINT('',(-2.748893646891,-108.8219028267));
#1209 = CARTESIAN_POINT('',(-2.94524320024,-109.4109516399));
#1210 = CARTESIAN_POINT('',(-3.14159275359,-110.0000003));
#1211 = ( GEOMETRIC_REPRESENTATION_CONTEXT(2) 
PARAMETRIC_REPRESENTATION_CONTEXT() REPRESENTATION_CONTEXT('2D SPACE',''
  ) );
#1212 = ORIENTED_EDGE('',*,*,#1213,.F.);
#1213 = EDGE_CURVE('',#1101,#1178,#1214,.T.);
#1214 = SURFACE_CURVE('',#1215,(#1220,#1233),.PCURVE_S1.);
#1215 = ELLIPSE('',#1216,4.242640687119,3.);
#1216 = AXIS2_PLACEMENT_3D('',#1217,#1218,#1219);
#1217 = CARTESIAN_POINT('',(480.,70.,0.));
#1218 = DIRECTION('',(0.,0.707106781187,0.707106781187));
#1219 = DIRECTION('',(-0.,0.707106781187,-0.707106781187));
#1220 = PCURVE('',#308,#1221);
#1221 = DEFINITIONAL_REPRESENTATION('',(#1222),#1232);
#1222 = B_SPLINE_CURVE_WITH_KNOTS('',8,(#1223,#1224,#1225,#1226,#1227,
    #1228,#1229,#1230,#1231),.UNSPECIFIED.,.F.,.F.,(9,9),(4.712388980385
    ,6.28318530718),.PIECEWISE_BEZIER_KNOTS.);
#1223 = CARTESIAN_POINT('',(-6.28318530718,-16.));
#1224 = CARTESIAN_POINT('',(-6.08683576633,-15.41095137745));
#1225 = CARTESIAN_POINT('',(-5.890486225481,-14.82190261505));
#1226 = CARTESIAN_POINT('',(-5.694136684633,-14.26746021631));
#1227 = CARTESIAN_POINT('',(-5.497787143778,-13.78222374834));
#1228 = CARTESIAN_POINT('',(-5.301437602935,-13.39654586093));
#1229 = CARTESIAN_POINT('',(-5.105088062083,-13.13218232796));
#1230 = CARTESIAN_POINT('',(-4.908738521234,-13.));
#1231 = CARTESIAN_POINT('',(-4.712388980385,-13.));
#1232 = ( GEOMETRIC_REPRESENTATION_CONTEXT(2) 
PARAMETRIC_REPRESENTATION_CONTEXT() REPRESENTATION_CONTEXT('2D SPACE',''
  ) );
#1233 = PCURVE('',#1123,#1234);
#1234 = DEFINITIONAL_REPRESENTATION('',(#1235),#1245);
#1235 = B_SPLINE_CURVE_WITH_KNOTS('',8,(#1236,#1237,#1238,#1239,#1240,
    #1241,#1242,#1243,#1244),.UNSPECIFIED.,.F.,.F.,(9,9),(4.712388980385
    ,6.28318530718),.PIECEWISE_BEZIER_KNOTS.);
#1236 = CARTESIAN_POINT('',(0.,-110.));
#1237 = CARTESIAN_POINT('',(-0.196349540849,-109.4109513774));
#1238 = CARTESIAN_POINT('',(-0.392699081699,-108.8219026149));
#1239 = CARTESIAN_POINT('',(-0.589048622548,-108.2674602163));
#1240 = CARTESIAN_POINT('',(-0.785398163394,-107.7822237479));
#1241 = CARTESIAN_POINT('',(-0.981747704246,-107.396545861));
#1242 = CARTESIAN_POINT('',(-1.178097245096,-107.1321823279));
#1243 = CARTESIAN_POINT('',(-1.374446785946,-107.));
#1244 = CARTESIAN_POINT('',(-1.570796326795,-107.));
#1245 = ( GEOMETRIC_REPRESENTATION_CONTEXT(2) 
PARAMETRIC_REPRESENTATION_CONTEXT() REPRESENTATION_CONTEXT('2D SPACE',''
  ) );
#1246 = ADVANCED_FACE('',(#1247),#343,.F.);
#1247 = FACE_BOUND('',#1248,.T.);
#1248 = EDGE_LOOP('',(#1249,#1272,#1273,#1274,#1317,#1353,#1389));
#1249 = ORIENTED_EDGE('',*,*,#1250,.F.);
#1250 = EDGE_CURVE('',#323,#1251,#1253,.T.);
#1251 = VERTEX_POINT('',#1252);
#1252 = CARTESIAN_POINT('',(458.,55.,0.));
#1253 = SEAM_CURVE('',#1254,(#1258,#1265),.PCURVE_S1.);
#1254 = LINE('',#1255,#1256);
#1255 = CARTESIAN_POINT('',(458.,86.,0.));
#1256 = VECTOR('',#1257,1.);
#1257 = DIRECTION('',(0.,-1.,0.));
#1258 = PCURVE('',#343,#1259);
#1259 = DEFINITIONAL_REPRESENTATION('',(#1260),#1264);
#1260 = LINE('',#1261,#1262);
#1261 = CARTESIAN_POINT('',(-6.28318530718,0.));
#1262 = VECTOR('',#1263,1.);
#1263 = DIRECTION('',(-0.,-1.));
#1264 = ( GEOMETRIC_REPRESENTATION_CONTEXT(2) 
PARAMETRIC_REPRESENTATION_CONTEXT() REPRESENTATION_CONTEXT('2D SPACE',''
  ) );
#1265 = PCURVE('',#343,#1266);
#1266 = DEFINITIONAL_REPRESENTATION('',(#1267),#1271);
#1267 = LINE('',#1268,#1269);
#1268 = CARTESIAN_POINT('',(-0.,0.));
#1269 = VECTOR('',#1270,1.);
#1270 = DIRECTION('',(-0.,-1.));
#1271 = ( GEOMETRIC_REPRESENTATION_CONTEXT(2) 
PARAMETRIC_REPRESENTATION_CONTEXT() REPRESENTATION_CONTEXT('2D SPACE',''
  ) );
#1272 = ORIENTED_EDGE('',*,*,#322,.T.);
#1273 = ORIENTED_EDGE('',*,*,#1250,.T.);
#1274 = ORIENTED_EDGE('',*,*,#1275,.F.);
#1275 = EDGE_CURVE('',#1276,#1278,#1280,.T.);
#1276 = VERTEX_POINT('',#1277);
#1277 = CARTESIAN_POINT('',(455.,58.,3.));
#1278 = VERTEX_POINT('',#1279);
#1279 = CARTESIAN_POINT('',(458.,55.,0.));
#1280 = SURFACE_CURVE('',#1281,(#1286,#1299),.PCURVE_S1.);
#1281 = ELLIPSE('',#1282,4.242640687119,3.);
#1282 = AXIS2_PLACEMENT_3D('',#1283,#1284,#1285);
#1283 = CARTESIAN_POINT('',(455.,55.,0.));
#1284 = DIRECTION('',(-0.,0.707106781187,-0.707106781187));
#1285 = DIRECTION('',(0.,0.707106781187,0.707106781187));
#1286 = PCURVE('',#343,#1287);
#1287 = DEFINITIONAL_REPRESENTATION('',(#1288),#1298);
#1288 = B_SPLINE_CURVE_WITH_KNOTS('',8,(#1289,#1290,#1291,#1292,#1293,
    #1294,#1295,#1296,#1297),.UNSPECIFIED.,.F.,.F.,(9,9),(0.,
    1.570796326795),.PIECEWISE_BEZIER_KNOTS.);
#1289 = CARTESIAN_POINT('',(-1.570796326795,-28.));
#1290 = CARTESIAN_POINT('',(-1.374446785946,-28.));
#1291 = CARTESIAN_POINT('',(-1.178097245096,-28.13218232798));
#1292 = CARTESIAN_POINT('',(-0.981747704246,-28.39654586081));
#1293 = CARTESIAN_POINT('',(-0.785398163395,-28.7822237483));
#1294 = CARTESIAN_POINT('',(-0.589048622547,-29.2674602162));
#1295 = CARTESIAN_POINT('',(-0.392699081699,-29.82190261506));
#1296 = CARTESIAN_POINT('',(-0.196349540849,-30.41095137745));
#1297 = CARTESIAN_POINT('',(-6.123233995737E-17,-31.));
#1298 = ( GEOMETRIC_REPRESENTATION_CONTEXT(2) 
PARAMETRIC_REPRESENTATION_CONTEXT() REPRESENTATION_CONTEXT('2D SPACE',''
  ) );
#1299 = PCURVE('',#1300,#1305);
#1300 = CYLINDRICAL_SURFACE('',#1301,3.);
#1301 = AXIS2_PLACEMENT_3D('',#1302,#1303,#1304);
#1302 = CARTESIAN_POINT('',(455.,55.,-80.));
#1303 = DIRECTION('',(-0.,-0.,-1.));
#1304 = DIRECTION('',(1.,0.,0.));
#1305 = DEFINITIONAL_REPRESENTATION('',(#1306),#1316);
#1306 = B_SPLINE_CURVE_WITH_KNOTS('',8,(#1307,#1308,#1309,#1310,#1311,
    #1312,#1313,#1314,#1315),.UNSPECIFIED.,.F.,.F.,(9,9),(0.,
    1.570796326795),.PIECEWISE_BEZIER_KNOTS.);
#1307 = CARTESIAN_POINT('',(-1.570796326795,-83.));
#1308 = CARTESIAN_POINT('',(-1.374446785946,-83.));
#1309 = CARTESIAN_POINT('',(-1.178097245096,-82.86781767194));
#1310 = CARTESIAN_POINT('',(-0.981747704247,-82.60345413905));
#1311 = CARTESIAN_POINT('',(-0.785398163398,-82.21777625102));
#1312 = CARTESIAN_POINT('',(-0.589048622548,-81.73253978346));
#1313 = CARTESIAN_POINT('',(-0.392699081698,-81.1780973849));
#1314 = CARTESIAN_POINT('',(-0.196349540849,-80.58904862254));
#1315 = CARTESIAN_POINT('',(0.,-80.));
#1316 = ( GEOMETRIC_REPRESENTATION_CONTEXT(2) 
PARAMETRIC_REPRESENTATION_CONTEXT() REPRESENTATION_CONTEXT('2D SPACE',''
  ) );
#1317 = ORIENTED_EDGE('',*,*,#1318,.F.);
#1318 = EDGE_CURVE('',#1319,#1276,#1321,.T.);
#1319 = VERTEX_POINT('',#1320);
#1320 = CARTESIAN_POINT('',(452.,55.,3.673940397442E-16));
#1321 = SURFACE_CURVE('',#1322,(#1327,#1340),.PCURVE_S1.);
#1322 = ELLIPSE('',#1323,4.242640687119,3.);
#1323 = AXIS2_PLACEMENT_3D('',#1324,#1325,#1326);
#1324 = CARTESIAN_POINT('',(455.,55.,0.));
#1325 = DIRECTION('',(-0.,0.707106781187,-0.707106781187));
#1326 = DIRECTION('',(0.,0.707106781187,0.707106781187));
#1327 = PCURVE('',#343,#1328);
#1328 = DEFINITIONAL_REPRESENTATION('',(#1329),#1339);
#1329 = B_SPLINE_CURVE_WITH_KNOTS('',8,(#1330,#1331,#1332,#1333,#1334,
    #1335,#1336,#1337,#1338),.UNSPECIFIED.,.F.,.F.,(9,9),(4.712388880385
    ,6.28318530718),.PIECEWISE_BEZIER_KNOTS.);
#1330 = CARTESIAN_POINT('',(-3.14159275359,-31.0000003));
#1331 = CARTESIAN_POINT('',(-2.94524320024,-30.41095163995));
#1332 = CARTESIAN_POINT('',(-2.748893646887,-29.82190282683));
#1333 = CARTESIAN_POINT('',(-2.552544093546,-29.26746037064));
#1334 = CARTESIAN_POINT('',(-2.356194540173,-28.78222384658));
#1335 = CARTESIAN_POINT('',(-2.159844986852,-28.39654591131));
#1336 = CARTESIAN_POINT('',(-1.96349543349,-28.13218234479));
#1337 = CARTESIAN_POINT('',(-1.767145880144,-28.));
#1338 = CARTESIAN_POINT('',(-1.570796326795,-28.));
#1339 = ( GEOMETRIC_REPRESENTATION_CONTEXT(2) 
PARAMETRIC_REPRESENTATION_CONTEXT() REPRESENTATION_CONTEXT('2D SPACE',''
  ) );
#1340 = PCURVE('',#1300,#1341);
#1341 = DEFINITIONAL_REPRESENTATION('',(#1342),#1352);
#1342 = B_SPLINE_CURVE_WITH_KNOTS('',8,(#1343,#1344,#1345,#1346,#1347,
    #1348,#1349,#1350,#1351),.UNSPECIFIED.,.F.,.F.,(9,9),(4.712388880385
    ,6.28318530718),.PIECEWISE_BEZIER_KNOTS.);
#1343 = CARTESIAN_POINT('',(-3.14159275359,-79.9999997));
#1344 = CARTESIAN_POINT('',(-2.94524320024,-80.58904836004));
#1345 = CARTESIAN_POINT('',(-2.748893646891,-81.17809717307));
#1346 = CARTESIAN_POINT('',(-2.552544093543,-81.73253962941));
#1347 = CARTESIAN_POINT('',(-2.356194540194,-82.21777615312));
#1348 = CARTESIAN_POINT('',(-2.159844986841,-82.60345408896));
#1349 = CARTESIAN_POINT('',(-1.963495433493,-82.8678176551));
#1350 = CARTESIAN_POINT('',(-1.767145880144,-83.));
#1351 = CARTESIAN_POINT('',(-1.570796326795,-83.));
#1352 = ( GEOMETRIC_REPRESENTATION_CONTEXT(2) 
PARAMETRIC_REPRESENTATION_CONTEXT() REPRESENTATION_CONTEXT('2D SPACE',''
  ) );
#1353 = ORIENTED_EDGE('',*,*,#1354,.F.);
#1354 = EDGE_CURVE('',#1355,#1319,#1357,.T.);
#1355 = VERTEX_POINT('',#1356);
#1356 = CARTESIAN_POINT('',(455.,58.,-3.));
#1357 = SURFACE_CURVE('',#1358,(#1363,#1376),.PCURVE_S1.);
#1358 = ELLIPSE('',#1359,4.242640687119,3.);
#1359 = AXIS2_PLACEMENT_3D('',#1360,#1361,#1362);
#1360 = CARTESIAN_POINT('',(455.,55.,0.));
#1361 = DIRECTION('',(0.,0.707106781187,0.707106781187));
#1362 = DIRECTION('',(-0.,0.707106781187,-0.707106781187));
#1363 = PCURVE('',#343,#1364);
#1364 = DEFINITIONAL_REPRESENTATION('',(#1365),#1375);
#1365 = B_SPLINE_CURVE_WITH_KNOTS('',8,(#1366,#1367,#1368,#1369,#1370,
    #1371,#1372,#1373,#1374),.UNSPECIFIED.,.F.,.F.,(9,9),(0.,
    1.570796426795),.PIECEWISE_BEZIER_KNOTS.);
#1366 = CARTESIAN_POINT('',(-4.712388980385,-28.));
#1367 = CARTESIAN_POINT('',(-4.516039427035,-28.));
#1368 = CARTESIAN_POINT('',(-4.319689873685,-28.13218234478));
#1369 = CARTESIAN_POINT('',(-4.123340320335,-28.39654591145));
#1370 = CARTESIAN_POINT('',(-3.926990766995,-28.78222384632));
#1371 = CARTESIAN_POINT('',(-3.730641213637,-29.26746037084));
#1372 = CARTESIAN_POINT('',(-3.534291660284,-29.82190282679));
#1373 = CARTESIAN_POINT('',(-3.337942106939,-30.41095163995));
#1374 = CARTESIAN_POINT('',(-3.14159255359,-31.0000003));
#1375 = ( GEOMETRIC_REPRESENTATION_CONTEXT(2) 
PARAMETRIC_REPRESENTATION_CONTEXT() REPRESENTATION_CONTEXT('2D SPACE',''
  ) );
#1376 = PCURVE('',#1300,#1377);
#1377 = DEFINITIONAL_REPRESENTATION('',(#1378),#1388);
#1378 = B_SPLINE_CURVE_WITH_KNOTS('',8,(#1379,#1380,#1381,#1382,#1383,
    #1384,#1385,#1386,#1387),.UNSPECIFIED.,.F.,.F.,(9,9),(0.,
    1.570796426795),.PIECEWISE_BEZIER_KNOTS.);
#1379 = CARTESIAN_POINT('',(-1.570796326795,-77.));
#1380 = CARTESIAN_POINT('',(-1.767145880144,-77.));
#1381 = CARTESIAN_POINT('',(-1.963495433489,-77.1321823447));
#1382 = CARTESIAN_POINT('',(-2.159844986845,-77.39654591176));
#1383 = CARTESIAN_POINT('',(-2.35619454018,-77.78222384577));
#1384 = CARTESIAN_POINT('',(-2.552544093542,-78.26746037101));
#1385 = CARTESIAN_POINT('',(-2.748893646887,-78.82190282674));
#1386 = CARTESIAN_POINT('',(-2.94524320024,-79.41095163995));
#1387 = CARTESIAN_POINT('',(-3.14159275359,-80.0000003));
#1388 = ( GEOMETRIC_REPRESENTATION_CONTEXT(2) 
PARAMETRIC_REPRESENTATION_CONTEXT() REPRESENTATION_CONTEXT('2D SPACE',''
  ) );
#1389 = ORIENTED_EDGE('',*,*,#1390,.F.);
#1390 = EDGE_CURVE('',#1278,#1355,#1391,.T.);
#1391 = SURFACE_CURVE('',#1392,(#1397,#1410),.PCURVE_S1.);
#1392 = ELLIPSE('',#1393,4.242640687119,3.);
#1393 = AXIS2_PLACEMENT_3D('',#1394,#1395,#1396);
#1394 = CARTESIAN_POINT('',(455.,55.,0.));
#1395 = DIRECTION('',(0.,0.707106781187,0.707106781187));
#1396 = DIRECTION('',(-0.,0.707106781187,-0.707106781187));
#1397 = PCURVE('',#343,#1398);
#1398 = DEFINITIONAL_REPRESENTATION('',(#1399),#1409);
#1399 = B_SPLINE_CURVE_WITH_KNOTS('',8,(#1400,#1401,#1402,#1403,#1404,
    #1405,#1406,#1407,#1408),.UNSPECIFIED.,.F.,.F.,(9,9),(4.712388980385
    ,6.28318530718),.PIECEWISE_BEZIER_KNOTS.);
#1400 = CARTESIAN_POINT('',(-6.28318530718,-31.));
#1401 = CARTESIAN_POINT('',(-6.08683576633,-30.41095137745));
#1402 = CARTESIAN_POINT('',(-5.890486225481,-29.82190261503));
#1403 = CARTESIAN_POINT('',(-5.694136684633,-29.26746021631));
#1404 = CARTESIAN_POINT('',(-5.497787143778,-28.7822237483));
#1405 = CARTESIAN_POINT('',(-5.301437602935,-28.39654586094));
#1406 = CARTESIAN_POINT('',(-5.105088062083,-28.13218232796));
#1407 = CARTESIAN_POINT('',(-4.908738521234,-28.));
#1408 = CARTESIAN_POINT('',(-4.712388980385,-28.));
#1409 = ( GEOMETRIC_REPRESENTATION_CONTEXT(2) 
PARAMETRIC_REPRESENTATION_CONTEXT() REPRESENTATION_CONTEXT('2D SPACE',''
  ) );
#1410 = PCURVE('',#1300,#1411);
#1411 = DEFINITIONAL_REPRESENTATION('',(#1412),#1422);
#1412 = B_SPLINE_CURVE_WITH_KNOTS('',8,(#1413,#1414,#1415,#1416,#1417,
    #1418,#1419,#1420,#1421),.UNSPECIFIED.,.F.,.F.,(9,9),(4.712388980385
    ,6.28318530718),.PIECEWISE_BEZIER_KNOTS.);
#1413 = CARTESIAN_POINT('',(0.,-80.));
#1414 = CARTESIAN_POINT('',(-0.196349540849,-79.41095137745));
#1415 = CARTESIAN_POINT('',(-0.392699081699,-78.82190261508));
#1416 = CARTESIAN_POINT('',(-0.589048622549,-78.26746021589));
#1417 = CARTESIAN_POINT('',(-0.785398163395,-77.78222374845));
#1418 = CARTESIAN_POINT('',(-0.981747704249,-77.39654586062));
#1419 = CARTESIAN_POINT('',(-1.178097245096,-77.13218232801));
#1420 = CARTESIAN_POINT('',(-1.374446785946,-77.));
#1421 = CARTESIAN_POINT('',(-1.570796326795,-77.));
#1422 = ( GEOMETRIC_REPRESENTATION_CONTEXT(2) 
PARAMETRIC_REPRESENTATION_CONTEXT() REPRESENTATION_CONTEXT('2D SPACE',''
  ) );
#1423 = ADVANCED_FACE('',(#1424),#405,.F.);
#1424 = FACE_BOUND('',#1425,.T.);
#1425 = EDGE_LOOP('',(#1426,#1456,#1477,#1478,#1479,#1529,#1559));
#1426 = ORIENTED_EDGE('',*,*,#1427,.F.);
#1427 = EDGE_CURVE('',#1428,#1430,#1432,.T.);
#1428 = VERTEX_POINT('',#1429);
#1429 = CARTESIAN_POINT('',(480.,73.,-110.));
#1430 = VERTEX_POINT('',#1431);
#1431 = CARTESIAN_POINT('',(481.,73.,-110.));
#1432 = SURFACE_CURVE('',#1433,(#1437,#1444),.PCURVE_S1.);
#1433 = LINE('',#1434,#1435);
#1434 = CARTESIAN_POINT('',(419.,73.,-110.));
#1435 = VECTOR('',#1436,1.);
#1436 = DIRECTION('',(1.,0.,0.));
#1437 = PCURVE('',#405,#1438);
#1438 = DEFINITIONAL_REPRESENTATION('',(#1439),#1443);
#1439 = LINE('',#1440,#1441);
#1440 = CARTESIAN_POINT('',(-6.28318530718,0.));
#1441 = VECTOR('',#1442,1.);
#1442 = DIRECTION('',(-0.,-1.));
#1443 = ( GEOMETRIC_REPRESENTATION_CONTEXT(2) 
PARAMETRIC_REPRESENTATION_CONTEXT() REPRESENTATION_CONTEXT('2D SPACE',''
  ) );
#1444 = PCURVE('',#1445,#1450);
#1445 = CYLINDRICAL_SURFACE('',#1446,3.);
#1446 = AXIS2_PLACEMENT_3D('',#1447,#1448,#1449);
#1447 = CARTESIAN_POINT('',(419.,70.,-110.));
#1448 = DIRECTION('',(-1.,-0.,-0.));
#1449 = DIRECTION('',(0.,1.,0.));
#1450 = DEFINITIONAL_REPRESENTATION('',(#1451),#1455);
#1451 = LINE('',#1452,#1453);
#1452 = CARTESIAN_POINT('',(-0.,0.));
#1453 = VECTOR('',#1454,1.);
#1454 = DIRECTION('',(-0.,-1.));
#1455 = ( GEOMETRIC_REPRESENTATION_CONTEXT(2) 
PARAMETRIC_REPRESENTATION_CONTEXT() REPRESENTATION_CONTEXT('2D SPACE',''
  ) );
#1456 = ORIENTED_EDGE('',*,*,#1457,.F.);
#1457 = EDGE_CURVE('',#385,#1428,#1458,.T.);
#1458 = SEAM_CURVE('',#1459,(#1463,#1470),.PCURVE_S1.);
#1459 = LINE('',#1460,#1461);
#1460 = CARTESIAN_POINT('',(419.,73.,-110.));
#1461 = VECTOR('',#1462,1.);
#1462 = DIRECTION('',(1.,0.,0.));
#1463 = PCURVE('',#405,#1464);
#1464 = DEFINITIONAL_REPRESENTATION('',(#1465),#1469);
#1465 = LINE('',#1466,#1467);
#1466 = CARTESIAN_POINT('',(-6.28318530718,0.));
#1467 = VECTOR('',#1468,1.);
#1468 = DIRECTION('',(-0.,-1.));
#1469 = ( GEOMETRIC_REPRESENTATION_CONTEXT(2) 
PARAMETRIC_REPRESENTATION_CONTEXT() REPRESENTATION_CONTEXT('2D SPACE',''
  ) );
#1470 = PCURVE('',#405,#1471);
#1471 = DEFINITIONAL_REPRESENTATION('',(#1472),#1476);
#1472 = LINE('',#1473,#1474);
#1473 = CARTESIAN_POINT('',(-0.,0.));
#1474 = VECTOR('',#1475,1.);
#1475 = DIRECTION('',(-0.,-1.));
#1476 = ( GEOMETRIC_REPRESENTATION_CONTEXT(2) 
PARAMETRIC_REPRESENTATION_CONTEXT() REPRESENTATION_CONTEXT('2D SPACE',''
  ) );
#1477 = ORIENTED_EDGE('',*,*,#384,.T.);
#1478 = ORIENTED_EDGE('',*,*,#1457,.T.);
#1479 = ORIENTED_EDGE('',*,*,#1480,.F.);
#1480 = EDGE_CURVE('',#1481,#1428,#1483,.T.);
#1481 = VERTEX_POINT('',#1482);
#1482 = CARTESIAN_POINT('',(480.,67.,-110.));
#1483 = SURFACE_CURVE('',#1484,(#1489,#1509),.PCURVE_S1.);
#1484 = ELLIPSE('',#1485,4.242640687119,3.);
#1485 = AXIS2_PLACEMENT_3D('',#1486,#1487,#1488);
#1486 = CARTESIAN_POINT('',(480.,70.,-110.));
#1487 = DIRECTION('',(-0.707106781187,-0.,-0.707106781187));
#1488 = DIRECTION('',(0.707106781187,0.,-0.707106781187));
#1489 = PCURVE('',#405,#1490);
#1490 = DEFINITIONAL_REPRESENTATION('',(#1491),#1508);
#1491 = B_SPLINE_CURVE_WITH_KNOTS('',8,(#1492,#1493,#1494,#1495,#1496,
    #1497,#1498,#1499,#1500,#1501,#1502,#1503,#1504,#1505,#1506,#1507),
  .UNSPECIFIED.,.F.,.F.,(9,7,9),(1.570796226795,3.14159260359,
    4.712388980385),.UNSPECIFIED.);
#1492 = CARTESIAN_POINT('',(-3.14159275359,-61.0000003));
#1493 = CARTESIAN_POINT('',(-2.94524320649,-60.4109516587));
#1494 = CARTESIAN_POINT('',(-2.74889365939,-59.82190286423));
#1495 = CARTESIAN_POINT('',(-2.552544112292,-59.26746042413));
#1496 = CARTESIAN_POINT('',(-2.356194565182,-58.78222390776));
#1497 = CARTESIAN_POINT('',(-2.15984501809,-58.39654597305));
#1498 = CARTESIAN_POINT('',(-1.963495470993,-58.13218239516));
#1499 = CARTESIAN_POINT('',(-1.767145923894,-58.00000002945));
#1500 = CARTESIAN_POINT('',(-1.374446829696,-57.99999997054));
#1501 = CARTESIAN_POINT('',(-1.178097282596,-58.13218227747));
#1502 = CARTESIAN_POINT('',(-0.981747735499,-58.39654579942));
#1503 = CARTESIAN_POINT('',(-0.785398188392,-58.78222368628));
#1504 = CARTESIAN_POINT('',(-0.589048641299,-59.26746016327));
#1505 = CARTESIAN_POINT('',(-0.392699094198,-59.82190257758));
#1506 = CARTESIAN_POINT('',(-0.196349547099,-60.4109513587));
#1507 = CARTESIAN_POINT('',(0.,-61.));
#1508 = ( GEOMETRIC_REPRESENTATION_CONTEXT(2) 
PARAMETRIC_REPRESENTATION_CONTEXT() REPRESENTATION_CONTEXT('2D SPACE',''
  ) );
#1509 = PCURVE('',#1123,#1510);
#1510 = DEFINITIONAL_REPRESENTATION('',(#1511),#1528);
#1511 = B_SPLINE_CURVE_WITH_KNOTS('',8,(#1512,#1513,#1514,#1515,#1516,
    #1517,#1518,#1519,#1520,#1521,#1522,#1523,#1524,#1525,#1526,#1527),
  .UNSPECIFIED.,.F.,.F.,(9,7,9),(1.570796226795,3.14159260359,
    4.712388980385),.UNSPECIFIED.);
#1512 = CARTESIAN_POINT('',(-4.712389080385,3.000000106113E-07));
#1513 = CARTESIAN_POINT('',(-4.516039533285,-0.589048341298));
#1514 = CARTESIAN_POINT('',(-4.319689986186,-1.178097135672));
#1515 = CARTESIAN_POINT('',(-4.123340439086,-1.732539576226));
#1516 = CARTESIAN_POINT('',(-3.926990891974,-2.217776091729));
#1517 = CARTESIAN_POINT('',(-3.730641344886,-2.603454027144));
#1518 = CARTESIAN_POINT('',(-3.534291797788,-2.867817604721));
#1519 = CARTESIAN_POINT('',(-3.337942250689,-2.999999970548));
#1520 = CARTESIAN_POINT('',(-2.94524315649,-3.000000029452));
#1521 = CARTESIAN_POINT('',(-2.748893609387,-2.867817722528));
#1522 = CARTESIAN_POINT('',(-2.552544062301,-2.603454200413));
#1523 = CARTESIAN_POINT('',(-2.356194515169,-2.217776313495));
#1524 = CARTESIAN_POINT('',(-2.159844968102,-1.732539836588));
#1525 = CARTESIAN_POINT('',(-1.963495420989,-1.178097422452));
#1526 = CARTESIAN_POINT('',(-1.767145873894,-0.589048641298));
#1527 = CARTESIAN_POINT('',(-1.570796326795,0.));
#1528 = ( GEOMETRIC_REPRESENTATION_CONTEXT(2) 
PARAMETRIC_REPRESENTATION_CONTEXT() REPRESENTATION_CONTEXT('2D SPACE',''
  ) );
#1529 = ORIENTED_EDGE('',*,*,#1530,.F.);
#1530 = EDGE_CURVE('',#1531,#1481,#1533,.T.);
#1531 = VERTEX_POINT('',#1532);
#1532 = CARTESIAN_POINT('',(481.,67.171572875254,-109.));
#1533 = SURFACE_CURVE('',#1534,(#1539,#1549),.PCURVE_S1.);
#1534 = ELLIPSE('',#1535,4.242640687119,3.);
#1535 = AXIS2_PLACEMENT_3D('',#1536,#1537,#1538);
#1536 = CARTESIAN_POINT('',(480.,70.,-110.));
#1537 = DIRECTION('',(0.707106781187,0.,-0.707106781187));
#1538 = DIRECTION('',(-0.707106781187,-0.,-0.707106781187));
#1539 = PCURVE('',#405,#1540);
#1540 = DEFINITIONAL_REPRESENTATION('',(#1541),#1548);
#1541 = B_SPLINE_CURVE_WITH_KNOTS('',5,(#1542,#1543,#1544,#1545,#1546,
    #1547),.UNSPECIFIED.,.F.,.F.,(6,6),(4.372551858798,4.712389080385),
  .PIECEWISE_BEZIER_KNOTS.);
#1542 = CARTESIAN_POINT('',(-2.801755532003,-62.0000006));
#1543 = CARTESIAN_POINT('',(-2.86972297632,-61.80775965131));
#1544 = CARTESIAN_POINT('',(-2.937690420638,-61.60974425866));
#1545 = CARTESIAN_POINT('',(-3.005657864955,-61.40780438871));
#1546 = CARTESIAN_POINT('',(-3.073625309272,-61.20390203295));
#1547 = CARTESIAN_POINT('',(-3.14159275359,-60.9999997));
#1548 = ( GEOMETRIC_REPRESENTATION_CONTEXT(2) 
PARAMETRIC_REPRESENTATION_CONTEXT() REPRESENTATION_CONTEXT('2D SPACE',''
  ) );
#1549 = PCURVE('',#1123,#1550);
#1550 = DEFINITIONAL_REPRESENTATION('',(#1551),#1558);
#1551 = B_SPLINE_CURVE_WITH_KNOTS('',5,(#1552,#1553,#1554,#1555,#1556,
    #1557),.UNSPECIFIED.,.F.,.F.,(6,6),(4.372551858798,4.712389080385),
  .PIECEWISE_BEZIER_KNOTS.);
#1552 = CARTESIAN_POINT('',(-5.052226101972,-1.000000600002));
#1553 = CARTESIAN_POINT('',(-4.984258657654,-0.807759651314));
#1554 = CARTESIAN_POINT('',(-4.916291213337,-0.609744258664));
#1555 = CARTESIAN_POINT('',(-4.84832376902,-0.407804388716));
#1556 = CARTESIAN_POINT('',(-4.780356324702,-0.203902032952));
#1557 = CARTESIAN_POINT('',(-4.712388880385,2.999999964004E-07));
#1558 = ( GEOMETRIC_REPRESENTATION_CONTEXT(2) 
PARAMETRIC_REPRESENTATION_CONTEXT() REPRESENTATION_CONTEXT('2D SPACE',''
  ) );
#1559 = ORIENTED_EDGE('',*,*,#1560,.T.);
#1560 = EDGE_CURVE('',#1531,#1430,#1561,.T.);
#1561 = SURFACE_CURVE('',#1562,(#1567,#1574),.PCURVE_S1.);
#1562 = CIRCLE('',#1563,3.);
#1563 = AXIS2_PLACEMENT_3D('',#1564,#1565,#1566);
#1564 = CARTESIAN_POINT('',(481.,70.,-110.));
#1565 = DIRECTION('',(1.,0.,0.));
#1566 = DIRECTION('',(0.,1.,0.));
#1567 = PCURVE('',#405,#1568);
#1568 = DEFINITIONAL_REPRESENTATION('',(#1569),#1573);
#1569 = LINE('',#1570,#1571);
#1570 = CARTESIAN_POINT('',(-0.,-62.));
#1571 = VECTOR('',#1572,1.);
#1572 = DIRECTION('',(-1.,0.));
#1573 = ( GEOMETRIC_REPRESENTATION_CONTEXT(2) 
PARAMETRIC_REPRESENTATION_CONTEXT() REPRESENTATION_CONTEXT('2D SPACE',''
  ) );
#1574 = PCURVE('',#1575,#1580);
#1575 = PLANE('',#1576);
#1576 = AXIS2_PLACEMENT_3D('',#1577,#1578,#1579);
#1577 = CARTESIAN_POINT('',(481.,70.,-110.));
#1578 = DIRECTION('',(1.,0.,0.));
#1579 = DIRECTION('',(-0.,0.,1.));
#1580 = DEFINITIONAL_REPRESENTATION('',(#1581),#1585);
#1581 = CIRCLE('',#1582,3.);
#1582 = AXIS2_PLACEMENT_2D('',#1583,#1584);
#1583 = CARTESIAN_POINT('',(-1.42108547152E-14,0.));
#1584 = DIRECTION('',(0.,-1.));
#1585 = ( GEOMETRIC_REPRESENTATION_CONTEXT(2) 
PARAMETRIC_REPRESENTATION_CONTEXT() REPRESENTATION_CONTEXT('2D SPACE',''
  ) );
#1586 = ADVANCED_FACE('',(#1587),#440,.F.);
#1587 = FACE_BOUND('',#1588,.T.);
#1588 = EDGE_LOOP('',(#1589,#1612,#1640,#1669,#1699,#1735,#1769,#1770));
#1589 = ORIENTED_EDGE('',*,*,#1590,.T.);
#1590 = EDGE_CURVE('',#420,#1591,#1593,.T.);
#1591 = VERTEX_POINT('',#1592);
#1592 = CARTESIAN_POINT('',(480.,73.,110.));
#1593 = SEAM_CURVE('',#1594,(#1598,#1605),.PCURVE_S1.);
#1594 = LINE('',#1595,#1596);
#1595 = CARTESIAN_POINT('',(419.,73.,110.));
#1596 = VECTOR('',#1597,1.);
#1597 = DIRECTION('',(1.,0.,0.));
#1598 = PCURVE('',#440,#1599);
#1599 = DEFINITIONAL_REPRESENTATION('',(#1600),#1604);
#1600 = LINE('',#1601,#1602);
#1601 = CARTESIAN_POINT('',(-0.,0.));
#1602 = VECTOR('',#1603,1.);
#1603 = DIRECTION('',(-0.,-1.));
#1604 = ( GEOMETRIC_REPRESENTATION_CONTEXT(2) 
PARAMETRIC_REPRESENTATION_CONTEXT() REPRESENTATION_CONTEXT('2D SPACE',''
  ) );
#1605 = PCURVE('',#440,#1606);
#1606 = DEFINITIONAL_REPRESENTATION('',(#1607),#1611);
#1607 = LINE('',#1608,#1609);
#1608 = CARTESIAN_POINT('',(-6.28318530718,0.));
#1609 = VECTOR('',#1610,1.);
#1610 = DIRECTION('',(-0.,-1.));
#1611 = ( GEOMETRIC_REPRESENTATION_CONTEXT(2) 
PARAMETRIC_REPRESENTATION_CONTEXT() REPRESENTATION_CONTEXT('2D SPACE',''
  ) );
#1612 = ORIENTED_EDGE('',*,*,#1613,.T.);
#1613 = EDGE_CURVE('',#1591,#1614,#1616,.T.);
#1614 = VERTEX_POINT('',#1615);
#1615 = CARTESIAN_POINT('',(481.,73.,110.));
#1616 = SURFACE_CURVE('',#1617,(#1621,#1628),.PCURVE_S1.);
#1617 = LINE('',#1618,#1619);
#1618 = CARTESIAN_POINT('',(419.,73.,110.));
#1619 = VECTOR('',#1620,1.);
#1620 = DIRECTION('',(1.,0.,0.));
#1621 = PCURVE('',#440,#1622);
#1622 = DEFINITIONAL_REPRESENTATION('',(#1623),#1627);
#1623 = LINE('',#1624,#1625);
#1624 = CARTESIAN_POINT('',(-0.,0.));
#1625 = VECTOR('',#1626,1.);
#1626 = DIRECTION('',(-0.,-1.));
#1627 = ( GEOMETRIC_REPRESENTATION_CONTEXT(2) 
PARAMETRIC_REPRESENTATION_CONTEXT() REPRESENTATION_CONTEXT('2D SPACE',''
  ) );
#1628 = PCURVE('',#1629,#1634);
#1629 = CYLINDRICAL_SURFACE('',#1630,3.);
#1630 = AXIS2_PLACEMENT_3D('',#1631,#1632,#1633);
#1631 = CARTESIAN_POINT('',(419.,70.,110.));
#1632 = DIRECTION('',(-1.,-0.,-0.));
#1633 = DIRECTION('',(0.,1.,0.));
#1634 = DEFINITIONAL_REPRESENTATION('',(#1635),#1639);
#1635 = LINE('',#1636,#1637);
#1636 = CARTESIAN_POINT('',(-6.28318530718,0.));
#1637 = VECTOR('',#1638,1.);
#1638 = DIRECTION('',(-0.,-1.));
#1639 = ( GEOMETRIC_REPRESENTATION_CONTEXT(2) 
PARAMETRIC_REPRESENTATION_CONTEXT() REPRESENTATION_CONTEXT('2D SPACE',''
  ) );
#1640 = ORIENTED_EDGE('',*,*,#1641,.T.);
#1641 = EDGE_CURVE('',#1614,#1642,#1644,.T.);
#1642 = VERTEX_POINT('',#1643);
#1643 = CARTESIAN_POINT('',(481.,67.171572875254,109.));
#1644 = SURFACE_CURVE('',#1645,(#1650,#1657),.PCURVE_S1.);
#1645 = CIRCLE('',#1646,3.);
#1646 = AXIS2_PLACEMENT_3D('',#1647,#1648,#1649);
#1647 = CARTESIAN_POINT('',(481.,70.,110.));
#1648 = DIRECTION('',(1.,0.,0.));
#1649 = DIRECTION('',(0.,1.,0.));
#1650 = PCURVE('',#440,#1651);
#1651 = DEFINITIONAL_REPRESENTATION('',(#1652),#1656);
#1652 = LINE('',#1653,#1654);
#1653 = CARTESIAN_POINT('',(-0.,-62.));
#1654 = VECTOR('',#1655,1.);
#1655 = DIRECTION('',(-1.,0.));
#1656 = ( GEOMETRIC_REPRESENTATION_CONTEXT(2) 
PARAMETRIC_REPRESENTATION_CONTEXT() REPRESENTATION_CONTEXT('2D SPACE',''
  ) );
#1657 = PCURVE('',#1658,#1663);
#1658 = PLANE('',#1659);
#1659 = AXIS2_PLACEMENT_3D('',#1660,#1661,#1662);
#1660 = CARTESIAN_POINT('',(481.,70.,110.));
#1661 = DIRECTION('',(1.,0.,0.));
#1662 = DIRECTION('',(-0.,0.,1.));
#1663 = DEFINITIONAL_REPRESENTATION('',(#1664),#1668);
#1664 = CIRCLE('',#1665,3.);
#1665 = AXIS2_PLACEMENT_2D('',#1666,#1667);
#1666 = CARTESIAN_POINT('',(1.42108547152E-14,0.));
#1667 = DIRECTION('',(0.,-1.));
#1668 = ( GEOMETRIC_REPRESENTATION_CONTEXT(2) 
PARAMETRIC_REPRESENTATION_CONTEXT() REPRESENTATION_CONTEXT('2D SPACE',''
  ) );
#1669 = ORIENTED_EDGE('',*,*,#1670,.T.);
#1670 = EDGE_CURVE('',#1642,#1671,#1673,.T.);
#1671 = VERTEX_POINT('',#1672);
#1672 = CARTESIAN_POINT('',(480.,67.,110.));
#1673 = SURFACE_CURVE('',#1674,(#1679,#1689),.PCURVE_S1.);
#1674 = ELLIPSE('',#1675,4.242640687119,3.);
#1675 = AXIS2_PLACEMENT_3D('',#1676,#1677,#1678);
#1676 = CARTESIAN_POINT('',(480.,70.,110.));
#1677 = DIRECTION('',(-0.707106781187,-0.,-0.707106781187));
#1678 = DIRECTION('',(0.707106781187,0.,-0.707106781187));
#1679 = PCURVE('',#440,#1680);
#1680 = DEFINITIONAL_REPRESENTATION('',(#1681),#1688);
#1681 = B_SPLINE_CURVE_WITH_KNOTS('',5,(#1682,#1683,#1684,#1685,#1686,
    #1687),.UNSPECIFIED.,.F.,.F.,(6,6),(1.230959205208,1.570796426795),
  .PIECEWISE_BEZIER_KNOTS.);
#1682 = CARTESIAN_POINT('',(-3.481429775177,-62.0000006));
#1683 = CARTESIAN_POINT('',(-3.413462330859,-61.80775965131));
#1684 = CARTESIAN_POINT('',(-3.345494886542,-61.60974425866));
#1685 = CARTESIAN_POINT('',(-3.277527442225,-61.40780438871));
#1686 = CARTESIAN_POINT('',(-3.209559997907,-61.20390203295));
#1687 = CARTESIAN_POINT('',(-3.14159255359,-60.9999997));
#1688 = ( GEOMETRIC_REPRESENTATION_CONTEXT(2) 
PARAMETRIC_REPRESENTATION_CONTEXT() REPRESENTATION_CONTEXT('2D SPACE',''
  ) );
#1689 = PCURVE('',#1123,#1690);
#1690 = DEFINITIONAL_REPRESENTATION('',(#1691),#1698);
#1691 = B_SPLINE_CURVE_WITH_KNOTS('',5,(#1692,#1693,#1694,#1695,#1696,
    #1697),.UNSPECIFIED.,.F.,.F.,(6,6),(1.230959205208,1.570796426795),
  .PIECEWISE_BEZIER_KNOTS.);
#1692 = CARTESIAN_POINT('',(-5.052226101972,-218.9999993999));
#1693 = CARTESIAN_POINT('',(-4.984258657654,-219.1922403486));
#1694 = CARTESIAN_POINT('',(-4.916291213337,-219.3902557413));
#1695 = CARTESIAN_POINT('',(-4.84832376902,-219.5921956112));
#1696 = CARTESIAN_POINT('',(-4.780356324702,-219.796097967));
#1697 = CARTESIAN_POINT('',(-4.712388880385,-220.0000003));
#1698 = ( GEOMETRIC_REPRESENTATION_CONTEXT(2) 
PARAMETRIC_REPRESENTATION_CONTEXT() REPRESENTATION_CONTEXT('2D SPACE',''
  ) );
#1699 = ORIENTED_EDGE('',*,*,#1700,.T.);
#1700 = EDGE_CURVE('',#1671,#1701,#1703,.T.);
#1701 = VERTEX_POINT('',#1702);
#1702 = CARTESIAN_POINT('',(477.,70.,107.));
#1703 = SURFACE_CURVE('',#1704,(#1709,#1722),.PCURVE_S1.);
#1704 = ELLIPSE('',#1705,4.242640687119,3.);
#1705 = AXIS2_PLACEMENT_3D('',#1706,#1707,#1708);
#1706 = CARTESIAN_POINT('',(480.,70.,110.));
#1707 = DIRECTION('',(0.707106781187,0.,-0.707106781187));
#1708 = DIRECTION('',(-0.707106781187,-0.,-0.707106781187));
#1709 = PCURVE('',#440,#1710);
#1710 = DEFINITIONAL_REPRESENTATION('',(#1711),#1721);
#1711 = B_SPLINE_CURVE_WITH_KNOTS('',8,(#1712,#1713,#1714,#1715,#1716,
    #1717,#1718,#1719,#1720),.UNSPECIFIED.,.F.,.F.,(9,9),(4.712388880385
    ,6.28318530718),.PIECEWISE_BEZIER_KNOTS.);
#1712 = CARTESIAN_POINT('',(-3.14159255359,-61.0000003));
#1713 = CARTESIAN_POINT('',(-3.337942106939,-60.41095163995));
#1714 = CARTESIAN_POINT('',(-3.534291660286,-59.82190282682));
#1715 = CARTESIAN_POINT('',(-3.730641213633,-59.26746037084));
#1716 = CARTESIAN_POINT('',(-3.926990766962,-58.78222384618));
#1717 = CARTESIAN_POINT('',(-4.123340320335,-58.39654591152));
#1718 = CARTESIAN_POINT('',(-4.319689873682,-58.13218234478));
#1719 = CARTESIAN_POINT('',(-4.516039427035,-58.));
#1720 = CARTESIAN_POINT('',(-4.712388980385,-58.));
#1721 = ( GEOMETRIC_REPRESENTATION_CONTEXT(2) 
PARAMETRIC_REPRESENTATION_CONTEXT() REPRESENTATION_CONTEXT('2D SPACE',''
  ) );
#1722 = PCURVE('',#1123,#1723);
#1723 = DEFINITIONAL_REPRESENTATION('',(#1724),#1734);
#1724 = B_SPLINE_CURVE_WITH_KNOTS('',8,(#1725,#1726,#1727,#1728,#1729,
    #1730,#1731,#1732,#1733),.UNSPECIFIED.,.F.,.F.,(9,9),(4.712388880385
    ,6.28318530718),.PIECEWISE_BEZIER_KNOTS.);
#1725 = CARTESIAN_POINT('',(-4.712389080385,-220.0000003));
#1726 = CARTESIAN_POINT('',(-4.516039527035,-219.4109516399));
#1727 = CARTESIAN_POINT('',(-4.319689973688,-218.8219028268));
#1728 = CARTESIAN_POINT('',(-4.123340420332,-218.2674603702));
#1729 = CARTESIAN_POINT('',(-3.926990866996,-217.7822238459));
#1730 = CARTESIAN_POINT('',(-3.730641313632,-217.3965459107));
#1731 = CARTESIAN_POINT('',(-3.534291760288,-217.1321823448));
#1732 = CARTESIAN_POINT('',(-3.337942206939,-217.));
#1733 = CARTESIAN_POINT('',(-3.14159265359,-217.));
#1734 = ( GEOMETRIC_REPRESENTATION_CONTEXT(2) 
PARAMETRIC_REPRESENTATION_CONTEXT() REPRESENTATION_CONTEXT('2D SPACE',''
  ) );
#1735 = ORIENTED_EDGE('',*,*,#1736,.T.);
#1736 = EDGE_CURVE('',#1701,#1591,#1737,.T.);
#1737 = SURFACE_CURVE('',#1738,(#1743,#1756),.PCURVE_S1.);
#1738 = ELLIPSE('',#1739,4.242640687119,3.);
#1739 = AXIS2_PLACEMENT_3D('',#1740,#1741,#1742);
#1740 = CARTESIAN_POINT('',(480.,70.,110.));
#1741 = DIRECTION('',(0.707106781187,0.,-0.707106781187));
#1742 = DIRECTION('',(-0.707106781187,-0.,-0.707106781187));
#1743 = PCURVE('',#440,#1744);
#1744 = DEFINITIONAL_REPRESENTATION('',(#1745),#1755);
#1745 = B_SPLINE_CURVE_WITH_KNOTS('',8,(#1746,#1747,#1748,#1749,#1750,
    #1751,#1752,#1753,#1754),.UNSPECIFIED.,.F.,.F.,(9,9),(0.,
    1.570796326795),.PIECEWISE_BEZIER_KNOTS.);
#1746 = CARTESIAN_POINT('',(-4.712388980385,-58.));
#1747 = CARTESIAN_POINT('',(-4.908738521234,-58.));
#1748 = CARTESIAN_POINT('',(-5.105088062084,-58.13218232794));
#1749 = CARTESIAN_POINT('',(-5.301437602937,-58.39654586094));
#1750 = CARTESIAN_POINT('',(-5.497787143781,-58.78222374804));
#1751 = CARTESIAN_POINT('',(-5.694136684633,-59.26746021641));
#1752 = CARTESIAN_POINT('',(-5.890486225481,-59.82190261501));
#1753 = CARTESIAN_POINT('',(-6.08683576633,-60.41095137745));
#1754 = CARTESIAN_POINT('',(-6.28318530718,-61.));
#1755 = ( GEOMETRIC_REPRESENTATION_CONTEXT(2) 
PARAMETRIC_REPRESENTATION_CONTEXT() REPRESENTATION_CONTEXT('2D SPACE',''
  ) );
#1756 = PCURVE('',#1123,#1757);
#1757 = DEFINITIONAL_REPRESENTATION('',(#1758),#1768);
#1758 = B_SPLINE_CURVE_WITH_KNOTS('',8,(#1759,#1760,#1761,#1762,#1763,
    #1764,#1765,#1766,#1767),.UNSPECIFIED.,.F.,.F.,(9,9),(0.,
    1.570796326795),.PIECEWISE_BEZIER_KNOTS.);
#1759 = CARTESIAN_POINT('',(-3.14159265359,-217.));
#1760 = CARTESIAN_POINT('',(-2.94524311274,-217.));
#1761 = CARTESIAN_POINT('',(-2.748893571888,-217.1321823277));
#1762 = CARTESIAN_POINT('',(-2.552544031053,-217.3965458611));
#1763 = CARTESIAN_POINT('',(-2.356194490181,-217.7822237479));
#1764 = CARTESIAN_POINT('',(-2.159844949356,-218.2674602167));
#1765 = CARTESIAN_POINT('',(-1.96349540849,-218.8219026148));
#1766 = CARTESIAN_POINT('',(-1.767145867644,-219.4109513774));
#1767 = CARTESIAN_POINT('',(-1.570796326795,-220.));
#1768 = ( GEOMETRIC_REPRESENTATION_CONTEXT(2) 
PARAMETRIC_REPRESENTATION_CONTEXT() REPRESENTATION_CONTEXT('2D SPACE',''
  ) );
#1769 = ORIENTED_EDGE('',*,*,#1590,.F.);
#1770 = ORIENTED_EDGE('',*,*,#419,.T.);
#1771 = ADVANCED_FACE('',(#1772),#475,.F.);
#1772 = FACE_BOUND('',#1773,.T.);
#1773 = EDGE_LOOP('',(#1774,#1775,#1798,#1825));
#1774 = ORIENTED_EDGE('',*,*,#454,.T.);
#1775 = ORIENTED_EDGE('',*,*,#1776,.T.);
#1776 = EDGE_CURVE('',#455,#1777,#1779,.T.);
#1777 = VERTEX_POINT('',#1778);
#1778 = CARTESIAN_POINT('',(450.,35.,-80.));
#1779 = SEAM_CURVE('',#1780,(#1784,#1791),.PCURVE_S1.);
#1780 = LINE('',#1781,#1782);
#1781 = CARTESIAN_POINT('',(419.,35.,-80.));
#1782 = VECTOR('',#1783,1.);
#1783 = DIRECTION('',(1.,0.,0.));
#1784 = PCURVE('',#475,#1785);
#1785 = DEFINITIONAL_REPRESENTATION('',(#1786),#1790);
#1786 = LINE('',#1787,#1788);
#1787 = CARTESIAN_POINT('',(-6.28318530718,0.));
#1788 = VECTOR('',#1789,1.);
#1789 = DIRECTION('',(-0.,-1.));
#1790 = ( GEOMETRIC_REPRESENTATION_CONTEXT(2) 
PARAMETRIC_REPRESENTATION_CONTEXT() REPRESENTATION_CONTEXT('2D SPACE',''
  ) );
#1791 = PCURVE('',#475,#1792);
#1792 = DEFINITIONAL_REPRESENTATION('',(#1793),#1797);
#1793 = LINE('',#1794,#1795);
#1794 = CARTESIAN_POINT('',(-0.,0.));
#1795 = VECTOR('',#1796,1.);
#1796 = DIRECTION('',(-0.,-1.));
#1797 = ( GEOMETRIC_REPRESENTATION_CONTEXT(2) 
PARAMETRIC_REPRESENTATION_CONTEXT() REPRESENTATION_CONTEXT('2D SPACE',''
  ) );
#1798 = ORIENTED_EDGE('',*,*,#1799,.T.);
#1799 = EDGE_CURVE('',#1777,#1777,#1800,.T.);
#1800 = SURFACE_CURVE('',#1801,(#1806,#1813),.PCURVE_S1.);
#1801 = CIRCLE('',#1802,35.);
#1802 = AXIS2_PLACEMENT_3D('',#1803,#1804,#1805);
#1803 = CARTESIAN_POINT('',(450.,0.,-80.));
#1804 = DIRECTION('',(1.,0.,0.));
#1805 = DIRECTION('',(0.,1.,0.));
#1806 = PCURVE('',#475,#1807);
#1807 = DEFINITIONAL_REPRESENTATION('',(#1808),#1812);
#1808 = LINE('',#1809,#1810);
#1809 = CARTESIAN_POINT('',(-0.,-31.));
#1810 = VECTOR('',#1811,1.);
#1811 = DIRECTION('',(-1.,0.));
#1812 = ( GEOMETRIC_REPRESENTATION_CONTEXT(2) 
PARAMETRIC_REPRESENTATION_CONTEXT() REPRESENTATION_CONTEXT('2D SPACE',''
  ) );
#1813 = PCURVE('',#1814,#1819);
#1814 = PLANE('',#1815);
#1815 = AXIS2_PLACEMENT_3D('',#1816,#1817,#1818);
#1816 = CARTESIAN_POINT('',(450.,-2.500461956644E-15,-80.));
#1817 = DIRECTION('',(1.,0.,0.));
#1818 = DIRECTION('',(-0.,0.,1.));
#1819 = DEFINITIONAL_REPRESENTATION('',(#1820),#1824);
#1820 = CIRCLE('',#1821,35.);
#1821 = AXIS2_PLACEMENT_2D('',#1822,#1823);
#1822 = CARTESIAN_POINT('',(0.,-2.500461956644E-15));
#1823 = DIRECTION('',(0.,-1.));
#1824 = ( GEOMETRIC_REPRESENTATION_CONTEXT(2) 
PARAMETRIC_REPRESENTATION_CONTEXT() REPRESENTATION_CONTEXT('2D SPACE',''
  ) );
#1825 = ORIENTED_EDGE('',*,*,#1776,.F.);
#1826 = ADVANCED_FACE('',(#1827),#510,.F.);
#1827 = FACE_BOUND('',#1828,.T.);
#1828 = EDGE_LOOP('',(#1829,#1830,#1853,#1880));
#1829 = ORIENTED_EDGE('',*,*,#489,.T.);
#1830 = ORIENTED_EDGE('',*,*,#1831,.T.);
#1831 = EDGE_CURVE('',#490,#1832,#1834,.T.);
#1832 = VERTEX_POINT('',#1833);
#1833 = CARTESIAN_POINT('',(465.,13.,0.));
#1834 = SEAM_CURVE('',#1835,(#1839,#1846),.PCURVE_S1.);
#1835 = LINE('',#1836,#1837);
#1836 = CARTESIAN_POINT('',(419.,13.,0.));
#1837 = VECTOR('',#1838,1.);
#1838 = DIRECTION('',(1.,0.,0.));
#1839 = PCURVE('',#510,#1840);
#1840 = DEFINITIONAL_REPRESENTATION('',(#1841),#1845);
#1841 = LINE('',#1842,#1843);
#1842 = CARTESIAN_POINT('',(-6.28318530718,0.));
#1843 = VECTOR('',#1844,1.);
#1844 = DIRECTION('',(-0.,-1.));
#1845 = ( GEOMETRIC_REPRESENTATION_CONTEXT(2) 
PARAMETRIC_REPRESENTATION_CONTEXT() REPRESENTATION_CONTEXT('2D SPACE',''
  ) );
#1846 = PCURVE('',#510,#1847);
#1847 = DEFINITIONAL_REPRESENTATION('',(#1848),#1852);
#1848 = LINE('',#1849,#1850);
#1849 = CARTESIAN_POINT('',(-0.,0.));
#1850 = VECTOR('',#1851,1.);
#1851 = DIRECTION('',(-0.,-1.));
#1852 = ( GEOMETRIC_REPRESENTATION_CONTEXT(2) 
PARAMETRIC_REPRESENTATION_CONTEXT() REPRESENTATION_CONTEXT('2D SPACE',''
  ) );
#1853 = ORIENTED_EDGE('',*,*,#1854,.T.);
#1854 = EDGE_CURVE('',#1832,#1832,#1855,.T.);
#1855 = SURFACE_CURVE('',#1856,(#1861,#1868),.PCURVE_S1.);
#1856 = CIRCLE('',#1857,13.);
#1857 = AXIS2_PLACEMENT_3D('',#1858,#1859,#1860);
#1858 = CARTESIAN_POINT('',(465.,0.,0.));
#1859 = DIRECTION('',(1.,0.,0.));
#1860 = DIRECTION('',(0.,1.,0.));
#1861 = PCURVE('',#510,#1862);
#1862 = DEFINITIONAL_REPRESENTATION('',(#1863),#1867);
#1863 = LINE('',#1864,#1865);
#1864 = CARTESIAN_POINT('',(-0.,-46.));
#1865 = VECTOR('',#1866,1.);
#1866 = DIRECTION('',(-1.,0.));
#1867 = ( GEOMETRIC_REPRESENTATION_CONTEXT(2) 
PARAMETRIC_REPRESENTATION_CONTEXT() REPRESENTATION_CONTEXT('2D SPACE',''
  ) );
#1868 = PCURVE('',#1869,#1874);
#1869 = PLANE('',#1870);
#1870 = AXIS2_PLACEMENT_3D('',#1871,#1872,#1873);
#1871 = CARTESIAN_POINT('',(465.,-2.244004320065E-15,3.019722508745E-16)
  );
#1872 = DIRECTION('',(1.,0.,0.));
#1873 = DIRECTION('',(-0.,0.,1.));
#1874 = DEFINITIONAL_REPRESENTATION('',(#1875),#1879);
#1875 = CIRCLE('',#1876,13.);
#1876 = AXIS2_PLACEMENT_2D('',#1877,#1878);
#1877 = CARTESIAN_POINT('',(-3.019722508745E-16,-2.244004320065E-15));
#1878 = DIRECTION('',(0.,-1.));
#1879 = ( GEOMETRIC_REPRESENTATION_CONTEXT(2) 
PARAMETRIC_REPRESENTATION_CONTEXT() REPRESENTATION_CONTEXT('2D SPACE',''
  ) );
#1880 = ORIENTED_EDGE('',*,*,#1831,.F.);
#1881 = ADVANCED_FACE('',(#1882),#545,.F.);
#1882 = FACE_BOUND('',#1883,.T.);
#1883 = EDGE_LOOP('',(#1884,#1885,#1908,#1935));
#1884 = ORIENTED_EDGE('',*,*,#524,.T.);
#1885 = ORIENTED_EDGE('',*,*,#1886,.T.);
#1886 = EDGE_CURVE('',#525,#1887,#1889,.T.);
#1887 = VERTEX_POINT('',#1888);
#1888 = CARTESIAN_POINT('',(450.,35.,80.));
#1889 = SEAM_CURVE('',#1890,(#1894,#1901),.PCURVE_S1.);
#1890 = LINE('',#1891,#1892);
#1891 = CARTESIAN_POINT('',(419.,35.,80.));
#1892 = VECTOR('',#1893,1.);
#1893 = DIRECTION('',(1.,0.,0.));
#1894 = PCURVE('',#545,#1895);
#1895 = DEFINITIONAL_REPRESENTATION('',(#1896),#1900);
#1896 = LINE('',#1897,#1898);
#1897 = CARTESIAN_POINT('',(-6.28318530718,0.));
#1898 = VECTOR('',#1899,1.);
#1899 = DIRECTION('',(-0.,-1.));
#1900 = ( GEOMETRIC_REPRESENTATION_CONTEXT(2) 
PARAMETRIC_REPRESENTATION_CONTEXT() REPRESENTATION_CONTEXT('2D SPACE',''
  ) );
#1901 = PCURVE('',#545,#1902);
#1902 = DEFINITIONAL_REPRESENTATION('',(#1903),#1907);
#1903 = LINE('',#1904,#1905);
#1904 = CARTESIAN_POINT('',(-0.,0.));
#1905 = VECTOR('',#1906,1.);
#1906 = DIRECTION('',(-0.,-1.));
#1907 = ( GEOMETRIC_REPRESENTATION_CONTEXT(2) 
PARAMETRIC_REPRESENTATION_CONTEXT() REPRESENTATION_CONTEXT('2D SPACE',''
  ) );
#1908 = ORIENTED_EDGE('',*,*,#1909,.T.);
#1909 = EDGE_CURVE('',#1887,#1887,#1910,.T.);
#1910 = SURFACE_CURVE('',#1911,(#1916,#1923),.PCURVE_S1.);
#1911 = CIRCLE('',#1912,35.);
#1912 = AXIS2_PLACEMENT_3D('',#1913,#1914,#1915);
#1913 = CARTESIAN_POINT('',(450.,0.,80.));
#1914 = DIRECTION('',(1.,0.,0.));
#1915 = DIRECTION('',(0.,1.,0.));
#1916 = PCURVE('',#545,#1917);
#1917 = DEFINITIONAL_REPRESENTATION('',(#1918),#1922);
#1918 = LINE('',#1919,#1920);
#1919 = CARTESIAN_POINT('',(-0.,-31.));
#1920 = VECTOR('',#1921,1.);
#1921 = DIRECTION('',(-1.,0.));
#1922 = ( GEOMETRIC_REPRESENTATION_CONTEXT(2) 
PARAMETRIC_REPRESENTATION_CONTEXT() REPRESENTATION_CONTEXT('2D SPACE',''
  ) );
#1923 = PCURVE('',#1924,#1929);
#1924 = PLANE('',#1925);
#1925 = AXIS2_PLACEMENT_3D('',#1926,#1927,#1928);
#1926 = CARTESIAN_POINT('',(450.,-2.500461956644E-15,80.));
#1927 = DIRECTION('',(1.,0.,0.));
#1928 = DIRECTION('',(-0.,0.,1.));
#1929 = DEFINITIONAL_REPRESENTATION('',(#1930),#1934);
#1930 = CIRCLE('',#1931,35.);
#1931 = AXIS2_PLACEMENT_2D('',#1932,#1933);
#1932 = CARTESIAN_POINT('',(0.,-2.500461956644E-15));
#1933 = DIRECTION('',(0.,-1.));
#1934 = ( GEOMETRIC_REPRESENTATION_CONTEXT(2) 
PARAMETRIC_REPRESENTATION_CONTEXT() REPRESENTATION_CONTEXT('2D SPACE',''
  ) );
#1935 = ORIENTED_EDGE('',*,*,#1886,.F.);
#1936 = ADVANCED_FACE('',(#1937),#605,.F.);
#1937 = FACE_BOUND('',#1938,.F.);
#1938 = EDGE_LOOP('',(#1939,#1962,#1991,#2012));
#1939 = ORIENTED_EDGE('',*,*,#1940,.F.);
#1940 = EDGE_CURVE('',#1941,#587,#1943,.T.);
#1941 = VERTEX_POINT('',#1942);
#1942 = CARTESIAN_POINT('',(465.,58.,-116.));
#1943 = SURFACE_CURVE('',#1944,(#1948,#1955),.PCURVE_S1.);
#1944 = LINE('',#1945,#1946);
#1945 = CARTESIAN_POINT('',(465.,58.,-116.));
#1946 = VECTOR('',#1947,1.);
#1947 = DIRECTION('',(1.,0.,0.));
#1948 = PCURVE('',#605,#1949);
#1949 = DEFINITIONAL_REPRESENTATION('',(#1950),#1954);
#1950 = LINE('',#1951,#1952);
#1951 = CARTESIAN_POINT('',(0.,0.));
#1952 = VECTOR('',#1953,1.);
#1953 = DIRECTION('',(0.,1.));
#1954 = ( GEOMETRIC_REPRESENTATION_CONTEXT(2) 
PARAMETRIC_REPRESENTATION_CONTEXT() REPRESENTATION_CONTEXT('2D SPACE',''
  ) );
#1955 = PCURVE('',#632,#1956);
#1956 = DEFINITIONAL_REPRESENTATION('',(#1957),#1961);
#1957 = LINE('',#1958,#1959);
#1958 = CARTESIAN_POINT('',(124.,0.));
#1959 = VECTOR('',#1960,1.);
#1960 = DIRECTION('',(0.,-1.));
#1961 = ( GEOMETRIC_REPRESENTATION_CONTEXT(2) 
PARAMETRIC_REPRESENTATION_CONTEXT() REPRESENTATION_CONTEXT('2D SPACE',''
  ) );
#1962 = ORIENTED_EDGE('',*,*,#1963,.T.);
#1963 = EDGE_CURVE('',#1941,#1964,#1966,.T.);
#1964 = VERTEX_POINT('',#1965);
#1965 = CARTESIAN_POINT('',(465.,66.,-108.));
#1966 = SURFACE_CURVE('',#1967,(#1972,#1979),.PCURVE_S1.);
#1967 = CIRCLE('',#1968,8.);
#1968 = AXIS2_PLACEMENT_3D('',#1969,#1970,#1971);
#1969 = CARTESIAN_POINT('',(465.,58.,-108.));
#1970 = DIRECTION('',(1.,0.,0.));
#1971 = DIRECTION('',(-0.,0.,1.));
#1972 = PCURVE('',#605,#1973);
#1973 = DEFINITIONAL_REPRESENTATION('',(#1974),#1978);
#1974 = LINE('',#1975,#1976);
#1975 = CARTESIAN_POINT('',(-3.14159265359,0.));
#1976 = VECTOR('',#1977,1.);
#1977 = DIRECTION('',(1.,0.));
#1978 = ( GEOMETRIC_REPRESENTATION_CONTEXT(2) 
PARAMETRIC_REPRESENTATION_CONTEXT() REPRESENTATION_CONTEXT('2D SPACE',''
  ) );
#1979 = PCURVE('',#1980,#1985);
#1980 = PLANE('',#1981);
#1981 = AXIS2_PLACEMENT_3D('',#1982,#1983,#1984);
#1982 = CARTESIAN_POINT('',(465.,0.,-77.));
#1983 = DIRECTION('',(1.,0.,0.));
#1984 = DIRECTION('',(-0.,0.,1.));
#1985 = DEFINITIONAL_REPRESENTATION('',(#1986),#1990);
#1986 = CIRCLE('',#1987,8.);
#1987 = AXIS2_PLACEMENT_2D('',#1988,#1989);
#1988 = CARTESIAN_POINT('',(-31.,-58.));
#1989 = DIRECTION('',(1.,0.));
#1990 = ( GEOMETRIC_REPRESENTATION_CONTEXT(2) 
PARAMETRIC_REPRESENTATION_CONTEXT() REPRESENTATION_CONTEXT('2D SPACE',''
  ) );
#1991 = ORIENTED_EDGE('',*,*,#1992,.T.);
#1992 = EDGE_CURVE('',#1964,#589,#1993,.T.);
#1993 = SURFACE_CURVE('',#1994,(#1998,#2005),.PCURVE_S1.);
#1994 = LINE('',#1995,#1996);
#1995 = CARTESIAN_POINT('',(465.,66.,-108.));
#1996 = VECTOR('',#1997,1.);
#1997 = DIRECTION('',(1.,0.,0.));
#1998 = PCURVE('',#605,#1999);
#1999 = DEFINITIONAL_REPRESENTATION('',(#2000),#2004);
#2000 = LINE('',#2001,#2002);
#2001 = CARTESIAN_POINT('',(1.570796326795,0.));
#2002 = VECTOR('',#2003,1.);
#2003 = DIRECTION('',(0.,1.));
#2004 = ( GEOMETRIC_REPRESENTATION_CONTEXT(2) 
PARAMETRIC_REPRESENTATION_CONTEXT() REPRESENTATION_CONTEXT('2D SPACE',''
  ) );
#2005 = PCURVE('',#795,#2006);
#2006 = DEFINITIONAL_REPRESENTATION('',(#2007),#2011);
#2007 = LINE('',#2008,#2009);
#2008 = CARTESIAN_POINT('',(8.,0.));
#2009 = VECTOR('',#2010,1.);
#2010 = DIRECTION('',(0.,-1.));
#2011 = ( GEOMETRIC_REPRESENTATION_CONTEXT(2) 
PARAMETRIC_REPRESENTATION_CONTEXT() REPRESENTATION_CONTEXT('2D SPACE',''
  ) );
#2012 = ORIENTED_EDGE('',*,*,#586,.F.);
#2013 = ADVANCED_FACE('',(#2014),#795,.T.);
#2014 = FACE_BOUND('',#2015,.T.);
#2015 = EDGE_LOOP('',(#2016,#2039,#2040,#2041));
#2016 = ORIENTED_EDGE('',*,*,#2017,.F.);
#2017 = EDGE_CURVE('',#1964,#2018,#2020,.T.);
#2018 = VERTEX_POINT('',#2019);
#2019 = CARTESIAN_POINT('',(465.,66.,-46.));
#2020 = SURFACE_CURVE('',#2021,(#2025,#2032),.PCURVE_S1.);
#2021 = LINE('',#2022,#2023);
#2022 = CARTESIAN_POINT('',(465.,66.,-116.));
#2023 = VECTOR('',#2024,1.);
#2024 = DIRECTION('',(0.,0.,1.));
#2025 = PCURVE('',#795,#2026);
#2026 = DEFINITIONAL_REPRESENTATION('',(#2027),#2031);
#2027 = LINE('',#2028,#2029);
#2028 = CARTESIAN_POINT('',(0.,0.));
#2029 = VECTOR('',#2030,1.);
#2030 = DIRECTION('',(1.,0.));
#2031 = ( GEOMETRIC_REPRESENTATION_CONTEXT(2) 
PARAMETRIC_REPRESENTATION_CONTEXT() REPRESENTATION_CONTEXT('2D SPACE',''
  ) );
#2032 = PCURVE('',#1980,#2033);
#2033 = DEFINITIONAL_REPRESENTATION('',(#2034),#2038);
#2034 = LINE('',#2035,#2036);
#2035 = CARTESIAN_POINT('',(-39.,-66.));
#2036 = VECTOR('',#2037,1.);
#2037 = DIRECTION('',(1.,0.));
#2038 = ( GEOMETRIC_REPRESENTATION_CONTEXT(2) 
PARAMETRIC_REPRESENTATION_CONTEXT() REPRESENTATION_CONTEXT('2D SPACE',''
  ) );
#2039 = ORIENTED_EDGE('',*,*,#1992,.T.);
#2040 = ORIENTED_EDGE('',*,*,#782,.F.);
#2041 = ORIENTED_EDGE('',*,*,#2042,.F.);
#2042 = EDGE_CURVE('',#2018,#754,#2043,.T.);
#2043 = SURFACE_CURVE('',#2044,(#2048,#2055),.PCURVE_S1.);
#2044 = LINE('',#2045,#2046);
#2045 = CARTESIAN_POINT('',(465.,66.,-46.));
#2046 = VECTOR('',#2047,1.);
#2047 = DIRECTION('',(1.,0.,0.));
#2048 = PCURVE('',#795,#2049);
#2049 = DEFINITIONAL_REPRESENTATION('',(#2050),#2054);
#2050 = LINE('',#2051,#2052);
#2051 = CARTESIAN_POINT('',(70.,0.));
#2052 = VECTOR('',#2053,1.);
#2053 = DIRECTION('',(0.,-1.));
#2054 = ( GEOMETRIC_REPRESENTATION_CONTEXT(2) 
PARAMETRIC_REPRESENTATION_CONTEXT() REPRESENTATION_CONTEXT('2D SPACE',''
  ) );
#2055 = PCURVE('',#770,#2056);
#2056 = DEFINITIONAL_REPRESENTATION('',(#2057),#2061);
#2057 = LINE('',#2058,#2059);
#2058 = CARTESIAN_POINT('',(0.,0.));
#2059 = VECTOR('',#2060,1.);
#2060 = DIRECTION('',(0.,1.));
#2061 = ( GEOMETRIC_REPRESENTATION_CONTEXT(2) 
PARAMETRIC_REPRESENTATION_CONTEXT() REPRESENTATION_CONTEXT('2D SPACE',''
  ) );
#2062 = ADVANCED_FACE('',(#2063),#770,.F.);
#2063 = FACE_BOUND('',#2064,.F.);
#2064 = EDGE_LOOP('',(#2065,#2066,#2090,#2111));
#2065 = ORIENTED_EDGE('',*,*,#2042,.F.);
#2066 = ORIENTED_EDGE('',*,*,#2067,.T.);
#2067 = EDGE_CURVE('',#2018,#2068,#2070,.T.);
#2068 = VERTEX_POINT('',#2069);
#2069 = CARTESIAN_POINT('',(465.,58.,-38.));
#2070 = SURFACE_CURVE('',#2071,(#2076,#2083),.PCURVE_S1.);
#2071 = CIRCLE('',#2072,8.);
#2072 = AXIS2_PLACEMENT_3D('',#2073,#2074,#2075);
#2073 = CARTESIAN_POINT('',(465.,58.,-46.));
#2074 = DIRECTION('',(1.,0.,0.));
#2075 = DIRECTION('',(-0.,0.,1.));
#2076 = PCURVE('',#770,#2077);
#2077 = DEFINITIONAL_REPRESENTATION('',(#2078),#2082);
#2078 = LINE('',#2079,#2080);
#2079 = CARTESIAN_POINT('',(-4.712388980385,0.));
#2080 = VECTOR('',#2081,1.);
#2081 = DIRECTION('',(1.,0.));
#2082 = ( GEOMETRIC_REPRESENTATION_CONTEXT(2) 
PARAMETRIC_REPRESENTATION_CONTEXT() REPRESENTATION_CONTEXT('2D SPACE',''
  ) );
#2083 = PCURVE('',#1980,#2084);
#2084 = DEFINITIONAL_REPRESENTATION('',(#2085),#2089);
#2085 = CIRCLE('',#2086,8.);
#2086 = AXIS2_PLACEMENT_2D('',#2087,#2088);
#2087 = CARTESIAN_POINT('',(31.,-58.));
#2088 = DIRECTION('',(1.,0.));
#2089 = ( GEOMETRIC_REPRESENTATION_CONTEXT(2) 
PARAMETRIC_REPRESENTATION_CONTEXT() REPRESENTATION_CONTEXT('2D SPACE',''
  ) );
#2090 = ORIENTED_EDGE('',*,*,#2091,.T.);
#2091 = EDGE_CURVE('',#2068,#728,#2092,.T.);
#2092 = SURFACE_CURVE('',#2093,(#2097,#2104),.PCURVE_S1.);
#2093 = LINE('',#2094,#2095);
#2094 = CARTESIAN_POINT('',(465.,58.,-38.));
#2095 = VECTOR('',#2096,1.);
#2096 = DIRECTION('',(1.,0.,0.));
#2097 = PCURVE('',#770,#2098);
#2098 = DEFINITIONAL_REPRESENTATION('',(#2099),#2103);
#2099 = LINE('',#2100,#2101);
#2100 = CARTESIAN_POINT('',(1.570796326795,0.));
#2101 = VECTOR('',#2102,1.);
#2102 = DIRECTION('',(0.,1.));
#2103 = ( GEOMETRIC_REPRESENTATION_CONTEXT(2) 
PARAMETRIC_REPRESENTATION_CONTEXT() REPRESENTATION_CONTEXT('2D SPACE',''
  ) );
#2104 = PCURVE('',#742,#2105);
#2105 = DEFINITIONAL_REPRESENTATION('',(#2106),#2110);
#2106 = LINE('',#2107,#2108);
#2107 = CARTESIAN_POINT('',(8.,0.));
#2108 = VECTOR('',#2109,1.);
#2109 = DIRECTION('',(0.,-1.));
#2110 = ( GEOMETRIC_REPRESENTATION_CONTEXT(2) 
PARAMETRIC_REPRESENTATION_CONTEXT() REPRESENTATION_CONTEXT('2D SPACE',''
  ) );
#2111 = ORIENTED_EDGE('',*,*,#753,.F.);
#2112 = ADVANCED_FACE('',(#2113),#742,.T.);
#2113 = FACE_BOUND('',#2114,.T.);
#2114 = EDGE_LOOP('',(#2115,#2138,#2139,#2140));
#2115 = ORIENTED_EDGE('',*,*,#2116,.F.);
#2116 = EDGE_CURVE('',#2068,#2117,#2119,.T.);
#2117 = VERTEX_POINT('',#2118);
#2118 = CARTESIAN_POINT('',(465.,-58.,-38.));
#2119 = SURFACE_CURVE('',#2120,(#2124,#2131),.PCURVE_S1.);
#2120 = LINE('',#2121,#2122);
#2121 = CARTESIAN_POINT('',(465.,66.,-38.));
#2122 = VECTOR('',#2123,1.);
#2123 = DIRECTION('',(0.,-1.,0.));
#2124 = PCURVE('',#742,#2125);
#2125 = DEFINITIONAL_REPRESENTATION('',(#2126),#2130);
#2126 = LINE('',#2127,#2128);
#2127 = CARTESIAN_POINT('',(0.,-0.));
#2128 = VECTOR('',#2129,1.);
#2129 = DIRECTION('',(1.,0.));
#2130 = ( GEOMETRIC_REPRESENTATION_CONTEXT(2) 
PARAMETRIC_REPRESENTATION_CONTEXT() REPRESENTATION_CONTEXT('2D SPACE',''
  ) );
#2131 = PCURVE('',#1980,#2132);
#2132 = DEFINITIONAL_REPRESENTATION('',(#2133),#2137);
#2133 = LINE('',#2134,#2135);
#2134 = CARTESIAN_POINT('',(39.,-66.));
#2135 = VECTOR('',#2136,1.);
#2136 = DIRECTION('',(0.,1.));
#2137 = ( GEOMETRIC_REPRESENTATION_CONTEXT(2) 
PARAMETRIC_REPRESENTATION_CONTEXT() REPRESENTATION_CONTEXT('2D SPACE',''
  ) );
#2138 = ORIENTED_EDGE('',*,*,#2091,.T.);
#2139 = ORIENTED_EDGE('',*,*,#727,.F.);
#2140 = ORIENTED_EDGE('',*,*,#2141,.F.);
#2141 = EDGE_CURVE('',#2117,#699,#2142,.T.);
#2142 = SURFACE_CURVE('',#2143,(#2147,#2154),.PCURVE_S1.);
#2143 = LINE('',#2144,#2145);
#2144 = CARTESIAN_POINT('',(465.,-58.,-38.));
#2145 = VECTOR('',#2146,1.);
#2146 = DIRECTION('',(1.,0.,0.));
#2147 = PCURVE('',#742,#2148);
#2148 = DEFINITIONAL_REPRESENTATION('',(#2149),#2153);
#2149 = LINE('',#2150,#2151);
#2150 = CARTESIAN_POINT('',(124.,0.));
#2151 = VECTOR('',#2152,1.);
#2152 = DIRECTION('',(0.,-1.));
#2153 = ( GEOMETRIC_REPRESENTATION_CONTEXT(2) 
PARAMETRIC_REPRESENTATION_CONTEXT() REPRESENTATION_CONTEXT('2D SPACE',''
  ) );
#2154 = PCURVE('',#715,#2155);
#2155 = DEFINITIONAL_REPRESENTATION('',(#2156),#2160);
#2156 = LINE('',#2157,#2158);
#2157 = CARTESIAN_POINT('',(0.,0.));
#2158 = VECTOR('',#2159,1.);
#2159 = DIRECTION('',(0.,1.));
#2160 = ( GEOMETRIC_REPRESENTATION_CONTEXT(2) 
PARAMETRIC_REPRESENTATION_CONTEXT() REPRESENTATION_CONTEXT('2D SPACE',''
  ) );
#2161 = ADVANCED_FACE('',(#2162),#715,.F.);
#2162 = FACE_BOUND('',#2163,.F.);
#2163 = EDGE_LOOP('',(#2164,#2165,#2189,#2210));
#2164 = ORIENTED_EDGE('',*,*,#2141,.F.);
#2165 = ORIENTED_EDGE('',*,*,#2166,.T.);
#2166 = EDGE_CURVE('',#2117,#2167,#2169,.T.);
#2167 = VERTEX_POINT('',#2168);
#2168 = CARTESIAN_POINT('',(465.,-66.,-46.));
#2169 = SURFACE_CURVE('',#2170,(#2175,#2182),.PCURVE_S1.);
#2170 = CIRCLE('',#2171,8.);
#2171 = AXIS2_PLACEMENT_3D('',#2172,#2173,#2174);
#2172 = CARTESIAN_POINT('',(465.,-58.,-46.));
#2173 = DIRECTION('',(1.,0.,0.));
#2174 = DIRECTION('',(-0.,0.,1.));
#2175 = PCURVE('',#715,#2176);
#2176 = DEFINITIONAL_REPRESENTATION('',(#2177),#2181);
#2177 = LINE('',#2178,#2179);
#2178 = CARTESIAN_POINT('',(0.,0.));
#2179 = VECTOR('',#2180,1.);
#2180 = DIRECTION('',(1.,0.));
#2181 = ( GEOMETRIC_REPRESENTATION_CONTEXT(2) 
PARAMETRIC_REPRESENTATION_CONTEXT() REPRESENTATION_CONTEXT('2D SPACE',''
  ) );
#2182 = PCURVE('',#1980,#2183);
#2183 = DEFINITIONAL_REPRESENTATION('',(#2184),#2188);
#2184 = CIRCLE('',#2185,8.);
#2185 = AXIS2_PLACEMENT_2D('',#2186,#2187);
#2186 = CARTESIAN_POINT('',(31.,58.));
#2187 = DIRECTION('',(1.,0.));
#2188 = ( GEOMETRIC_REPRESENTATION_CONTEXT(2) 
PARAMETRIC_REPRESENTATION_CONTEXT() REPRESENTATION_CONTEXT('2D SPACE',''
  ) );
#2189 = ORIENTED_EDGE('',*,*,#2190,.T.);
#2190 = EDGE_CURVE('',#2167,#673,#2191,.T.);
#2191 = SURFACE_CURVE('',#2192,(#2196,#2203),.PCURVE_S1.);
#2192 = LINE('',#2193,#2194);
#2193 = CARTESIAN_POINT('',(465.,-66.,-46.));
#2194 = VECTOR('',#2195,1.);
#2195 = DIRECTION('',(1.,0.,0.));
#2196 = PCURVE('',#715,#2197);
#2197 = DEFINITIONAL_REPRESENTATION('',(#2198),#2202);
#2198 = LINE('',#2199,#2200);
#2199 = CARTESIAN_POINT('',(1.570796326795,0.));
#2200 = VECTOR('',#2201,1.);
#2201 = DIRECTION('',(0.,1.));
#2202 = ( GEOMETRIC_REPRESENTATION_CONTEXT(2) 
PARAMETRIC_REPRESENTATION_CONTEXT() REPRESENTATION_CONTEXT('2D SPACE',''
  ) );
#2203 = PCURVE('',#687,#2204);
#2204 = DEFINITIONAL_REPRESENTATION('',(#2205),#2209);
#2205 = LINE('',#2206,#2207);
#2206 = CARTESIAN_POINT('',(8.,0.));
#2207 = VECTOR('',#2208,1.);
#2208 = DIRECTION('',(0.,-1.));
#2209 = ( GEOMETRIC_REPRESENTATION_CONTEXT(2) 
PARAMETRIC_REPRESENTATION_CONTEXT() REPRESENTATION_CONTEXT('2D SPACE',''
  ) );
#2210 = ORIENTED_EDGE('',*,*,#698,.F.);
#2211 = ADVANCED_FACE('',(#2212),#687,.T.);
#2212 = FACE_BOUND('',#2213,.T.);
#2213 = EDGE_LOOP('',(#2214,#2237,#2238,#2239));
#2214 = ORIENTED_EDGE('',*,*,#2215,.F.);
#2215 = EDGE_CURVE('',#2167,#2216,#2218,.T.);
#2216 = VERTEX_POINT('',#2217);
#2217 = CARTESIAN_POINT('',(465.,-66.,-108.));
#2218 = SURFACE_CURVE('',#2219,(#2223,#2230),.PCURVE_S1.);
#2219 = LINE('',#2220,#2221);
#2220 = CARTESIAN_POINT('',(465.,-66.,-38.));
#2221 = VECTOR('',#2222,1.);
#2222 = DIRECTION('',(0.,0.,-1.));
#2223 = PCURVE('',#687,#2224);
#2224 = DEFINITIONAL_REPRESENTATION('',(#2225),#2229);
#2225 = LINE('',#2226,#2227);
#2226 = CARTESIAN_POINT('',(0.,0.));
#2227 = VECTOR('',#2228,1.);
#2228 = DIRECTION('',(1.,0.));
#2229 = ( GEOMETRIC_REPRESENTATION_CONTEXT(2) 
PARAMETRIC_REPRESENTATION_CONTEXT() REPRESENTATION_CONTEXT('2D SPACE',''
  ) );
#2230 = PCURVE('',#1980,#2231);
#2231 = DEFINITIONAL_REPRESENTATION('',(#2232),#2236);
#2232 = LINE('',#2233,#2234);
#2233 = CARTESIAN_POINT('',(39.,66.));
#2234 = VECTOR('',#2235,1.);
#2235 = DIRECTION('',(-1.,0.));
#2236 = ( GEOMETRIC_REPRESENTATION_CONTEXT(2) 
PARAMETRIC_REPRESENTATION_CONTEXT() REPRESENTATION_CONTEXT('2D SPACE',''
  ) );
#2237 = ORIENTED_EDGE('',*,*,#2190,.T.);
#2238 = ORIENTED_EDGE('',*,*,#672,.F.);
#2239 = ORIENTED_EDGE('',*,*,#2240,.F.);
#2240 = EDGE_CURVE('',#2216,#644,#2241,.T.);
#2241 = SURFACE_CURVE('',#2242,(#2246,#2253),.PCURVE_S1.);
#2242 = LINE('',#2243,#2244);
#2243 = CARTESIAN_POINT('',(465.,-66.,-108.));
#2244 = VECTOR('',#2245,1.);
#2245 = DIRECTION('',(1.,0.,0.));
#2246 = PCURVE('',#687,#2247);
#2247 = DEFINITIONAL_REPRESENTATION('',(#2248),#2252);
#2248 = LINE('',#2249,#2250);
#2249 = CARTESIAN_POINT('',(70.,0.));
#2250 = VECTOR('',#2251,1.);
#2251 = DIRECTION('',(0.,-1.));
#2252 = ( GEOMETRIC_REPRESENTATION_CONTEXT(2) 
PARAMETRIC_REPRESENTATION_CONTEXT() REPRESENTATION_CONTEXT('2D SPACE',''
  ) );
#2253 = PCURVE('',#660,#2254);
#2254 = DEFINITIONAL_REPRESENTATION('',(#2255),#2259);
#2255 = LINE('',#2256,#2257);
#2256 = CARTESIAN_POINT('',(-1.570796326795,0.));
#2257 = VECTOR('',#2258,1.);
#2258 = DIRECTION('',(-0.,1.));
#2259 = ( GEOMETRIC_REPRESENTATION_CONTEXT(2) 
PARAMETRIC_REPRESENTATION_CONTEXT() REPRESENTATION_CONTEXT('2D SPACE',''
  ) );
#2260 = ADVANCED_FACE('',(#2261),#660,.F.);
#2261 = FACE_BOUND('',#2262,.T.);
#2262 = EDGE_LOOP('',(#2263,#2286,#2312,#2313));
#2263 = ORIENTED_EDGE('',*,*,#2264,.F.);
#2264 = EDGE_CURVE('',#2265,#618,#2267,.T.);
#2265 = VERTEX_POINT('',#2266);
#2266 = CARTESIAN_POINT('',(465.,-58.,-116.));
#2267 = SURFACE_CURVE('',#2268,(#2272,#2279),.PCURVE_S1.);
#2268 = LINE('',#2269,#2270);
#2269 = CARTESIAN_POINT('',(465.,-58.,-116.));
#2270 = VECTOR('',#2271,1.);
#2271 = DIRECTION('',(1.,0.,0.));
#2272 = PCURVE('',#660,#2273);
#2273 = DEFINITIONAL_REPRESENTATION('',(#2274),#2278);
#2274 = LINE('',#2275,#2276);
#2275 = CARTESIAN_POINT('',(-0.,0.));
#2276 = VECTOR('',#2277,1.);
#2277 = DIRECTION('',(-0.,1.));
#2278 = ( GEOMETRIC_REPRESENTATION_CONTEXT(2) 
PARAMETRIC_REPRESENTATION_CONTEXT() REPRESENTATION_CONTEXT('2D SPACE',''
  ) );
#2279 = PCURVE('',#632,#2280);
#2280 = DEFINITIONAL_REPRESENTATION('',(#2281),#2285);
#2281 = LINE('',#2282,#2283);
#2282 = CARTESIAN_POINT('',(8.,0.));
#2283 = VECTOR('',#2284,1.);
#2284 = DIRECTION('',(0.,-1.));
#2285 = ( GEOMETRIC_REPRESENTATION_CONTEXT(2) 
PARAMETRIC_REPRESENTATION_CONTEXT() REPRESENTATION_CONTEXT('2D SPACE',''
  ) );
#2286 = ORIENTED_EDGE('',*,*,#2287,.T.);
#2287 = EDGE_CURVE('',#2265,#2216,#2288,.T.);
#2288 = SURFACE_CURVE('',#2289,(#2294,#2301),.PCURVE_S1.);
#2289 = CIRCLE('',#2290,8.);
#2290 = AXIS2_PLACEMENT_3D('',#2291,#2292,#2293);
#2291 = CARTESIAN_POINT('',(465.,-58.,-108.));
#2292 = DIRECTION('',(-1.,0.,-0.));
#2293 = DIRECTION('',(-0.,0.,1.));
#2294 = PCURVE('',#660,#2295);
#2295 = DEFINITIONAL_REPRESENTATION('',(#2296),#2300);
#2296 = LINE('',#2297,#2298);
#2297 = CARTESIAN_POINT('',(3.14159265359,-0.));
#2298 = VECTOR('',#2299,1.);
#2299 = DIRECTION('',(-1.,0.));
#2300 = ( GEOMETRIC_REPRESENTATION_CONTEXT(2) 
PARAMETRIC_REPRESENTATION_CONTEXT() REPRESENTATION_CONTEXT('2D SPACE',''
  ) );
#2301 = PCURVE('',#1980,#2302);
#2302 = DEFINITIONAL_REPRESENTATION('',(#2303),#2311);
#2303 = ( BOUNDED_CURVE() B_SPLINE_CURVE(2,(#2304,#2305,#2306,#2307,
#2308,#2309,#2310),.UNSPECIFIED.,.T.,.F.) B_SPLINE_CURVE_WITH_KNOTS((1,2
    ,2,2,2,1),(-2.094395102393,0.,2.094395102393,4.188790204786,
6.28318530718,8.377580409573),.UNSPECIFIED.) CURVE() 
GEOMETRIC_REPRESENTATION_ITEM() RATIONAL_B_SPLINE_CURVE((1.,0.5,1.,0.5,
1.,0.5,1.)) REPRESENTATION_ITEM('') );
#2304 = CARTESIAN_POINT('',(-23.,58.));
#2305 = CARTESIAN_POINT('',(-23.,44.143593539449));
#2306 = CARTESIAN_POINT('',(-35.,51.071796769724));
#2307 = CARTESIAN_POINT('',(-47.,58.));
#2308 = CARTESIAN_POINT('',(-35.,64.928203230275));
#2309 = CARTESIAN_POINT('',(-23.,71.856406460551));
#2310 = CARTESIAN_POINT('',(-23.,58.));
#2311 = ( GEOMETRIC_REPRESENTATION_CONTEXT(2) 
PARAMETRIC_REPRESENTATION_CONTEXT() REPRESENTATION_CONTEXT('2D SPACE',''
  ) );
#2312 = ORIENTED_EDGE('',*,*,#2240,.T.);
#2313 = ORIENTED_EDGE('',*,*,#643,.T.);
#2314 = ADVANCED_FACE('',(#2315),#632,.T.);
#2315 = FACE_BOUND('',#2316,.T.);
#2316 = EDGE_LOOP('',(#2317,#2338,#2339,#2340));
#2317 = ORIENTED_EDGE('',*,*,#2318,.F.);
#2318 = EDGE_CURVE('',#2265,#1941,#2319,.T.);
#2319 = SURFACE_CURVE('',#2320,(#2324,#2331),.PCURVE_S1.);
#2320 = LINE('',#2321,#2322);
#2321 = CARTESIAN_POINT('',(465.,-66.,-116.));
#2322 = VECTOR('',#2323,1.);
#2323 = DIRECTION('',(0.,1.,0.));
#2324 = PCURVE('',#632,#2325);
#2325 = DEFINITIONAL_REPRESENTATION('',(#2326),#2330);
#2326 = LINE('',#2327,#2328);
#2327 = CARTESIAN_POINT('',(0.,0.));
#2328 = VECTOR('',#2329,1.);
#2329 = DIRECTION('',(1.,0.));
#2330 = ( GEOMETRIC_REPRESENTATION_CONTEXT(2) 
PARAMETRIC_REPRESENTATION_CONTEXT() REPRESENTATION_CONTEXT('2D SPACE',''
  ) );
#2331 = PCURVE('',#1980,#2332);
#2332 = DEFINITIONAL_REPRESENTATION('',(#2333),#2337);
#2333 = LINE('',#2334,#2335);
#2334 = CARTESIAN_POINT('',(-39.,66.));
#2335 = VECTOR('',#2336,1.);
#2336 = DIRECTION('',(0.,-1.));
#2337 = ( GEOMETRIC_REPRESENTATION_CONTEXT(2) 
PARAMETRIC_REPRESENTATION_CONTEXT() REPRESENTATION_CONTEXT('2D SPACE',''
  ) );
#2338 = ORIENTED_EDGE('',*,*,#2264,.T.);
#2339 = ORIENTED_EDGE('',*,*,#617,.F.);
#2340 = ORIENTED_EDGE('',*,*,#1940,.F.);
#2341 = ADVANCED_FACE('',(#2342),#829,.F.);
#2342 = FACE_BOUND('',#2343,.T.);
#2343 = EDGE_LOOP('',(#2344,#2368,#2389,#2390));
#2344 = ORIENTED_EDGE('',*,*,#2345,.F.);
#2345 = EDGE_CURVE('',#2346,#2346,#2348,.T.);
#2346 = VERTEX_POINT('',#2347);
#2347 = CARTESIAN_POINT('',(465.,29.25,0.));
#2348 = SURFACE_CURVE('',#2349,(#2354,#2361),.PCURVE_S1.);
#2349 = CIRCLE('',#2350,29.25);
#2350 = AXIS2_PLACEMENT_3D('',#2351,#2352,#2353);
#2351 = CARTESIAN_POINT('',(465.,0.,0.));
#2352 = DIRECTION('',(1.,0.,0.));
#2353 = DIRECTION('',(0.,1.,0.));
#2354 = PCURVE('',#829,#2355);
#2355 = DEFINITIONAL_REPRESENTATION('',(#2356),#2360);
#2356 = LINE('',#2357,#2358);
#2357 = CARTESIAN_POINT('',(-0.,0.));
#2358 = VECTOR('',#2359,1.);
#2359 = DIRECTION('',(-1.,0.));
#2360 = ( GEOMETRIC_REPRESENTATION_CONTEXT(2) 
PARAMETRIC_REPRESENTATION_CONTEXT() REPRESENTATION_CONTEXT('2D SPACE',''
  ) );
#2361 = PCURVE('',#1869,#2362);
#2362 = DEFINITIONAL_REPRESENTATION('',(#2363),#2367);
#2363 = CIRCLE('',#2364,29.25);
#2364 = AXIS2_PLACEMENT_2D('',#2365,#2366);
#2365 = CARTESIAN_POINT('',(-3.019722508745E-16,-2.244004320065E-15));
#2366 = DIRECTION('',(0.,-1.));
#2367 = ( GEOMETRIC_REPRESENTATION_CONTEXT(2) 
PARAMETRIC_REPRESENTATION_CONTEXT() REPRESENTATION_CONTEXT('2D SPACE',''
  ) );
#2368 = ORIENTED_EDGE('',*,*,#2369,.T.);
#2369 = EDGE_CURVE('',#2346,#809,#2370,.T.);
#2370 = SEAM_CURVE('',#2371,(#2375,#2382),.PCURVE_S1.);
#2371 = LINE('',#2372,#2373);
#2372 = CARTESIAN_POINT('',(465.,29.25,0.));
#2373 = VECTOR('',#2374,1.);
#2374 = DIRECTION('',(1.,0.,0.));
#2375 = PCURVE('',#829,#2376);
#2376 = DEFINITIONAL_REPRESENTATION('',(#2377),#2381);
#2377 = LINE('',#2378,#2379);
#2378 = CARTESIAN_POINT('',(-6.28318530718,0.));
#2379 = VECTOR('',#2380,1.);
#2380 = DIRECTION('',(-0.,-1.));
#2381 = ( GEOMETRIC_REPRESENTATION_CONTEXT(2) 
PARAMETRIC_REPRESENTATION_CONTEXT() REPRESENTATION_CONTEXT('2D SPACE',''
  ) );
#2382 = PCURVE('',#829,#2383);
#2383 = DEFINITIONAL_REPRESENTATION('',(#2384),#2388);
#2384 = LINE('',#2385,#2386);
#2385 = CARTESIAN_POINT('',(-0.,0.));
#2386 = VECTOR('',#2387,1.);
#2387 = DIRECTION('',(-0.,-1.));
#2388 = ( GEOMETRIC_REPRESENTATION_CONTEXT(2) 
PARAMETRIC_REPRESENTATION_CONTEXT() REPRESENTATION_CONTEXT('2D SPACE',''
  ) );
#2389 = ORIENTED_EDGE('',*,*,#808,.F.);
#2390 = ORIENTED_EDGE('',*,*,#2369,.F.);
#2391 = ADVANCED_FACE('',(#2392),#862,.F.);
#2392 = FACE_BOUND('',#2393,.F.);
#2393 = EDGE_LOOP('',(#2394,#2417,#2446,#2467));
#2394 = ORIENTED_EDGE('',*,*,#2395,.F.);
#2395 = EDGE_CURVE('',#2396,#844,#2398,.T.);
#2396 = VERTEX_POINT('',#2397);
#2397 = CARTESIAN_POINT('',(465.,58.,38.));
#2398 = SURFACE_CURVE('',#2399,(#2403,#2410),.PCURVE_S1.);
#2399 = LINE('',#2400,#2401);
#2400 = CARTESIAN_POINT('',(465.,58.,38.));
#2401 = VECTOR('',#2402,1.);
#2402 = DIRECTION('',(1.,0.,0.));
#2403 = PCURVE('',#862,#2404);
#2404 = DEFINITIONAL_REPRESENTATION('',(#2405),#2409);
#2405 = LINE('',#2406,#2407);
#2406 = CARTESIAN_POINT('',(0.,0.));
#2407 = VECTOR('',#2408,1.);
#2408 = DIRECTION('',(0.,1.));
#2409 = ( GEOMETRIC_REPRESENTATION_CONTEXT(2) 
PARAMETRIC_REPRESENTATION_CONTEXT() REPRESENTATION_CONTEXT('2D SPACE',''
  ) );
#2410 = PCURVE('',#889,#2411);
#2411 = DEFINITIONAL_REPRESENTATION('',(#2412),#2416);
#2412 = LINE('',#2413,#2414);
#2413 = CARTESIAN_POINT('',(124.,0.));
#2414 = VECTOR('',#2415,1.);
#2415 = DIRECTION('',(0.,-1.));
#2416 = ( GEOMETRIC_REPRESENTATION_CONTEXT(2) 
PARAMETRIC_REPRESENTATION_CONTEXT() REPRESENTATION_CONTEXT('2D SPACE',''
  ) );
#2417 = ORIENTED_EDGE('',*,*,#2418,.T.);
#2418 = EDGE_CURVE('',#2396,#2419,#2421,.T.);
#2419 = VERTEX_POINT('',#2420);
#2420 = CARTESIAN_POINT('',(465.,66.,46.));
#2421 = SURFACE_CURVE('',#2422,(#2427,#2434),.PCURVE_S1.);
#2422 = CIRCLE('',#2423,8.);
#2423 = AXIS2_PLACEMENT_3D('',#2424,#2425,#2426);
#2424 = CARTESIAN_POINT('',(465.,58.,46.));
#2425 = DIRECTION('',(1.,0.,0.));
#2426 = DIRECTION('',(-0.,0.,1.));
#2427 = PCURVE('',#862,#2428);
#2428 = DEFINITIONAL_REPRESENTATION('',(#2429),#2433);
#2429 = LINE('',#2430,#2431);
#2430 = CARTESIAN_POINT('',(-3.14159265359,0.));
#2431 = VECTOR('',#2432,1.);
#2432 = DIRECTION('',(1.,0.));
#2433 = ( GEOMETRIC_REPRESENTATION_CONTEXT(2) 
PARAMETRIC_REPRESENTATION_CONTEXT() REPRESENTATION_CONTEXT('2D SPACE',''
  ) );
#2434 = PCURVE('',#2435,#2440);
#2435 = PLANE('',#2436);
#2436 = AXIS2_PLACEMENT_3D('',#2437,#2438,#2439);
#2437 = CARTESIAN_POINT('',(465.,0.,77.));
#2438 = DIRECTION('',(1.,0.,0.));
#2439 = DIRECTION('',(-0.,0.,1.));
#2440 = DEFINITIONAL_REPRESENTATION('',(#2441),#2445);
#2441 = CIRCLE('',#2442,8.);
#2442 = AXIS2_PLACEMENT_2D('',#2443,#2444);
#2443 = CARTESIAN_POINT('',(-31.,-58.));
#2444 = DIRECTION('',(1.,0.));
#2445 = ( GEOMETRIC_REPRESENTATION_CONTEXT(2) 
PARAMETRIC_REPRESENTATION_CONTEXT() REPRESENTATION_CONTEXT('2D SPACE',''
  ) );
#2446 = ORIENTED_EDGE('',*,*,#2447,.T.);
#2447 = EDGE_CURVE('',#2419,#846,#2448,.T.);
#2448 = SURFACE_CURVE('',#2449,(#2453,#2460),.PCURVE_S1.);
#2449 = LINE('',#2450,#2451);
#2450 = CARTESIAN_POINT('',(465.,66.,46.));
#2451 = VECTOR('',#2452,1.);
#2452 = DIRECTION('',(1.,0.,0.));
#2453 = PCURVE('',#862,#2454);
#2454 = DEFINITIONAL_REPRESENTATION('',(#2455),#2459);
#2455 = LINE('',#2456,#2457);
#2456 = CARTESIAN_POINT('',(1.570796326795,0.));
#2457 = VECTOR('',#2458,1.);
#2458 = DIRECTION('',(0.,1.));
#2459 = ( GEOMETRIC_REPRESENTATION_CONTEXT(2) 
PARAMETRIC_REPRESENTATION_CONTEXT() REPRESENTATION_CONTEXT('2D SPACE',''
  ) );
#2460 = PCURVE('',#1052,#2461);
#2461 = DEFINITIONAL_REPRESENTATION('',(#2462),#2466);
#2462 = LINE('',#2463,#2464);
#2463 = CARTESIAN_POINT('',(8.,0.));
#2464 = VECTOR('',#2465,1.);
#2465 = DIRECTION('',(0.,-1.));
#2466 = ( GEOMETRIC_REPRESENTATION_CONTEXT(2) 
PARAMETRIC_REPRESENTATION_CONTEXT() REPRESENTATION_CONTEXT('2D SPACE',''
  ) );
#2467 = ORIENTED_EDGE('',*,*,#843,.F.);
#2468 = ADVANCED_FACE('',(#2469),#889,.T.);
#2469 = FACE_BOUND('',#2470,.T.);
#2470 = EDGE_LOOP('',(#2471,#2494,#2515,#2516));
#2471 = ORIENTED_EDGE('',*,*,#2472,.F.);
#2472 = EDGE_CURVE('',#2473,#2396,#2475,.T.);
#2473 = VERTEX_POINT('',#2474);
#2474 = CARTESIAN_POINT('',(465.,-58.,38.));
#2475 = SURFACE_CURVE('',#2476,(#2480,#2487),.PCURVE_S1.);
#2476 = LINE('',#2477,#2478);
#2477 = CARTESIAN_POINT('',(465.,-66.,38.));
#2478 = VECTOR('',#2479,1.);
#2479 = DIRECTION('',(0.,1.,0.));
#2480 = PCURVE('',#889,#2481);
#2481 = DEFINITIONAL_REPRESENTATION('',(#2482),#2486);
#2482 = LINE('',#2483,#2484);
#2483 = CARTESIAN_POINT('',(0.,0.));
#2484 = VECTOR('',#2485,1.);
#2485 = DIRECTION('',(1.,0.));
#2486 = ( GEOMETRIC_REPRESENTATION_CONTEXT(2) 
PARAMETRIC_REPRESENTATION_CONTEXT() REPRESENTATION_CONTEXT('2D SPACE',''
  ) );
#2487 = PCURVE('',#2435,#2488);
#2488 = DEFINITIONAL_REPRESENTATION('',(#2489),#2493);
#2489 = LINE('',#2490,#2491);
#2490 = CARTESIAN_POINT('',(-39.,66.));
#2491 = VECTOR('',#2492,1.);
#2492 = DIRECTION('',(0.,-1.));
#2493 = ( GEOMETRIC_REPRESENTATION_CONTEXT(2) 
PARAMETRIC_REPRESENTATION_CONTEXT() REPRESENTATION_CONTEXT('2D SPACE',''
  ) );
#2494 = ORIENTED_EDGE('',*,*,#2495,.T.);
#2495 = EDGE_CURVE('',#2473,#875,#2496,.T.);
#2496 = SURFACE_CURVE('',#2497,(#2501,#2508),.PCURVE_S1.);
#2497 = LINE('',#2498,#2499);
#2498 = CARTESIAN_POINT('',(465.,-58.,38.));
#2499 = VECTOR('',#2500,1.);
#2500 = DIRECTION('',(1.,0.,0.));
#2501 = PCURVE('',#889,#2502);
#2502 = DEFINITIONAL_REPRESENTATION('',(#2503),#2507);
#2503 = LINE('',#2504,#2505);
#2504 = CARTESIAN_POINT('',(8.,0.));
#2505 = VECTOR('',#2506,1.);
#2506 = DIRECTION('',(0.,-1.));
#2507 = ( GEOMETRIC_REPRESENTATION_CONTEXT(2) 
PARAMETRIC_REPRESENTATION_CONTEXT() REPRESENTATION_CONTEXT('2D SPACE',''
  ) );
#2508 = PCURVE('',#917,#2509);
#2509 = DEFINITIONAL_REPRESENTATION('',(#2510),#2514);
#2510 = LINE('',#2511,#2512);
#2511 = CARTESIAN_POINT('',(-0.,0.));
#2512 = VECTOR('',#2513,1.);
#2513 = DIRECTION('',(-0.,1.));
#2514 = ( GEOMETRIC_REPRESENTATION_CONTEXT(2) 
PARAMETRIC_REPRESENTATION_CONTEXT() REPRESENTATION_CONTEXT('2D SPACE',''
  ) );
#2515 = ORIENTED_EDGE('',*,*,#874,.F.);
#2516 = ORIENTED_EDGE('',*,*,#2395,.F.);
#2517 = ADVANCED_FACE('',(#2518),#1052,.T.);
#2518 = FACE_BOUND('',#2519,.T.);
#2519 = EDGE_LOOP('',(#2520,#2543,#2544,#2545));
#2520 = ORIENTED_EDGE('',*,*,#2521,.F.);
#2521 = EDGE_CURVE('',#2419,#2522,#2524,.T.);
#2522 = VERTEX_POINT('',#2523);
#2523 = CARTESIAN_POINT('',(465.,66.,108.));
#2524 = SURFACE_CURVE('',#2525,(#2529,#2536),.PCURVE_S1.);
#2525 = LINE('',#2526,#2527);
#2526 = CARTESIAN_POINT('',(465.,66.,38.));
#2527 = VECTOR('',#2528,1.);
#2528 = DIRECTION('',(0.,0.,1.));
#2529 = PCURVE('',#1052,#2530);
#2530 = DEFINITIONAL_REPRESENTATION('',(#2531),#2535);
#2531 = LINE('',#2532,#2533);
#2532 = CARTESIAN_POINT('',(0.,0.));
#2533 = VECTOR('',#2534,1.);
#2534 = DIRECTION('',(1.,0.));
#2535 = ( GEOMETRIC_REPRESENTATION_CONTEXT(2) 
PARAMETRIC_REPRESENTATION_CONTEXT() REPRESENTATION_CONTEXT('2D SPACE',''
  ) );
#2536 = PCURVE('',#2435,#2537);
#2537 = DEFINITIONAL_REPRESENTATION('',(#2538),#2542);
#2538 = LINE('',#2539,#2540);
#2539 = CARTESIAN_POINT('',(-39.,-66.));
#2540 = VECTOR('',#2541,1.);
#2541 = DIRECTION('',(1.,0.));
#2542 = ( GEOMETRIC_REPRESENTATION_CONTEXT(2) 
PARAMETRIC_REPRESENTATION_CONTEXT() REPRESENTATION_CONTEXT('2D SPACE',''
  ) );
#2543 = ORIENTED_EDGE('',*,*,#2447,.T.);
#2544 = ORIENTED_EDGE('',*,*,#1039,.F.);
#2545 = ORIENTED_EDGE('',*,*,#2546,.F.);
#2546 = EDGE_CURVE('',#2522,#1011,#2547,.T.);
#2547 = SURFACE_CURVE('',#2548,(#2552,#2559),.PCURVE_S1.);
#2548 = LINE('',#2549,#2550);
#2549 = CARTESIAN_POINT('',(465.,66.,108.));
#2550 = VECTOR('',#2551,1.);
#2551 = DIRECTION('',(1.,0.,0.));
#2552 = PCURVE('',#1052,#2553);
#2553 = DEFINITIONAL_REPRESENTATION('',(#2554),#2558);
#2554 = LINE('',#2555,#2556);
#2555 = CARTESIAN_POINT('',(70.,0.));
#2556 = VECTOR('',#2557,1.);
#2557 = DIRECTION('',(0.,-1.));
#2558 = ( GEOMETRIC_REPRESENTATION_CONTEXT(2) 
PARAMETRIC_REPRESENTATION_CONTEXT() REPRESENTATION_CONTEXT('2D SPACE',''
  ) );
#2559 = PCURVE('',#1027,#2560);
#2560 = DEFINITIONAL_REPRESENTATION('',(#2561),#2565);
#2561 = LINE('',#2562,#2563);
#2562 = CARTESIAN_POINT('',(0.,0.));
#2563 = VECTOR('',#2564,1.);
#2564 = DIRECTION('',(0.,1.));
#2565 = ( GEOMETRIC_REPRESENTATION_CONTEXT(2) 
PARAMETRIC_REPRESENTATION_CONTEXT() REPRESENTATION_CONTEXT('2D SPACE',''
  ) );
#2566 = ADVANCED_FACE('',(#2567),#917,.F.);
#2567 = FACE_BOUND('',#2568,.T.);
#2568 = EDGE_LOOP('',(#2569,#2570,#2598,#2619));
#2569 = ORIENTED_EDGE('',*,*,#2495,.F.);
#2570 = ORIENTED_EDGE('',*,*,#2571,.T.);
#2571 = EDGE_CURVE('',#2473,#2572,#2574,.T.);
#2572 = VERTEX_POINT('',#2573);
#2573 = CARTESIAN_POINT('',(465.,-66.,46.));
#2574 = SURFACE_CURVE('',#2575,(#2580,#2587),.PCURVE_S1.);
#2575 = CIRCLE('',#2576,8.);
#2576 = AXIS2_PLACEMENT_3D('',#2577,#2578,#2579);
#2577 = CARTESIAN_POINT('',(465.,-58.,46.));
#2578 = DIRECTION('',(-1.,0.,-0.));
#2579 = DIRECTION('',(-0.,0.,1.));
#2580 = PCURVE('',#917,#2581);
#2581 = DEFINITIONAL_REPRESENTATION('',(#2582),#2586);
#2582 = LINE('',#2583,#2584);
#2583 = CARTESIAN_POINT('',(3.14159265359,-0.));
#2584 = VECTOR('',#2585,1.);
#2585 = DIRECTION('',(-1.,0.));
#2586 = ( GEOMETRIC_REPRESENTATION_CONTEXT(2) 
PARAMETRIC_REPRESENTATION_CONTEXT() REPRESENTATION_CONTEXT('2D SPACE',''
  ) );
#2587 = PCURVE('',#2435,#2588);
#2588 = DEFINITIONAL_REPRESENTATION('',(#2589),#2597);
#2589 = ( BOUNDED_CURVE() B_SPLINE_CURVE(2,(#2590,#2591,#2592,#2593,
#2594,#2595,#2596),.UNSPECIFIED.,.T.,.F.) B_SPLINE_CURVE_WITH_KNOTS((1,2
    ,2,2,2,1),(-2.094395102393,0.,2.094395102393,4.188790204786,
6.28318530718,8.377580409573),.UNSPECIFIED.) CURVE() 
GEOMETRIC_REPRESENTATION_ITEM() RATIONAL_B_SPLINE_CURVE((1.,0.5,1.,0.5,
1.,0.5,1.)) REPRESENTATION_ITEM('') );
#2590 = CARTESIAN_POINT('',(-23.,58.));
#2591 = CARTESIAN_POINT('',(-23.,44.143593539449));
#2592 = CARTESIAN_POINT('',(-35.,51.071796769724));
#2593 = CARTESIAN_POINT('',(-47.,58.));
#2594 = CARTESIAN_POINT('',(-35.,64.928203230275));
#2595 = CARTESIAN_POINT('',(-23.,71.856406460551));
#2596 = CARTESIAN_POINT('',(-23.,58.));
#2597 = ( GEOMETRIC_REPRESENTATION_CONTEXT(2) 
PARAMETRIC_REPRESENTATION_CONTEXT() REPRESENTATION_CONTEXT('2D SPACE',''
  ) );
#2598 = ORIENTED_EDGE('',*,*,#2599,.T.);
#2599 = EDGE_CURVE('',#2572,#901,#2600,.T.);
#2600 = SURFACE_CURVE('',#2601,(#2605,#2612),.PCURVE_S1.);
#2601 = LINE('',#2602,#2603);
#2602 = CARTESIAN_POINT('',(465.,-66.,46.));
#2603 = VECTOR('',#2604,1.);
#2604 = DIRECTION('',(1.,0.,0.));
#2605 = PCURVE('',#917,#2606);
#2606 = DEFINITIONAL_REPRESENTATION('',(#2607),#2611);
#2607 = LINE('',#2608,#2609);
#2608 = CARTESIAN_POINT('',(-1.570796326795,0.));
#2609 = VECTOR('',#2610,1.);
#2610 = DIRECTION('',(-0.,1.));
#2611 = ( GEOMETRIC_REPRESENTATION_CONTEXT(2) 
PARAMETRIC_REPRESENTATION_CONTEXT() REPRESENTATION_CONTEXT('2D SPACE',''
  ) );
#2612 = PCURVE('',#944,#2613);
#2613 = DEFINITIONAL_REPRESENTATION('',(#2614),#2618);
#2614 = LINE('',#2615,#2616);
#2615 = CARTESIAN_POINT('',(70.,0.));
#2616 = VECTOR('',#2617,1.);
#2617 = DIRECTION('',(0.,-1.));
#2618 = ( GEOMETRIC_REPRESENTATION_CONTEXT(2) 
PARAMETRIC_REPRESENTATION_CONTEXT() REPRESENTATION_CONTEXT('2D SPACE',''
  ) );
#2619 = ORIENTED_EDGE('',*,*,#900,.T.);
#2620 = ADVANCED_FACE('',(#2621),#1027,.F.);
#2621 = FACE_BOUND('',#2622,.F.);
#2622 = EDGE_LOOP('',(#2623,#2624,#2648,#2669));
#2623 = ORIENTED_EDGE('',*,*,#2546,.F.);
#2624 = ORIENTED_EDGE('',*,*,#2625,.T.);
#2625 = EDGE_CURVE('',#2522,#2626,#2628,.T.);
#2626 = VERTEX_POINT('',#2627);
#2627 = CARTESIAN_POINT('',(465.,58.,116.));
#2628 = SURFACE_CURVE('',#2629,(#2634,#2641),.PCURVE_S1.);
#2629 = CIRCLE('',#2630,8.);
#2630 = AXIS2_PLACEMENT_3D('',#2631,#2632,#2633);
#2631 = CARTESIAN_POINT('',(465.,58.,108.));
#2632 = DIRECTION('',(1.,0.,0.));
#2633 = DIRECTION('',(-0.,0.,1.));
#2634 = PCURVE('',#1027,#2635);
#2635 = DEFINITIONAL_REPRESENTATION('',(#2636),#2640);
#2636 = LINE('',#2637,#2638);
#2637 = CARTESIAN_POINT('',(-4.712388980385,0.));
#2638 = VECTOR('',#2639,1.);
#2639 = DIRECTION('',(1.,0.));
#2640 = ( GEOMETRIC_REPRESENTATION_CONTEXT(2) 
PARAMETRIC_REPRESENTATION_CONTEXT() REPRESENTATION_CONTEXT('2D SPACE',''
  ) );
#2641 = PCURVE('',#2435,#2642);
#2642 = DEFINITIONAL_REPRESENTATION('',(#2643),#2647);
#2643 = CIRCLE('',#2644,8.);
#2644 = AXIS2_PLACEMENT_2D('',#2645,#2646);
#2645 = CARTESIAN_POINT('',(31.,-58.));
#2646 = DIRECTION('',(1.,0.));
#2647 = ( GEOMETRIC_REPRESENTATION_CONTEXT(2) 
PARAMETRIC_REPRESENTATION_CONTEXT() REPRESENTATION_CONTEXT('2D SPACE',''
  ) );
#2648 = ORIENTED_EDGE('',*,*,#2649,.T.);
#2649 = EDGE_CURVE('',#2626,#985,#2650,.T.);
#2650 = SURFACE_CURVE('',#2651,(#2655,#2662),.PCURVE_S1.);
#2651 = LINE('',#2652,#2653);
#2652 = CARTESIAN_POINT('',(465.,58.,116.));
#2653 = VECTOR('',#2654,1.);
#2654 = DIRECTION('',(1.,0.,0.));
#2655 = PCURVE('',#1027,#2656);
#2656 = DEFINITIONAL_REPRESENTATION('',(#2657),#2661);
#2657 = LINE('',#2658,#2659);
#2658 = CARTESIAN_POINT('',(1.570796326795,0.));
#2659 = VECTOR('',#2660,1.);
#2660 = DIRECTION('',(0.,1.));
#2661 = ( GEOMETRIC_REPRESENTATION_CONTEXT(2) 
PARAMETRIC_REPRESENTATION_CONTEXT() REPRESENTATION_CONTEXT('2D SPACE',''
  ) );
#2662 = PCURVE('',#999,#2663);
#2663 = DEFINITIONAL_REPRESENTATION('',(#2664),#2668);
#2664 = LINE('',#2665,#2666);
#2665 = CARTESIAN_POINT('',(8.,0.));
#2666 = VECTOR('',#2667,1.);
#2667 = DIRECTION('',(0.,-1.));
#2668 = ( GEOMETRIC_REPRESENTATION_CONTEXT(2) 
PARAMETRIC_REPRESENTATION_CONTEXT() REPRESENTATION_CONTEXT('2D SPACE',''
  ) );
#2669 = ORIENTED_EDGE('',*,*,#1010,.F.);
#2670 = ADVANCED_FACE('',(#2671),#944,.T.);
#2671 = FACE_BOUND('',#2672,.T.);
#2672 = EDGE_LOOP('',(#2673,#2696,#2717,#2718));
#2673 = ORIENTED_EDGE('',*,*,#2674,.F.);
#2674 = EDGE_CURVE('',#2675,#2572,#2677,.T.);
#2675 = VERTEX_POINT('',#2676);
#2676 = CARTESIAN_POINT('',(465.,-66.,108.));
#2677 = SURFACE_CURVE('',#2678,(#2682,#2689),.PCURVE_S1.);
#2678 = LINE('',#2679,#2680);
#2679 = CARTESIAN_POINT('',(465.,-66.,116.));
#2680 = VECTOR('',#2681,1.);
#2681 = DIRECTION('',(0.,0.,-1.));
#2682 = PCURVE('',#944,#2683);
#2683 = DEFINITIONAL_REPRESENTATION('',(#2684),#2688);
#2684 = LINE('',#2685,#2686);
#2685 = CARTESIAN_POINT('',(0.,0.));
#2686 = VECTOR('',#2687,1.);
#2687 = DIRECTION('',(1.,0.));
#2688 = ( GEOMETRIC_REPRESENTATION_CONTEXT(2) 
PARAMETRIC_REPRESENTATION_CONTEXT() REPRESENTATION_CONTEXT('2D SPACE',''
  ) );
#2689 = PCURVE('',#2435,#2690);
#2690 = DEFINITIONAL_REPRESENTATION('',(#2691),#2695);
#2691 = LINE('',#2692,#2693);
#2692 = CARTESIAN_POINT('',(39.,66.));
#2693 = VECTOR('',#2694,1.);
#2694 = DIRECTION('',(-1.,0.));
#2695 = ( GEOMETRIC_REPRESENTATION_CONTEXT(2) 
PARAMETRIC_REPRESENTATION_CONTEXT() REPRESENTATION_CONTEXT('2D SPACE',''
  ) );
#2696 = ORIENTED_EDGE('',*,*,#2697,.T.);
#2697 = EDGE_CURVE('',#2675,#930,#2698,.T.);
#2698 = SURFACE_CURVE('',#2699,(#2703,#2710),.PCURVE_S1.);
#2699 = LINE('',#2700,#2701);
#2700 = CARTESIAN_POINT('',(465.,-66.,108.));
#2701 = VECTOR('',#2702,1.);
#2702 = DIRECTION('',(1.,0.,0.));
#2703 = PCURVE('',#944,#2704);
#2704 = DEFINITIONAL_REPRESENTATION('',(#2705),#2709);
#2705 = LINE('',#2706,#2707);
#2706 = CARTESIAN_POINT('',(8.,0.));
#2707 = VECTOR('',#2708,1.);
#2708 = DIRECTION('',(0.,-1.));
#2709 = ( GEOMETRIC_REPRESENTATION_CONTEXT(2) 
PARAMETRIC_REPRESENTATION_CONTEXT() REPRESENTATION_CONTEXT('2D SPACE',''
  ) );
#2710 = PCURVE('',#972,#2711);
#2711 = DEFINITIONAL_REPRESENTATION('',(#2712),#2716);
#2712 = LINE('',#2713,#2714);
#2713 = CARTESIAN_POINT('',(1.570796326795,0.));
#2714 = VECTOR('',#2715,1.);
#2715 = DIRECTION('',(0.,1.));
#2716 = ( GEOMETRIC_REPRESENTATION_CONTEXT(2) 
PARAMETRIC_REPRESENTATION_CONTEXT() REPRESENTATION_CONTEXT('2D SPACE',''
  ) );
#2717 = ORIENTED_EDGE('',*,*,#929,.F.);
#2718 = ORIENTED_EDGE('',*,*,#2599,.F.);
#2719 = ADVANCED_FACE('',(#2720),#999,.T.);
#2720 = FACE_BOUND('',#2721,.T.);
#2721 = EDGE_LOOP('',(#2722,#2745,#2746,#2747));
#2722 = ORIENTED_EDGE('',*,*,#2723,.F.);
#2723 = EDGE_CURVE('',#2626,#2724,#2726,.T.);
#2724 = VERTEX_POINT('',#2725);
#2725 = CARTESIAN_POINT('',(465.,-58.,116.));
#2726 = SURFACE_CURVE('',#2727,(#2731,#2738),.PCURVE_S1.);
#2727 = LINE('',#2728,#2729);
#2728 = CARTESIAN_POINT('',(465.,66.,116.));
#2729 = VECTOR('',#2730,1.);
#2730 = DIRECTION('',(0.,-1.,0.));
#2731 = PCURVE('',#999,#2732);
#2732 = DEFINITIONAL_REPRESENTATION('',(#2733),#2737);
#2733 = LINE('',#2734,#2735);
#2734 = CARTESIAN_POINT('',(0.,-0.));
#2735 = VECTOR('',#2736,1.);
#2736 = DIRECTION('',(1.,0.));
#2737 = ( GEOMETRIC_REPRESENTATION_CONTEXT(2) 
PARAMETRIC_REPRESENTATION_CONTEXT() REPRESENTATION_CONTEXT('2D SPACE',''
  ) );
#2738 = PCURVE('',#2435,#2739);
#2739 = DEFINITIONAL_REPRESENTATION('',(#2740),#2744);
#2740 = LINE('',#2741,#2742);
#2741 = CARTESIAN_POINT('',(39.,-66.));
#2742 = VECTOR('',#2743,1.);
#2743 = DIRECTION('',(0.,1.));
#2744 = ( GEOMETRIC_REPRESENTATION_CONTEXT(2) 
PARAMETRIC_REPRESENTATION_CONTEXT() REPRESENTATION_CONTEXT('2D SPACE',''
  ) );
#2745 = ORIENTED_EDGE('',*,*,#2649,.T.);
#2746 = ORIENTED_EDGE('',*,*,#984,.F.);
#2747 = ORIENTED_EDGE('',*,*,#2748,.F.);
#2748 = EDGE_CURVE('',#2724,#956,#2749,.T.);
#2749 = SURFACE_CURVE('',#2750,(#2754,#2761),.PCURVE_S1.);
#2750 = LINE('',#2751,#2752);
#2751 = CARTESIAN_POINT('',(465.,-58.,116.));
#2752 = VECTOR('',#2753,1.);
#2753 = DIRECTION('',(1.,0.,0.));
#2754 = PCURVE('',#999,#2755);
#2755 = DEFINITIONAL_REPRESENTATION('',(#2756),#2760);
#2756 = LINE('',#2757,#2758);
#2757 = CARTESIAN_POINT('',(124.,0.));
#2758 = VECTOR('',#2759,1.);
#2759 = DIRECTION('',(0.,-1.));
#2760 = ( GEOMETRIC_REPRESENTATION_CONTEXT(2) 
PARAMETRIC_REPRESENTATION_CONTEXT() REPRESENTATION_CONTEXT('2D SPACE',''
  ) );
#2761 = PCURVE('',#972,#2762);
#2762 = DEFINITIONAL_REPRESENTATION('',(#2763),#2767);
#2763 = LINE('',#2764,#2765);
#2764 = CARTESIAN_POINT('',(0.,0.));
#2765 = VECTOR('',#2766,1.);
#2766 = DIRECTION('',(0.,1.));
#2767 = ( GEOMETRIC_REPRESENTATION_CONTEXT(2) 
PARAMETRIC_REPRESENTATION_CONTEXT() REPRESENTATION_CONTEXT('2D SPACE',''
  ) );
#2768 = ADVANCED_FACE('',(#2769),#972,.F.);
#2769 = FACE_BOUND('',#2770,.F.);
#2770 = EDGE_LOOP('',(#2771,#2772,#2794,#2795));
#2771 = ORIENTED_EDGE('',*,*,#2748,.F.);
#2772 = ORIENTED_EDGE('',*,*,#2773,.T.);
#2773 = EDGE_CURVE('',#2724,#2675,#2774,.T.);
#2774 = SURFACE_CURVE('',#2775,(#2780,#2787),.PCURVE_S1.);
#2775 = CIRCLE('',#2776,8.);
#2776 = AXIS2_PLACEMENT_3D('',#2777,#2778,#2779);
#2777 = CARTESIAN_POINT('',(465.,-58.,108.));
#2778 = DIRECTION('',(1.,0.,0.));
#2779 = DIRECTION('',(-0.,0.,1.));
#2780 = PCURVE('',#972,#2781);
#2781 = DEFINITIONAL_REPRESENTATION('',(#2782),#2786);
#2782 = LINE('',#2783,#2784);
#2783 = CARTESIAN_POINT('',(0.,0.));
#2784 = VECTOR('',#2785,1.);
#2785 = DIRECTION('',(1.,0.));
#2786 = ( GEOMETRIC_REPRESENTATION_CONTEXT(2) 
PARAMETRIC_REPRESENTATION_CONTEXT() REPRESENTATION_CONTEXT('2D SPACE',''
  ) );
#2787 = PCURVE('',#2435,#2788);
#2788 = DEFINITIONAL_REPRESENTATION('',(#2789),#2793);
#2789 = CIRCLE('',#2790,8.);
#2790 = AXIS2_PLACEMENT_2D('',#2791,#2792);
#2791 = CARTESIAN_POINT('',(31.,58.));
#2792 = DIRECTION('',(1.,0.));
#2793 = ( GEOMETRIC_REPRESENTATION_CONTEXT(2) 
PARAMETRIC_REPRESENTATION_CONTEXT() REPRESENTATION_CONTEXT('2D SPACE',''
  ) );
#2794 = ORIENTED_EDGE('',*,*,#2697,.T.);
#2795 = ORIENTED_EDGE('',*,*,#955,.F.);
#2796 = ADVANCED_FACE('',(#2797,#3094),#1123,.F.);
#2797 = FACE_BOUND('',#2798,.T.);
#2798 = EDGE_LOOP('',(#2799,#2830,#2851,#2874,#2903,#2924,#2952,#2953,
    #2954,#2955,#2976,#2998,#2999,#3000,#3024,#3043,#3044,#3045,#3075));
#2799 = ORIENTED_EDGE('',*,*,#2800,.F.);
#2800 = EDGE_CURVE('',#2801,#2803,#2805,.T.);
#2801 = VERTEX_POINT('',#2802);
#2802 = CARTESIAN_POINT('',(483.,70.,-110.));
#2803 = VERTEX_POINT('',#2804);
#2804 = CARTESIAN_POINT('',(481.,72.828427124746,-110.));
#2805 = SURFACE_CURVE('',#2806,(#2811,#2818),.PCURVE_S1.);
#2806 = CIRCLE('',#2807,3.);
#2807 = AXIS2_PLACEMENT_3D('',#2808,#2809,#2810);
#2808 = CARTESIAN_POINT('',(480.,70.,-110.));
#2809 = DIRECTION('',(0.,0.,1.));
#2810 = DIRECTION('',(1.,0.,0.));
#2811 = PCURVE('',#1123,#2812);
#2812 = DEFINITIONAL_REPRESENTATION('',(#2813),#2817);
#2813 = LINE('',#2814,#2815);
#2814 = CARTESIAN_POINT('',(-0.,0.));
#2815 = VECTOR('',#2816,1.);
#2816 = DIRECTION('',(-1.,0.));
#2817 = ( GEOMETRIC_REPRESENTATION_CONTEXT(2) 
PARAMETRIC_REPRESENTATION_CONTEXT() REPRESENTATION_CONTEXT('2D SPACE',''
  ) );
#2818 = PCURVE('',#2819,#2824);
#2819 = PLANE('',#2820);
#2820 = AXIS2_PLACEMENT_3D('',#2821,#2822,#2823);
#2821 = CARTESIAN_POINT('',(480.,70.,-110.));
#2822 = DIRECTION('',(0.,0.,1.));
#2823 = DIRECTION('',(1.,0.,-0.));
#2824 = DEFINITIONAL_REPRESENTATION('',(#2825),#2829);
#2825 = CIRCLE('',#2826,3.);
#2826 = AXIS2_PLACEMENT_2D('',#2827,#2828);
#2827 = CARTESIAN_POINT('',(0.,0.));
#2828 = DIRECTION('',(1.,0.));
#2829 = ( GEOMETRIC_REPRESENTATION_CONTEXT(2) 
PARAMETRIC_REPRESENTATION_CONTEXT() REPRESENTATION_CONTEXT('2D SPACE',''
  ) );
#2830 = ORIENTED_EDGE('',*,*,#2831,.T.);
#2831 = EDGE_CURVE('',#2801,#1074,#2832,.T.);
#2832 = SEAM_CURVE('',#2833,(#2837,#2844),.PCURVE_S1.);
#2833 = LINE('',#2834,#2835);
#2834 = CARTESIAN_POINT('',(483.,70.,-110.));
#2835 = VECTOR('',#2836,1.);
#2836 = DIRECTION('',(0.,0.,1.));
#2837 = PCURVE('',#1123,#2838);
#2838 = DEFINITIONAL_REPRESENTATION('',(#2839),#2843);
#2839 = LINE('',#2840,#2841);
#2840 = CARTESIAN_POINT('',(-6.28318530718,0.));
#2841 = VECTOR('',#2842,1.);
#2842 = DIRECTION('',(-0.,-1.));
#2843 = ( GEOMETRIC_REPRESENTATION_CONTEXT(2) 
PARAMETRIC_REPRESENTATION_CONTEXT() REPRESENTATION_CONTEXT('2D SPACE',''
  ) );
#2844 = PCURVE('',#1123,#2845);
#2845 = DEFINITIONAL_REPRESENTATION('',(#2846),#2850);
#2846 = LINE('',#2847,#2848);
#2847 = CARTESIAN_POINT('',(-0.,0.));
#2848 = VECTOR('',#2849,1.);
#2849 = DIRECTION('',(-0.,-1.));
#2850 = ( GEOMETRIC_REPRESENTATION_CONTEXT(2) 
PARAMETRIC_REPRESENTATION_CONTEXT() REPRESENTATION_CONTEXT('2D SPACE',''
  ) );
#2851 = ORIENTED_EDGE('',*,*,#2852,.T.);
#2852 = EDGE_CURVE('',#1074,#2853,#2855,.T.);
#2853 = VERTEX_POINT('',#2854);
#2854 = CARTESIAN_POINT('',(483.,70.,110.));
#2855 = SEAM_CURVE('',#2856,(#2860,#2867),.PCURVE_S1.);
#2856 = LINE('',#2857,#2858);
#2857 = CARTESIAN_POINT('',(483.,70.,-110.));
#2858 = VECTOR('',#2859,1.);
#2859 = DIRECTION('',(0.,0.,1.));
#2860 = PCURVE('',#1123,#2861);
#2861 = DEFINITIONAL_REPRESENTATION('',(#2862),#2866);
#2862 = LINE('',#2863,#2864);
#2863 = CARTESIAN_POINT('',(-6.28318530718,0.));
#2864 = VECTOR('',#2865,1.);
#2865 = DIRECTION('',(-0.,-1.));
#2866 = ( GEOMETRIC_REPRESENTATION_CONTEXT(2) 
PARAMETRIC_REPRESENTATION_CONTEXT() REPRESENTATION_CONTEXT('2D SPACE',''
  ) );
#2867 = PCURVE('',#1123,#2868);
#2868 = DEFINITIONAL_REPRESENTATION('',(#2869),#2873);
#2869 = LINE('',#2870,#2871);
#2870 = CARTESIAN_POINT('',(-0.,0.));
#2871 = VECTOR('',#2872,1.);
#2872 = DIRECTION('',(-0.,-1.));
#2873 = ( GEOMETRIC_REPRESENTATION_CONTEXT(2) 
PARAMETRIC_REPRESENTATION_CONTEXT() REPRESENTATION_CONTEXT('2D SPACE',''
  ) );
#2874 = ORIENTED_EDGE('',*,*,#2875,.T.);
#2875 = EDGE_CURVE('',#2853,#2876,#2878,.T.);
#2876 = VERTEX_POINT('',#2877);
#2877 = CARTESIAN_POINT('',(481.,72.828427124746,110.));
#2878 = SURFACE_CURVE('',#2879,(#2884,#2891),.PCURVE_S1.);
#2879 = CIRCLE('',#2880,3.);
#2880 = AXIS2_PLACEMENT_3D('',#2881,#2882,#2883);
#2881 = CARTESIAN_POINT('',(480.,70.,110.));
#2882 = DIRECTION('',(0.,0.,1.));
#2883 = DIRECTION('',(1.,0.,0.));
#2884 = PCURVE('',#1123,#2885);
#2885 = DEFINITIONAL_REPRESENTATION('',(#2886),#2890);
#2886 = LINE('',#2887,#2888);
#2887 = CARTESIAN_POINT('',(-0.,-220.));
#2888 = VECTOR('',#2889,1.);
#2889 = DIRECTION('',(-1.,0.));
#2890 = ( GEOMETRIC_REPRESENTATION_CONTEXT(2) 
PARAMETRIC_REPRESENTATION_CONTEXT() REPRESENTATION_CONTEXT('2D SPACE',''
  ) );
#2891 = PCURVE('',#2892,#2897);
#2892 = PLANE('',#2893);
#2893 = AXIS2_PLACEMENT_3D('',#2894,#2895,#2896);
#2894 = CARTESIAN_POINT('',(480.,70.,110.));
#2895 = DIRECTION('',(0.,0.,1.));
#2896 = DIRECTION('',(1.,0.,-0.));
#2897 = DEFINITIONAL_REPRESENTATION('',(#2898),#2902);
#2898 = CIRCLE('',#2899,3.);
#2899 = AXIS2_PLACEMENT_2D('',#2900,#2901);
#2900 = CARTESIAN_POINT('',(0.,0.));
#2901 = DIRECTION('',(1.,0.));
#2902 = ( GEOMETRIC_REPRESENTATION_CONTEXT(2) 
PARAMETRIC_REPRESENTATION_CONTEXT() REPRESENTATION_CONTEXT('2D SPACE',''
  ) );
#2903 = ORIENTED_EDGE('',*,*,#2904,.T.);
#2904 = EDGE_CURVE('',#2876,#2905,#2907,.T.);
#2905 = VERTEX_POINT('',#2906);
#2906 = CARTESIAN_POINT('',(481.,72.828427124746,109.));
#2907 = SURFACE_CURVE('',#2908,(#2912,#2918),.PCURVE_S1.);
#2908 = LINE('',#2909,#2910);
#2909 = CARTESIAN_POINT('',(481.,72.828427124746,-110.));
#2910 = VECTOR('',#2911,1.);
#2911 = DIRECTION('',(-0.,-0.,-1.));
#2912 = PCURVE('',#1123,#2913);
#2913 = DEFINITIONAL_REPRESENTATION('',(#2914),#2917);
#2914 = B_SPLINE_CURVE_WITH_KNOTS('',1,(#2915,#2916),.UNSPECIFIED.,.F.,
  .F.,(2,2),(-220.0000006,-216.4),.PIECEWISE_BEZIER_KNOTS.);
#2915 = CARTESIAN_POINT('',(-1.230959417341,-220.0000006));
#2916 = CARTESIAN_POINT('',(-1.230959417341,-216.4));
#2917 = ( GEOMETRIC_REPRESENTATION_CONTEXT(2) 
PARAMETRIC_REPRESENTATION_CONTEXT() REPRESENTATION_CONTEXT('2D SPACE',''
  ) );
#2918 = PCURVE('',#1658,#2919);
#2919 = DEFINITIONAL_REPRESENTATION('',(#2920),#2923);
#2920 = B_SPLINE_CURVE_WITH_KNOTS('',1,(#2921,#2922),.UNSPECIFIED.,.F.,
  .F.,(2,2),(-220.0000006,-216.4),.PIECEWISE_BEZIER_KNOTS.);
#2921 = CARTESIAN_POINT('',(5.999999928008E-07,-2.828427124746));
#2922 = CARTESIAN_POINT('',(-3.6,-2.828427124746));
#2923 = ( GEOMETRIC_REPRESENTATION_CONTEXT(2) 
PARAMETRIC_REPRESENTATION_CONTEXT() REPRESENTATION_CONTEXT('2D SPACE',''
  ) );
#2924 = ORIENTED_EDGE('',*,*,#2925,.F.);
#2925 = EDGE_CURVE('',#1591,#2905,#2926,.T.);
#2926 = SURFACE_CURVE('',#2927,(#2932,#2942),.PCURVE_S1.);
#2927 = ELLIPSE('',#2928,4.242640687119,3.);
#2928 = AXIS2_PLACEMENT_3D('',#2929,#2930,#2931);
#2929 = CARTESIAN_POINT('',(480.,70.,110.));
#2930 = DIRECTION('',(-0.707106781187,-0.,-0.707106781187));
#2931 = DIRECTION('',(0.707106781187,0.,-0.707106781187));
#2932 = PCURVE('',#1123,#2933);
#2933 = DEFINITIONAL_REPRESENTATION('',(#2934),#2941);
#2934 = B_SPLINE_CURVE_WITH_KNOTS('',5,(#2935,#2936,#2937,#2938,#2939,
    #2940),.UNSPECIFIED.,.F.,.F.,(6,6),(4.712388880385,5.052226101972),
  .PIECEWISE_BEZIER_KNOTS.);
#2935 = CARTESIAN_POINT('',(-1.570796426795,-220.0000003));
#2936 = CARTESIAN_POINT('',(-1.502828982477,-219.796097967));
#2937 = CARTESIAN_POINT('',(-1.43486153816,-219.5921956112));
#2938 = CARTESIAN_POINT('',(-1.366894093843,-219.3902557413));
#2939 = CARTESIAN_POINT('',(-1.298926649525,-219.1922403486));
#2940 = CARTESIAN_POINT('',(-1.230959205208,-218.9999993999));
#2941 = ( GEOMETRIC_REPRESENTATION_CONTEXT(2) 
PARAMETRIC_REPRESENTATION_CONTEXT() REPRESENTATION_CONTEXT('2D SPACE',''
  ) );
#2942 = PCURVE('',#1629,#2943);
#2943 = DEFINITIONAL_REPRESENTATION('',(#2944),#2951);
#2944 = B_SPLINE_CURVE_WITH_KNOTS('',5,(#2945,#2946,#2947,#2948,#2949,
    #2950),.UNSPECIFIED.,.F.,.F.,(6,6),(4.712388880385,5.052226101972),
  .PIECEWISE_BEZIER_KNOTS.);
#2945 = CARTESIAN_POINT('',(-6.28318540718,-60.9999997));
#2946 = CARTESIAN_POINT('',(-6.215217962862,-61.20390203295));
#2947 = CARTESIAN_POINT('',(-6.147250518545,-61.40780438871));
#2948 = CARTESIAN_POINT('',(-6.079283074227,-61.60974425866));
#2949 = CARTESIAN_POINT('',(-6.01131562991,-61.80775965131));
#2950 = CARTESIAN_POINT('',(-5.943348185593,-62.0000006));
#2951 = ( GEOMETRIC_REPRESENTATION_CONTEXT(2) 
PARAMETRIC_REPRESENTATION_CONTEXT() REPRESENTATION_CONTEXT('2D SPACE',''
  ) );
#2952 = ORIENTED_EDGE('',*,*,#1736,.F.);
#2953 = ORIENTED_EDGE('',*,*,#1700,.F.);
#2954 = ORIENTED_EDGE('',*,*,#1670,.F.);
#2955 = ORIENTED_EDGE('',*,*,#2956,.F.);
#2956 = EDGE_CURVE('',#2957,#1642,#2959,.T.);
#2957 = VERTEX_POINT('',#2958);
#2958 = CARTESIAN_POINT('',(481.,67.171572875254,110.));
#2959 = SURFACE_CURVE('',#2960,(#2964,#2970),.PCURVE_S1.);
#2960 = LINE('',#2961,#2962);
#2961 = CARTESIAN_POINT('',(481.,67.171572875254,-110.));
#2962 = VECTOR('',#2963,1.);
#2963 = DIRECTION('',(-0.,-0.,-1.));
#2964 = PCURVE('',#1123,#2965);
#2965 = DEFINITIONAL_REPRESENTATION('',(#2966),#2969);
#2966 = B_SPLINE_CURVE_WITH_KNOTS('',1,(#2967,#2968),.UNSPECIFIED.,.F.,
  .F.,(2,2),(-220.0000006,-216.4),.PIECEWISE_BEZIER_KNOTS.);
#2967 = CARTESIAN_POINT('',(-5.052225889839,-220.0000006));
#2968 = CARTESIAN_POINT('',(-5.052225889839,-216.4));
#2969 = ( GEOMETRIC_REPRESENTATION_CONTEXT(2) 
PARAMETRIC_REPRESENTATION_CONTEXT() REPRESENTATION_CONTEXT('2D SPACE',''
  ) );
#2970 = PCURVE('',#1658,#2971);
#2971 = DEFINITIONAL_REPRESENTATION('',(#2972),#2975);
#2972 = B_SPLINE_CURVE_WITH_KNOTS('',1,(#2973,#2974),.UNSPECIFIED.,.F.,
  .F.,(2,2),(-220.0000006,-216.4),.PIECEWISE_BEZIER_KNOTS.);
#2973 = CARTESIAN_POINT('',(5.999999928008E-07,2.828427124746));
#2974 = CARTESIAN_POINT('',(-3.6,2.828427124746));
#2975 = ( GEOMETRIC_REPRESENTATION_CONTEXT(2) 
PARAMETRIC_REPRESENTATION_CONTEXT() REPRESENTATION_CONTEXT('2D SPACE',''
  ) );
#2976 = ORIENTED_EDGE('',*,*,#2977,.T.);
#2977 = EDGE_CURVE('',#2957,#2853,#2978,.T.);
#2978 = SURFACE_CURVE('',#2979,(#2984,#2991),.PCURVE_S1.);
#2979 = CIRCLE('',#2980,3.);
#2980 = AXIS2_PLACEMENT_3D('',#2981,#2982,#2983);
#2981 = CARTESIAN_POINT('',(480.,70.,110.));
#2982 = DIRECTION('',(0.,0.,1.));
#2983 = DIRECTION('',(1.,0.,0.));
#2984 = PCURVE('',#1123,#2985);
#2985 = DEFINITIONAL_REPRESENTATION('',(#2986),#2990);
#2986 = LINE('',#2987,#2988);
#2987 = CARTESIAN_POINT('',(-0.,-220.));
#2988 = VECTOR('',#2989,1.);
#2989 = DIRECTION('',(-1.,0.));
#2990 = ( GEOMETRIC_REPRESENTATION_CONTEXT(2) 
PARAMETRIC_REPRESENTATION_CONTEXT() REPRESENTATION_CONTEXT('2D SPACE',''
  ) );
#2991 = PCURVE('',#2892,#2992);
#2992 = DEFINITIONAL_REPRESENTATION('',(#2993),#2997);
#2993 = CIRCLE('',#2994,3.);
#2994 = AXIS2_PLACEMENT_2D('',#2995,#2996);
#2995 = CARTESIAN_POINT('',(0.,0.));
#2996 = DIRECTION('',(1.,0.));
#2997 = ( GEOMETRIC_REPRESENTATION_CONTEXT(2) 
PARAMETRIC_REPRESENTATION_CONTEXT() REPRESENTATION_CONTEXT('2D SPACE',''
  ) );
#2998 = ORIENTED_EDGE('',*,*,#2852,.F.);
#2999 = ORIENTED_EDGE('',*,*,#2831,.F.);
#3000 = ORIENTED_EDGE('',*,*,#3001,.F.);
#3001 = EDGE_CURVE('',#3002,#2801,#3004,.T.);
#3002 = VERTEX_POINT('',#3003);
#3003 = CARTESIAN_POINT('',(481.,67.171572875254,-110.));
#3004 = SURFACE_CURVE('',#3005,(#3010,#3017),.PCURVE_S1.);
#3005 = CIRCLE('',#3006,3.);
#3006 = AXIS2_PLACEMENT_3D('',#3007,#3008,#3009);
#3007 = CARTESIAN_POINT('',(480.,70.,-110.));
#3008 = DIRECTION('',(0.,0.,1.));
#3009 = DIRECTION('',(1.,0.,0.));
#3010 = PCURVE('',#1123,#3011);
#3011 = DEFINITIONAL_REPRESENTATION('',(#3012),#3016);
#3012 = LINE('',#3013,#3014);
#3013 = CARTESIAN_POINT('',(-0.,0.));
#3014 = VECTOR('',#3015,1.);
#3015 = DIRECTION('',(-1.,0.));
#3016 = ( GEOMETRIC_REPRESENTATION_CONTEXT(2) 
PARAMETRIC_REPRESENTATION_CONTEXT() REPRESENTATION_CONTEXT('2D SPACE',''
  ) );
#3017 = PCURVE('',#2819,#3018);
#3018 = DEFINITIONAL_REPRESENTATION('',(#3019),#3023);
#3019 = CIRCLE('',#3020,3.);
#3020 = AXIS2_PLACEMENT_2D('',#3021,#3022);
#3021 = CARTESIAN_POINT('',(0.,0.));
#3022 = DIRECTION('',(1.,0.));
#3023 = ( GEOMETRIC_REPRESENTATION_CONTEXT(2) 
PARAMETRIC_REPRESENTATION_CONTEXT() REPRESENTATION_CONTEXT('2D SPACE',''
  ) );
#3024 = ORIENTED_EDGE('',*,*,#3025,.F.);
#3025 = EDGE_CURVE('',#1531,#3002,#3026,.T.);
#3026 = SURFACE_CURVE('',#3027,(#3031,#3037),.PCURVE_S1.);
#3027 = LINE('',#3028,#3029);
#3028 = CARTESIAN_POINT('',(481.,67.171572875254,-110.));
#3029 = VECTOR('',#3030,1.);
#3030 = DIRECTION('',(-0.,-0.,-1.));
#3031 = PCURVE('',#1123,#3032);
#3032 = DEFINITIONAL_REPRESENTATION('',(#3033),#3036);
#3033 = B_SPLINE_CURVE_WITH_KNOTS('',1,(#3034,#3035),.UNSPECIFIED.,.F.,
  .F.,(2,2),(-3.6,6.000000070117E-07),.PIECEWISE_BEZIER_KNOTS.);
#3034 = CARTESIAN_POINT('',(-5.052225889839,-3.6));
#3035 = CARTESIAN_POINT('',(-5.052225889839,6.000000070117E-07));
#3036 = ( GEOMETRIC_REPRESENTATION_CONTEXT(2) 
PARAMETRIC_REPRESENTATION_CONTEXT() REPRESENTATION_CONTEXT('2D SPACE',''
  ) );
#3037 = PCURVE('',#1575,#3038);
#3038 = DEFINITIONAL_REPRESENTATION('',(#3039),#3042);
#3039 = B_SPLINE_CURVE_WITH_KNOTS('',1,(#3040,#3041),.UNSPECIFIED.,.F.,
  .F.,(2,2),(-3.6,6.000000070117E-07),.PIECEWISE_BEZIER_KNOTS.);
#3040 = CARTESIAN_POINT('',(3.6,2.828427124746));
#3041 = CARTESIAN_POINT('',(-6.000000212225E-07,2.828427124746));
#3042 = ( GEOMETRIC_REPRESENTATION_CONTEXT(2) 
PARAMETRIC_REPRESENTATION_CONTEXT() REPRESENTATION_CONTEXT('2D SPACE',''
  ) );
#3043 = ORIENTED_EDGE('',*,*,#1530,.T.);
#3044 = ORIENTED_EDGE('',*,*,#1480,.T.);
#3045 = ORIENTED_EDGE('',*,*,#3046,.T.);
#3046 = EDGE_CURVE('',#1428,#3047,#3049,.T.);
#3047 = VERTEX_POINT('',#3048);
#3048 = CARTESIAN_POINT('',(481.,72.828427124746,-109.));
#3049 = SURFACE_CURVE('',#3050,(#3055,#3065),.PCURVE_S1.);
#3050 = ELLIPSE('',#3051,4.242640687119,3.);
#3051 = AXIS2_PLACEMENT_3D('',#3052,#3053,#3054);
#3052 = CARTESIAN_POINT('',(480.,70.,-110.));
#3053 = DIRECTION('',(0.707106781187,0.,-0.707106781187));
#3054 = DIRECTION('',(-0.707106781187,-0.,-0.707106781187));
#3055 = PCURVE('',#1123,#3056);
#3056 = DEFINITIONAL_REPRESENTATION('',(#3057),#3064);
#3057 = B_SPLINE_CURVE_WITH_KNOTS('',5,(#3058,#3059,#3060,#3061,#3062,
    #3063),.UNSPECIFIED.,.F.,.F.,(6,6),(1.570796226795,1.910633448382),
  .PIECEWISE_BEZIER_KNOTS.);
#3058 = CARTESIAN_POINT('',(-1.570796426795,3.000000106113E-07));
#3059 = CARTESIAN_POINT('',(-1.502828982477,-0.203902032952));
#3060 = CARTESIAN_POINT('',(-1.43486153816,-0.407804388716));
#3061 = CARTESIAN_POINT('',(-1.366894093843,-0.609744258664));
#3062 = CARTESIAN_POINT('',(-1.298926649525,-0.807759651314));
#3063 = CARTESIAN_POINT('',(-1.230959205208,-1.000000600002));
#3064 = ( GEOMETRIC_REPRESENTATION_CONTEXT(2) 
PARAMETRIC_REPRESENTATION_CONTEXT() REPRESENTATION_CONTEXT('2D SPACE',''
  ) );
#3065 = PCURVE('',#1445,#3066);
#3066 = DEFINITIONAL_REPRESENTATION('',(#3067),#3074);
#3067 = B_SPLINE_CURVE_WITH_KNOTS('',5,(#3068,#3069,#3070,#3071,#3072,
    #3073),.UNSPECIFIED.,.F.,.F.,(6,6),(1.570796226795,1.910633448382),
  .PIECEWISE_BEZIER_KNOTS.);
#3068 = CARTESIAN_POINT('',(1.000000038331E-07,-60.9999997));
#3069 = CARTESIAN_POINT('',(-6.79673443174E-02,-61.20390203295));
#3070 = CARTESIAN_POINT('',(-0.135934788635,-61.40780438871));
#3071 = CARTESIAN_POINT('',(-0.203902232952,-61.60974425866));
#3072 = CARTESIAN_POINT('',(-0.27186967727,-61.80775965131));
#3073 = CARTESIAN_POINT('',(-0.339837121587,-62.0000006));
#3074 = ( GEOMETRIC_REPRESENTATION_CONTEXT(2) 
PARAMETRIC_REPRESENTATION_CONTEXT() REPRESENTATION_CONTEXT('2D SPACE',''
  ) );
#3075 = ORIENTED_EDGE('',*,*,#3076,.T.);
#3076 = EDGE_CURVE('',#3047,#2803,#3077,.T.);
#3077 = SURFACE_CURVE('',#3078,(#3082,#3088),.PCURVE_S1.);
#3078 = LINE('',#3079,#3080);
#3079 = CARTESIAN_POINT('',(481.,72.828427124746,-110.));
#3080 = VECTOR('',#3081,1.);
#3081 = DIRECTION('',(-0.,-0.,-1.));
#3082 = PCURVE('',#1123,#3083);
#3083 = DEFINITIONAL_REPRESENTATION('',(#3084),#3087);
#3084 = B_SPLINE_CURVE_WITH_KNOTS('',1,(#3085,#3086),.UNSPECIFIED.,.F.,
  .F.,(2,2),(-3.6,6.000000070117E-07),.PIECEWISE_BEZIER_KNOTS.);
#3085 = CARTESIAN_POINT('',(-1.230959417341,-3.6));
#3086 = CARTESIAN_POINT('',(-1.230959417341,6.000000070117E-07));
#3087 = ( GEOMETRIC_REPRESENTATION_CONTEXT(2) 
PARAMETRIC_REPRESENTATION_CONTEXT() REPRESENTATION_CONTEXT('2D SPACE',''
  ) );
#3088 = PCURVE('',#1575,#3089);
#3089 = DEFINITIONAL_REPRESENTATION('',(#3090),#3093);
#3090 = B_SPLINE_CURVE_WITH_KNOTS('',1,(#3091,#3092),.UNSPECIFIED.,.F.,
  .F.,(2,2),(-3.6,6.000000070117E-07),.PIECEWISE_BEZIER_KNOTS.);
#3091 = CARTESIAN_POINT('',(3.6,-2.828427124746));
#3092 = CARTESIAN_POINT('',(-6.000000212225E-07,-2.828427124746));
#3093 = ( GEOMETRIC_REPRESENTATION_CONTEXT(2) 
PARAMETRIC_REPRESENTATION_CONTEXT() REPRESENTATION_CONTEXT('2D SPACE',''
  ) );
#3094 = FACE_BOUND('',#3095,.T.);
#3095 = EDGE_LOOP('',(#3096,#3097,#3098,#3099));
#3096 = ORIENTED_EDGE('',*,*,#1098,.T.);
#3097 = ORIENTED_EDGE('',*,*,#1213,.T.);
#3098 = ORIENTED_EDGE('',*,*,#1177,.T.);
#3099 = ORIENTED_EDGE('',*,*,#1141,.T.);
#3100 = ADVANCED_FACE('',(#3101,#3556),#1300,.F.);
#3101 = FACE_BOUND('',#3102,.T.);
#3102 = EDGE_LOOP('',(#3103,#3131,#3166,#3187,#3210,#3245,#3271,#3300,
    #3321,#3356,#3392,#3426,#3427,#3428,#3478,#3508,#3529));
#3103 = ORIENTED_EDGE('',*,*,#3104,.F.);
#3104 = EDGE_CURVE('',#3105,#3107,#3109,.T.);
#3105 = VERTEX_POINT('',#3106);
#3106 = CARTESIAN_POINT('',(457.82842712474,56.,-79.));
#3107 = VERTEX_POINT('',#3108);
#3108 = CARTESIAN_POINT('',(457.82842712474,56.,-80.));
#3109 = SURFACE_CURVE('',#3110,(#3114,#3120),.PCURVE_S1.);
#3110 = LINE('',#3111,#3112);
#3111 = CARTESIAN_POINT('',(457.82842712474,56.,-80.));
#3112 = VECTOR('',#3113,1.);
#3113 = DIRECTION('',(-0.,-0.,-1.));
#3114 = PCURVE('',#1300,#3115);
#3115 = DEFINITIONAL_REPRESENTATION('',(#3116),#3119);
#3116 = B_SPLINE_CURVE_WITH_KNOTS('',1,(#3117,#3118),.UNSPECIFIED.,.F.,
  .F.,(2,2),(-3.6,6.000000070117E-07),.PIECEWISE_BEZIER_KNOTS.);
#3117 = CARTESIAN_POINT('',(-0.339836909454,-3.6));
#3118 = CARTESIAN_POINT('',(-0.339836909454,6.000000070117E-07));
#3119 = ( GEOMETRIC_REPRESENTATION_CONTEXT(2) 
PARAMETRIC_REPRESENTATION_CONTEXT() REPRESENTATION_CONTEXT('2D SPACE',''
  ) );
#3120 = PCURVE('',#3121,#3126);
#3121 = PLANE('',#3122);
#3122 = AXIS2_PLACEMENT_3D('',#3123,#3124,#3125);
#3123 = CARTESIAN_POINT('',(455.,56.,-80.));
#3124 = DIRECTION('',(-0.,-1.,-0.));
#3125 = DIRECTION('',(0.,0.,-1.));
#3126 = DEFINITIONAL_REPRESENTATION('',(#3127),#3130);
#3127 = B_SPLINE_CURVE_WITH_KNOTS('',1,(#3128,#3129),.UNSPECIFIED.,.F.,
  .F.,(2,2),(-3.6,6.000000070117E-07),.PIECEWISE_BEZIER_KNOTS.);
#3128 = CARTESIAN_POINT('',(-3.6,2.828427124746));
#3129 = CARTESIAN_POINT('',(6.000000070117E-07,2.828427124746));
#3130 = ( GEOMETRIC_REPRESENTATION_CONTEXT(2) 
PARAMETRIC_REPRESENTATION_CONTEXT() REPRESENTATION_CONTEXT('2D SPACE',''
  ) );
#3131 = ORIENTED_EDGE('',*,*,#3132,.T.);
#3132 = EDGE_CURVE('',#3105,#3133,#3135,.T.);
#3133 = VERTEX_POINT('',#3134);
#3134 = CARTESIAN_POINT('',(458.,55.,-80.));
#3135 = SURFACE_CURVE('',#3136,(#3141,#3151),.PCURVE_S1.);
#3136 = ELLIPSE('',#3137,4.242640687119,3.);
#3137 = AXIS2_PLACEMENT_3D('',#3138,#3139,#3140);
#3138 = CARTESIAN_POINT('',(455.,55.,-80.));
#3139 = DIRECTION('',(-0.,0.707106781187,-0.707106781187));
#3140 = DIRECTION('',(0.,-0.707106781187,-0.707106781187));
#3141 = PCURVE('',#1300,#3142);
#3142 = DEFINITIONAL_REPRESENTATION('',(#3143),#3150);
#3143 = B_SPLINE_CURVE_WITH_KNOTS('',5,(#3144,#3145,#3146,#3147,#3148,
    #3149),.UNSPECIFIED.,.F.,.F.,(6,6),(4.372551858798,4.712388980385),
  .PIECEWISE_BEZIER_KNOTS.);
#3144 = CARTESIAN_POINT('',(-0.339837121587,-1.000000600002));
#3145 = CARTESIAN_POINT('',(-0.27186969727,-0.807759707882));
#3146 = CARTESIAN_POINT('',(-0.203902272952,-0.6097443752));
#3147 = CARTESIAN_POINT('',(-0.135934848635,-0.407804566983));
#3148 = CARTESIAN_POINT('',(-6.79674243174E-02,-0.203902272952));
#3149 = CARTESIAN_POINT('',(0.,0.));
#3150 = ( GEOMETRIC_REPRESENTATION_CONTEXT(2) 
PARAMETRIC_REPRESENTATION_CONTEXT() REPRESENTATION_CONTEXT('2D SPACE',''
  ) );
#3151 = PCURVE('',#3152,#3157);
#3152 = CYLINDRICAL_SURFACE('',#3153,3.);
#3153 = AXIS2_PLACEMENT_3D('',#3154,#3155,#3156);
#3154 = CARTESIAN_POINT('',(455.,56.,-80.));
#3155 = DIRECTION('',(-0.,1.,-0.));
#3156 = DIRECTION('',(1.,0.,0.));
#3157 = DEFINITIONAL_REPRESENTATION('',(#3158),#3165);
#3158 = B_SPLINE_CURVE_WITH_KNOTS('',5,(#3159,#3160,#3161,#3162,#3163,
    #3164),.UNSPECIFIED.,.F.,.F.,(6,6),(4.372551858798,4.712388980385),
  .PIECEWISE_BEZIER_KNOTS.);
#3159 = CARTESIAN_POINT('',(-0.339837121587,6.000024299624E-07));
#3160 = CARTESIAN_POINT('',(-0.27186969727,-0.192240292118));
#3161 = CARTESIAN_POINT('',(-0.203902272952,-0.3902556248));
#3162 = CARTESIAN_POINT('',(-0.135934848635,-0.592195433017));
#3163 = CARTESIAN_POINT('',(-6.79674243174E-02,-0.796097727048));
#3164 = CARTESIAN_POINT('',(0.,-1.));
#3165 = ( GEOMETRIC_REPRESENTATION_CONTEXT(2) 
PARAMETRIC_REPRESENTATION_CONTEXT() REPRESENTATION_CONTEXT('2D SPACE',''
  ) );
#3166 = ORIENTED_EDGE('',*,*,#3167,.T.);
#3167 = EDGE_CURVE('',#3133,#1251,#3168,.T.);
#3168 = SEAM_CURVE('',#3169,(#3173,#3180),.PCURVE_S1.);
#3169 = LINE('',#3170,#3171);
#3170 = CARTESIAN_POINT('',(458.,55.,-80.));
#3171 = VECTOR('',#3172,1.);
#3172 = DIRECTION('',(0.,0.,1.));
#3173 = PCURVE('',#1300,#3174);
#3174 = DEFINITIONAL_REPRESENTATION('',(#3175),#3179);
#3175 = LINE('',#3176,#3177);
#3176 = CARTESIAN_POINT('',(-6.28318530718,0.));
#3177 = VECTOR('',#3178,1.);
#3178 = DIRECTION('',(-0.,-1.));
#3179 = ( GEOMETRIC_REPRESENTATION_CONTEXT(2) 
PARAMETRIC_REPRESENTATION_CONTEXT() REPRESENTATION_CONTEXT('2D SPACE',''
  ) );
#3180 = PCURVE('',#1300,#3181);
#3181 = DEFINITIONAL_REPRESENTATION('',(#3182),#3186);
#3182 = LINE('',#3183,#3184);
#3183 = CARTESIAN_POINT('',(-0.,0.));
#3184 = VECTOR('',#3185,1.);
#3185 = DIRECTION('',(-0.,-1.));
#3186 = ( GEOMETRIC_REPRESENTATION_CONTEXT(2) 
PARAMETRIC_REPRESENTATION_CONTEXT() REPRESENTATION_CONTEXT('2D SPACE',''
  ) );
#3187 = ORIENTED_EDGE('',*,*,#3188,.T.);
#3188 = EDGE_CURVE('',#1251,#3189,#3191,.T.);
#3189 = VERTEX_POINT('',#3190);
#3190 = CARTESIAN_POINT('',(458.,55.,80.));
#3191 = SEAM_CURVE('',#3192,(#3196,#3203),.PCURVE_S1.);
#3192 = LINE('',#3193,#3194);
#3193 = CARTESIAN_POINT('',(458.,55.,-80.));
#3194 = VECTOR('',#3195,1.);
#3195 = DIRECTION('',(0.,0.,1.));
#3196 = PCURVE('',#1300,#3197);
#3197 = DEFINITIONAL_REPRESENTATION('',(#3198),#3202);
#3198 = LINE('',#3199,#3200);
#3199 = CARTESIAN_POINT('',(-6.28318530718,0.));
#3200 = VECTOR('',#3201,1.);
#3201 = DIRECTION('',(-0.,-1.));
#3202 = ( GEOMETRIC_REPRESENTATION_CONTEXT(2) 
PARAMETRIC_REPRESENTATION_CONTEXT() REPRESENTATION_CONTEXT('2D SPACE',''
  ) );
#3203 = PCURVE('',#1300,#3204);
#3204 = DEFINITIONAL_REPRESENTATION('',(#3205),#3209);
#3205 = LINE('',#3206,#3207);
#3206 = CARTESIAN_POINT('',(-0.,0.));
#3207 = VECTOR('',#3208,1.);
#3208 = DIRECTION('',(-0.,-1.));
#3209 = ( GEOMETRIC_REPRESENTATION_CONTEXT(2) 
PARAMETRIC_REPRESENTATION_CONTEXT() REPRESENTATION_CONTEXT('2D SPACE',''
  ) );
#3210 = ORIENTED_EDGE('',*,*,#3211,.F.);
#3211 = EDGE_CURVE('',#3212,#3189,#3214,.T.);
#3212 = VERTEX_POINT('',#3213);
#3213 = CARTESIAN_POINT('',(457.82842712474,56.,79.));
#3214 = SURFACE_CURVE('',#3215,(#3220,#3230),.PCURVE_S1.);
#3215 = ELLIPSE('',#3216,4.242640687119,3.);
#3216 = AXIS2_PLACEMENT_3D('',#3217,#3218,#3219);
#3217 = CARTESIAN_POINT('',(455.,55.,80.));
#3218 = DIRECTION('',(0.,-0.707106781187,-0.707106781187));
#3219 = DIRECTION('',(-0.,0.707106781187,-0.707106781187));
#3220 = PCURVE('',#1300,#3221);
#3221 = DEFINITIONAL_REPRESENTATION('',(#3222),#3229);
#3222 = B_SPLINE_CURVE_WITH_KNOTS('',5,(#3223,#3224,#3225,#3226,#3227,
    #3228),.UNSPECIFIED.,.F.,.F.,(6,6),(1.230959205208,1.570796326795),
  .PIECEWISE_BEZIER_KNOTS.);
#3223 = CARTESIAN_POINT('',(-0.339837121587,-158.9999993999));
#3224 = CARTESIAN_POINT('',(-0.27186969727,-159.1922402921));
#3225 = CARTESIAN_POINT('',(-0.203902272952,-159.3902556248));
#3226 = CARTESIAN_POINT('',(-0.135934848635,-159.592195433));
#3227 = CARTESIAN_POINT('',(-6.79674243174E-02,-159.796097727));
#3228 = CARTESIAN_POINT('',(0.,-160.));
#3229 = ( GEOMETRIC_REPRESENTATION_CONTEXT(2) 
PARAMETRIC_REPRESENTATION_CONTEXT() REPRESENTATION_CONTEXT('2D SPACE',''
  ) );
#3230 = PCURVE('',#3231,#3236);
#3231 = CYLINDRICAL_SURFACE('',#3232,3.);
#3232 = AXIS2_PLACEMENT_3D('',#3233,#3234,#3235);
#3233 = CARTESIAN_POINT('',(455.,56.,80.));
#3234 = DIRECTION('',(-0.,1.,-0.));
#3235 = DIRECTION('',(1.,0.,0.));
#3236 = DEFINITIONAL_REPRESENTATION('',(#3237),#3244);
#3237 = B_SPLINE_CURVE_WITH_KNOTS('',5,(#3238,#3239,#3240,#3241,#3242,
    #3243),.UNSPECIFIED.,.F.,.F.,(6,6),(1.230959205208,1.570796326795),
  .PIECEWISE_BEZIER_KNOTS.);
#3238 = CARTESIAN_POINT('',(-5.943348185593,6.000024299624E-07));
#3239 = CARTESIAN_POINT('',(-6.01131560991,-0.192240292118));
#3240 = CARTESIAN_POINT('',(-6.079283034227,-0.3902556248));
#3241 = CARTESIAN_POINT('',(-6.147250458545,-0.592195433017));
#3242 = CARTESIAN_POINT('',(-6.215217882862,-0.796097727048));
#3243 = CARTESIAN_POINT('',(-6.28318530718,-1.));
#3244 = ( GEOMETRIC_REPRESENTATION_CONTEXT(2) 
PARAMETRIC_REPRESENTATION_CONTEXT() REPRESENTATION_CONTEXT('2D SPACE',''
  ) );
#3245 = ORIENTED_EDGE('',*,*,#3246,.F.);
#3246 = EDGE_CURVE('',#3247,#3212,#3249,.T.);
#3247 = VERTEX_POINT('',#3248);
#3248 = CARTESIAN_POINT('',(457.82842712474,56.,80.));
#3249 = SURFACE_CURVE('',#3250,(#3254,#3260),.PCURVE_S1.);
#3250 = LINE('',#3251,#3252);
#3251 = CARTESIAN_POINT('',(457.82842712474,56.,-80.));
#3252 = VECTOR('',#3253,1.);
#3253 = DIRECTION('',(-0.,-0.,-1.));
#3254 = PCURVE('',#1300,#3255);
#3255 = DEFINITIONAL_REPRESENTATION('',(#3256),#3259);
#3256 = B_SPLINE_CURVE_WITH_KNOTS('',1,(#3257,#3258),.UNSPECIFIED.,.F.,
  .F.,(2,2),(-160.0000006,-156.4),.PIECEWISE_BEZIER_KNOTS.);
#3257 = CARTESIAN_POINT('',(-0.339836909454,-160.0000006));
#3258 = CARTESIAN_POINT('',(-0.339836909454,-156.4));
#3259 = ( GEOMETRIC_REPRESENTATION_CONTEXT(2) 
PARAMETRIC_REPRESENTATION_CONTEXT() REPRESENTATION_CONTEXT('2D SPACE',''
  ) );
#3260 = PCURVE('',#3261,#3266);
#3261 = PLANE('',#3262);
#3262 = AXIS2_PLACEMENT_3D('',#3263,#3264,#3265);
#3263 = CARTESIAN_POINT('',(455.,56.,80.));
#3264 = DIRECTION('',(-0.,-1.,-0.));
#3265 = DIRECTION('',(0.,0.,-1.));
#3266 = DEFINITIONAL_REPRESENTATION('',(#3267),#3270);
#3267 = B_SPLINE_CURVE_WITH_KNOTS('',1,(#3268,#3269),.UNSPECIFIED.,.F.,
  .F.,(2,2),(-160.0000006,-156.4),.PIECEWISE_BEZIER_KNOTS.);
#3268 = CARTESIAN_POINT('',(-5.999999928008E-07,2.828427124746));
#3269 = CARTESIAN_POINT('',(3.6,2.828427124746));
#3270 = ( GEOMETRIC_REPRESENTATION_CONTEXT(2) 
PARAMETRIC_REPRESENTATION_CONTEXT() REPRESENTATION_CONTEXT('2D SPACE',''
  ) );
#3271 = ORIENTED_EDGE('',*,*,#3272,.T.);
#3272 = EDGE_CURVE('',#3247,#3273,#3275,.T.);
#3273 = VERTEX_POINT('',#3274);
#3274 = CARTESIAN_POINT('',(452.17157287525,56.,80.));
#3275 = SURFACE_CURVE('',#3276,(#3281,#3288),.PCURVE_S1.);
#3276 = CIRCLE('',#3277,3.);
#3277 = AXIS2_PLACEMENT_3D('',#3278,#3279,#3280);
#3278 = CARTESIAN_POINT('',(455.,55.,80.));
#3279 = DIRECTION('',(0.,0.,1.));
#3280 = DIRECTION('',(1.,0.,0.));
#3281 = PCURVE('',#1300,#3282);
#3282 = DEFINITIONAL_REPRESENTATION('',(#3283),#3287);
#3283 = LINE('',#3284,#3285);
#3284 = CARTESIAN_POINT('',(-0.,-160.));
#3285 = VECTOR('',#3286,1.);
#3286 = DIRECTION('',(-1.,0.));
#3287 = ( GEOMETRIC_REPRESENTATION_CONTEXT(2) 
PARAMETRIC_REPRESENTATION_CONTEXT() REPRESENTATION_CONTEXT('2D SPACE',''
  ) );
#3288 = PCURVE('',#3289,#3294);
#3289 = PLANE('',#3290);
#3290 = AXIS2_PLACEMENT_3D('',#3291,#3292,#3293);
#3291 = CARTESIAN_POINT('',(455.,55.,80.));
#3292 = DIRECTION('',(0.,0.,1.));
#3293 = DIRECTION('',(1.,0.,-0.));
#3294 = DEFINITIONAL_REPRESENTATION('',(#3295),#3299);
#3295 = CIRCLE('',#3296,3.);
#3296 = AXIS2_PLACEMENT_2D('',#3297,#3298);
#3297 = CARTESIAN_POINT('',(0.,7.105427357601E-15));
#3298 = DIRECTION('',(1.,0.));
#3299 = ( GEOMETRIC_REPRESENTATION_CONTEXT(2) 
PARAMETRIC_REPRESENTATION_CONTEXT() REPRESENTATION_CONTEXT('2D SPACE',''
  ) );
#3300 = ORIENTED_EDGE('',*,*,#3301,.T.);
#3301 = EDGE_CURVE('',#3273,#3302,#3304,.T.);
#3302 = VERTEX_POINT('',#3303);
#3303 = CARTESIAN_POINT('',(452.17157287525,56.,79.));
#3304 = SURFACE_CURVE('',#3305,(#3309,#3315),.PCURVE_S1.);
#3305 = LINE('',#3306,#3307);
#3306 = CARTESIAN_POINT('',(452.17157287525,56.,-80.));
#3307 = VECTOR('',#3308,1.);
#3308 = DIRECTION('',(-0.,-0.,-1.));
#3309 = PCURVE('',#1300,#3310);
#3310 = DEFINITIONAL_REPRESENTATION('',(#3311),#3314);
#3311 = B_SPLINE_CURVE_WITH_KNOTS('',1,(#3312,#3313),.UNSPECIFIED.,.F.,
  .F.,(2,2),(-160.0000006,-156.4),.PIECEWISE_BEZIER_KNOTS.);
#3312 = CARTESIAN_POINT('',(-2.801755744136,-160.0000006));
#3313 = CARTESIAN_POINT('',(-2.801755744136,-156.4));
#3314 = ( GEOMETRIC_REPRESENTATION_CONTEXT(2) 
PARAMETRIC_REPRESENTATION_CONTEXT() REPRESENTATION_CONTEXT('2D SPACE',''
  ) );
#3315 = PCURVE('',#3261,#3316);
#3316 = DEFINITIONAL_REPRESENTATION('',(#3317),#3320);
#3317 = B_SPLINE_CURVE_WITH_KNOTS('',1,(#3318,#3319),.UNSPECIFIED.,.F.,
  .F.,(2,2),(-160.0000006,-156.4),.PIECEWISE_BEZIER_KNOTS.);
#3318 = CARTESIAN_POINT('',(-5.999999928008E-07,-2.828427124746));
#3319 = CARTESIAN_POINT('',(3.6,-2.828427124746));
#3320 = ( GEOMETRIC_REPRESENTATION_CONTEXT(2) 
PARAMETRIC_REPRESENTATION_CONTEXT() REPRESENTATION_CONTEXT('2D SPACE',''
  ) );
#3321 = ORIENTED_EDGE('',*,*,#3322,.F.);
#3322 = EDGE_CURVE('',#3323,#3302,#3325,.T.);
#3323 = VERTEX_POINT('',#3324);
#3324 = CARTESIAN_POINT('',(452.,55.,80.));
#3325 = SURFACE_CURVE('',#3326,(#3331,#3341),.PCURVE_S1.);
#3326 = ELLIPSE('',#3327,4.242640687119,3.);
#3327 = AXIS2_PLACEMENT_3D('',#3328,#3329,#3330);
#3328 = CARTESIAN_POINT('',(455.,55.,80.));
#3329 = DIRECTION('',(0.,-0.707106781187,-0.707106781187));
#3330 = DIRECTION('',(-0.,0.707106781187,-0.707106781187));
#3331 = PCURVE('',#1300,#3332);
#3332 = DEFINITIONAL_REPRESENTATION('',(#3333),#3340);
#3333 = B_SPLINE_CURVE_WITH_KNOTS('',5,(#3334,#3335,#3336,#3337,#3338,
    #3339),.UNSPECIFIED.,.F.,.F.,(6,6),(4.712388880385,5.052226101972),
  .PIECEWISE_BEZIER_KNOTS.);
#3334 = CARTESIAN_POINT('',(-3.14159275359,-160.0000003));
#3335 = CARTESIAN_POINT('',(-3.073625309272,-159.796097967));
#3336 = CARTESIAN_POINT('',(-3.005657864955,-159.5921956112));
#3337 = CARTESIAN_POINT('',(-2.937690420638,-159.3902557413));
#3338 = CARTESIAN_POINT('',(-2.86972297632,-159.1922403486));
#3339 = CARTESIAN_POINT('',(-2.801755532003,-158.9999993999));
#3340 = ( GEOMETRIC_REPRESENTATION_CONTEXT(2) 
PARAMETRIC_REPRESENTATION_CONTEXT() REPRESENTATION_CONTEXT('2D SPACE',''
  ) );
#3341 = PCURVE('',#3342,#3347);
#3342 = CYLINDRICAL_SURFACE('',#3343,3.);
#3343 = AXIS2_PLACEMENT_3D('',#3344,#3345,#3346);
#3344 = CARTESIAN_POINT('',(455.,56.,80.));
#3345 = DIRECTION('',(-0.,1.,-0.));
#3346 = DIRECTION('',(1.,0.,0.));
#3347 = DEFINITIONAL_REPRESENTATION('',(#3348),#3355);
#3348 = B_SPLINE_CURVE_WITH_KNOTS('',5,(#3349,#3350,#3351,#3352,#3353,
    #3354),.UNSPECIFIED.,.F.,.F.,(6,6),(4.712388880385,5.052226101972),
  .PIECEWISE_BEZIER_KNOTS.);
#3349 = CARTESIAN_POINT('',(-3.14159255359,-1.0000003));
#3350 = CARTESIAN_POINT('',(-3.209559997907,-0.796097967048));
#3351 = CARTESIAN_POINT('',(-3.277527442225,-0.592195611284));
#3352 = CARTESIAN_POINT('',(-3.345494886542,-0.390255741336));
#3353 = CARTESIAN_POINT('',(-3.413462330859,-0.192240348686));
#3354 = CARTESIAN_POINT('',(-3.481429775177,6.000024299624E-07));
#3355 = ( GEOMETRIC_REPRESENTATION_CONTEXT(2) 
PARAMETRIC_REPRESENTATION_CONTEXT() REPRESENTATION_CONTEXT('2D SPACE',''
  ) );
#3356 = ORIENTED_EDGE('',*,*,#3357,.F.);
#3357 = EDGE_CURVE('',#3358,#3323,#3360,.T.);
#3358 = VERTEX_POINT('',#3359);
#3359 = CARTESIAN_POINT('',(455.,52.,77.));
#3360 = SURFACE_CURVE('',#3361,(#3366,#3379),.PCURVE_S1.);
#3361 = ELLIPSE('',#3362,4.242640687119,3.);
#3362 = AXIS2_PLACEMENT_3D('',#3363,#3364,#3365);
#3363 = CARTESIAN_POINT('',(455.,55.,80.));
#3364 = DIRECTION('',(-0.,0.707106781187,-0.707106781187));
#3365 = DIRECTION('',(0.,-0.707106781187,-0.707106781187));
#3366 = PCURVE('',#1300,#3367);
#3367 = DEFINITIONAL_REPRESENTATION('',(#3368),#3378);
#3368 = B_SPLINE_CURVE_WITH_KNOTS('',8,(#3369,#3370,#3371,#3372,#3373,
    #3374,#3375,#3376,#3377),.UNSPECIFIED.,.F.,.F.,(9,9),(0.,
    1.570796426795),.PIECEWISE_BEZIER_KNOTS.);
#3369 = CARTESIAN_POINT('',(-4.712388980385,-157.));
#3370 = CARTESIAN_POINT('',(-4.516039427035,-157.));
#3371 = CARTESIAN_POINT('',(-4.319689873681,-157.1321823445));
#3372 = CARTESIAN_POINT('',(-4.123340320344,-157.3965459113));
#3373 = CARTESIAN_POINT('',(-3.926990766977,-157.782223846));
#3374 = CARTESIAN_POINT('',(-3.730641213646,-158.2674603709));
#3375 = CARTESIAN_POINT('',(-3.534291660284,-158.8219028266));
#3376 = CARTESIAN_POINT('',(-3.337942106939,-159.4109516399));
#3377 = CARTESIAN_POINT('',(-3.14159255359,-160.0000003));
#3378 = ( GEOMETRIC_REPRESENTATION_CONTEXT(2) 
PARAMETRIC_REPRESENTATION_CONTEXT() REPRESENTATION_CONTEXT('2D SPACE',''
  ) );
#3379 = PCURVE('',#3342,#3380);
#3380 = DEFINITIONAL_REPRESENTATION('',(#3381),#3391);
#3381 = B_SPLINE_CURVE_WITH_KNOTS('',8,(#3382,#3383,#3384,#3385,#3386,
    #3387,#3388,#3389,#3390),.UNSPECIFIED.,.F.,.F.,(9,9),(0.,
    1.570796426795),.PIECEWISE_BEZIER_KNOTS.);
#3382 = CARTESIAN_POINT('',(-4.712388980385,-4.));
#3383 = CARTESIAN_POINT('',(-4.516039427035,-4.));
#3384 = CARTESIAN_POINT('',(-4.319689873676,-3.86781765521));
#3385 = CARTESIAN_POINT('',(-4.123340320366,-3.603454088525));
#3386 = CARTESIAN_POINT('',(-3.926990766926,-3.217776153517));
#3387 = CARTESIAN_POINT('',(-3.730641213668,-2.732539629164));
#3388 = CARTESIAN_POINT('',(-3.534291660276,-2.178097173172));
#3389 = CARTESIAN_POINT('',(-3.337942106939,-1.589048360048));
#3390 = CARTESIAN_POINT('',(-3.14159255359,-0.9999997));
#3391 = ( GEOMETRIC_REPRESENTATION_CONTEXT(2) 
PARAMETRIC_REPRESENTATION_CONTEXT() REPRESENTATION_CONTEXT('2D SPACE',''
  ) );
#3392 = ORIENTED_EDGE('',*,*,#3393,.F.);
#3393 = EDGE_CURVE('',#3189,#3358,#3394,.T.);
#3394 = SURFACE_CURVE('',#3395,(#3400,#3413),.PCURVE_S1.);
#3395 = ELLIPSE('',#3396,4.242640687119,3.);
#3396 = AXIS2_PLACEMENT_3D('',#3397,#3398,#3399);
#3397 = CARTESIAN_POINT('',(455.,55.,80.));
#3398 = DIRECTION('',(-0.,0.707106781187,-0.707106781187));
#3399 = DIRECTION('',(0.,-0.707106781187,-0.707106781187));
#3400 = PCURVE('',#1300,#3401);
#3401 = DEFINITIONAL_REPRESENTATION('',(#3402),#3412);
#3402 = B_SPLINE_CURVE_WITH_KNOTS('',8,(#3403,#3404,#3405,#3406,#3407,
    #3408,#3409,#3410,#3411),.UNSPECIFIED.,.F.,.F.,(9,9),(4.712388980385
    ,6.28318530718),.PIECEWISE_BEZIER_KNOTS.);
#3403 = CARTESIAN_POINT('',(-6.28318530718,-160.));
#3404 = CARTESIAN_POINT('',(-6.08683576633,-159.4109513774));
#3405 = CARTESIAN_POINT('',(-5.890486225481,-158.821902615));
#3406 = CARTESIAN_POINT('',(-5.694136684632,-158.2674602157));
#3407 = CARTESIAN_POINT('',(-5.497787143779,-157.7822237482));
#3408 = CARTESIAN_POINT('',(-5.301437602934,-157.3965458605));
#3409 = CARTESIAN_POINT('',(-5.105088062084,-157.1321823279));
#3410 = CARTESIAN_POINT('',(-4.908738521234,-157.));
#3411 = CARTESIAN_POINT('',(-4.712388980385,-157.));
#3412 = ( GEOMETRIC_REPRESENTATION_CONTEXT(2) 
PARAMETRIC_REPRESENTATION_CONTEXT() REPRESENTATION_CONTEXT('2D SPACE',''
  ) );
#3413 = PCURVE('',#3342,#3414);
#3414 = DEFINITIONAL_REPRESENTATION('',(#3415),#3425);
#3415 = B_SPLINE_CURVE_WITH_KNOTS('',8,(#3416,#3417,#3418,#3419,#3420,
    #3421,#3422,#3423,#3424),.UNSPECIFIED.,.F.,.F.,(9,9),(4.712388980385
    ,6.28318530718),.PIECEWISE_BEZIER_KNOTS.);
#3416 = CARTESIAN_POINT('',(-6.28318530718,-1.));
#3417 = CARTESIAN_POINT('',(-6.08683576633,-1.589048622548));
#3418 = CARTESIAN_POINT('',(-5.890486225482,-2.178097384952));
#3419 = CARTESIAN_POINT('',(-5.694136684629,-2.732539783634));
#3420 = CARTESIAN_POINT('',(-5.497787143787,-3.21777625172));
#3421 = CARTESIAN_POINT('',(-5.301437602931,-3.603454139033));
#3422 = CARTESIAN_POINT('',(-5.105088062084,-3.867817672038));
#3423 = CARTESIAN_POINT('',(-4.908738521234,-4.));
#3424 = CARTESIAN_POINT('',(-4.712388980385,-4.));
#3425 = ( GEOMETRIC_REPRESENTATION_CONTEXT(2) 
PARAMETRIC_REPRESENTATION_CONTEXT() REPRESENTATION_CONTEXT('2D SPACE',''
  ) );
#3426 = ORIENTED_EDGE('',*,*,#3188,.F.);
#3427 = ORIENTED_EDGE('',*,*,#3167,.F.);
#3428 = ORIENTED_EDGE('',*,*,#3429,.T.);
#3429 = EDGE_CURVE('',#3133,#3430,#3432,.T.);
#3430 = VERTEX_POINT('',#3431);
#3431 = CARTESIAN_POINT('',(452.,55.,-80.));
#3432 = SURFACE_CURVE('',#3433,(#3438,#3458),.PCURVE_S1.);
#3433 = ELLIPSE('',#3434,4.242640687119,3.);
#3434 = AXIS2_PLACEMENT_3D('',#3435,#3436,#3437);
#3435 = CARTESIAN_POINT('',(455.,55.,-80.));
#3436 = DIRECTION('',(0.,-0.707106781187,-0.707106781187));
#3437 = DIRECTION('',(-0.,0.707106781187,-0.707106781187));
#3438 = PCURVE('',#1300,#3439);
#3439 = DEFINITIONAL_REPRESENTATION('',(#3440),#3457);
#3440 = B_SPLINE_CURVE_WITH_KNOTS('',8,(#3441,#3442,#3443,#3444,#3445,
    #3446,#3447,#3448,#3449,#3450,#3451,#3452,#3453,#3454,#3455,#3456),
  .UNSPECIFIED.,.F.,.F.,(9,7,9),(1.570796326795,3.14159270359,
    4.712389080385),.UNSPECIFIED.);
#3441 = CARTESIAN_POINT('',(-6.28318530718,0.));
#3442 = CARTESIAN_POINT('',(-6.08683576008,-0.589048641298));
#3443 = CARTESIAN_POINT('',(-5.890486212982,-1.178097422456));
#3444 = CARTESIAN_POINT('',(-5.69413666588,-1.732539836579));
#3445 = CARTESIAN_POINT('',(-5.497787118786,-2.217776313515));
#3446 = CARTESIAN_POINT('',(-5.301437571682,-2.603454200397));
#3447 = CARTESIAN_POINT('',(-5.105088024584,-2.867817722532));
#3448 = CARTESIAN_POINT('',(-4.908738477484,-3.000000029452));
#3449 = CARTESIAN_POINT('',(-4.516039383285,-2.999999970548));
#3450 = CARTESIAN_POINT('',(-4.31968983619,-2.867817604717));
#3451 = CARTESIAN_POINT('',(-4.123340289083,-2.603454027161));
#3452 = CARTESIAN_POINT('',(-3.926990742,-2.217776091707));
#3453 = CARTESIAN_POINT('',(-3.730641194882,-1.732539576248));
#3454 = CARTESIAN_POINT('',(-3.534291647792,-1.178097135668));
#3455 = CARTESIAN_POINT('',(-3.337942100689,-0.589048341298));
#3456 = CARTESIAN_POINT('',(-3.14159255359,2.999999964004E-07));
#3457 = ( GEOMETRIC_REPRESENTATION_CONTEXT(2) 
PARAMETRIC_REPRESENTATION_CONTEXT() REPRESENTATION_CONTEXT('2D SPACE',''
  ) );
#3458 = PCURVE('',#3152,#3459);
#3459 = DEFINITIONAL_REPRESENTATION('',(#3460),#3477);
#3460 = B_SPLINE_CURVE_WITH_KNOTS('',8,(#3461,#3462,#3463,#3464,#3465,
    #3466,#3467,#3468,#3469,#3470,#3471,#3472,#3473,#3474,#3475,#3476),
  .UNSPECIFIED.,.F.,.F.,(9,7,9),(1.570796326795,3.14159270359,
    4.712389080385),.UNSPECIFIED.);
#3461 = CARTESIAN_POINT('',(0.,-1.));
#3462 = CARTESIAN_POINT('',(-0.196349547099,-1.589048641298));
#3463 = CARTESIAN_POINT('',(-0.392699094198,-2.178097422454));
#3464 = CARTESIAN_POINT('',(-0.589048641297,-2.732539836572));
#3465 = CARTESIAN_POINT('',(-0.785398188394,-3.217776313528));
#3466 = CARTESIAN_POINT('',(-0.981747735499,-3.603454200385));
#3467 = CARTESIAN_POINT('',(-1.178097282596,-3.867817722529));
#3468 = CARTESIAN_POINT('',(-1.374446829696,-4.000000029452));
#3469 = CARTESIAN_POINT('',(-1.767145923894,-3.999999970548));
#3470 = CARTESIAN_POINT('',(-1.963495470991,-3.86781760472));
#3471 = CARTESIAN_POINT('',(-2.159845018096,-3.603454027145));
#3472 = CARTESIAN_POINT('',(-2.356194565176,-3.217776091735));
#3473 = CARTESIAN_POINT('',(-2.552544112303,-2.732539576225));
#3474 = CARTESIAN_POINT('',(-2.74889365939,-2.178097135672));
#3475 = CARTESIAN_POINT('',(-2.94524320649,-1.589048341298));
#3476 = CARTESIAN_POINT('',(-3.14159275359,-0.9999997));
#3477 = ( GEOMETRIC_REPRESENTATION_CONTEXT(2) 
PARAMETRIC_REPRESENTATION_CONTEXT() REPRESENTATION_CONTEXT('2D SPACE',''
  ) );
#3478 = ORIENTED_EDGE('',*,*,#3479,.T.);
#3479 = EDGE_CURVE('',#3430,#3480,#3482,.T.);
#3480 = VERTEX_POINT('',#3481);
#3481 = CARTESIAN_POINT('',(452.17157287525,56.,-79.));
#3482 = SURFACE_CURVE('',#3483,(#3488,#3498),.PCURVE_S1.);
#3483 = ELLIPSE('',#3484,4.242640687119,3.);
#3484 = AXIS2_PLACEMENT_3D('',#3485,#3486,#3487);
#3485 = CARTESIAN_POINT('',(455.,55.,-80.));
#3486 = DIRECTION('',(-0.,0.707106781187,-0.707106781187));
#3487 = DIRECTION('',(0.,-0.707106781187,-0.707106781187));
#3488 = PCURVE('',#1300,#3489);
#3489 = DEFINITIONAL_REPRESENTATION('',(#3490),#3497);
#3490 = B_SPLINE_CURVE_WITH_KNOTS('',5,(#3491,#3492,#3493,#3494,#3495,
    #3496),.UNSPECIFIED.,.F.,.F.,(6,6),(1.570796226795,1.910633448382),
  .PIECEWISE_BEZIER_KNOTS.);
#3491 = CARTESIAN_POINT('',(-3.14159275359,3.000000106113E-07));
#3492 = CARTESIAN_POINT('',(-3.073625309272,-0.203902032952));
#3493 = CARTESIAN_POINT('',(-3.005657864955,-0.407804388716));
#3494 = CARTESIAN_POINT('',(-2.937690420638,-0.609744258664));
#3495 = CARTESIAN_POINT('',(-2.86972297632,-0.807759651314));
#3496 = CARTESIAN_POINT('',(-2.801755532003,-1.000000600002));
#3497 = ( GEOMETRIC_REPRESENTATION_CONTEXT(2) 
PARAMETRIC_REPRESENTATION_CONTEXT() REPRESENTATION_CONTEXT('2D SPACE',''
  ) );
#3498 = PCURVE('',#3152,#3499);
#3499 = DEFINITIONAL_REPRESENTATION('',(#3500),#3507);
#3500 = B_SPLINE_CURVE_WITH_KNOTS('',5,(#3501,#3502,#3503,#3504,#3505,
    #3506),.UNSPECIFIED.,.F.,.F.,(6,6),(1.570796226795,1.910633448382),
  .PIECEWISE_BEZIER_KNOTS.);
#3501 = CARTESIAN_POINT('',(-3.14159275359,-1.0000003));
#3502 = CARTESIAN_POINT('',(-3.073625309272,-0.796097967048));
#3503 = CARTESIAN_POINT('',(-3.005657864955,-0.592195611284));
#3504 = CARTESIAN_POINT('',(-2.937690420638,-0.390255741336));
#3505 = CARTESIAN_POINT('',(-2.86972297632,-0.192240348686));
#3506 = CARTESIAN_POINT('',(-2.801755532003,6.000024299624E-07));
#3507 = ( GEOMETRIC_REPRESENTATION_CONTEXT(2) 
PARAMETRIC_REPRESENTATION_CONTEXT() REPRESENTATION_CONTEXT('2D SPACE',''
  ) );
#3508 = ORIENTED_EDGE('',*,*,#3509,.T.);
#3509 = EDGE_CURVE('',#3480,#3510,#3512,.T.);
#3510 = VERTEX_POINT('',#3511);
#3511 = CARTESIAN_POINT('',(452.17157287525,56.,-80.));
#3512 = SURFACE_CURVE('',#3513,(#3517,#3523),.PCURVE_S1.);
#3513 = LINE('',#3514,#3515);
#3514 = CARTESIAN_POINT('',(452.17157287525,56.,-80.));
#3515 = VECTOR('',#3516,1.);
#3516 = DIRECTION('',(-0.,-0.,-1.));
#3517 = PCURVE('',#1300,#3518);
#3518 = DEFINITIONAL_REPRESENTATION('',(#3519),#3522);
#3519 = B_SPLINE_CURVE_WITH_KNOTS('',1,(#3520,#3521),.UNSPECIFIED.,.F.,
  .F.,(2,2),(-3.6,6.000000070117E-07),.PIECEWISE_BEZIER_KNOTS.);
#3520 = CARTESIAN_POINT('',(-2.801755744136,-3.6));
#3521 = CARTESIAN_POINT('',(-2.801755744136,6.000000070117E-07));
#3522 = ( GEOMETRIC_REPRESENTATION_CONTEXT(2) 
PARAMETRIC_REPRESENTATION_CONTEXT() REPRESENTATION_CONTEXT('2D SPACE',''
  ) );
#3523 = PCURVE('',#3121,#3524);
#3524 = DEFINITIONAL_REPRESENTATION('',(#3525),#3528);
#3525 = B_SPLINE_CURVE_WITH_KNOTS('',1,(#3526,#3527),.UNSPECIFIED.,.F.,
  .F.,(2,2),(-3.6,6.000000070117E-07),.PIECEWISE_BEZIER_KNOTS.);
#3526 = CARTESIAN_POINT('',(-3.6,-2.828427124746));
#3527 = CARTESIAN_POINT('',(6.000000070117E-07,-2.828427124746));
#3528 = ( GEOMETRIC_REPRESENTATION_CONTEXT(2) 
PARAMETRIC_REPRESENTATION_CONTEXT() REPRESENTATION_CONTEXT('2D SPACE',''
  ) );
#3529 = ORIENTED_EDGE('',*,*,#3530,.F.);
#3530 = EDGE_CURVE('',#3107,#3510,#3531,.T.);
#3531 = SURFACE_CURVE('',#3532,(#3537,#3544),.PCURVE_S1.);
#3532 = CIRCLE('',#3533,3.);
#3533 = AXIS2_PLACEMENT_3D('',#3534,#3535,#3536);
#3534 = CARTESIAN_POINT('',(455.,55.,-80.));
#3535 = DIRECTION('',(0.,0.,1.));
#3536 = DIRECTION('',(1.,0.,0.));
#3537 = PCURVE('',#1300,#3538);
#3538 = DEFINITIONAL_REPRESENTATION('',(#3539),#3543);
#3539 = LINE('',#3540,#3541);
#3540 = CARTESIAN_POINT('',(-0.,0.));
#3541 = VECTOR('',#3542,1.);
#3542 = DIRECTION('',(-1.,0.));
#3543 = ( GEOMETRIC_REPRESENTATION_CONTEXT(2) 
PARAMETRIC_REPRESENTATION_CONTEXT() REPRESENTATION_CONTEXT('2D SPACE',''
  ) );
#3544 = PCURVE('',#3545,#3550);
#3545 = PLANE('',#3546);
#3546 = AXIS2_PLACEMENT_3D('',#3547,#3548,#3549);
#3547 = CARTESIAN_POINT('',(455.,55.,-80.));
#3548 = DIRECTION('',(0.,0.,1.));
#3549 = DIRECTION('',(1.,0.,-0.));
#3550 = DEFINITIONAL_REPRESENTATION('',(#3551),#3555);
#3551 = CIRCLE('',#3552,3.);
#3552 = AXIS2_PLACEMENT_2D('',#3553,#3554);
#3553 = CARTESIAN_POINT('',(0.,7.105427357601E-15));
#3554 = DIRECTION('',(1.,0.));
#3555 = ( GEOMETRIC_REPRESENTATION_CONTEXT(2) 
PARAMETRIC_REPRESENTATION_CONTEXT() REPRESENTATION_CONTEXT('2D SPACE',''
  ) );
#3556 = FACE_BOUND('',#3557,.T.);
#3557 = EDGE_LOOP('',(#3558,#3559,#3560,#3561));
#3558 = ORIENTED_EDGE('',*,*,#1275,.T.);
#3559 = ORIENTED_EDGE('',*,*,#1390,.T.);
#3560 = ORIENTED_EDGE('',*,*,#1354,.T.);
#3561 = ORIENTED_EDGE('',*,*,#1318,.T.);
#3562 = ADVANCED_FACE('',(#3563),#1445,.F.);
#3563 = FACE_BOUND('',#3564,.T.);
#3564 = EDGE_LOOP('',(#3565,#3566,#3567));
#3565 = ORIENTED_EDGE('',*,*,#3046,.F.);
#3566 = ORIENTED_EDGE('',*,*,#1427,.T.);
#3567 = ORIENTED_EDGE('',*,*,#3568,.T.);
#3568 = EDGE_CURVE('',#1430,#3047,#3569,.T.);
#3569 = SURFACE_CURVE('',#3570,(#3575,#3582),.PCURVE_S1.);
#3570 = CIRCLE('',#3571,3.);
#3571 = AXIS2_PLACEMENT_3D('',#3572,#3573,#3574);
#3572 = CARTESIAN_POINT('',(481.,70.,-110.));
#3573 = DIRECTION('',(1.,0.,0.));
#3574 = DIRECTION('',(0.,1.,0.));
#3575 = PCURVE('',#1445,#3576);
#3576 = DEFINITIONAL_REPRESENTATION('',(#3577),#3581);
#3577 = LINE('',#3578,#3579);
#3578 = CARTESIAN_POINT('',(-0.,-62.));
#3579 = VECTOR('',#3580,1.);
#3580 = DIRECTION('',(-1.,0.));
#3581 = ( GEOMETRIC_REPRESENTATION_CONTEXT(2) 
PARAMETRIC_REPRESENTATION_CONTEXT() REPRESENTATION_CONTEXT('2D SPACE',''
  ) );
#3582 = PCURVE('',#1575,#3583);
#3583 = DEFINITIONAL_REPRESENTATION('',(#3584),#3588);
#3584 = CIRCLE('',#3585,3.);
#3585 = AXIS2_PLACEMENT_2D('',#3586,#3587);
#3586 = CARTESIAN_POINT('',(-1.42108547152E-14,0.));
#3587 = DIRECTION('',(0.,-1.));
#3588 = ( GEOMETRIC_REPRESENTATION_CONTEXT(2) 
PARAMETRIC_REPRESENTATION_CONTEXT() REPRESENTATION_CONTEXT('2D SPACE',''
  ) );
#3589 = ADVANCED_FACE('',(#3590),#1575,.F.);
#3590 = FACE_BOUND('',#3591,.F.);
#3591 = EDGE_LOOP('',(#3592,#3593,#3594,#3595,#3614));
#3592 = ORIENTED_EDGE('',*,*,#1560,.T.);
#3593 = ORIENTED_EDGE('',*,*,#3568,.T.);
#3594 = ORIENTED_EDGE('',*,*,#3076,.T.);
#3595 = ORIENTED_EDGE('',*,*,#3596,.F.);
#3596 = EDGE_CURVE('',#3002,#2803,#3597,.T.);
#3597 = SURFACE_CURVE('',#3598,(#3602,#3608),.PCURVE_S1.);
#3598 = LINE('',#3599,#3600);
#3599 = CARTESIAN_POINT('',(481.,70.,-110.));
#3600 = VECTOR('',#3601,1.);
#3601 = DIRECTION('',(0.,1.,0.));
#3602 = PCURVE('',#1575,#3603);
#3603 = DEFINITIONAL_REPRESENTATION('',(#3604),#3607);
#3604 = B_SPLINE_CURVE_WITH_KNOTS('',1,(#3605,#3606),.UNSPECIFIED.,.F.,
  .F.,(2,2),(-3.,3.),.PIECEWISE_BEZIER_KNOTS.);
#3605 = CARTESIAN_POINT('',(0.,3.));
#3606 = CARTESIAN_POINT('',(0.,-3.));
#3607 = ( GEOMETRIC_REPRESENTATION_CONTEXT(2) 
PARAMETRIC_REPRESENTATION_CONTEXT() REPRESENTATION_CONTEXT('2D SPACE',''
  ) );
#3608 = PCURVE('',#2819,#3609);
#3609 = DEFINITIONAL_REPRESENTATION('',(#3610),#3613);
#3610 = B_SPLINE_CURVE_WITH_KNOTS('',1,(#3611,#3612),.UNSPECIFIED.,.F.,
  .F.,(2,2),(-3.,3.),.PIECEWISE_BEZIER_KNOTS.);
#3611 = CARTESIAN_POINT('',(1.,-3.));
#3612 = CARTESIAN_POINT('',(1.,3.));
#3613 = ( GEOMETRIC_REPRESENTATION_CONTEXT(2) 
PARAMETRIC_REPRESENTATION_CONTEXT() REPRESENTATION_CONTEXT('2D SPACE',''
  ) );
#3614 = ORIENTED_EDGE('',*,*,#3025,.F.);
#3615 = ADVANCED_FACE('',(#3616),#1658,.F.);
#3616 = FACE_BOUND('',#3617,.F.);
#3617 = EDGE_LOOP('',(#3618,#3640,#3641,#3642,#3661));
#3618 = ORIENTED_EDGE('',*,*,#3619,.T.);
#3619 = EDGE_CURVE('',#2905,#1614,#3620,.T.);
#3620 = SURFACE_CURVE('',#3621,(#3626,#3633),.PCURVE_S1.);
#3621 = CIRCLE('',#3622,3.);
#3622 = AXIS2_PLACEMENT_3D('',#3623,#3624,#3625);
#3623 = CARTESIAN_POINT('',(481.,70.,110.));
#3624 = DIRECTION('',(1.,0.,0.));
#3625 = DIRECTION('',(0.,1.,0.));
#3626 = PCURVE('',#1658,#3627);
#3627 = DEFINITIONAL_REPRESENTATION('',(#3628),#3632);
#3628 = CIRCLE('',#3629,3.);
#3629 = AXIS2_PLACEMENT_2D('',#3630,#3631);
#3630 = CARTESIAN_POINT('',(1.42108547152E-14,0.));
#3631 = DIRECTION('',(0.,-1.));
#3632 = ( GEOMETRIC_REPRESENTATION_CONTEXT(2) 
PARAMETRIC_REPRESENTATION_CONTEXT() REPRESENTATION_CONTEXT('2D SPACE',''
  ) );
#3633 = PCURVE('',#1629,#3634);
#3634 = DEFINITIONAL_REPRESENTATION('',(#3635),#3639);
#3635 = LINE('',#3636,#3637);
#3636 = CARTESIAN_POINT('',(-0.,-62.));
#3637 = VECTOR('',#3638,1.);
#3638 = DIRECTION('',(-1.,0.));
#3639 = ( GEOMETRIC_REPRESENTATION_CONTEXT(2) 
PARAMETRIC_REPRESENTATION_CONTEXT() REPRESENTATION_CONTEXT('2D SPACE',''
  ) );
#3640 = ORIENTED_EDGE('',*,*,#1641,.T.);
#3641 = ORIENTED_EDGE('',*,*,#2956,.F.);
#3642 = ORIENTED_EDGE('',*,*,#3643,.T.);
#3643 = EDGE_CURVE('',#2957,#2876,#3644,.T.);
#3644 = SURFACE_CURVE('',#3645,(#3649,#3655),.PCURVE_S1.);
#3645 = LINE('',#3646,#3647);
#3646 = CARTESIAN_POINT('',(481.,70.,110.));
#3647 = VECTOR('',#3648,1.);
#3648 = DIRECTION('',(0.,1.,0.));
#3649 = PCURVE('',#1658,#3650);
#3650 = DEFINITIONAL_REPRESENTATION('',(#3651),#3654);
#3651 = B_SPLINE_CURVE_WITH_KNOTS('',1,(#3652,#3653),.UNSPECIFIED.,.F.,
  .F.,(2,2),(-3.,3.),.PIECEWISE_BEZIER_KNOTS.);
#3652 = CARTESIAN_POINT('',(2.84217094304E-14,3.));
#3653 = CARTESIAN_POINT('',(2.84217094304E-14,-3.));
#3654 = ( GEOMETRIC_REPRESENTATION_CONTEXT(2) 
PARAMETRIC_REPRESENTATION_CONTEXT() REPRESENTATION_CONTEXT('2D SPACE',''
  ) );
#3655 = PCURVE('',#2892,#3656);
#3656 = DEFINITIONAL_REPRESENTATION('',(#3657),#3660);
#3657 = B_SPLINE_CURVE_WITH_KNOTS('',1,(#3658,#3659),.UNSPECIFIED.,.F.,
  .F.,(2,2),(-3.,3.),.PIECEWISE_BEZIER_KNOTS.);
#3658 = CARTESIAN_POINT('',(1.,-3.));
#3659 = CARTESIAN_POINT('',(1.,3.));
#3660 = ( GEOMETRIC_REPRESENTATION_CONTEXT(2) 
PARAMETRIC_REPRESENTATION_CONTEXT() REPRESENTATION_CONTEXT('2D SPACE',''
  ) );
#3661 = ORIENTED_EDGE('',*,*,#2904,.T.);
#3662 = ADVANCED_FACE('',(#3663),#1629,.F.);
#3663 = FACE_BOUND('',#3664,.T.);
#3664 = EDGE_LOOP('',(#3665,#3666,#3667));
#3665 = ORIENTED_EDGE('',*,*,#1613,.F.);
#3666 = ORIENTED_EDGE('',*,*,#2925,.T.);
#3667 = ORIENTED_EDGE('',*,*,#3619,.T.);
#3668 = ADVANCED_FACE('',(#3669,#3672),#1814,.F.);
#3669 = FACE_BOUND('',#3670,.F.);
#3670 = EDGE_LOOP('',(#3671));
#3671 = ORIENTED_EDGE('',*,*,#1799,.T.);
#3672 = FACE_BOUND('',#3673,.F.);
#3673 = EDGE_LOOP('',(#3674));
#3674 = ORIENTED_EDGE('',*,*,#3675,.F.);
#3675 = EDGE_CURVE('',#3676,#3676,#3678,.T.);
#3676 = VERTEX_POINT('',#3677);
#3677 = CARTESIAN_POINT('',(450.,25.,-80.));
#3678 = SURFACE_CURVE('',#3679,(#3684,#3691),.PCURVE_S1.);
#3679 = CIRCLE('',#3680,25.);
#3680 = AXIS2_PLACEMENT_3D('',#3681,#3682,#3683);
#3681 = CARTESIAN_POINT('',(450.,0.,-80.));
#3682 = DIRECTION('',(1.,0.,0.));
#3683 = DIRECTION('',(0.,1.,0.));
#3684 = PCURVE('',#1814,#3685);
#3685 = DEFINITIONAL_REPRESENTATION('',(#3686),#3690);
#3686 = CIRCLE('',#3687,25.);
#3687 = AXIS2_PLACEMENT_2D('',#3688,#3689);
#3688 = CARTESIAN_POINT('',(0.,-2.500461956644E-15));
#3689 = DIRECTION('',(0.,-1.));
#3690 = ( GEOMETRIC_REPRESENTATION_CONTEXT(2) 
PARAMETRIC_REPRESENTATION_CONTEXT() REPRESENTATION_CONTEXT('2D SPACE',''
  ) );
#3691 = PCURVE('',#3692,#3697);
#3692 = CYLINDRICAL_SURFACE('',#3693,25.);
#3693 = AXIS2_PLACEMENT_3D('',#3694,#3695,#3696);
#3694 = CARTESIAN_POINT('',(450.,0.,-80.));
#3695 = DIRECTION('',(-1.,-0.,-0.));
#3696 = DIRECTION('',(0.,1.,0.));
#3697 = DEFINITIONAL_REPRESENTATION('',(#3698),#3702);
#3698 = LINE('',#3699,#3700);
#3699 = CARTESIAN_POINT('',(-0.,0.));
#3700 = VECTOR('',#3701,1.);
#3701 = DIRECTION('',(-1.,0.));
#3702 = ( GEOMETRIC_REPRESENTATION_CONTEXT(2) 
PARAMETRIC_REPRESENTATION_CONTEXT() REPRESENTATION_CONTEXT('2D SPACE',''
  ) );
#3703 = ADVANCED_FACE('',(#3704,#3707),#1869,.T.);
#3704 = FACE_BOUND('',#3705,.T.);
#3705 = EDGE_LOOP('',(#3706));
#3706 = ORIENTED_EDGE('',*,*,#2345,.T.);
#3707 = FACE_BOUND('',#3708,.T.);
#3708 = EDGE_LOOP('',(#3709));
#3709 = ORIENTED_EDGE('',*,*,#1854,.F.);
#3710 = ADVANCED_FACE('',(#3711,#3714),#1924,.F.);
#3711 = FACE_BOUND('',#3712,.F.);
#3712 = EDGE_LOOP('',(#3713));
#3713 = ORIENTED_EDGE('',*,*,#1909,.T.);
#3714 = FACE_BOUND('',#3715,.F.);
#3715 = EDGE_LOOP('',(#3716));
#3716 = ORIENTED_EDGE('',*,*,#3717,.F.);
#3717 = EDGE_CURVE('',#3718,#3718,#3720,.T.);
#3718 = VERTEX_POINT('',#3719);
#3719 = CARTESIAN_POINT('',(450.,25.,80.));
#3720 = SURFACE_CURVE('',#3721,(#3726,#3733),.PCURVE_S1.);
#3721 = CIRCLE('',#3722,25.);
#3722 = AXIS2_PLACEMENT_3D('',#3723,#3724,#3725);
#3723 = CARTESIAN_POINT('',(450.,0.,80.));
#3724 = DIRECTION('',(1.,0.,0.));
#3725 = DIRECTION('',(0.,1.,0.));
#3726 = PCURVE('',#1924,#3727);
#3727 = DEFINITIONAL_REPRESENTATION('',(#3728),#3732);
#3728 = CIRCLE('',#3729,25.);
#3729 = AXIS2_PLACEMENT_2D('',#3730,#3731);
#3730 = CARTESIAN_POINT('',(0.,-2.500461956644E-15));
#3731 = DIRECTION('',(0.,-1.));
#3732 = ( GEOMETRIC_REPRESENTATION_CONTEXT(2) 
PARAMETRIC_REPRESENTATION_CONTEXT() REPRESENTATION_CONTEXT('2D SPACE',''
  ) );
#3733 = PCURVE('',#3734,#3739);
#3734 = CYLINDRICAL_SURFACE('',#3735,25.);
#3735 = AXIS2_PLACEMENT_3D('',#3736,#3737,#3738);
#3736 = CARTESIAN_POINT('',(450.,0.,80.));
#3737 = DIRECTION('',(-1.,-0.,-0.));
#3738 = DIRECTION('',(0.,1.,0.));
#3739 = DEFINITIONAL_REPRESENTATION('',(#3740),#3744);
#3740 = LINE('',#3741,#3742);
#3741 = CARTESIAN_POINT('',(-0.,0.));
#3742 = VECTOR('',#3743,1.);
#3743 = DIRECTION('',(-1.,0.));
#3744 = ( GEOMETRIC_REPRESENTATION_CONTEXT(2) 
PARAMETRIC_REPRESENTATION_CONTEXT() REPRESENTATION_CONTEXT('2D SPACE',''
  ) );
#3745 = ADVANCED_FACE('',(#3746),#1980,.T.);
#3746 = FACE_BOUND('',#3747,.T.);
#3747 = EDGE_LOOP('',(#3748,#3749,#3750,#3751,#3752,#3753,#3754,#3755));
#3748 = ORIENTED_EDGE('',*,*,#2318,.T.);
#3749 = ORIENTED_EDGE('',*,*,#1963,.T.);
#3750 = ORIENTED_EDGE('',*,*,#2017,.T.);
#3751 = ORIENTED_EDGE('',*,*,#2067,.T.);
#3752 = ORIENTED_EDGE('',*,*,#2116,.T.);
#3753 = ORIENTED_EDGE('',*,*,#2166,.T.);
#3754 = ORIENTED_EDGE('',*,*,#2215,.T.);
#3755 = ORIENTED_EDGE('',*,*,#2287,.F.);
#3756 = ADVANCED_FACE('',(#3757),#2435,.T.);
#3757 = FACE_BOUND('',#3758,.T.);
#3758 = EDGE_LOOP('',(#3759,#3760,#3761,#3762,#3763,#3764,#3765,#3766));
#3759 = ORIENTED_EDGE('',*,*,#2472,.T.);
#3760 = ORIENTED_EDGE('',*,*,#2418,.T.);
#3761 = ORIENTED_EDGE('',*,*,#2521,.T.);
#3762 = ORIENTED_EDGE('',*,*,#2625,.T.);
#3763 = ORIENTED_EDGE('',*,*,#2723,.T.);
#3764 = ORIENTED_EDGE('',*,*,#2773,.T.);
#3765 = ORIENTED_EDGE('',*,*,#2674,.T.);
#3766 = ORIENTED_EDGE('',*,*,#2571,.F.);
#3767 = ADVANCED_FACE('',(#3768),#2819,.T.);
#3768 = FACE_BOUND('',#3769,.T.);
#3769 = EDGE_LOOP('',(#3770,#3771,#3772));
#3770 = ORIENTED_EDGE('',*,*,#3001,.T.);
#3771 = ORIENTED_EDGE('',*,*,#2800,.T.);
#3772 = ORIENTED_EDGE('',*,*,#3596,.F.);
#3773 = ADVANCED_FACE('',(#3774),#2892,.F.);
#3774 = FACE_BOUND('',#3775,.F.);
#3775 = EDGE_LOOP('',(#3776,#3777,#3778));
#3776 = ORIENTED_EDGE('',*,*,#2977,.T.);
#3777 = ORIENTED_EDGE('',*,*,#2875,.T.);
#3778 = ORIENTED_EDGE('',*,*,#3643,.F.);
#3779 = ADVANCED_FACE('',(#3780),#3121,.T.);
#3780 = FACE_BOUND('',#3781,.T.);
#3781 = EDGE_LOOP('',(#3782,#3806,#3828,#3829,#3848));
#3782 = ORIENTED_EDGE('',*,*,#3783,.T.);
#3783 = EDGE_CURVE('',#3480,#3784,#3786,.T.);
#3784 = VERTEX_POINT('',#3785);
#3785 = CARTESIAN_POINT('',(458.,56.,-80.));
#3786 = SURFACE_CURVE('',#3787,(#3792,#3799),.PCURVE_S1.);
#3787 = CIRCLE('',#3788,3.);
#3788 = AXIS2_PLACEMENT_3D('',#3789,#3790,#3791);
#3789 = CARTESIAN_POINT('',(455.,56.,-80.));
#3790 = DIRECTION('',(0.,-1.,0.));
#3791 = DIRECTION('',(1.,0.,0.));
#3792 = PCURVE('',#3121,#3793);
#3793 = DEFINITIONAL_REPRESENTATION('',(#3794),#3798);
#3794 = CIRCLE('',#3795,3.);
#3795 = AXIS2_PLACEMENT_2D('',#3796,#3797);
#3796 = CARTESIAN_POINT('',(0.,0.));
#3797 = DIRECTION('',(0.,1.));
#3798 = ( GEOMETRIC_REPRESENTATION_CONTEXT(2) 
PARAMETRIC_REPRESENTATION_CONTEXT() REPRESENTATION_CONTEXT('2D SPACE',''
  ) );
#3799 = PCURVE('',#3152,#3800);
#3800 = DEFINITIONAL_REPRESENTATION('',(#3801),#3805);
#3801 = LINE('',#3802,#3803);
#3802 = CARTESIAN_POINT('',(-0.,0.));
#3803 = VECTOR('',#3804,1.);
#3804 = DIRECTION('',(-1.,0.));
#3805 = ( GEOMETRIC_REPRESENTATION_CONTEXT(2) 
PARAMETRIC_REPRESENTATION_CONTEXT() REPRESENTATION_CONTEXT('2D SPACE',''
  ) );
#3806 = ORIENTED_EDGE('',*,*,#3807,.T.);
#3807 = EDGE_CURVE('',#3784,#3105,#3808,.T.);
#3808 = SURFACE_CURVE('',#3809,(#3814,#3821),.PCURVE_S1.);
#3809 = CIRCLE('',#3810,3.);
#3810 = AXIS2_PLACEMENT_3D('',#3811,#3812,#3813);
#3811 = CARTESIAN_POINT('',(455.,56.,-80.));
#3812 = DIRECTION('',(0.,-1.,0.));
#3813 = DIRECTION('',(1.,0.,0.));
#3814 = PCURVE('',#3121,#3815);
#3815 = DEFINITIONAL_REPRESENTATION('',(#3816),#3820);
#3816 = CIRCLE('',#3817,3.);
#3817 = AXIS2_PLACEMENT_2D('',#3818,#3819);
#3818 = CARTESIAN_POINT('',(0.,0.));
#3819 = DIRECTION('',(0.,1.));
#3820 = ( GEOMETRIC_REPRESENTATION_CONTEXT(2) 
PARAMETRIC_REPRESENTATION_CONTEXT() REPRESENTATION_CONTEXT('2D SPACE',''
  ) );
#3821 = PCURVE('',#3152,#3822);
#3822 = DEFINITIONAL_REPRESENTATION('',(#3823),#3827);
#3823 = LINE('',#3824,#3825);
#3824 = CARTESIAN_POINT('',(-0.,0.));
#3825 = VECTOR('',#3826,1.);
#3826 = DIRECTION('',(-1.,0.));
#3827 = ( GEOMETRIC_REPRESENTATION_CONTEXT(2) 
PARAMETRIC_REPRESENTATION_CONTEXT() REPRESENTATION_CONTEXT('2D SPACE',''
  ) );
#3828 = ORIENTED_EDGE('',*,*,#3104,.T.);
#3829 = ORIENTED_EDGE('',*,*,#3830,.F.);
#3830 = EDGE_CURVE('',#3510,#3107,#3831,.T.);
#3831 = SURFACE_CURVE('',#3832,(#3836,#3842),.PCURVE_S1.);
#3832 = LINE('',#3833,#3834);
#3833 = CARTESIAN_POINT('',(455.,56.,-80.));
#3834 = VECTOR('',#3835,1.);
#3835 = DIRECTION('',(1.,0.,0.));
#3836 = PCURVE('',#3121,#3837);
#3837 = DEFINITIONAL_REPRESENTATION('',(#3838),#3841);
#3838 = B_SPLINE_CURVE_WITH_KNOTS('',1,(#3839,#3840),.UNSPECIFIED.,.F.,
  .F.,(2,2),(-3.,3.),.PIECEWISE_BEZIER_KNOTS.);
#3839 = CARTESIAN_POINT('',(0.,-3.));
#3840 = CARTESIAN_POINT('',(0.,3.));
#3841 = ( GEOMETRIC_REPRESENTATION_CONTEXT(2) 
PARAMETRIC_REPRESENTATION_CONTEXT() REPRESENTATION_CONTEXT('2D SPACE',''
  ) );
#3842 = PCURVE('',#3545,#3843);
#3843 = DEFINITIONAL_REPRESENTATION('',(#3844),#3847);
#3844 = B_SPLINE_CURVE_WITH_KNOTS('',1,(#3845,#3846),.UNSPECIFIED.,.F.,
  .F.,(2,2),(-3.,3.),.PIECEWISE_BEZIER_KNOTS.);
#3845 = CARTESIAN_POINT('',(-3.,1.));
#3846 = CARTESIAN_POINT('',(3.,1.));
#3847 = ( GEOMETRIC_REPRESENTATION_CONTEXT(2) 
PARAMETRIC_REPRESENTATION_CONTEXT() REPRESENTATION_CONTEXT('2D SPACE',''
  ) );
#3848 = ORIENTED_EDGE('',*,*,#3509,.F.);
#3849 = ADVANCED_FACE('',(#3850),#3545,.T.);
#3850 = FACE_BOUND('',#3851,.T.);
#3851 = EDGE_LOOP('',(#3852,#3853));
#3852 = ORIENTED_EDGE('',*,*,#3830,.T.);
#3853 = ORIENTED_EDGE('',*,*,#3530,.T.);
#3854 = ADVANCED_FACE('',(#3855),#3152,.F.);
#3855 = FACE_BOUND('',#3856,.T.);
#3856 = EDGE_LOOP('',(#3857,#3858,#3859,#3860,#3861,#3862,#3883,#3906,
    #4010,#4112,#4113));
#3857 = ORIENTED_EDGE('',*,*,#3783,.F.);
#3858 = ORIENTED_EDGE('',*,*,#3479,.F.);
#3859 = ORIENTED_EDGE('',*,*,#3429,.F.);
#3860 = ORIENTED_EDGE('',*,*,#3132,.F.);
#3861 = ORIENTED_EDGE('',*,*,#3807,.F.);
#3862 = ORIENTED_EDGE('',*,*,#3863,.T.);
#3863 = EDGE_CURVE('',#3784,#3133,#3864,.T.);
#3864 = SEAM_CURVE('',#3865,(#3869,#3876),.PCURVE_S1.);
#3865 = LINE('',#3866,#3867);
#3866 = CARTESIAN_POINT('',(458.,56.,-80.));
#3867 = VECTOR('',#3868,1.);
#3868 = DIRECTION('',(0.,-1.,0.));
#3869 = PCURVE('',#3152,#3870);
#3870 = DEFINITIONAL_REPRESENTATION('',(#3871),#3875);
#3871 = LINE('',#3872,#3873);
#3872 = CARTESIAN_POINT('',(-0.,0.));
#3873 = VECTOR('',#3874,1.);
#3874 = DIRECTION('',(-0.,-1.));
#3875 = ( GEOMETRIC_REPRESENTATION_CONTEXT(2) 
PARAMETRIC_REPRESENTATION_CONTEXT() REPRESENTATION_CONTEXT('2D SPACE',''
  ) );
#3876 = PCURVE('',#3152,#3877);
#3877 = DEFINITIONAL_REPRESENTATION('',(#3878),#3882);
#3878 = LINE('',#3879,#3880);
#3879 = CARTESIAN_POINT('',(-6.28318530718,0.));
#3880 = VECTOR('',#3881,1.);
#3881 = DIRECTION('',(-0.,-1.));
#3882 = ( GEOMETRIC_REPRESENTATION_CONTEXT(2) 
PARAMETRIC_REPRESENTATION_CONTEXT() REPRESENTATION_CONTEXT('2D SPACE',''
  ) );
#3883 = ORIENTED_EDGE('',*,*,#3884,.T.);
#3884 = EDGE_CURVE('',#3133,#3885,#3887,.T.);
#3885 = VERTEX_POINT('',#3886);
#3886 = CARTESIAN_POINT('',(458.,25.,-80.));
#3887 = SEAM_CURVE('',#3888,(#3892,#3899),.PCURVE_S1.);
#3888 = LINE('',#3889,#3890);
#3889 = CARTESIAN_POINT('',(458.,56.,-80.));
#3890 = VECTOR('',#3891,1.);
#3891 = DIRECTION('',(0.,-1.,0.));
#3892 = PCURVE('',#3152,#3893);
#3893 = DEFINITIONAL_REPRESENTATION('',(#3894),#3898);
#3894 = LINE('',#3895,#3896);
#3895 = CARTESIAN_POINT('',(-0.,0.));
#3896 = VECTOR('',#3897,1.);
#3897 = DIRECTION('',(-0.,-1.));
#3898 = ( GEOMETRIC_REPRESENTATION_CONTEXT(2) 
PARAMETRIC_REPRESENTATION_CONTEXT() REPRESENTATION_CONTEXT('2D SPACE',''
  ) );
#3899 = PCURVE('',#3152,#3900);
#3900 = DEFINITIONAL_REPRESENTATION('',(#3901),#3905);
#3901 = LINE('',#3902,#3903);
#3902 = CARTESIAN_POINT('',(-6.28318530718,0.));
#3903 = VECTOR('',#3904,1.);
#3904 = DIRECTION('',(-0.,-1.));
#3905 = ( GEOMETRIC_REPRESENTATION_CONTEXT(2) 
PARAMETRIC_REPRESENTATION_CONTEXT() REPRESENTATION_CONTEXT('2D SPACE',''
  ) );
#3906 = ORIENTED_EDGE('',*,*,#3907,.T.);
#3907 = EDGE_CURVE('',#3885,#3908,#3910,.T.);
#3908 = VERTEX_POINT('',#3909);
#3909 = CARTESIAN_POINT('',(452.,25.,-80.));
#3910 = SURFACE_CURVE('',#3911,(#3942,#3976),.PCURVE_S1.);
#3911 = B_SPLINE_CURVE_WITH_KNOTS('',8,(#3912,#3913,#3914,#3915,#3916,
    #3917,#3918,#3919,#3920,#3921,#3922,#3923,#3924,#3925,#3926,#3927,
    #3928,#3929,#3930,#3931,#3932,#3933,#3934,#3935,#3936,#3937,#3938,
    #3939,#3940,#3941),.UNSPECIFIED.,.F.,.F.,(9,7,7,7,9),(0.,
    0.160071071178,0.368613448189,0.6916914104,1.),.UNSPECIFIED.);
#3912 = CARTESIAN_POINT('',(458.,25.,-80.));
#3913 = CARTESIAN_POINT('',(458.,25.,-79.77295417403));
#3914 = CARTESIAN_POINT('',(457.98036199064,24.997643889701,
    -79.5476975612));
#3915 = CARTESIAN_POINT('',(457.94162748954,24.992994610892,
    -79.326807269));
#3916 = CARTESIAN_POINT('',(457.88486098304,24.9862683524,
    -79.11276077702));
#3917 = CARTESIAN_POINT('',(457.81162914757,24.97781032035,
    -78.90784245101));
#3918 = CARTESIAN_POINT('',(457.72398388431,24.968057118389,
    -78.71405872417));
#3919 = CARTESIAN_POINT('',(457.62444916713,24.957485737875,
    -78.53306194545));
#3920 = CARTESIAN_POINT('',(457.3747381671,24.932300859811,
    -78.14854072542));
#3921 = CARTESIAN_POINT('',(457.21685260104,24.917282093216,
    -77.95247927612));
#3922 = CARTESIAN_POINT('',(457.04586332448,24.902221702705,
    -77.77760975551));
#3923 = CARTESIAN_POINT('',(456.86457078907,24.887712624303,
    -77.62337129964));
#3924 = CARTESIAN_POINT('',(456.67521981402,24.874207445288,
    -77.48907993147));
#3925 = CARTESIAN_POINT('',(456.47961294096,24.862039901209,
    -77.37403592615));
#3926 = CARTESIAN_POINT('',(456.2791931088,24.851453892937,
    -77.27760124742));
#3927 = CARTESIAN_POINT('',(455.75892474284,24.828938454292,
    -77.07788893316));
#3928 = CARTESIAN_POINT('',(455.433952569,24.819465223237,-76.9999476527
    ));
#3929 = CARTESIAN_POINT('',(455.10439326674,24.8148402618,
    -76.96349250977));
#3930 = CARTESIAN_POINT('',(454.7733770049,24.81533063911,
    -76.96759090913));
#3931 = CARTESIAN_POINT('',(454.44380876591,24.820953234616,
    -77.01222790454));
#3932 = CARTESIAN_POINT('',(454.11883648009,24.831487957062,
    -77.09825807003));
#3933 = CARTESIAN_POINT('',(453.80235947434,24.846393184661,
    -77.22735646474));
#3934 = CARTESIAN_POINT('',(453.21146276134,24.882040002815,
    -77.56851084105));
#3935 = CARTESIAN_POINT('',(452.92668460178,24.903032521486,
    -77.78175717148));
#3936 = CARTESIAN_POINT('',(452.65841038376,24.926656688713,
    -78.04460174906));
#3937 = CARTESIAN_POINT('',(452.41927522179,24.951027603451,
    -78.35691384285));
#3938 = CARTESIAN_POINT('',(452.22173297306,24.973392749946,
    -78.71571224434));
#3939 = CARTESIAN_POINT('',(452.07798400301,24.990641782564,
    -79.1153671715));
#3940 = CARTESIAN_POINT('',(452.,25.,-79.547551553));
#3941 = CARTESIAN_POINT('',(452.,25.,-80.));
#3942 = PCURVE('',#3152,#3943);
#3943 = DEFINITIONAL_REPRESENTATION('',(#3944),#3975);
#3944 = B_SPLINE_CURVE_WITH_KNOTS('',8,(#3945,#3946,#3947,#3948,#3949,
    #3950,#3951,#3952,#3953,#3954,#3955,#3956,#3957,#3958,#3959,#3960,
    #3961,#3962,#3963,#3964,#3965,#3966,#3967,#3968,#3969,#3970,#3971,
    #3972,#3973,#3974),.UNSPECIFIED.,.F.,.F.,(9,7,7,7,9),(0.,
    0.160071071178,0.368613448189,0.6916914104,1.),.UNSPECIFIED.);
#3945 = CARTESIAN_POINT('',(0.,-31.));
#3946 = CARTESIAN_POINT('',(-7.568194198774E-02,-31.));
#3947 = CARTESIAN_POINT('',(-0.150767405695,-31.00235611029));
#3948 = CARTESIAN_POINT('',(-0.225058285419,-31.0070053891));
#3949 = CARTESIAN_POINT('',(-0.29834480602,-31.0137316476));
#3950 = CARTESIAN_POINT('',(-0.370392358243,-31.02218967965));
#3951 = CARTESIAN_POINT('',(-0.440923066582,-31.03194288161));
#3952 = CARTESIAN_POINT('',(-0.509592089662,-31.04251426212));
#3953 = CARTESIAN_POINT('',(-0.662421752354,-31.06769914018));
#3954 = CARTESIAN_POINT('',(-0.745895692613,-31.08271790678));
#3955 = CARTESIAN_POINT('',(-0.826808774523,-31.09777829729));
#3956 = CARTESIAN_POINT('',(-0.905509882264,-31.11228737569));
#3957 = CARTESIAN_POINT('',(-0.982314282349,-31.12579255471));
#3958 = CARTESIAN_POINT('',(-1.057518494569,-31.13796009879));
#3959 = CARTESIAN_POINT('',(-1.131407454116,-31.14854610706));
#3960 = CARTESIAN_POINT('',(-1.317168405963,-31.1710615457));
#3961 = CARTESIAN_POINT('',(-1.427608192515,-31.18053477676));
#3962 = CARTESIAN_POINT('',(-1.536711721332,-31.1851597382));
#3963 = CARTESIAN_POINT('',(-1.645411114144,-31.18466936089));
#3964 = CARTESIAN_POINT('',(-1.754590961579,-31.17904676538));
#3965 = CARTESIAN_POINT('',(-1.865141175558,-31.16851204293));
#3966 = CARTESIAN_POINT('',(-1.978016886458,-31.15360681533));
#3967 = CARTESIAN_POINT('',(-2.205453137333,-31.11795999718));
#3968 = CARTESIAN_POINT('',(-2.323202934875,-31.09696747851));
#3969 = CARTESIAN_POINT('',(-2.446539659152,-31.07334331128));
#3970 = CARTESIAN_POINT('',(-2.574948218671,-31.04897239654));
#3971 = CARTESIAN_POINT('',(-2.708271483015,-31.02660725005));
#3972 = CARTESIAN_POINT('',(-2.846714679887,-31.00935821743));
#3973 = CARTESIAN_POINT('',(-2.990776504592,-31.));
#3974 = CARTESIAN_POINT('',(-3.14159265359,-31.));
#3975 = ( GEOMETRIC_REPRESENTATION_CONTEXT(2) 
PARAMETRIC_REPRESENTATION_CONTEXT() REPRESENTATION_CONTEXT('2D SPACE',''
  ) );
#3976 = PCURVE('',#3692,#3977);
#3977 = DEFINITIONAL_REPRESENTATION('',(#3978),#4009);
#3978 = B_SPLINE_CURVE_WITH_KNOTS('',8,(#3979,#3980,#3981,#3982,#3983,
    #3984,#3985,#3986,#3987,#3988,#3989,#3990,#3991,#3992,#3993,#3994,
    #3995,#3996,#3997,#3998,#3999,#4000,#4001,#4002,#4003,#4004,#4005,
    #4006,#4007,#4008),.UNSPECIFIED.,.F.,.F.,(9,7,7,7,9),(0.,
    0.160071071178,0.368613448189,0.6916914104,1.),.UNSPECIFIED.);
#3979 = CARTESIAN_POINT('',(0.,-8.));
#3980 = CARTESIAN_POINT('',(-9.081833038528E-03,-8.));
#3981 = CARTESIAN_POINT('',(-1.809209885184E-02,-7.980361990645));
#3982 = CARTESIAN_POINT('',(-2.692884765985E-02,-7.941627489542));
#3983 = CARTESIAN_POINT('',(-3.549406163433E-02,-7.88486098304));
#3984 = CARTESIAN_POINT('',(-4.369707147701E-02,-7.811629147574));
#3985 = CARTESIAN_POINT('',(-5.145779953395E-02,-7.723983884318));
#3986 = CARTESIAN_POINT('',(-5.870982944619E-02,-7.624449167136));
#3987 = CARTESIAN_POINT('',(-7.412363347939E-02,-7.374738167106));
#3988 = CARTESIAN_POINT('',(-8.198858671413E-02,-7.216852601047));
#3989 = CARTESIAN_POINT('',(-8.900879650532E-02,-7.045863324485));
#3990 = CARTESIAN_POINT('',(-9.520526997589E-02,-6.864570789073));
#3991 = CARTESIAN_POINT('',(-0.100603866674,-6.675219814025));
#3992 = CARTESIAN_POINT('',(-0.105231229631,-6.479612940963));
#3993 = CARTESIAN_POINT('',(-0.109111772226,-6.2791931088));
#3994 = CARTESIAN_POINT('',(-0.11715087202,-5.758924742845));
#3995 = CARTESIAN_POINT('',(-0.12029135207,-5.433952569));
#3996 = CARTESIAN_POINT('',(-0.121761266104,-5.104393266742));
#3997 = CARTESIAN_POINT('',(-0.121596192905,-4.773377004903));
#3998 = CARTESIAN_POINT('',(-0.119796549197,-4.443808765918));
#3999 = CARTESIAN_POINT('',(-0.116329670805,-4.118836480094));
#4000 = CARTESIAN_POINT('',(-0.111131732644,-3.802359474342));
#4001 = CARTESIAN_POINT('',(-9.741126593925E-02,-3.211462761344));
#4002 = CARTESIAN_POINT('',(-8.884033335233E-02,-2.926684601787));
#4003 = CARTESIAN_POINT('',(-7.828482476604E-02,-2.658410383764));
#4004 = CARTESIAN_POINT('',(-6.575620111115E-02,-2.419275221804));
#4005 = CARTESIAN_POINT('',(-5.138053487495E-02,-2.221732973064));
#4006 = CARTESIAN_POINT('',(-3.538531473867E-02,-2.077984003018));
#4007 = CARTESIAN_POINT('',(-1.809793787976E-02,-2.));
#4008 = CARTESIAN_POINT('',(0.,-2.));
#4009 = ( GEOMETRIC_REPRESENTATION_CONTEXT(2) 
PARAMETRIC_REPRESENTATION_CONTEXT() REPRESENTATION_CONTEXT('2D SPACE',''
  ) );
#4010 = ORIENTED_EDGE('',*,*,#4011,.T.);
#4011 = EDGE_CURVE('',#3908,#3885,#4012,.T.);
#4012 = SURFACE_CURVE('',#4013,(#4044,#4078),.PCURVE_S1.);
#4013 = B_SPLINE_CURVE_WITH_KNOTS('',8,(#4014,#4015,#4016,#4017,#4018,
    #4019,#4020,#4021,#4022,#4023,#4024,#4025,#4026,#4027,#4028,#4029,
    #4030,#4031,#4032,#4033,#4034,#4035,#4036,#4037,#4038,#4039,#4040,
    #4041,#4042,#4043),.UNSPECIFIED.,.F.,.F.,(9,7,7,7,9),(0.,
    0.160071072234,0.368613448984,0.691691410788,1.),.UNSPECIFIED.);
#4014 = CARTESIAN_POINT('',(452.,25.,-80.));
#4015 = CARTESIAN_POINT('',(452.,25.,-80.2270458242));
#4016 = CARTESIAN_POINT('',(452.01963800981,24.997643889654,
    -80.45230244122));
#4017 = CARTESIAN_POINT('',(452.0583725101,24.992994610928,
    -80.67319273126));
#4018 = CARTESIAN_POINT('',(452.11513901638,24.98626835246,
    -80.88723922088));
#4019 = CARTESIAN_POINT('',(452.18837085282,24.97781032031,
    -81.09215754887));
#4020 = CARTESIAN_POINT('',(452.27601611652,24.968057118303,
    -81.28594127806));
#4021 = CARTESIAN_POINT('',(452.37555083201,24.95748573796,
    -81.46693805323));
#4022 = CARTESIAN_POINT('',(452.62526183289,24.932300859811,
    -81.85145927457));
#4023 = CARTESIAN_POINT('',(452.78314739895,24.917282093216,
    -82.04752072387));
#4024 = CARTESIAN_POINT('',(452.95413667551,24.902221702705,
    -82.22239024448));
#4025 = CARTESIAN_POINT('',(453.13542921092,24.887712624303,
    -82.37662870035));
#4026 = CARTESIAN_POINT('',(453.32478018597,24.874207445288,
    -82.51092006852));
#4027 = CARTESIAN_POINT('',(453.52038705903,24.862039901209,
    -82.62596407384));
#4028 = CARTESIAN_POINT('',(453.7208068912,24.851453892937,
    -82.72239875257));
#4029 = CARTESIAN_POINT('',(454.24107525715,24.828938454292,
    -82.92211106683));
#4030 = CARTESIAN_POINT('',(454.566047431,24.819465223237,
    -83.00005234729));
#4031 = CARTESIAN_POINT('',(454.89560673325,24.8148402618,
    -83.03650749022));
#4032 = CARTESIAN_POINT('',(455.22662299509,24.81533063911,
    -83.03240909087));
#4033 = CARTESIAN_POINT('',(455.55619123408,24.820953234616,
    -82.98777209545));
#4034 = CARTESIAN_POINT('',(455.8811635199,24.831487957062,
    -82.90174192996));
#4035 = CARTESIAN_POINT('',(456.19764052565,24.846393184661,
    -82.77264353525));
#4036 = CARTESIAN_POINT('',(456.78853723865,24.882040002815,
    -82.43148915894));
#4037 = CARTESIAN_POINT('',(457.07331539821,24.903032521486,
    -82.21824282851));
#4038 = CARTESIAN_POINT('',(457.34158961622,24.926656688713,
    -81.95539825093));
#4039 = CARTESIAN_POINT('',(457.5807247782,24.951027603451,
    -81.64308615714));
#4040 = CARTESIAN_POINT('',(457.77826702693,24.973392749946,
    -81.28428775565));
#4041 = CARTESIAN_POINT('',(457.92201599698,24.990641782564,
    -80.88463282849));
#4042 = CARTESIAN_POINT('',(458.,25.,-80.45244844699));
#4043 = CARTESIAN_POINT('',(458.,25.,-80.));
#4044 = PCURVE('',#3152,#4045);
#4045 = DEFINITIONAL_REPRESENTATION('',(#4046),#4077);
#4046 = B_SPLINE_CURVE_WITH_KNOTS('',8,(#4047,#4048,#4049,#4050,#4051,
    #4052,#4053,#4054,#4055,#4056,#4057,#4058,#4059,#4060,#4061,#4062,
    #4063,#4064,#4065,#4066,#4067,#4068,#4069,#4070,#4071,#4072,#4073,
    #4074,#4075,#4076),.UNSPECIFIED.,.F.,.F.,(9,7,7,7,9),(0.,
    0.160071072234,0.368613448984,0.691691410788,1.),.UNSPECIFIED.);
#4047 = CARTESIAN_POINT('',(-3.14159265359,-31.));
#4048 = CARTESIAN_POINT('',(-3.217274594993,-31.));
#4049 = CARTESIAN_POINT('',(-3.292360060134,-31.00235611034));
#4050 = CARTESIAN_POINT('',(-3.366650939064,-31.00700538907));
#4051 = CARTESIAN_POINT('',(-3.43993745886,-31.01373164754));
#4052 = CARTESIAN_POINT('',(-3.511985011836,-31.02218967969));
#4053 = CARTESIAN_POINT('',(-3.582515720996,-31.03194288169));
#4054 = CARTESIAN_POINT('',(-3.65118474273,-31.04251426204));
#4055 = CARTESIAN_POINT('',(-3.804014405943,-31.06769914018));
#4056 = CARTESIAN_POINT('',(-3.887488346203,-31.08271790678));
#4057 = CARTESIAN_POINT('',(-3.968401428113,-31.09777829729));
#4058 = CARTESIAN_POINT('',(-4.047102535854,-31.11228737569));
#4059 = CARTESIAN_POINT('',(-4.123906935939,-31.12579255471));
#4060 = CARTESIAN_POINT('',(-4.199111148159,-31.13796009879));
#4061 = CARTESIAN_POINT('',(-4.273000107706,-31.14854610706));
#4062 = CARTESIAN_POINT('',(-4.458761059553,-31.1710615457));
#4063 = CARTESIAN_POINT('',(-4.569200846105,-31.18053477676));
#4064 = CARTESIAN_POINT('',(-4.678304374921,-31.1851597382));
#4065 = CARTESIAN_POINT('',(-4.787003767733,-31.18466936089));
#4066 = CARTESIAN_POINT('',(-4.896183615169,-31.17904676538));
#4067 = CARTESIAN_POINT('',(-5.006733829148,-31.16851204293));
#4068 = CARTESIAN_POINT('',(-5.119609540047,-31.15360681533));
#4069 = CARTESIAN_POINT('',(-5.347045790922,-31.11795999718));
#4070 = CARTESIAN_POINT('',(-5.464795588466,-31.09696747851));
#4071 = CARTESIAN_POINT('',(-5.588132312739,-31.07334331128));
#4072 = CARTESIAN_POINT('',(-5.716540872264,-31.04897239654));
#4073 = CARTESIAN_POINT('',(-5.849864136602,-31.02660725005));
#4074 = CARTESIAN_POINT('',(-5.988307333477,-31.00935821743));
#4075 = CARTESIAN_POINT('',(-6.132369158181,-31.));
#4076 = CARTESIAN_POINT('',(-6.28318530718,-31.));
#4077 = ( GEOMETRIC_REPRESENTATION_CONTEXT(2) 
PARAMETRIC_REPRESENTATION_CONTEXT() REPRESENTATION_CONTEXT('2D SPACE',''
  ) );
#4078 = PCURVE('',#3692,#4079);
#4079 = DEFINITIONAL_REPRESENTATION('',(#4080),#4111);
#4080 = B_SPLINE_CURVE_WITH_KNOTS('',8,(#4081,#4082,#4083,#4084,#4085,
    #4086,#4087,#4088,#4089,#4090,#4091,#4092,#4093,#4094,#4095,#4096,
    #4097,#4098,#4099,#4100,#4101,#4102,#4103,#4104,#4105,#4106,#4107,
    #4108,#4109,#4110),.UNSPECIFIED.,.F.,.F.,(9,7,7,7,9),(0.,
    0.160071072234,0.368613448984,0.691691410788,1.),.UNSPECIFIED.);
#4081 = CARTESIAN_POINT('',(-6.28318530718,-2.));
#4082 = CARTESIAN_POINT('',(-6.274103474211,-2.));
#4083 = CARTESIAN_POINT('',(-6.265093208231,-2.019638009811));
#4084 = CARTESIAN_POINT('',(-6.256256459509,-2.058372510107));
#4085 = CARTESIAN_POINT('',(-6.247691245629,-2.115139016381));
#4086 = CARTESIAN_POINT('',(-6.239488235707,-2.188370852822));
#4087 = CARTESIAN_POINT('',(-6.231727507556,-2.27601611652));
#4088 = CARTESIAN_POINT('',(-6.224475477786,-2.375550832012));
#4089 = CARTESIAN_POINT('',(-6.2090616737,-2.625261832894));
#4090 = CARTESIAN_POINT('',(-6.201196720465,-2.783147398954));
#4091 = CARTESIAN_POINT('',(-6.194176510674,-2.954136675514));
#4092 = CARTESIAN_POINT('',(-6.187980037204,-3.135429210927));
#4093 = CARTESIAN_POINT('',(-6.182581440506,-3.324780185975));
#4094 = CARTESIAN_POINT('',(-6.177954077549,-3.520387059038));
#4095 = CARTESIAN_POINT('',(-6.174073534954,-3.7208068912));
#4096 = CARTESIAN_POINT('',(-6.166034435159,-4.241075257155));
#4097 = CARTESIAN_POINT('',(-6.16289395511,-4.566047431001));
#4098 = CARTESIAN_POINT('',(-6.161424041076,-4.895606733257));
#4099 = CARTESIAN_POINT('',(-6.161589114275,-5.226622995096));
#4100 = CARTESIAN_POINT('',(-6.163388757983,-5.556191234082));
#4101 = CARTESIAN_POINT('',(-6.166855636375,-5.881163519906));
#4102 = CARTESIAN_POINT('',(-6.172053574536,-6.197640525658));
#4103 = CARTESIAN_POINT('',(-6.18577404124,-6.788537238654));
#4104 = CARTESIAN_POINT('',(-6.194344973827,-7.073315398218));
#4105 = CARTESIAN_POINT('',(-6.204900482413,-7.341589616228));
#4106 = CARTESIAN_POINT('',(-6.217429106069,-7.580724778204));
#4107 = CARTESIAN_POINT('',(-6.231804772305,-7.778267026931));
#4108 = CARTESIAN_POINT('',(-6.247799992441,-7.922015996984));
#4109 = CARTESIAN_POINT('',(-6.2650873693,-8.));
#4110 = CARTESIAN_POINT('',(-6.28318530718,-8.));
#4111 = ( GEOMETRIC_REPRESENTATION_CONTEXT(2) 
PARAMETRIC_REPRESENTATION_CONTEXT() REPRESENTATION_CONTEXT('2D SPACE',''
  ) );
#4112 = ORIENTED_EDGE('',*,*,#3884,.F.);
#4113 = ORIENTED_EDGE('',*,*,#3863,.F.);
#4114 = ADVANCED_FACE('',(#4115),#3342,.F.);
#4115 = FACE_BOUND('',#4116,.T.);
#4116 = EDGE_LOOP('',(#4117,#4141,#4162,#4185,#4289,#4391,#4392,#4393,
    #4394));
#4117 = ORIENTED_EDGE('',*,*,#4118,.F.);
#4118 = EDGE_CURVE('',#4119,#3302,#4121,.T.);
#4119 = VERTEX_POINT('',#4120);
#4120 = CARTESIAN_POINT('',(458.,56.,80.));
#4121 = SURFACE_CURVE('',#4122,(#4127,#4134),.PCURVE_S1.);
#4122 = CIRCLE('',#4123,3.);
#4123 = AXIS2_PLACEMENT_3D('',#4124,#4125,#4126);
#4124 = CARTESIAN_POINT('',(455.,56.,80.));
#4125 = DIRECTION('',(0.,-1.,0.));
#4126 = DIRECTION('',(1.,0.,0.));
#4127 = PCURVE('',#3342,#4128);
#4128 = DEFINITIONAL_REPRESENTATION('',(#4129),#4133);
#4129 = LINE('',#4130,#4131);
#4130 = CARTESIAN_POINT('',(-0.,0.));
#4131 = VECTOR('',#4132,1.);
#4132 = DIRECTION('',(-1.,0.));
#4133 = ( GEOMETRIC_REPRESENTATION_CONTEXT(2) 
PARAMETRIC_REPRESENTATION_CONTEXT() REPRESENTATION_CONTEXT('2D SPACE',''
  ) );
#4134 = PCURVE('',#3261,#4135);
#4135 = DEFINITIONAL_REPRESENTATION('',(#4136),#4140);
#4136 = CIRCLE('',#4137,3.);
#4137 = AXIS2_PLACEMENT_2D('',#4138,#4139);
#4138 = CARTESIAN_POINT('',(0.,0.));
#4139 = DIRECTION('',(0.,1.));
#4140 = ( GEOMETRIC_REPRESENTATION_CONTEXT(2) 
PARAMETRIC_REPRESENTATION_CONTEXT() REPRESENTATION_CONTEXT('2D SPACE',''
  ) );
#4141 = ORIENTED_EDGE('',*,*,#4142,.T.);
#4142 = EDGE_CURVE('',#4119,#3189,#4143,.T.);
#4143 = SURFACE_CURVE('',#4144,(#4148,#4155),.PCURVE_S1.);
#4144 = LINE('',#4145,#4146);
#4145 = CARTESIAN_POINT('',(458.,56.,80.));
#4146 = VECTOR('',#4147,1.);
#4147 = DIRECTION('',(0.,-1.,0.));
#4148 = PCURVE('',#3342,#4149);
#4149 = DEFINITIONAL_REPRESENTATION('',(#4150),#4154);
#4150 = LINE('',#4151,#4152);
#4151 = CARTESIAN_POINT('',(-0.,0.));
#4152 = VECTOR('',#4153,1.);
#4153 = DIRECTION('',(-0.,-1.));
#4154 = ( GEOMETRIC_REPRESENTATION_CONTEXT(2) 
PARAMETRIC_REPRESENTATION_CONTEXT() REPRESENTATION_CONTEXT('2D SPACE',''
  ) );
#4155 = PCURVE('',#3231,#4156);
#4156 = DEFINITIONAL_REPRESENTATION('',(#4157),#4161);
#4157 = LINE('',#4158,#4159);
#4158 = CARTESIAN_POINT('',(-6.28318530718,0.));
#4159 = VECTOR('',#4160,1.);
#4160 = DIRECTION('',(-0.,-1.));
#4161 = ( GEOMETRIC_REPRESENTATION_CONTEXT(2) 
PARAMETRIC_REPRESENTATION_CONTEXT() REPRESENTATION_CONTEXT('2D SPACE',''
  ) );
#4162 = ORIENTED_EDGE('',*,*,#4163,.T.);
#4163 = EDGE_CURVE('',#3189,#4164,#4166,.T.);
#4164 = VERTEX_POINT('',#4165);
#4165 = CARTESIAN_POINT('',(458.,25.,80.));
#4166 = SEAM_CURVE('',#4167,(#4171,#4178),.PCURVE_S1.);
#4167 = LINE('',#4168,#4169);
#4168 = CARTESIAN_POINT('',(458.,56.,80.));
#4169 = VECTOR('',#4170,1.);
#4170 = DIRECTION('',(0.,-1.,0.));
#4171 = PCURVE('',#3342,#4172);
#4172 = DEFINITIONAL_REPRESENTATION('',(#4173),#4177);
#4173 = LINE('',#4174,#4175);
#4174 = CARTESIAN_POINT('',(-0.,0.));
#4175 = VECTOR('',#4176,1.);
#4176 = DIRECTION('',(-0.,-1.));
#4177 = ( GEOMETRIC_REPRESENTATION_CONTEXT(2) 
PARAMETRIC_REPRESENTATION_CONTEXT() REPRESENTATION_CONTEXT('2D SPACE',''
  ) );
#4178 = PCURVE('',#3342,#4179);
#4179 = DEFINITIONAL_REPRESENTATION('',(#4180),#4184);
#4180 = LINE('',#4181,#4182);
#4181 = CARTESIAN_POINT('',(-6.28318530718,0.));
#4182 = VECTOR('',#4183,1.);
#4183 = DIRECTION('',(-0.,-1.));
#4184 = ( GEOMETRIC_REPRESENTATION_CONTEXT(2) 
PARAMETRIC_REPRESENTATION_CONTEXT() REPRESENTATION_CONTEXT('2D SPACE',''
  ) );
#4185 = ORIENTED_EDGE('',*,*,#4186,.T.);
#4186 = EDGE_CURVE('',#4164,#4187,#4189,.T.);
#4187 = VERTEX_POINT('',#4188);
#4188 = CARTESIAN_POINT('',(452.,25.,80.));
#4189 = SURFACE_CURVE('',#4190,(#4221,#4255),.PCURVE_S1.);
#4190 = B_SPLINE_CURVE_WITH_KNOTS('',8,(#4191,#4192,#4193,#4194,#4195,
    #4196,#4197,#4198,#4199,#4200,#4201,#4202,#4203,#4204,#4205,#4206,
    #4207,#4208,#4209,#4210,#4211,#4212,#4213,#4214,#4215,#4216,#4217,
    #4218,#4219,#4220),.UNSPECIFIED.,.F.,.F.,(9,7,7,7,9),(0.,
    0.160071071178,0.368613448189,0.6916914104,1.),.UNSPECIFIED.);
#4191 = CARTESIAN_POINT('',(458.,25.,80.));
#4192 = CARTESIAN_POINT('',(458.,25.,80.227045825963));
#4193 = CARTESIAN_POINT('',(457.98036199064,24.997643889701,
    80.452302438799));
#4194 = CARTESIAN_POINT('',(457.94162748954,24.992994610892,
    80.673192730992));
#4195 = CARTESIAN_POINT('',(457.88486098304,24.9862683524,
    80.887239222977));
#4196 = CARTESIAN_POINT('',(457.81162914757,24.97781032035,
    81.092157548986));
#4197 = CARTESIAN_POINT('',(457.72398388431,24.968057118389,
    81.285941275824));
#4198 = CARTESIAN_POINT('',(457.62444916713,24.957485737875,
    81.466938054544));
#4199 = CARTESIAN_POINT('',(457.3747381671,24.932300859811,
    81.851459274571));
#4200 = CARTESIAN_POINT('',(457.21685260104,24.917282093216,
    82.047520723878));
#4201 = CARTESIAN_POINT('',(457.04586332448,24.902221702705,
    82.222390244482));
#4202 = CARTESIAN_POINT('',(456.86457078907,24.887712624303,
    82.376628700353));
#4203 = CARTESIAN_POINT('',(456.67521981402,24.874207445288,
    82.510920068524));
#4204 = CARTESIAN_POINT('',(456.47961294096,24.862039901209,
    82.625964073845));
#4205 = CARTESIAN_POINT('',(456.2791931088,24.851453892937,
    82.722398752578));
#4206 = CARTESIAN_POINT('',(455.75892474284,24.828938454292,
    82.922111066834));
#4207 = CARTESIAN_POINT('',(455.433952569,24.819465223237,
    83.000052347293));
#4208 = CARTESIAN_POINT('',(455.10439326674,24.8148402618,
    83.036507490227));
#4209 = CARTESIAN_POINT('',(454.7733770049,24.81533063911,83.03240909087
    ));
#4210 = CARTESIAN_POINT('',(454.44380876591,24.820953234616,
    82.987772095455));
#4211 = CARTESIAN_POINT('',(454.11883648009,24.831487957062,
    82.901741929962));
#4212 = CARTESIAN_POINT('',(453.80235947434,24.846393184661,
    82.772643535257));
#4213 = CARTESIAN_POINT('',(453.21146276134,24.882040002815,
    82.431489158944));
#4214 = CARTESIAN_POINT('',(452.92668460178,24.903032521486,
    82.218242828515));
#4215 = CARTESIAN_POINT('',(452.65841038376,24.926656688713,
    81.955398250933));
#4216 = CARTESIAN_POINT('',(452.41927522179,24.951027603451,
    81.643086157144));
#4217 = CARTESIAN_POINT('',(452.22173297306,24.973392749946,
    81.284287755654));
#4218 = CARTESIAN_POINT('',(452.07798400301,24.990641782564,
    80.884632828493));
#4219 = CARTESIAN_POINT('',(452.,25.,80.452448446994));
#4220 = CARTESIAN_POINT('',(452.,25.,80.));
#4221 = PCURVE('',#3342,#4222);
#4222 = DEFINITIONAL_REPRESENTATION('',(#4223),#4254);
#4223 = B_SPLINE_CURVE_WITH_KNOTS('',8,(#4224,#4225,#4226,#4227,#4228,
    #4229,#4230,#4231,#4232,#4233,#4234,#4235,#4236,#4237,#4238,#4239,
    #4240,#4241,#4242,#4243,#4244,#4245,#4246,#4247,#4248,#4249,#4250,
    #4251,#4252,#4253),.UNSPECIFIED.,.F.,.F.,(9,7,7,7,9),(0.,
    0.160071071178,0.368613448189,0.6916914104,1.),.UNSPECIFIED.);
#4224 = CARTESIAN_POINT('',(0.,-31.));
#4225 = CARTESIAN_POINT('',(-7.568194198774E-02,-31.));
#4226 = CARTESIAN_POINT('',(-0.150767405695,-31.00235611029));
#4227 = CARTESIAN_POINT('',(-0.225058285419,-31.0070053891));
#4228 = CARTESIAN_POINT('',(-0.29834480602,-31.0137316476));
#4229 = CARTESIAN_POINT('',(-0.370392358243,-31.02218967965));
#4230 = CARTESIAN_POINT('',(-0.440923066582,-31.03194288161));
#4231 = CARTESIAN_POINT('',(-0.509592089662,-31.04251426212));
#4232 = CARTESIAN_POINT('',(-0.662421752354,-31.06769914018));
#4233 = CARTESIAN_POINT('',(-0.745895692613,-31.08271790678));
#4234 = CARTESIAN_POINT('',(-0.826808774523,-31.09777829729));
#4235 = CARTESIAN_POINT('',(-0.905509882264,-31.11228737569));
#4236 = CARTESIAN_POINT('',(-0.982314282349,-31.12579255471));
#4237 = CARTESIAN_POINT('',(-1.057518494569,-31.13796009879));
#4238 = CARTESIAN_POINT('',(-1.131407454116,-31.14854610706));
#4239 = CARTESIAN_POINT('',(-1.317168405963,-31.1710615457));
#4240 = CARTESIAN_POINT('',(-1.427608192515,-31.18053477676));
#4241 = CARTESIAN_POINT('',(-1.536711721332,-31.1851597382));
#4242 = CARTESIAN_POINT('',(-1.645411114144,-31.18466936089));
#4243 = CARTESIAN_POINT('',(-1.754590961579,-31.17904676538));
#4244 = CARTESIAN_POINT('',(-1.865141175558,-31.16851204293));
#4245 = CARTESIAN_POINT('',(-1.978016886458,-31.15360681533));
#4246 = CARTESIAN_POINT('',(-2.205453137333,-31.11795999718));
#4247 = CARTESIAN_POINT('',(-2.323202934875,-31.09696747851));
#4248 = CARTESIAN_POINT('',(-2.446539659152,-31.07334331128));
#4249 = CARTESIAN_POINT('',(-2.574948218671,-31.04897239654));
#4250 = CARTESIAN_POINT('',(-2.708271483015,-31.02660725005));
#4251 = CARTESIAN_POINT('',(-2.846714679887,-31.00935821743));
#4252 = CARTESIAN_POINT('',(-2.990776504592,-31.));
#4253 = CARTESIAN_POINT('',(-3.14159265359,-31.));
#4254 = ( GEOMETRIC_REPRESENTATION_CONTEXT(2) 
PARAMETRIC_REPRESENTATION_CONTEXT() REPRESENTATION_CONTEXT('2D SPACE',''
  ) );
#4255 = PCURVE('',#3734,#4256);
#4256 = DEFINITIONAL_REPRESENTATION('',(#4257),#4288);
#4257 = B_SPLINE_CURVE_WITH_KNOTS('',8,(#4258,#4259,#4260,#4261,#4262,
    #4263,#4264,#4265,#4266,#4267,#4268,#4269,#4270,#4271,#4272,#4273,
    #4274,#4275,#4276,#4277,#4278,#4279,#4280,#4281,#4282,#4283,#4284,
    #4285,#4286,#4287),.UNSPECIFIED.,.F.,.F.,(9,7,7,7,9),(0.,
    0.160071071178,0.368613448189,0.6916914104,1.),.UNSPECIFIED.);
#4258 = CARTESIAN_POINT('',(0.,-8.));
#4259 = CARTESIAN_POINT('',(-9.081833038528E-03,-8.));
#4260 = CARTESIAN_POINT('',(-1.809209885184E-02,-7.980361990645));
#4261 = CARTESIAN_POINT('',(-2.692884765985E-02,-7.941627489542));
#4262 = CARTESIAN_POINT('',(-3.549406163433E-02,-7.88486098304));
#4263 = CARTESIAN_POINT('',(-4.369707147701E-02,-7.811629147574));
#4264 = CARTESIAN_POINT('',(-5.145779953395E-02,-7.723983884318));
#4265 = CARTESIAN_POINT('',(-5.870982944619E-02,-7.624449167136));
#4266 = CARTESIAN_POINT('',(-7.412363347939E-02,-7.374738167106));
#4267 = CARTESIAN_POINT('',(-8.198858671413E-02,-7.216852601047));
#4268 = CARTESIAN_POINT('',(-8.900879650532E-02,-7.045863324485));
#4269 = CARTESIAN_POINT('',(-9.520526997589E-02,-6.864570789073));
#4270 = CARTESIAN_POINT('',(-0.100603866674,-6.675219814025));
#4271 = CARTESIAN_POINT('',(-0.105231229631,-6.479612940963));
#4272 = CARTESIAN_POINT('',(-0.109111772226,-6.2791931088));
#4273 = CARTESIAN_POINT('',(-0.11715087202,-5.758924742845));
#4274 = CARTESIAN_POINT('',(-0.12029135207,-5.433952569));
#4275 = CARTESIAN_POINT('',(-0.121761266104,-5.104393266742));
#4276 = CARTESIAN_POINT('',(-0.121596192905,-4.773377004903));
#4277 = CARTESIAN_POINT('',(-0.119796549197,-4.443808765918));
#4278 = CARTESIAN_POINT('',(-0.116329670805,-4.118836480094));
#4279 = CARTESIAN_POINT('',(-0.111131732644,-3.802359474342));
#4280 = CARTESIAN_POINT('',(-9.741126593925E-02,-3.211462761344));
#4281 = CARTESIAN_POINT('',(-8.884033335233E-02,-2.926684601787));
#4282 = CARTESIAN_POINT('',(-7.828482476604E-02,-2.658410383764));
#4283 = CARTESIAN_POINT('',(-6.575620111115E-02,-2.419275221804));
#4284 = CARTESIAN_POINT('',(-5.138053487495E-02,-2.221732973064));
#4285 = CARTESIAN_POINT('',(-3.538531473867E-02,-2.077984003018));
#4286 = CARTESIAN_POINT('',(-1.809793787976E-02,-2.));
#4287 = CARTESIAN_POINT('',(0.,-2.));
#4288 = ( GEOMETRIC_REPRESENTATION_CONTEXT(2) 
PARAMETRIC_REPRESENTATION_CONTEXT() REPRESENTATION_CONTEXT('2D SPACE',''
  ) );
#4289 = ORIENTED_EDGE('',*,*,#4290,.T.);
#4290 = EDGE_CURVE('',#4187,#4164,#4291,.T.);
#4291 = SURFACE_CURVE('',#4292,(#4323,#4357),.PCURVE_S1.);
#4292 = B_SPLINE_CURVE_WITH_KNOTS('',8,(#4293,#4294,#4295,#4296,#4297,
    #4298,#4299,#4300,#4301,#4302,#4303,#4304,#4305,#4306,#4307,#4308,
    #4309,#4310,#4311,#4312,#4313,#4314,#4315,#4316,#4317,#4318,#4319,
    #4320,#4321,#4322),.UNSPECIFIED.,.F.,.F.,(9,7,7,7,9),(0.,
    0.160071072234,0.368613448984,0.691691410788,1.),.UNSPECIFIED.);
#4293 = CARTESIAN_POINT('',(452.,25.,80.));
#4294 = CARTESIAN_POINT('',(452.,25.,79.772954175791));
#4295 = CARTESIAN_POINT('',(452.01963800981,24.997643889654,
    79.547697558774));
#4296 = CARTESIAN_POINT('',(452.0583725101,24.992994610928,
    79.326807268739));
#4297 = CARTESIAN_POINT('',(452.11513901638,24.98626835246,
    79.112760779114));
#4298 = CARTESIAN_POINT('',(452.18837085282,24.97781032031,
    78.907842451124));
#4299 = CARTESIAN_POINT('',(452.27601611652,24.968057118303,
    78.714058721937));
#4300 = CARTESIAN_POINT('',(452.37555083201,24.95748573796,
    78.533061946767));
#4301 = CARTESIAN_POINT('',(452.62526183289,24.932300859811,
    78.148540725429));
#4302 = CARTESIAN_POINT('',(452.78314739895,24.917282093216,
    77.952479276122));
#4303 = CARTESIAN_POINT('',(452.95413667551,24.902221702705,
    77.777609755518));
#4304 = CARTESIAN_POINT('',(453.13542921092,24.887712624303,
    77.623371299647));
#4305 = CARTESIAN_POINT('',(453.32478018597,24.874207445288,
    77.489079931476));
#4306 = CARTESIAN_POINT('',(453.52038705903,24.862039901209,
    77.374035926155));
#4307 = CARTESIAN_POINT('',(453.7208068912,24.851453892937,
    77.277601247422));
#4308 = CARTESIAN_POINT('',(454.24107525715,24.828938454292,
    77.077888933166));
#4309 = CARTESIAN_POINT('',(454.566047431,24.819465223237,
    76.999947652706));
#4310 = CARTESIAN_POINT('',(454.89560673325,24.8148402618,
    76.963492509774));
#4311 = CARTESIAN_POINT('',(455.22662299509,24.81533063911,
    76.96759090913));
#4312 = CARTESIAN_POINT('',(455.55619123408,24.820953234616,
    77.012227904545));
#4313 = CARTESIAN_POINT('',(455.8811635199,24.831487957062,
    77.098258070038));
#4314 = CARTESIAN_POINT('',(456.19764052565,24.846393184661,
    77.227356464743));
#4315 = CARTESIAN_POINT('',(456.78853723865,24.882040002815,
    77.568510841055));
#4316 = CARTESIAN_POINT('',(457.07331539821,24.903032521486,
    77.781757171487));
#4317 = CARTESIAN_POINT('',(457.34158961622,24.926656688713,
    78.044601749064));
#4318 = CARTESIAN_POINT('',(457.5807247782,24.951027603451,
    78.35691384286));
#4319 = CARTESIAN_POINT('',(457.77826702693,24.973392749946,
    78.715712244343));
#4320 = CARTESIAN_POINT('',(457.92201599698,24.990641782564,
    79.115367171509));
#4321 = CARTESIAN_POINT('',(458.,25.,79.547551553005));
#4322 = CARTESIAN_POINT('',(458.,25.,80.));
#4323 = PCURVE('',#3342,#4324);
#4324 = DEFINITIONAL_REPRESENTATION('',(#4325),#4356);
#4325 = B_SPLINE_CURVE_WITH_KNOTS('',8,(#4326,#4327,#4328,#4329,#4330,
    #4331,#4332,#4333,#4334,#4335,#4336,#4337,#4338,#4339,#4340,#4341,
    #4342,#4343,#4344,#4345,#4346,#4347,#4348,#4349,#4350,#4351,#4352,
    #4353,#4354,#4355),.UNSPECIFIED.,.F.,.F.,(9,7,7,7,9),(0.,
    0.160071072234,0.368613448984,0.691691410788,1.),.UNSPECIFIED.);
#4326 = CARTESIAN_POINT('',(-3.14159265359,-31.));
#4327 = CARTESIAN_POINT('',(-3.217274594993,-31.));
#4328 = CARTESIAN_POINT('',(-3.292360060134,-31.00235611034));
#4329 = CARTESIAN_POINT('',(-3.366650939064,-31.00700538907));
#4330 = CARTESIAN_POINT('',(-3.43993745886,-31.01373164754));
#4331 = CARTESIAN_POINT('',(-3.511985011836,-31.02218967969));
#4332 = CARTESIAN_POINT('',(-3.582515720996,-31.03194288169));
#4333 = CARTESIAN_POINT('',(-3.65118474273,-31.04251426204));
#4334 = CARTESIAN_POINT('',(-3.804014405943,-31.06769914018));
#4335 = CARTESIAN_POINT('',(-3.887488346203,-31.08271790678));
#4336 = CARTESIAN_POINT('',(-3.968401428113,-31.09777829729));
#4337 = CARTESIAN_POINT('',(-4.047102535854,-31.11228737569));
#4338 = CARTESIAN_POINT('',(-4.123906935939,-31.12579255471));
#4339 = CARTESIAN_POINT('',(-4.199111148159,-31.13796009879));
#4340 = CARTESIAN_POINT('',(-4.273000107706,-31.14854610706));
#4341 = CARTESIAN_POINT('',(-4.458761059553,-31.1710615457));
#4342 = CARTESIAN_POINT('',(-4.569200846105,-31.18053477676));
#4343 = CARTESIAN_POINT('',(-4.678304374921,-31.1851597382));
#4344 = CARTESIAN_POINT('',(-4.787003767733,-31.18466936089));
#4345 = CARTESIAN_POINT('',(-4.896183615169,-31.17904676538));
#4346 = CARTESIAN_POINT('',(-5.006733829148,-31.16851204293));
#4347 = CARTESIAN_POINT('',(-5.119609540047,-31.15360681533));
#4348 = CARTESIAN_POINT('',(-5.347045790922,-31.11795999718));
#4349 = CARTESIAN_POINT('',(-5.464795588466,-31.09696747851));
#4350 = CARTESIAN_POINT('',(-5.588132312739,-31.07334331128));
#4351 = CARTESIAN_POINT('',(-5.716540872264,-31.04897239654));
#4352 = CARTESIAN_POINT('',(-5.849864136602,-31.02660725005));
#4353 = CARTESIAN_POINT('',(-5.988307333477,-31.00935821743));
#4354 = CARTESIAN_POINT('',(-6.132369158181,-31.));
#4355 = CARTESIAN_POINT('',(-6.28318530718,-31.));
#4356 = ( GEOMETRIC_REPRESENTATION_CONTEXT(2) 
PARAMETRIC_REPRESENTATION_CONTEXT() REPRESENTATION_CONTEXT('2D SPACE',''
  ) );
#4357 = PCURVE('',#3734,#4358);
#4358 = DEFINITIONAL_REPRESENTATION('',(#4359),#4390);
#4359 = B_SPLINE_CURVE_WITH_KNOTS('',8,(#4360,#4361,#4362,#4363,#4364,
    #4365,#4366,#4367,#4368,#4369,#4370,#4371,#4372,#4373,#4374,#4375,
    #4376,#4377,#4378,#4379,#4380,#4381,#4382,#4383,#4384,#4385,#4386,
    #4387,#4388,#4389),.UNSPECIFIED.,.F.,.F.,(9,7,7,7,9),(0.,
    0.160071072234,0.368613448984,0.691691410788,1.),.UNSPECIFIED.);
#4360 = CARTESIAN_POINT('',(-6.28318530718,-2.));
#4361 = CARTESIAN_POINT('',(-6.274103474211,-2.));
#4362 = CARTESIAN_POINT('',(-6.265093208231,-2.019638009811));
#4363 = CARTESIAN_POINT('',(-6.256256459509,-2.058372510107));
#4364 = CARTESIAN_POINT('',(-6.247691245629,-2.115139016381));
#4365 = CARTESIAN_POINT('',(-6.239488235707,-2.188370852822));
#4366 = CARTESIAN_POINT('',(-6.231727507556,-2.27601611652));
#4367 = CARTESIAN_POINT('',(-6.224475477786,-2.375550832012));
#4368 = CARTESIAN_POINT('',(-6.2090616737,-2.625261832894));
#4369 = CARTESIAN_POINT('',(-6.201196720465,-2.783147398954));
#4370 = CARTESIAN_POINT('',(-6.194176510674,-2.954136675514));
#4371 = CARTESIAN_POINT('',(-6.187980037204,-3.135429210927));
#4372 = CARTESIAN_POINT('',(-6.182581440506,-3.324780185975));
#4373 = CARTESIAN_POINT('',(-6.177954077549,-3.520387059038));
#4374 = CARTESIAN_POINT('',(-6.174073534954,-3.7208068912));
#4375 = CARTESIAN_POINT('',(-6.166034435159,-4.241075257155));
#4376 = CARTESIAN_POINT('',(-6.16289395511,-4.566047431001));
#4377 = CARTESIAN_POINT('',(-6.161424041076,-4.895606733257));
#4378 = CARTESIAN_POINT('',(-6.161589114275,-5.226622995096));
#4379 = CARTESIAN_POINT('',(-6.163388757983,-5.556191234082));
#4380 = CARTESIAN_POINT('',(-6.166855636375,-5.881163519906));
#4381 = CARTESIAN_POINT('',(-6.172053574536,-6.197640525658));
#4382 = CARTESIAN_POINT('',(-6.18577404124,-6.788537238654));
#4383 = CARTESIAN_POINT('',(-6.194344973827,-7.073315398218));
#4384 = CARTESIAN_POINT('',(-6.204900482413,-7.341589616228));
#4385 = CARTESIAN_POINT('',(-6.217429106069,-7.580724778204));
#4386 = CARTESIAN_POINT('',(-6.231804772305,-7.778267026931));
#4387 = CARTESIAN_POINT('',(-6.247799992441,-7.922015996984));
#4388 = CARTESIAN_POINT('',(-6.2650873693,-8.));
#4389 = CARTESIAN_POINT('',(-6.28318530718,-8.));
#4390 = ( GEOMETRIC_REPRESENTATION_CONTEXT(2) 
PARAMETRIC_REPRESENTATION_CONTEXT() REPRESENTATION_CONTEXT('2D SPACE',''
  ) );
#4391 = ORIENTED_EDGE('',*,*,#4163,.F.);
#4392 = ORIENTED_EDGE('',*,*,#3393,.T.);
#4393 = ORIENTED_EDGE('',*,*,#3357,.T.);
#4394 = ORIENTED_EDGE('',*,*,#3322,.T.);
#4395 = ADVANCED_FACE('',(#4396),#3261,.T.);
#4396 = FACE_BOUND('',#4397,.T.);
#4397 = EDGE_LOOP('',(#4398,#4420,#4421,#4422,#4441));
#4398 = ORIENTED_EDGE('',*,*,#4399,.T.);
#4399 = EDGE_CURVE('',#3212,#4119,#4400,.T.);
#4400 = SURFACE_CURVE('',#4401,(#4406,#4413),.PCURVE_S1.);
#4401 = CIRCLE('',#4402,3.);
#4402 = AXIS2_PLACEMENT_3D('',#4403,#4404,#4405);
#4403 = CARTESIAN_POINT('',(455.,56.,80.));
#4404 = DIRECTION('',(0.,-1.,0.));
#4405 = DIRECTION('',(1.,0.,0.));
#4406 = PCURVE('',#3261,#4407);
#4407 = DEFINITIONAL_REPRESENTATION('',(#4408),#4412);
#4408 = CIRCLE('',#4409,3.);
#4409 = AXIS2_PLACEMENT_2D('',#4410,#4411);
#4410 = CARTESIAN_POINT('',(0.,0.));
#4411 = DIRECTION('',(0.,1.));
#4412 = ( GEOMETRIC_REPRESENTATION_CONTEXT(2) 
PARAMETRIC_REPRESENTATION_CONTEXT() REPRESENTATION_CONTEXT('2D SPACE',''
  ) );
#4413 = PCURVE('',#3231,#4414);
#4414 = DEFINITIONAL_REPRESENTATION('',(#4415),#4419);
#4415 = LINE('',#4416,#4417);
#4416 = CARTESIAN_POINT('',(-0.,0.));
#4417 = VECTOR('',#4418,1.);
#4418 = DIRECTION('',(-1.,0.));
#4419 = ( GEOMETRIC_REPRESENTATION_CONTEXT(2) 
PARAMETRIC_REPRESENTATION_CONTEXT() REPRESENTATION_CONTEXT('2D SPACE',''
  ) );
#4420 = ORIENTED_EDGE('',*,*,#4118,.T.);
#4421 = ORIENTED_EDGE('',*,*,#3301,.F.);
#4422 = ORIENTED_EDGE('',*,*,#4423,.T.);
#4423 = EDGE_CURVE('',#3273,#3247,#4424,.T.);
#4424 = SURFACE_CURVE('',#4425,(#4429,#4435),.PCURVE_S1.);
#4425 = LINE('',#4426,#4427);
#4426 = CARTESIAN_POINT('',(455.,56.,80.));
#4427 = VECTOR('',#4428,1.);
#4428 = DIRECTION('',(1.,0.,0.));
#4429 = PCURVE('',#3261,#4430);
#4430 = DEFINITIONAL_REPRESENTATION('',(#4431),#4434);
#4431 = B_SPLINE_CURVE_WITH_KNOTS('',1,(#4432,#4433),.UNSPECIFIED.,.F.,
  .F.,(2,2),(-3.,3.),.PIECEWISE_BEZIER_KNOTS.);
#4432 = CARTESIAN_POINT('',(0.,-3.));
#4433 = CARTESIAN_POINT('',(0.,3.));
#4434 = ( GEOMETRIC_REPRESENTATION_CONTEXT(2) 
PARAMETRIC_REPRESENTATION_CONTEXT() REPRESENTATION_CONTEXT('2D SPACE',''
  ) );
#4435 = PCURVE('',#3289,#4436);
#4436 = DEFINITIONAL_REPRESENTATION('',(#4437),#4440);
#4437 = B_SPLINE_CURVE_WITH_KNOTS('',1,(#4438,#4439),.UNSPECIFIED.,.F.,
  .F.,(2,2),(-3.,3.),.PIECEWISE_BEZIER_KNOTS.);
#4438 = CARTESIAN_POINT('',(-3.,1.));
#4439 = CARTESIAN_POINT('',(3.,1.));
#4440 = ( GEOMETRIC_REPRESENTATION_CONTEXT(2) 
PARAMETRIC_REPRESENTATION_CONTEXT() REPRESENTATION_CONTEXT('2D SPACE',''
  ) );
#4441 = ORIENTED_EDGE('',*,*,#3246,.T.);
#4442 = ADVANCED_FACE('',(#4443),#3289,.F.);
#4443 = FACE_BOUND('',#4444,.F.);
#4444 = EDGE_LOOP('',(#4445,#4446));
#4445 = ORIENTED_EDGE('',*,*,#4423,.T.);
#4446 = ORIENTED_EDGE('',*,*,#3272,.T.);
#4447 = ADVANCED_FACE('',(#4448),#3231,.F.);
#4448 = FACE_BOUND('',#4449,.T.);
#4449 = EDGE_LOOP('',(#4450,#4451,#4452));
#4450 = ORIENTED_EDGE('',*,*,#4142,.F.);
#4451 = ORIENTED_EDGE('',*,*,#4399,.F.);
#4452 = ORIENTED_EDGE('',*,*,#3211,.T.);
#4453 = ADVANCED_FACE('',(#4454),#3692,.F.);
#4454 = FACE_BOUND('',#4455,.T.);
#4455 = EDGE_LOOP('',(#4456,#4457,#4480,#4507,#4508,#4509,#4530,#4531));
#4456 = ORIENTED_EDGE('',*,*,#3907,.F.);
#4457 = ORIENTED_EDGE('',*,*,#4458,.T.);
#4458 = EDGE_CURVE('',#3885,#4459,#4461,.T.);
#4459 = VERTEX_POINT('',#4460);
#4460 = CARTESIAN_POINT('',(460.,25.,-80.));
#4461 = SEAM_CURVE('',#4462,(#4466,#4473),.PCURVE_S1.);
#4462 = LINE('',#4463,#4464);
#4463 = CARTESIAN_POINT('',(450.,25.,-80.));
#4464 = VECTOR('',#4465,1.);
#4465 = DIRECTION('',(1.,0.,0.));
#4466 = PCURVE('',#3692,#4467);
#4467 = DEFINITIONAL_REPRESENTATION('',(#4468),#4472);
#4468 = LINE('',#4469,#4470);
#4469 = CARTESIAN_POINT('',(-6.28318530718,0.));
#4470 = VECTOR('',#4471,1.);
#4471 = DIRECTION('',(-0.,-1.));
#4472 = ( GEOMETRIC_REPRESENTATION_CONTEXT(2) 
PARAMETRIC_REPRESENTATION_CONTEXT() REPRESENTATION_CONTEXT('2D SPACE',''
  ) );
#4473 = PCURVE('',#3692,#4474);
#4474 = DEFINITIONAL_REPRESENTATION('',(#4475),#4479);
#4475 = LINE('',#4476,#4477);
#4476 = CARTESIAN_POINT('',(-0.,0.));
#4477 = VECTOR('',#4478,1.);
#4478 = DIRECTION('',(-0.,-1.));
#4479 = ( GEOMETRIC_REPRESENTATION_CONTEXT(2) 
PARAMETRIC_REPRESENTATION_CONTEXT() REPRESENTATION_CONTEXT('2D SPACE',''
  ) );
#4480 = ORIENTED_EDGE('',*,*,#4481,.T.);
#4481 = EDGE_CURVE('',#4459,#4459,#4482,.T.);
#4482 = SURFACE_CURVE('',#4483,(#4488,#4495),.PCURVE_S1.);
#4483 = CIRCLE('',#4484,25.);
#4484 = AXIS2_PLACEMENT_3D('',#4485,#4486,#4487);
#4485 = CARTESIAN_POINT('',(460.,0.,-80.));
#4486 = DIRECTION('',(1.,0.,0.));
#4487 = DIRECTION('',(0.,1.,0.));
#4488 = PCURVE('',#3692,#4489);
#4489 = DEFINITIONAL_REPRESENTATION('',(#4490),#4494);
#4490 = LINE('',#4491,#4492);
#4491 = CARTESIAN_POINT('',(-0.,-10.));
#4492 = VECTOR('',#4493,1.);
#4493 = DIRECTION('',(-1.,0.));
#4494 = ( GEOMETRIC_REPRESENTATION_CONTEXT(2) 
PARAMETRIC_REPRESENTATION_CONTEXT() REPRESENTATION_CONTEXT('2D SPACE',''
  ) );
#4495 = PCURVE('',#4496,#4501);
#4496 = PLANE('',#4497);
#4497 = AXIS2_PLACEMENT_3D('',#4498,#4499,#4500);
#4498 = CARTESIAN_POINT('',(460.,-1.75032336965E-15,-80.));
#4499 = DIRECTION('',(1.,0.,0.));
#4500 = DIRECTION('',(-0.,0.,1.));
#4501 = DEFINITIONAL_REPRESENTATION('',(#4502),#4506);
#4502 = CIRCLE('',#4503,25.);
#4503 = AXIS2_PLACEMENT_2D('',#4504,#4505);
#4504 = CARTESIAN_POINT('',(0.,-1.75032336965E-15));
#4505 = DIRECTION('',(0.,-1.));
#4506 = ( GEOMETRIC_REPRESENTATION_CONTEXT(2) 
PARAMETRIC_REPRESENTATION_CONTEXT() REPRESENTATION_CONTEXT('2D SPACE',''
  ) );
#4507 = ORIENTED_EDGE('',*,*,#4458,.F.);
#4508 = ORIENTED_EDGE('',*,*,#4011,.F.);
#4509 = ORIENTED_EDGE('',*,*,#4510,.F.);
#4510 = EDGE_CURVE('',#3676,#3908,#4511,.T.);
#4511 = SEAM_CURVE('',#4512,(#4516,#4523),.PCURVE_S1.);
#4512 = LINE('',#4513,#4514);
#4513 = CARTESIAN_POINT('',(450.,25.,-80.));
#4514 = VECTOR('',#4515,1.);
#4515 = DIRECTION('',(1.,0.,0.));
#4516 = PCURVE('',#3692,#4517);
#4517 = DEFINITIONAL_REPRESENTATION('',(#4518),#4522);
#4518 = LINE('',#4519,#4520);
#4519 = CARTESIAN_POINT('',(-0.,0.));
#4520 = VECTOR('',#4521,1.);
#4521 = DIRECTION('',(-0.,-1.));
#4522 = ( GEOMETRIC_REPRESENTATION_CONTEXT(2) 
PARAMETRIC_REPRESENTATION_CONTEXT() REPRESENTATION_CONTEXT('2D SPACE',''
  ) );
#4523 = PCURVE('',#3692,#4524);
#4524 = DEFINITIONAL_REPRESENTATION('',(#4525),#4529);
#4525 = LINE('',#4526,#4527);
#4526 = CARTESIAN_POINT('',(-6.28318530718,0.));
#4527 = VECTOR('',#4528,1.);
#4528 = DIRECTION('',(-0.,-1.));
#4529 = ( GEOMETRIC_REPRESENTATION_CONTEXT(2) 
PARAMETRIC_REPRESENTATION_CONTEXT() REPRESENTATION_CONTEXT('2D SPACE',''
  ) );
#4530 = ORIENTED_EDGE('',*,*,#3675,.F.);
#4531 = ORIENTED_EDGE('',*,*,#4510,.T.);
#4532 = ADVANCED_FACE('',(#4533),#3734,.F.);
#4533 = FACE_BOUND('',#4534,.T.);
#4534 = EDGE_LOOP('',(#4535,#4536,#4559,#4586,#4587,#4588,#4609,#4610));
#4535 = ORIENTED_EDGE('',*,*,#4186,.F.);
#4536 = ORIENTED_EDGE('',*,*,#4537,.T.);
#4537 = EDGE_CURVE('',#4164,#4538,#4540,.T.);
#4538 = VERTEX_POINT('',#4539);
#4539 = CARTESIAN_POINT('',(460.,25.,80.));
#4540 = SEAM_CURVE('',#4541,(#4545,#4552),.PCURVE_S1.);
#4541 = LINE('',#4542,#4543);
#4542 = CARTESIAN_POINT('',(450.,25.,80.));
#4543 = VECTOR('',#4544,1.);
#4544 = DIRECTION('',(1.,0.,0.));
#4545 = PCURVE('',#3734,#4546);
#4546 = DEFINITIONAL_REPRESENTATION('',(#4547),#4551);
#4547 = LINE('',#4548,#4549);
#4548 = CARTESIAN_POINT('',(-6.28318530718,0.));
#4549 = VECTOR('',#4550,1.);
#4550 = DIRECTION('',(-0.,-1.));
#4551 = ( GEOMETRIC_REPRESENTATION_CONTEXT(2) 
PARAMETRIC_REPRESENTATION_CONTEXT() REPRESENTATION_CONTEXT('2D SPACE',''
  ) );
#4552 = PCURVE('',#3734,#4553);
#4553 = DEFINITIONAL_REPRESENTATION('',(#4554),#4558);
#4554 = LINE('',#4555,#4556);
#4555 = CARTESIAN_POINT('',(-0.,0.));
#4556 = VECTOR('',#4557,1.);
#4557 = DIRECTION('',(-0.,-1.));
#4558 = ( GEOMETRIC_REPRESENTATION_CONTEXT(2) 
PARAMETRIC_REPRESENTATION_CONTEXT() REPRESENTATION_CONTEXT('2D SPACE',''
  ) );
#4559 = ORIENTED_EDGE('',*,*,#4560,.T.);
#4560 = EDGE_CURVE('',#4538,#4538,#4561,.T.);
#4561 = SURFACE_CURVE('',#4562,(#4567,#4574),.PCURVE_S1.);
#4562 = CIRCLE('',#4563,25.);
#4563 = AXIS2_PLACEMENT_3D('',#4564,#4565,#4566);
#4564 = CARTESIAN_POINT('',(460.,0.,80.));
#4565 = DIRECTION('',(1.,0.,0.));
#4566 = DIRECTION('',(0.,1.,0.));
#4567 = PCURVE('',#3734,#4568);
#4568 = DEFINITIONAL_REPRESENTATION('',(#4569),#4573);
#4569 = LINE('',#4570,#4571);
#4570 = CARTESIAN_POINT('',(-0.,-10.));
#4571 = VECTOR('',#4572,1.);
#4572 = DIRECTION('',(-1.,0.));
#4573 = ( GEOMETRIC_REPRESENTATION_CONTEXT(2) 
PARAMETRIC_REPRESENTATION_CONTEXT() REPRESENTATION_CONTEXT('2D SPACE',''
  ) );
#4574 = PCURVE('',#4575,#4580);
#4575 = PLANE('',#4576);
#4576 = AXIS2_PLACEMENT_3D('',#4577,#4578,#4579);
#4577 = CARTESIAN_POINT('',(460.,-2.625485054476E-15,80.));
#4578 = DIRECTION('',(1.,0.,0.));
#4579 = DIRECTION('',(-0.,0.,1.));
#4580 = DEFINITIONAL_REPRESENTATION('',(#4581),#4585);
#4581 = CIRCLE('',#4582,25.);
#4582 = AXIS2_PLACEMENT_2D('',#4583,#4584);
#4583 = CARTESIAN_POINT('',(-1.42108547152E-14,-2.625485054476E-15));
#4584 = DIRECTION('',(0.,-1.));
#4585 = ( GEOMETRIC_REPRESENTATION_CONTEXT(2) 
PARAMETRIC_REPRESENTATION_CONTEXT() REPRESENTATION_CONTEXT('2D SPACE',''
  ) );
#4586 = ORIENTED_EDGE('',*,*,#4537,.F.);
#4587 = ORIENTED_EDGE('',*,*,#4290,.F.);
#4588 = ORIENTED_EDGE('',*,*,#4589,.F.);
#4589 = EDGE_CURVE('',#3718,#4187,#4590,.T.);
#4590 = SEAM_CURVE('',#4591,(#4595,#4602),.PCURVE_S1.);
#4591 = LINE('',#4592,#4593);
#4592 = CARTESIAN_POINT('',(450.,25.,80.));
#4593 = VECTOR('',#4594,1.);
#4594 = DIRECTION('',(1.,0.,0.));
#4595 = PCURVE('',#3734,#4596);
#4596 = DEFINITIONAL_REPRESENTATION('',(#4597),#4601);
#4597 = LINE('',#4598,#4599);
#4598 = CARTESIAN_POINT('',(-0.,0.));
#4599 = VECTOR('',#4600,1.);
#4600 = DIRECTION('',(-0.,-1.));
#4601 = ( GEOMETRIC_REPRESENTATION_CONTEXT(2) 
PARAMETRIC_REPRESENTATION_CONTEXT() REPRESENTATION_CONTEXT('2D SPACE',''
  ) );
#4602 = PCURVE('',#3734,#4603);
#4603 = DEFINITIONAL_REPRESENTATION('',(#4604),#4608);
#4604 = LINE('',#4605,#4606);
#4605 = CARTESIAN_POINT('',(-6.28318530718,0.));
#4606 = VECTOR('',#4607,1.);
#4607 = DIRECTION('',(-0.,-1.));
#4608 = ( GEOMETRIC_REPRESENTATION_CONTEXT(2) 
PARAMETRIC_REPRESENTATION_CONTEXT() REPRESENTATION_CONTEXT('2D SPACE',''
  ) );
#4609 = ORIENTED_EDGE('',*,*,#3717,.F.);
#4610 = ORIENTED_EDGE('',*,*,#4589,.T.);
#4611 = ADVANCED_FACE('',(#4612),#4496,.F.);
#4612 = FACE_BOUND('',#4613,.F.);
#4613 = EDGE_LOOP('',(#4614));
#4614 = ORIENTED_EDGE('',*,*,#4481,.T.);
#4615 = ADVANCED_FACE('',(#4616),#4575,.F.);
#4616 = FACE_BOUND('',#4617,.F.);
#4617 = EDGE_LOOP('',(#4618));
#4618 = ORIENTED_EDGE('',*,*,#4560,.T.);
#4619 = ( GEOMETRIC_REPRESENTATION_CONTEXT(3) 
GLOBAL_UNCERTAINTY_ASSIGNED_CONTEXT((#4623)) 
GLOBAL_UNIT_ASSIGNED_CONTEXT((#4620,#4621,#4622)) REPRESENTATION_CONTEXT
('Context #1','3D Context with UNIT and UNCERTAINTY') );
#4620 = ( LENGTH_UNIT() NAMED_UNIT(*) SI_UNIT(.MILLI.,.METRE.) );
#4621 = ( NAMED_UNIT(*) PLANE_ANGLE_UNIT() SI_UNIT($,.RADIAN.) );
#4622 = ( NAMED_UNIT(*) SI_UNIT($,.STERADIAN.) SOLID_ANGLE_UNIT() );
#4623 = UNCERTAINTY_MEASURE_WITH_UNIT(LENGTH_MEASURE(1.E-07),#4620,
  'distance_accuracy_value','confusion accuracy');
#4624 = PRODUCT_RELATED_PRODUCT_CATEGORY('part',$,(#7));
ENDSEC;
END-ISO-10303-21;
