ISO-10303-21;
HEADER;
FILE_DESCRIPTION(('Open CASCADE Model'),'2;1');
FILE_NAME('Open CASCADE Shape Model','2026-09-15T11:03:13',('Author'),(
    'Open CASCADE'),'Open CASCADE STEP processor 7.9','Open CASCADE 7.9'
  ,'Unknown');
FILE_SCHEMA(('AUTOMOTIVE_DESIGN { 1 0 10303 214 1 1 1 1 }'));
ENDSEC;
DATA;
#1 = APPLICATION_PROTOCOL_DEFINITION('international standard',
  'automotive_design',2000,#2);
#2 = APPLICATION_CONTEXT(
  'core data for automotive mechanical design processes');
#3 = SHAPE_DEFINITION_REPRESENTATION(#4,#10);
#4 = PRODUCT_DEFINITION_SHAPE('','',#5);
#5 = PRODUCT_DEFINITION('design','',#6,#9);
#6 = PRODUCT_DEFINITION_FORMATION('','',#7);
#7 = PRODUCT('0bc310a0-b0f5-11f1-a1d3-02fc00000001',
  '0bc310a0-b0f5-11f1-a1d3-02fc00000001','',(#8));
#8 = PRODUCT_CONTEXT('',#2,'mechanical');
#9 = PRODUCT_DEFINITION_CONTEXT('part definition',#2,'design');
#10 = SHAPE_REPRESENTATION('',(#11,#15,#19,#23,#27,#31,#35,#39,#43,#47,
    #51,#55,#59,#63,#67,#71),#75);
#11 = AXIS2_PLACEMENT_3D('',#12,#13,#14);
#12 = CARTESIAN_POINT('',(0.,0.,0.));
#13 = DIRECTION('',(0.,0.,1.));
#14 = DIRECTION('',(1.,0.,-0.));
#15 = AXIS2_PLACEMENT_3D('',#16,#17,#18);
#16 = CARTESIAN_POINT('',(0.,0.,0.));
#17 = DIRECTION('',(0.,0.,1.));
#18 = DIRECTION('',(1.,0.,-0.));
#19 = AXIS2_PLACEMENT_3D('',#20,#21,#22);
#20 = CARTESIAN_POINT('',(0.,0.,0.));
#21 = DIRECTION('',(0.,0.,1.));
#22 = DIRECTION('',(1.,0.,-0.));
#23 = AXIS2_PLACEMENT_3D('',#24,#25,#26);
#24 = CARTESIAN_POINT('',(0.,0.,0.));
#25 = DIRECTION('',(0.,0.,1.));
#26 = DIRECTION('',(1.,0.,-0.));
#27 = AXIS2_PLACEMENT_3D('',#28,#29,#30);
#28 = CARTESIAN_POINT('',(0.,0.,0.));
#29 = DIRECTION('',(0.,0.,1.));
#30 = DIRECTION('',(1.,0.,-0.));
#31 = AXIS2_PLACEMENT_3D('',#32,#33,#34);
#32 = CARTESIAN_POINT('',(0.,0.,0.));
#33 = DIRECTION('',(0.,0.,1.));
#34 = DIRECTION('',(1.,0.,-0.));
#35 = AXIS2_PLACEMENT_3D('',#36,#37,#38);
#36 = CARTESIAN_POINT('',(0.,0.,0.));
#37 = DIRECTION('',(0.,0.,1.));
#38 = DIRECTION('',(1.,0.,-0.));
#39 = AXIS2_PLACEMENT_3D('',#40,#41,#42);
#40 = CARTESIAN_POINT('',(0.,0.,0.));
#41 = DIRECTION('',(0.,0.,1.));
#42 = DIRECTION('',(1.,0.,-0.));
#43 = AXIS2_PLACEMENT_3D('',#44,#45,#46);
#44 = CARTESIAN_POINT('',(0.,0.,0.));
#45 = DIRECTION('',(0.,0.,1.));
#46 = DIRECTION('',(1.,0.,-0.));
#47 = AXIS2_PLACEMENT_3D('',#48,#49,#50);
#48 = CARTESIAN_POINT('',(0.,0.,0.));
#49 = DIRECTION('',(0.,0.,1.));
#50 = DIRECTION('',(1.,0.,-0.));
#51 = AXIS2_PLACEMENT_3D('',#52,#53,#54);
#52 = CARTESIAN_POINT('',(0.,0.,0.));
#53 = DIRECTION('',(0.,0.,1.));
#54 = DIRECTION('',(1.,0.,-0.));
#55 = AXIS2_PLACEMENT_3D('',#56,#57,#58);
#56 = CARTESIAN_POINT('',(0.,0.,0.));
#57 = DIRECTION('',(0.,0.,1.));
#58 = DIRECTION('',(1.,0.,-0.));
#59 = AXIS2_PLACEMENT_3D('',#60,#61,#62);
#60 = CARTESIAN_POINT('',(0.,0.,0.));
#61 = DIRECTION('',(0.,0.,1.));
#62 = DIRECTION('',(1.,0.,-0.));
#63 = AXIS2_PLACEMENT_3D('',#64,#65,#66);
#64 = CARTESIAN_POINT('',(0.,0.,0.));
#65 = DIRECTION('',(0.,0.,1.));
#66 = DIRECTION('',(1.,0.,-0.));
#67 = AXIS2_PLACEMENT_3D('',#68,#69,#70);
#68 = CARTESIAN_POINT('',(0.,0.,0.));
#69 = DIRECTION('',(0.,0.,1.));
#70 = DIRECTION('',(1.,0.,-0.));
#71 = AXIS2_PLACEMENT_3D('',#72,#73,#74);
#72 = CARTESIAN_POINT('',(0.,0.,0.));
#73 = DIRECTION('',(0.,0.,1.));
#74 = DIRECTION('',(1.,0.,-0.));
#75 = ( GEOMETRIC_REPRESENTATION_CONTEXT(3) 
GLOBAL_UNCERTAINTY_ASSIGNED_CONTEXT((#79)) GLOBAL_UNIT_ASSIGNED_CONTEXT(
(#76,#77,#78)) REPRESENTATION_CONTEXT('Context #1',
  '3D Context with UNIT and UNCERTAINTY') );
#76 = ( LENGTH_UNIT() NAMED_UNIT(*) SI_UNIT(.MILLI.,.METRE.) );
#77 = ( NAMED_UNIT(*) PLANE_ANGLE_UNIT() SI_UNIT($,.RADIAN.) );
#78 = ( NAMED_UNIT(*) SI_UNIT($,.STERADIAN.) SOLID_ANGLE_UNIT() );
#79 = UNCERTAINTY_MEASURE_WITH_UNIT(LENGTH_MEASURE(1.E-07),#76,
  'distance_accuracy_value','confusion accuracy');
#80 = PRODUCT_RELATED_PRODUCT_CATEGORY('part',$,(#7));
#81 = SHAPE_DEFINITION_REPRESENTATION(#82,#88);
#82 = PRODUCT_DEFINITION_SHAPE('','',#83);
#83 = PRODUCT_DEFINITION('design','',#84,#87);
#84 = PRODUCT_DEFINITION_FORMATION('','',#85);
#85 = PRODUCT('P1-nose-yoke','P1-nose-yoke','',(#86));
#86 = PRODUCT_CONTEXT('',#2,'mechanical');
#87 = PRODUCT_DEFINITION_CONTEXT('part definition',#2,'design');
#88 = ADVANCED_BREP_SHAPE_REPRESENTATION('',(#11,#89),#3045);
#89 = MANIFOLD_SOLID_BREP('',#90);
#90 = CLOSED_SHELL('',(#91,#211,#287,#363,#880,#1646,#1673,#1700,#1727,
    #1754,#1781,#1808,#1835,#1862,#1889,#1916,#1923,#1978,#2033,#2060,
    #2115,#2142,#2197,#2274,#2323,#2373,#2422,#2472,#2521,#2575,#2602,
    #2679,#2728,#2777,#2831,#2881,#2930,#2979,#3007,#3011,#3015,#3019,
    #3023,#3034));
#91 = ADVANCED_FACE('',(#92),#106,.F.);
#92 = FACE_BOUND('',#93,.F.);
#93 = EDGE_LOOP('',(#94,#129,#157,#185));
#94 = ORIENTED_EDGE('',*,*,#95,.T.);
#95 = EDGE_CURVE('',#96,#98,#100,.T.);
#96 = VERTEX_POINT('',#97);
#97 = CARTESIAN_POINT('',(0.,65.,-125.));
#98 = VERTEX_POINT('',#99);
#99 = CARTESIAN_POINT('',(75.,65.,-125.));
#100 = SURFACE_CURVE('',#101,(#105,#117),.PCURVE_S1.);
#101 = LINE('',#102,#103);
#102 = CARTESIAN_POINT('',(0.,65.,-125.));
#103 = VECTOR('',#104,1.);
#104 = DIRECTION('',(1.,0.,0.));
#105 = PCURVE('',#106,#111);
#106 = PLANE('',#107);
#107 = AXIS2_PLACEMENT_3D('',#108,#109,#110);
#108 = CARTESIAN_POINT('',(0.,65.,-125.));
#109 = DIRECTION('',(0.,-0.707106781187,0.707106781187));
#110 = DIRECTION('',(0.,0.707106781187,0.707106781187));
#111 = DEFINITIONAL_REPRESENTATION('',(#112),#116);
#112 = LINE('',#113,#114);
#113 = CARTESIAN_POINT('',(0.,0.));
#114 = VECTOR('',#115,1.);
#115 = DIRECTION('',(0.,-1.));
#116 = ( GEOMETRIC_REPRESENTATION_CONTEXT(2) 
PARAMETRIC_REPRESENTATION_CONTEXT() REPRESENTATION_CONTEXT('2D SPACE',''
  ) );
#117 = PCURVE('',#118,#123);
#118 = PLANE('',#119);
#119 = AXIS2_PLACEMENT_3D('',#120,#121,#122);
#120 = CARTESIAN_POINT('',(0.,-20.,-125.));
#121 = DIRECTION('',(0.,0.,1.));
#122 = DIRECTION('',(0.,1.,0.));
#123 = DEFINITIONAL_REPRESENTATION('',(#124),#128);
#124 = LINE('',#125,#126);
#125 = CARTESIAN_POINT('',(85.,0.));
#126 = VECTOR('',#127,1.);
#127 = DIRECTION('',(0.,-1.));
#128 = ( GEOMETRIC_REPRESENTATION_CONTEXT(2) 
PARAMETRIC_REPRESENTATION_CONTEXT() REPRESENTATION_CONTEXT('2D SPACE',''
  ) );
#129 = ORIENTED_EDGE('',*,*,#130,.T.);
#130 = EDGE_CURVE('',#98,#131,#133,.T.);
#131 = VERTEX_POINT('',#132);
#132 = CARTESIAN_POINT('',(75.,85.,-105.));
#133 = SURFACE_CURVE('',#134,(#138,#145),.PCURVE_S1.);
#134 = LINE('',#135,#136);
#135 = CARTESIAN_POINT('',(75.,65.,-125.));
#136 = VECTOR('',#137,1.);
#137 = DIRECTION('',(0.,0.707106781187,0.707106781187));
#138 = PCURVE('',#106,#139);
#139 = DEFINITIONAL_REPRESENTATION('',(#140),#144);
#140 = LINE('',#141,#142);
#141 = CARTESIAN_POINT('',(0.,-75.));
#142 = VECTOR('',#143,1.);
#143 = DIRECTION('',(1.,0.));
#144 = ( GEOMETRIC_REPRESENTATION_CONTEXT(2) 
PARAMETRIC_REPRESENTATION_CONTEXT() REPRESENTATION_CONTEXT('2D SPACE',''
  ) );
#145 = PCURVE('',#146,#151);
#146 = PLANE('',#147);
#147 = AXIS2_PLACEMENT_3D('',#148,#149,#150);
#148 = CARTESIAN_POINT('',(75.,3.626035385788,0.));
#149 = DIRECTION('',(1.,0.,0.));
#150 = DIRECTION('',(-0.,0.,1.));
#151 = DEFINITIONAL_REPRESENTATION('',(#152),#156);
#152 = LINE('',#153,#154);
#153 = CARTESIAN_POINT('',(-125.,-61.37396461421));
#154 = VECTOR('',#155,1.);
#155 = DIRECTION('',(0.707106781187,-0.707106781187));
#156 = ( GEOMETRIC_REPRESENTATION_CONTEXT(2) 
PARAMETRIC_REPRESENTATION_CONTEXT() REPRESENTATION_CONTEXT('2D SPACE',''
  ) );
#157 = ORIENTED_EDGE('',*,*,#158,.F.);
#158 = EDGE_CURVE('',#159,#131,#161,.T.);
#159 = VERTEX_POINT('',#160);
#160 = CARTESIAN_POINT('',(0.,85.,-105.));
#161 = SURFACE_CURVE('',#162,(#166,#173),.PCURVE_S1.);
#162 = LINE('',#163,#164);
#163 = CARTESIAN_POINT('',(0.,85.,-105.));
#164 = VECTOR('',#165,1.);
#165 = DIRECTION('',(1.,0.,0.));
#166 = PCURVE('',#106,#167);
#167 = DEFINITIONAL_REPRESENTATION('',(#168),#172);
#168 = LINE('',#169,#170);
#169 = CARTESIAN_POINT('',(28.284271247462,0.));
#170 = VECTOR('',#171,1.);
#171 = DIRECTION('',(0.,-1.));
#172 = ( GEOMETRIC_REPRESENTATION_CONTEXT(2) 
PARAMETRIC_REPRESENTATION_CONTEXT() REPRESENTATION_CONTEXT('2D SPACE',''
  ) );
#173 = PCURVE('',#174,#179);
#174 = PLANE('',#175);
#175 = AXIS2_PLACEMENT_3D('',#176,#177,#178);
#176 = CARTESIAN_POINT('',(0.,85.,-105.));
#177 = DIRECTION('',(0.,-1.,0.));
#178 = DIRECTION('',(0.,0.,1.));
#179 = DEFINITIONAL_REPRESENTATION('',(#180),#184);
#180 = LINE('',#181,#182);
#181 = CARTESIAN_POINT('',(0.,0.));
#182 = VECTOR('',#183,1.);
#183 = DIRECTION('',(0.,-1.));
#184 = ( GEOMETRIC_REPRESENTATION_CONTEXT(2) 
PARAMETRIC_REPRESENTATION_CONTEXT() REPRESENTATION_CONTEXT('2D SPACE',''
  ) );
#185 = ORIENTED_EDGE('',*,*,#186,.F.);
#186 = EDGE_CURVE('',#96,#159,#187,.T.);
#187 = SURFACE_CURVE('',#188,(#192,#199),.PCURVE_S1.);
#188 = LINE('',#189,#190);
#189 = CARTESIAN_POINT('',(0.,65.,-125.));
#190 = VECTOR('',#191,1.);
#191 = DIRECTION('',(0.,0.707106781187,0.707106781187));
#192 = PCURVE('',#106,#193);
#193 = DEFINITIONAL_REPRESENTATION('',(#194),#198);
#194 = LINE('',#195,#196);
#195 = CARTESIAN_POINT('',(0.,0.));
#196 = VECTOR('',#197,1.);
#197 = DIRECTION('',(1.,0.));
#198 = ( GEOMETRIC_REPRESENTATION_CONTEXT(2) 
PARAMETRIC_REPRESENTATION_CONTEXT() REPRESENTATION_CONTEXT('2D SPACE',''
  ) );
#199 = PCURVE('',#200,#205);
#200 = PLANE('',#201);
#201 = AXIS2_PLACEMENT_3D('',#202,#203,#204);
#202 = CARTESIAN_POINT('',(0.,3.626035385788,0.));
#203 = DIRECTION('',(1.,0.,0.));
#204 = DIRECTION('',(-0.,0.,1.));
#205 = DEFINITIONAL_REPRESENTATION('',(#206),#210);
#206 = LINE('',#207,#208);
#207 = CARTESIAN_POINT('',(-125.,-61.37396461421));
#208 = VECTOR('',#209,1.);
#209 = DIRECTION('',(0.707106781187,-0.707106781187));
#210 = ( GEOMETRIC_REPRESENTATION_CONTEXT(2) 
PARAMETRIC_REPRESENTATION_CONTEXT() REPRESENTATION_CONTEXT('2D SPACE',''
  ) );
#211 = ADVANCED_FACE('',(#212),#118,.F.);
#212 = FACE_BOUND('',#213,.F.);
#213 = EDGE_LOOP('',(#214,#244,#265,#266));
#214 = ORIENTED_EDGE('',*,*,#215,.T.);
#215 = EDGE_CURVE('',#216,#218,#220,.T.);
#216 = VERTEX_POINT('',#217);
#217 = CARTESIAN_POINT('',(0.,-20.,-125.));
#218 = VERTEX_POINT('',#219);
#219 = CARTESIAN_POINT('',(75.,-20.,-125.));
#220 = SURFACE_CURVE('',#221,(#225,#232),.PCURVE_S1.);
#221 = LINE('',#222,#223);
#222 = CARTESIAN_POINT('',(0.,-20.,-125.));
#223 = VECTOR('',#224,1.);
#224 = DIRECTION('',(1.,0.,0.));
#225 = PCURVE('',#118,#226);
#226 = DEFINITIONAL_REPRESENTATION('',(#227),#231);
#227 = LINE('',#228,#229);
#228 = CARTESIAN_POINT('',(0.,0.));
#229 = VECTOR('',#230,1.);
#230 = DIRECTION('',(0.,-1.));
#231 = ( GEOMETRIC_REPRESENTATION_CONTEXT(2) 
PARAMETRIC_REPRESENTATION_CONTEXT() REPRESENTATION_CONTEXT('2D SPACE',''
  ) );
#232 = PCURVE('',#233,#238);
#233 = PLANE('',#234);
#234 = AXIS2_PLACEMENT_3D('',#235,#236,#237);
#235 = CARTESIAN_POINT('',(0.,-20.,-41.));
#236 = DIRECTION('',(-0.,1.,0.));
#237 = DIRECTION('',(0.,0.,-1.));
#238 = DEFINITIONAL_REPRESENTATION('',(#239),#243);
#239 = LINE('',#240,#241);
#240 = CARTESIAN_POINT('',(84.,0.));
#241 = VECTOR('',#242,1.);
#242 = DIRECTION('',(0.,-1.));
#243 = ( GEOMETRIC_REPRESENTATION_CONTEXT(2) 
PARAMETRIC_REPRESENTATION_CONTEXT() REPRESENTATION_CONTEXT('2D SPACE',''
  ) );
#244 = ORIENTED_EDGE('',*,*,#245,.T.);
#245 = EDGE_CURVE('',#218,#98,#246,.T.);
#246 = SURFACE_CURVE('',#247,(#251,#258),.PCURVE_S1.);
#247 = LINE('',#248,#249);
#248 = CARTESIAN_POINT('',(75.,-20.,-125.));
#249 = VECTOR('',#250,1.);
#250 = DIRECTION('',(0.,1.,0.));
#251 = PCURVE('',#118,#252);
#252 = DEFINITIONAL_REPRESENTATION('',(#253),#257);
#253 = LINE('',#254,#255);
#254 = CARTESIAN_POINT('',(0.,-75.));
#255 = VECTOR('',#256,1.);
#256 = DIRECTION('',(1.,0.));
#257 = ( GEOMETRIC_REPRESENTATION_CONTEXT(2) 
PARAMETRIC_REPRESENTATION_CONTEXT() REPRESENTATION_CONTEXT('2D SPACE',''
  ) );
#258 = PCURVE('',#146,#259);
#259 = DEFINITIONAL_REPRESENTATION('',(#260),#264);
#260 = LINE('',#261,#262);
#261 = CARTESIAN_POINT('',(-125.,23.626035385788));
#262 = VECTOR('',#263,1.);
#263 = DIRECTION('',(0.,-1.));
#264 = ( GEOMETRIC_REPRESENTATION_CONTEXT(2) 
PARAMETRIC_REPRESENTATION_CONTEXT() REPRESENTATION_CONTEXT('2D SPACE',''
  ) );
#265 = ORIENTED_EDGE('',*,*,#95,.F.);
#266 = ORIENTED_EDGE('',*,*,#267,.F.);
#267 = EDGE_CURVE('',#216,#96,#268,.T.);
#268 = SURFACE_CURVE('',#269,(#273,#280),.PCURVE_S1.);
#269 = LINE('',#270,#271);
#270 = CARTESIAN_POINT('',(0.,-20.,-125.));
#271 = VECTOR('',#272,1.);
#272 = DIRECTION('',(0.,1.,0.));
#273 = PCURVE('',#118,#274);
#274 = DEFINITIONAL_REPRESENTATION('',(#275),#279);
#275 = LINE('',#276,#277);
#276 = CARTESIAN_POINT('',(0.,0.));
#277 = VECTOR('',#278,1.);
#278 = DIRECTION('',(1.,0.));
#279 = ( GEOMETRIC_REPRESENTATION_CONTEXT(2) 
PARAMETRIC_REPRESENTATION_CONTEXT() REPRESENTATION_CONTEXT('2D SPACE',''
  ) );
#280 = PCURVE('',#200,#281);
#281 = DEFINITIONAL_REPRESENTATION('',(#282),#286);
#282 = LINE('',#283,#284);
#283 = CARTESIAN_POINT('',(-125.,23.626035385788));
#284 = VECTOR('',#285,1.);
#285 = DIRECTION('',(0.,-1.));
#286 = ( GEOMETRIC_REPRESENTATION_CONTEXT(2) 
PARAMETRIC_REPRESENTATION_CONTEXT() REPRESENTATION_CONTEXT('2D SPACE',''
  ) );
#287 = ADVANCED_FACE('',(#288),#174,.F.);
#288 = FACE_BOUND('',#289,.F.);
#289 = EDGE_LOOP('',(#290,#291,#314,#342));
#290 = ORIENTED_EDGE('',*,*,#158,.T.);
#291 = ORIENTED_EDGE('',*,*,#292,.T.);
#292 = EDGE_CURVE('',#131,#293,#295,.T.);
#293 = VERTEX_POINT('',#294);
#294 = CARTESIAN_POINT('',(75.,85.,105.));
#295 = SURFACE_CURVE('',#296,(#300,#307),.PCURVE_S1.);
#296 = LINE('',#297,#298);
#297 = CARTESIAN_POINT('',(75.,85.,-105.));
#298 = VECTOR('',#299,1.);
#299 = DIRECTION('',(0.,0.,1.));
#300 = PCURVE('',#174,#301);
#301 = DEFINITIONAL_REPRESENTATION('',(#302),#306);
#302 = LINE('',#303,#304);
#303 = CARTESIAN_POINT('',(0.,-75.));
#304 = VECTOR('',#305,1.);
#305 = DIRECTION('',(1.,0.));
#306 = ( GEOMETRIC_REPRESENTATION_CONTEXT(2) 
PARAMETRIC_REPRESENTATION_CONTEXT() REPRESENTATION_CONTEXT('2D SPACE',''
  ) );
#307 = PCURVE('',#146,#308);
#308 = DEFINITIONAL_REPRESENTATION('',(#309),#313);
#309 = LINE('',#310,#311);
#310 = CARTESIAN_POINT('',(-105.,-81.37396461421));
#311 = VECTOR('',#312,1.);
#312 = DIRECTION('',(1.,0.));
#313 = ( GEOMETRIC_REPRESENTATION_CONTEXT(2) 
PARAMETRIC_REPRESENTATION_CONTEXT() REPRESENTATION_CONTEXT('2D SPACE',''
  ) );
#314 = ORIENTED_EDGE('',*,*,#315,.F.);
#315 = EDGE_CURVE('',#316,#293,#318,.T.);
#316 = VERTEX_POINT('',#317);
#317 = CARTESIAN_POINT('',(0.,85.,105.));
#318 = SURFACE_CURVE('',#319,(#323,#330),.PCURVE_S1.);
#319 = LINE('',#320,#321);
#320 = CARTESIAN_POINT('',(0.,85.,105.));
#321 = VECTOR('',#322,1.);
#322 = DIRECTION('',(1.,0.,0.));
#323 = PCURVE('',#174,#324);
#324 = DEFINITIONAL_REPRESENTATION('',(#325),#329);
#325 = LINE('',#326,#327);
#326 = CARTESIAN_POINT('',(210.,0.));
#327 = VECTOR('',#328,1.);
#328 = DIRECTION('',(0.,-1.));
#329 = ( GEOMETRIC_REPRESENTATION_CONTEXT(2) 
PARAMETRIC_REPRESENTATION_CONTEXT() REPRESENTATION_CONTEXT('2D SPACE',''
  ) );
#330 = PCURVE('',#331,#336);
#331 = PLANE('',#332);
#332 = AXIS2_PLACEMENT_3D('',#333,#334,#335);
#333 = CARTESIAN_POINT('',(0.,85.,105.));
#334 = DIRECTION('',(0.,-0.707106781187,-0.707106781187));
#335 = DIRECTION('',(0.,-0.707106781187,0.707106781187));
#336 = DEFINITIONAL_REPRESENTATION('',(#337),#341);
#337 = LINE('',#338,#339);
#338 = CARTESIAN_POINT('',(0.,0.));
#339 = VECTOR('',#340,1.);
#340 = DIRECTION('',(0.,-1.));
#341 = ( GEOMETRIC_REPRESENTATION_CONTEXT(2) 
PARAMETRIC_REPRESENTATION_CONTEXT() REPRESENTATION_CONTEXT('2D SPACE',''
  ) );
#342 = ORIENTED_EDGE('',*,*,#343,.F.);
#343 = EDGE_CURVE('',#159,#316,#344,.T.);
#344 = SURFACE_CURVE('',#345,(#349,#356),.PCURVE_S1.);
#345 = LINE('',#346,#347);
#346 = CARTESIAN_POINT('',(0.,85.,-105.));
#347 = VECTOR('',#348,1.);
#348 = DIRECTION('',(0.,0.,1.));
#349 = PCURVE('',#174,#350);
#350 = DEFINITIONAL_REPRESENTATION('',(#351),#355);
#351 = LINE('',#352,#353);
#352 = CARTESIAN_POINT('',(0.,0.));
#353 = VECTOR('',#354,1.);
#354 = DIRECTION('',(1.,0.));
#355 = ( GEOMETRIC_REPRESENTATION_CONTEXT(2) 
PARAMETRIC_REPRESENTATION_CONTEXT() REPRESENTATION_CONTEXT('2D SPACE',''
  ) );
#356 = PCURVE('',#200,#357);
#357 = DEFINITIONAL_REPRESENTATION('',(#358),#362);
#358 = LINE('',#359,#360);
#359 = CARTESIAN_POINT('',(-105.,-81.37396461421));
#360 = VECTOR('',#361,1.);
#361 = DIRECTION('',(1.,0.));
#362 = ( GEOMETRIC_REPRESENTATION_CONTEXT(2) 
PARAMETRIC_REPRESENTATION_CONTEXT() REPRESENTATION_CONTEXT('2D SPACE',''
  ) );
#363 = ADVANCED_FACE('',(#364,#670,#705,#740,#775,#810,#845),#200,.F.);
#364 = FACE_BOUND('',#365,.F.);
#365 = EDGE_LOOP('',(#366,#367,#368,#391,#419,#447,#475,#503,#531,#564,
    #592,#620,#648,#669));
#366 = ORIENTED_EDGE('',*,*,#186,.T.);
#367 = ORIENTED_EDGE('',*,*,#343,.T.);
#368 = ORIENTED_EDGE('',*,*,#369,.T.);
#369 = EDGE_CURVE('',#316,#370,#372,.T.);
#370 = VERTEX_POINT('',#371);
#371 = CARTESIAN_POINT('',(0.,65.,125.));
#372 = SURFACE_CURVE('',#373,(#377,#384),.PCURVE_S1.);
#373 = LINE('',#374,#375);
#374 = CARTESIAN_POINT('',(0.,85.,105.));
#375 = VECTOR('',#376,1.);
#376 = DIRECTION('',(0.,-0.707106781187,0.707106781187));
#377 = PCURVE('',#200,#378);
#378 = DEFINITIONAL_REPRESENTATION('',(#379),#383);
#379 = LINE('',#380,#381);
#380 = CARTESIAN_POINT('',(105.,-81.37396461421));
#381 = VECTOR('',#382,1.);
#382 = DIRECTION('',(0.707106781187,0.707106781187));
#383 = ( GEOMETRIC_REPRESENTATION_CONTEXT(2) 
PARAMETRIC_REPRESENTATION_CONTEXT() REPRESENTATION_CONTEXT('2D SPACE',''
  ) );
#384 = PCURVE('',#331,#385);
#385 = DEFINITIONAL_REPRESENTATION('',(#386),#390);
#386 = LINE('',#387,#388);
#387 = CARTESIAN_POINT('',(0.,0.));
#388 = VECTOR('',#389,1.);
#389 = DIRECTION('',(1.,0.));
#390 = ( GEOMETRIC_REPRESENTATION_CONTEXT(2) 
PARAMETRIC_REPRESENTATION_CONTEXT() REPRESENTATION_CONTEXT('2D SPACE',''
  ) );
#391 = ORIENTED_EDGE('',*,*,#392,.T.);
#392 = EDGE_CURVE('',#370,#393,#395,.T.);
#393 = VERTEX_POINT('',#394);
#394 = CARTESIAN_POINT('',(0.,-20.,125.));
#395 = SURFACE_CURVE('',#396,(#400,#407),.PCURVE_S1.);
#396 = LINE('',#397,#398);
#397 = CARTESIAN_POINT('',(0.,65.,125.));
#398 = VECTOR('',#399,1.);
#399 = DIRECTION('',(0.,-1.,0.));
#400 = PCURVE('',#200,#401);
#401 = DEFINITIONAL_REPRESENTATION('',(#402),#406);
#402 = LINE('',#403,#404);
#403 = CARTESIAN_POINT('',(125.,-61.37396461421));
#404 = VECTOR('',#405,1.);
#405 = DIRECTION('',(0.,1.));
#406 = ( GEOMETRIC_REPRESENTATION_CONTEXT(2) 
PARAMETRIC_REPRESENTATION_CONTEXT() REPRESENTATION_CONTEXT('2D SPACE',''
  ) );
#407 = PCURVE('',#408,#413);
#408 = PLANE('',#409);
#409 = AXIS2_PLACEMENT_3D('',#410,#411,#412);
#410 = CARTESIAN_POINT('',(0.,65.,125.));
#411 = DIRECTION('',(0.,0.,-1.));
#412 = DIRECTION('',(0.,-1.,0.));
#413 = DEFINITIONAL_REPRESENTATION('',(#414),#418);
#414 = LINE('',#415,#416);
#415 = CARTESIAN_POINT('',(0.,-0.));
#416 = VECTOR('',#417,1.);
#417 = DIRECTION('',(1.,0.));
#418 = ( GEOMETRIC_REPRESENTATION_CONTEXT(2) 
PARAMETRIC_REPRESENTATION_CONTEXT() REPRESENTATION_CONTEXT('2D SPACE',''
  ) );
#419 = ORIENTED_EDGE('',*,*,#420,.T.);
#420 = EDGE_CURVE('',#393,#421,#423,.T.);
#421 = VERTEX_POINT('',#422);
#422 = CARTESIAN_POINT('',(0.,-20.,41.));
#423 = SURFACE_CURVE('',#424,(#428,#435),.PCURVE_S1.);
#424 = LINE('',#425,#426);
#425 = CARTESIAN_POINT('',(0.,-20.,125.));
#426 = VECTOR('',#427,1.);
#427 = DIRECTION('',(0.,0.,-1.));
#428 = PCURVE('',#200,#429);
#429 = DEFINITIONAL_REPRESENTATION('',(#430),#434);
#430 = LINE('',#431,#432);
#431 = CARTESIAN_POINT('',(125.,23.626035385788));
#432 = VECTOR('',#433,1.);
#433 = DIRECTION('',(-1.,0.));
#434 = ( GEOMETRIC_REPRESENTATION_CONTEXT(2) 
PARAMETRIC_REPRESENTATION_CONTEXT() REPRESENTATION_CONTEXT('2D SPACE',''
  ) );
#435 = PCURVE('',#436,#441);
#436 = PLANE('',#437);
#437 = AXIS2_PLACEMENT_3D('',#438,#439,#440);
#438 = CARTESIAN_POINT('',(0.,-20.,125.));
#439 = DIRECTION('',(-0.,1.,0.));
#440 = DIRECTION('',(0.,0.,-1.));
#441 = DEFINITIONAL_REPRESENTATION('',(#442),#446);
#442 = LINE('',#443,#444);
#443 = CARTESIAN_POINT('',(0.,0.));
#444 = VECTOR('',#445,1.);
#445 = DIRECTION('',(1.,0.));
#446 = ( GEOMETRIC_REPRESENTATION_CONTEXT(2) 
PARAMETRIC_REPRESENTATION_CONTEXT() REPRESENTATION_CONTEXT('2D SPACE',''
  ) );
#447 = ORIENTED_EDGE('',*,*,#448,.T.);
#448 = EDGE_CURVE('',#421,#449,#451,.T.);
#449 = VERTEX_POINT('',#450);
#450 = CARTESIAN_POINT('',(0.,-85.,41.));
#451 = SURFACE_CURVE('',#452,(#456,#463),.PCURVE_S1.);
#452 = LINE('',#453,#454);
#453 = CARTESIAN_POINT('',(0.,-20.,41.));
#454 = VECTOR('',#455,1.);
#455 = DIRECTION('',(0.,-1.,0.));
#456 = PCURVE('',#200,#457);
#457 = DEFINITIONAL_REPRESENTATION('',(#458),#462);
#458 = LINE('',#459,#460);
#459 = CARTESIAN_POINT('',(41.,23.626035385788));
#460 = VECTOR('',#461,1.);
#461 = DIRECTION('',(0.,1.));
#462 = ( GEOMETRIC_REPRESENTATION_CONTEXT(2) 
PARAMETRIC_REPRESENTATION_CONTEXT() REPRESENTATION_CONTEXT('2D SPACE',''
  ) );
#463 = PCURVE('',#464,#469);
#464 = PLANE('',#465);
#465 = AXIS2_PLACEMENT_3D('',#466,#467,#468);
#466 = CARTESIAN_POINT('',(0.,-20.,41.));
#467 = DIRECTION('',(0.,0.,-1.));
#468 = DIRECTION('',(0.,-1.,0.));
#469 = DEFINITIONAL_REPRESENTATION('',(#470),#474);
#470 = LINE('',#471,#472);
#471 = CARTESIAN_POINT('',(0.,-0.));
#472 = VECTOR('',#473,1.);
#473 = DIRECTION('',(1.,0.));
#474 = ( GEOMETRIC_REPRESENTATION_CONTEXT(2) 
PARAMETRIC_REPRESENTATION_CONTEXT() REPRESENTATION_CONTEXT('2D SPACE',''
  ) );
#475 = ORIENTED_EDGE('',*,*,#476,.T.);
#476 = EDGE_CURVE('',#449,#477,#479,.T.);
#477 = VERTEX_POINT('',#478);
#478 = CARTESIAN_POINT('',(0.,-85.,11.));
#479 = SURFACE_CURVE('',#480,(#484,#491),.PCURVE_S1.);
#480 = LINE('',#481,#482);
#481 = CARTESIAN_POINT('',(0.,-85.,41.));
#482 = VECTOR('',#483,1.);
#483 = DIRECTION('',(0.,0.,-1.));
#484 = PCURVE('',#200,#485);
#485 = DEFINITIONAL_REPRESENTATION('',(#486),#490);
#486 = LINE('',#487,#488);
#487 = CARTESIAN_POINT('',(41.,88.626035385788));
#488 = VECTOR('',#489,1.);
#489 = DIRECTION('',(-1.,0.));
#490 = ( GEOMETRIC_REPRESENTATION_CONTEXT(2) 
PARAMETRIC_REPRESENTATION_CONTEXT() REPRESENTATION_CONTEXT('2D SPACE',''
  ) );
#491 = PCURVE('',#492,#497);
#492 = PLANE('',#493);
#493 = AXIS2_PLACEMENT_3D('',#494,#495,#496);
#494 = CARTESIAN_POINT('',(0.,-85.,41.));
#495 = DIRECTION('',(-0.,1.,0.));
#496 = DIRECTION('',(0.,0.,-1.));
#497 = DEFINITIONAL_REPRESENTATION('',(#498),#502);
#498 = LINE('',#499,#500);
#499 = CARTESIAN_POINT('',(0.,0.));
#500 = VECTOR('',#501,1.);
#501 = DIRECTION('',(1.,0.));
#502 = ( GEOMETRIC_REPRESENTATION_CONTEXT(2) 
PARAMETRIC_REPRESENTATION_CONTEXT() REPRESENTATION_CONTEXT('2D SPACE',''
  ) );
#503 = ORIENTED_EDGE('',*,*,#504,.T.);
#504 = EDGE_CURVE('',#477,#505,#507,.T.);
#505 = VERTEX_POINT('',#506);
#506 = CARTESIAN_POINT('',(0.,0.,11.));
#507 = SURFACE_CURVE('',#508,(#512,#519),.PCURVE_S1.);
#508 = LINE('',#509,#510);
#509 = CARTESIAN_POINT('',(0.,-85.,11.));
#510 = VECTOR('',#511,1.);
#511 = DIRECTION('',(0.,1.,0.));
#512 = PCURVE('',#200,#513);
#513 = DEFINITIONAL_REPRESENTATION('',(#514),#518);
#514 = LINE('',#515,#516);
#515 = CARTESIAN_POINT('',(11.,88.626035385788));
#516 = VECTOR('',#517,1.);
#517 = DIRECTION('',(0.,-1.));
#518 = ( GEOMETRIC_REPRESENTATION_CONTEXT(2) 
PARAMETRIC_REPRESENTATION_CONTEXT() REPRESENTATION_CONTEXT('2D SPACE',''
  ) );
#519 = PCURVE('',#520,#525);
#520 = PLANE('',#521);
#521 = AXIS2_PLACEMENT_3D('',#522,#523,#524);
#522 = CARTESIAN_POINT('',(0.,-85.,11.));
#523 = DIRECTION('',(0.,0.,1.));
#524 = DIRECTION('',(0.,1.,0.));
#525 = DEFINITIONAL_REPRESENTATION('',(#526),#530);
#526 = LINE('',#527,#528);
#527 = CARTESIAN_POINT('',(0.,0.));
#528 = VECTOR('',#529,1.);
#529 = DIRECTION('',(1.,0.));
#530 = ( GEOMETRIC_REPRESENTATION_CONTEXT(2) 
PARAMETRIC_REPRESENTATION_CONTEXT() REPRESENTATION_CONTEXT('2D SPACE',''
  ) );
#531 = ORIENTED_EDGE('',*,*,#532,.T.);
#532 = EDGE_CURVE('',#505,#533,#535,.T.);
#533 = VERTEX_POINT('',#534);
#534 = CARTESIAN_POINT('',(0.,-4.292453603382E-16,-11.));
#535 = SURFACE_CURVE('',#536,(#541,#552),.PCURVE_S1.);
#536 = CIRCLE('',#537,11.);
#537 = AXIS2_PLACEMENT_3D('',#538,#539,#540);
#538 = CARTESIAN_POINT('',(0.,-8.881784197001E-16,0.));
#539 = DIRECTION('',(-1.,0.,0.));
#540 = DIRECTION('',(0.,8.074349270001E-17,1.));
#541 = PCURVE('',#200,#542);
#542 = DEFINITIONAL_REPRESENTATION('',(#543),#551);
#543 = ( BOUNDED_CURVE() B_SPLINE_CURVE(2,(#544,#545,#546,#547,#548,#549
,#550),.UNSPECIFIED.,.T.,.F.) B_SPLINE_CURVE_WITH_KNOTS((1,2,2,2,2,1),(
    -2.094395102393,0.,2.094395102393,4.188790204786,6.28318530718,
8.377580409573),.UNSPECIFIED.) CURVE() GEOMETRIC_REPRESENTATION_ITEM() 
RATIONAL_B_SPLINE_CURVE((1.,0.5,1.,0.5,1.,0.5,1.)) REPRESENTATION_ITEM(
  '') );
#544 = CARTESIAN_POINT('',(11.,3.626035385788));
#545 = CARTESIAN_POINT('',(11.,-15.42652349747));
#546 = CARTESIAN_POINT('',(-5.5,-5.900244055841));
#547 = CARTESIAN_POINT('',(-22.,3.626035385788));
#548 = CARTESIAN_POINT('',(-5.5,13.152314827416));
#549 = CARTESIAN_POINT('',(11.,22.678594269045));
#550 = CARTESIAN_POINT('',(11.,3.626035385788));
#551 = ( GEOMETRIC_REPRESENTATION_CONTEXT(2) 
PARAMETRIC_REPRESENTATION_CONTEXT() REPRESENTATION_CONTEXT('2D SPACE',''
  ) );
#552 = PCURVE('',#553,#558);
#553 = CYLINDRICAL_SURFACE('',#554,11.);
#554 = AXIS2_PLACEMENT_3D('',#555,#556,#557);
#555 = CARTESIAN_POINT('',(0.,-8.881784197001E-16,0.));
#556 = DIRECTION('',(-1.,0.,0.));
#557 = DIRECTION('',(0.,8.074349270001E-17,1.));
#558 = DEFINITIONAL_REPRESENTATION('',(#559),#563);
#559 = LINE('',#560,#561);
#560 = CARTESIAN_POINT('',(0.,0.));
#561 = VECTOR('',#562,1.);
#562 = DIRECTION('',(1.,0.));
#563 = ( GEOMETRIC_REPRESENTATION_CONTEXT(2) 
PARAMETRIC_REPRESENTATION_CONTEXT() REPRESENTATION_CONTEXT('2D SPACE',''
  ) );
#564 = ORIENTED_EDGE('',*,*,#565,.T.);
#565 = EDGE_CURVE('',#533,#566,#568,.T.);
#566 = VERTEX_POINT('',#567);
#567 = CARTESIAN_POINT('',(0.,-85.,-11.));
#568 = SURFACE_CURVE('',#569,(#573,#580),.PCURVE_S1.);
#569 = LINE('',#570,#571);
#570 = CARTESIAN_POINT('',(0.,-4.292453603382E-16,-11.));
#571 = VECTOR('',#572,1.);
#572 = DIRECTION('',(0.,-1.,0.));
#573 = PCURVE('',#200,#574);
#574 = DEFINITIONAL_REPRESENTATION('',(#575),#579);
#575 = LINE('',#576,#577);
#576 = CARTESIAN_POINT('',(-11.,3.626035385788));
#577 = VECTOR('',#578,1.);
#578 = DIRECTION('',(0.,1.));
#579 = ( GEOMETRIC_REPRESENTATION_CONTEXT(2) 
PARAMETRIC_REPRESENTATION_CONTEXT() REPRESENTATION_CONTEXT('2D SPACE',''
  ) );
#580 = PCURVE('',#581,#586);
#581 = PLANE('',#582);
#582 = AXIS2_PLACEMENT_3D('',#583,#584,#585);
#583 = CARTESIAN_POINT('',(0.,-4.292453603382E-16,-11.));
#584 = DIRECTION('',(0.,0.,-1.));
#585 = DIRECTION('',(0.,-1.,0.));
#586 = DEFINITIONAL_REPRESENTATION('',(#587),#591);
#587 = LINE('',#588,#589);
#588 = CARTESIAN_POINT('',(0.,-0.));
#589 = VECTOR('',#590,1.);
#590 = DIRECTION('',(1.,0.));
#591 = ( GEOMETRIC_REPRESENTATION_CONTEXT(2) 
PARAMETRIC_REPRESENTATION_CONTEXT() REPRESENTATION_CONTEXT('2D SPACE',''
  ) );
#592 = ORIENTED_EDGE('',*,*,#593,.T.);
#593 = EDGE_CURVE('',#566,#594,#596,.T.);
#594 = VERTEX_POINT('',#595);
#595 = CARTESIAN_POINT('',(0.,-85.,-41.));
#596 = SURFACE_CURVE('',#597,(#601,#608),.PCURVE_S1.);
#597 = LINE('',#598,#599);
#598 = CARTESIAN_POINT('',(0.,-85.,-11.));
#599 = VECTOR('',#600,1.);
#600 = DIRECTION('',(0.,0.,-1.));
#601 = PCURVE('',#200,#602);
#602 = DEFINITIONAL_REPRESENTATION('',(#603),#607);
#603 = LINE('',#604,#605);
#604 = CARTESIAN_POINT('',(-11.,88.626035385788));
#605 = VECTOR('',#606,1.);
#606 = DIRECTION('',(-1.,0.));
#607 = ( GEOMETRIC_REPRESENTATION_CONTEXT(2) 
PARAMETRIC_REPRESENTATION_CONTEXT() REPRESENTATION_CONTEXT('2D SPACE',''
  ) );
#608 = PCURVE('',#609,#614);
#609 = PLANE('',#610);
#610 = AXIS2_PLACEMENT_3D('',#611,#612,#613);
#611 = CARTESIAN_POINT('',(0.,-85.,-11.));
#612 = DIRECTION('',(-0.,1.,0.));
#613 = DIRECTION('',(0.,0.,-1.));
#614 = DEFINITIONAL_REPRESENTATION('',(#615),#619);
#615 = LINE('',#616,#617);
#616 = CARTESIAN_POINT('',(0.,0.));
#617 = VECTOR('',#618,1.);
#618 = DIRECTION('',(1.,0.));
#619 = ( GEOMETRIC_REPRESENTATION_CONTEXT(2) 
PARAMETRIC_REPRESENTATION_CONTEXT() REPRESENTATION_CONTEXT('2D SPACE',''
  ) );
#620 = ORIENTED_EDGE('',*,*,#621,.T.);
#621 = EDGE_CURVE('',#594,#622,#624,.T.);
#622 = VERTEX_POINT('',#623);
#623 = CARTESIAN_POINT('',(0.,-20.,-41.));
#624 = SURFACE_CURVE('',#625,(#629,#636),.PCURVE_S1.);
#625 = LINE('',#626,#627);
#626 = CARTESIAN_POINT('',(0.,-85.,-41.));
#627 = VECTOR('',#628,1.);
#628 = DIRECTION('',(0.,1.,0.));
#629 = PCURVE('',#200,#630);
#630 = DEFINITIONAL_REPRESENTATION('',(#631),#635);
#631 = LINE('',#632,#633);
#632 = CARTESIAN_POINT('',(-41.,88.626035385788));
#633 = VECTOR('',#634,1.);
#634 = DIRECTION('',(0.,-1.));
#635 = ( GEOMETRIC_REPRESENTATION_CONTEXT(2) 
PARAMETRIC_REPRESENTATION_CONTEXT() REPRESENTATION_CONTEXT('2D SPACE',''
  ) );
#636 = PCURVE('',#637,#642);
#637 = PLANE('',#638);
#638 = AXIS2_PLACEMENT_3D('',#639,#640,#641);
#639 = CARTESIAN_POINT('',(0.,-85.,-41.));
#640 = DIRECTION('',(0.,0.,1.));
#641 = DIRECTION('',(0.,1.,0.));
#642 = DEFINITIONAL_REPRESENTATION('',(#643),#647);
#643 = LINE('',#644,#645);
#644 = CARTESIAN_POINT('',(0.,0.));
#645 = VECTOR('',#646,1.);
#646 = DIRECTION('',(1.,0.));
#647 = ( GEOMETRIC_REPRESENTATION_CONTEXT(2) 
PARAMETRIC_REPRESENTATION_CONTEXT() REPRESENTATION_CONTEXT('2D SPACE',''
  ) );
#648 = ORIENTED_EDGE('',*,*,#649,.T.);
#649 = EDGE_CURVE('',#622,#216,#650,.T.);
#650 = SURFACE_CURVE('',#651,(#655,#662),.PCURVE_S1.);
#651 = LINE('',#652,#653);
#652 = CARTESIAN_POINT('',(0.,-20.,-41.));
#653 = VECTOR('',#654,1.);
#654 = DIRECTION('',(0.,0.,-1.));
#655 = PCURVE('',#200,#656);
#656 = DEFINITIONAL_REPRESENTATION('',(#657),#661);
#657 = LINE('',#658,#659);
#658 = CARTESIAN_POINT('',(-41.,23.626035385788));
#659 = VECTOR('',#660,1.);
#660 = DIRECTION('',(-1.,0.));
#661 = ( GEOMETRIC_REPRESENTATION_CONTEXT(2) 
PARAMETRIC_REPRESENTATION_CONTEXT() REPRESENTATION_CONTEXT('2D SPACE',''
  ) );
#662 = PCURVE('',#233,#663);
#663 = DEFINITIONAL_REPRESENTATION('',(#664),#668);
#664 = LINE('',#665,#666);
#665 = CARTESIAN_POINT('',(0.,0.));
#666 = VECTOR('',#667,1.);
#667 = DIRECTION('',(1.,0.));
#668 = ( GEOMETRIC_REPRESENTATION_CONTEXT(2) 
PARAMETRIC_REPRESENTATION_CONTEXT() REPRESENTATION_CONTEXT('2D SPACE',''
  ) );
#669 = ORIENTED_EDGE('',*,*,#267,.T.);
#670 = FACE_BOUND('',#671,.F.);
#671 = EDGE_LOOP('',(#672));
#672 = ORIENTED_EDGE('',*,*,#673,.T.);
#673 = EDGE_CURVE('',#674,#674,#676,.T.);
#674 = VERTEX_POINT('',#675);
#675 = CARTESIAN_POINT('',(0.,21.4,-26.));
#676 = SURFACE_CURVE('',#677,(#682,#693),.PCURVE_S1.);
#677 = CIRCLE('',#678,3.4);
#678 = AXIS2_PLACEMENT_3D('',#679,#680,#681);
#679 = CARTESIAN_POINT('',(0.,18.,-26.));
#680 = DIRECTION('',(-1.,0.,0.));
#681 = DIRECTION('',(0.,1.,0.));
#682 = PCURVE('',#200,#683);
#683 = DEFINITIONAL_REPRESENTATION('',(#684),#692);
#684 = ( BOUNDED_CURVE() B_SPLINE_CURVE(2,(#685,#686,#687,#688,#689,#690
,#691),.UNSPECIFIED.,.T.,.F.) B_SPLINE_CURVE_WITH_KNOTS((1,2,2,2,2,1),(
    -2.094395102393,0.,2.094395102393,4.188790204786,6.28318530718,
8.377580409573),.UNSPECIFIED.) CURVE() GEOMETRIC_REPRESENTATION_ITEM() 
RATIONAL_B_SPLINE_CURVE((1.,0.5,1.,0.5,1.,0.5,1.)) REPRESENTATION_ITEM(
  '') );
#685 = CARTESIAN_POINT('',(-26.,-17.77396461421));
#686 = CARTESIAN_POINT('',(-31.88897274573,-17.77396461421));
#687 = CARTESIAN_POINT('',(-28.94448637286,-12.67396461421));
#688 = CARTESIAN_POINT('',(-26.,-7.573964614212));
#689 = CARTESIAN_POINT('',(-23.05551362713,-12.67396461421));
#690 = CARTESIAN_POINT('',(-20.11102725426,-17.77396461421));
#691 = CARTESIAN_POINT('',(-26.,-17.77396461421));
#692 = ( GEOMETRIC_REPRESENTATION_CONTEXT(2) 
PARAMETRIC_REPRESENTATION_CONTEXT() REPRESENTATION_CONTEXT('2D SPACE',''
  ) );
#693 = PCURVE('',#694,#699);
#694 = CYLINDRICAL_SURFACE('',#695,3.4);
#695 = AXIS2_PLACEMENT_3D('',#696,#697,#698);
#696 = CARTESIAN_POINT('',(-1.,18.,-26.));
#697 = DIRECTION('',(-1.,-0.,-0.));
#698 = DIRECTION('',(0.,1.,0.));
#699 = DEFINITIONAL_REPRESENTATION('',(#700),#704);
#700 = LINE('',#701,#702);
#701 = CARTESIAN_POINT('',(-6.28318530718,-1.));
#702 = VECTOR('',#703,1.);
#703 = DIRECTION('',(1.,-0.));
#704 = ( GEOMETRIC_REPRESENTATION_CONTEXT(2) 
PARAMETRIC_REPRESENTATION_CONTEXT() REPRESENTATION_CONTEXT('2D SPACE',''
  ) );
#705 = FACE_BOUND('',#706,.F.);
#706 = EDGE_LOOP('',(#707));
#707 = ORIENTED_EDGE('',*,*,#708,.T.);
#708 = EDGE_CURVE('',#709,#709,#711,.T.);
#709 = VERTEX_POINT('',#710);
#710 = CARTESIAN_POINT('',(0.,21.4,26.));
#711 = SURFACE_CURVE('',#712,(#717,#728),.PCURVE_S1.);
#712 = CIRCLE('',#713,3.4);
#713 = AXIS2_PLACEMENT_3D('',#714,#715,#716);
#714 = CARTESIAN_POINT('',(0.,18.,26.));
#715 = DIRECTION('',(-1.,0.,0.));
#716 = DIRECTION('',(0.,1.,0.));
#717 = PCURVE('',#200,#718);
#718 = DEFINITIONAL_REPRESENTATION('',(#719),#727);
#719 = ( BOUNDED_CURVE() B_SPLINE_CURVE(2,(#720,#721,#722,#723,#724,#725
,#726),.UNSPECIFIED.,.T.,.F.) B_SPLINE_CURVE_WITH_KNOTS((1,2,2,2,2,1),(
    -2.094395102393,0.,2.094395102393,4.188790204786,6.28318530718,
8.377580409573),.UNSPECIFIED.) CURVE() GEOMETRIC_REPRESENTATION_ITEM() 
RATIONAL_B_SPLINE_CURVE((1.,0.5,1.,0.5,1.,0.5,1.)) REPRESENTATION_ITEM(
  '') );
#720 = CARTESIAN_POINT('',(26.,-17.77396461421));
#721 = CARTESIAN_POINT('',(20.111027254266,-17.77396461421));
#722 = CARTESIAN_POINT('',(23.055513627133,-12.67396461421));
#723 = CARTESIAN_POINT('',(26.,-7.573964614212));
#724 = CARTESIAN_POINT('',(28.944486372867,-12.67396461421));
#725 = CARTESIAN_POINT('',(31.888972745734,-17.77396461421));
#726 = CARTESIAN_POINT('',(26.,-17.77396461421));
#727 = ( GEOMETRIC_REPRESENTATION_CONTEXT(2) 
PARAMETRIC_REPRESENTATION_CONTEXT() REPRESENTATION_CONTEXT('2D SPACE',''
  ) );
#728 = PCURVE('',#729,#734);
#729 = CYLINDRICAL_SURFACE('',#730,3.4);
#730 = AXIS2_PLACEMENT_3D('',#731,#732,#733);
#731 = CARTESIAN_POINT('',(-1.,18.,26.));
#732 = DIRECTION('',(-1.,-0.,-0.));
#733 = DIRECTION('',(0.,1.,0.));
#734 = DEFINITIONAL_REPRESENTATION('',(#735),#739);
#735 = LINE('',#736,#737);
#736 = CARTESIAN_POINT('',(-6.28318530718,-1.));
#737 = VECTOR('',#738,1.);
#738 = DIRECTION('',(1.,-0.));
#739 = ( GEOMETRIC_REPRESENTATION_CONTEXT(2) 
PARAMETRIC_REPRESENTATION_CONTEXT() REPRESENTATION_CONTEXT('2D SPACE',''
  ) );
#740 = FACE_BOUND('',#741,.F.);
#741 = EDGE_LOOP('',(#742));
#742 = ORIENTED_EDGE('',*,*,#743,.T.);
#743 = EDGE_CURVE('',#744,#744,#746,.T.);
#744 = VERTEX_POINT('',#745);
#745 = CARTESIAN_POINT('',(0.,11.25,-80.));
#746 = SURFACE_CURVE('',#747,(#752,#763),.PCURVE_S1.);
#747 = CIRCLE('',#748,11.25);
#748 = AXIS2_PLACEMENT_3D('',#749,#750,#751);
#749 = CARTESIAN_POINT('',(0.,0.,-80.));
#750 = DIRECTION('',(-1.,0.,0.));
#751 = DIRECTION('',(0.,1.,0.));
#752 = PCURVE('',#200,#753);
#753 = DEFINITIONAL_REPRESENTATION('',(#754),#762);
#754 = ( BOUNDED_CURVE() B_SPLINE_CURVE(2,(#755,#756,#757,#758,#759,#760
,#761),.UNSPECIFIED.,.T.,.F.) B_SPLINE_CURVE_WITH_KNOTS((1,2,2,2,2,1),(
    -2.094395102393,0.,2.094395102393,4.188790204786,6.28318530718,
8.377580409573),.UNSPECIFIED.) CURVE() GEOMETRIC_REPRESENTATION_ITEM() 
RATIONAL_B_SPLINE_CURVE((1.,0.5,1.,0.5,1.,0.5,1.)) REPRESENTATION_ITEM(
  '') );
#755 = CARTESIAN_POINT('',(-80.,-7.623964614212));
#756 = CARTESIAN_POINT('',(-99.48557158515,-7.623964614212));
#757 = CARTESIAN_POINT('',(-89.74278579257,9.251035385788));
#758 = CARTESIAN_POINT('',(-80.,26.126035385788));
#759 = CARTESIAN_POINT('',(-70.25721420742,9.251035385788));
#760 = CARTESIAN_POINT('',(-60.51442841485,-7.623964614212));
#761 = CARTESIAN_POINT('',(-80.,-7.623964614212));
#762 = ( GEOMETRIC_REPRESENTATION_CONTEXT(2) 
PARAMETRIC_REPRESENTATION_CONTEXT() REPRESENTATION_CONTEXT('2D SPACE',''
  ) );
#763 = PCURVE('',#764,#769);
#764 = CYLINDRICAL_SURFACE('',#765,11.25);
#765 = AXIS2_PLACEMENT_3D('',#766,#767,#768);
#766 = CARTESIAN_POINT('',(-1.,0.,-80.));
#767 = DIRECTION('',(-1.,-0.,-0.));
#768 = DIRECTION('',(0.,1.,0.));
#769 = DEFINITIONAL_REPRESENTATION('',(#770),#774);
#770 = LINE('',#771,#772);
#771 = CARTESIAN_POINT('',(-6.28318530718,-1.));
#772 = VECTOR('',#773,1.);
#773 = DIRECTION('',(1.,-0.));
#774 = ( GEOMETRIC_REPRESENTATION_CONTEXT(2) 
PARAMETRIC_REPRESENTATION_CONTEXT() REPRESENTATION_CONTEXT('2D SPACE',''
  ) );
#775 = FACE_BOUND('',#776,.F.);
#776 = EDGE_LOOP('',(#777));
#777 = ORIENTED_EDGE('',*,*,#778,.T.);
#778 = EDGE_CURVE('',#779,#779,#781,.T.);
#779 = VERTEX_POINT('',#780);
#780 = CARTESIAN_POINT('',(0.,-14.6,-26.));
#781 = SURFACE_CURVE('',#782,(#787,#798),.PCURVE_S1.);
#782 = CIRCLE('',#783,3.4);
#783 = AXIS2_PLACEMENT_3D('',#784,#785,#786);
#784 = CARTESIAN_POINT('',(0.,-18.,-26.));
#785 = DIRECTION('',(-1.,0.,0.));
#786 = DIRECTION('',(0.,1.,0.));
#787 = PCURVE('',#200,#788);
#788 = DEFINITIONAL_REPRESENTATION('',(#789),#797);
#789 = ( BOUNDED_CURVE() B_SPLINE_CURVE(2,(#790,#791,#792,#793,#794,#795
,#796),.UNSPECIFIED.,.T.,.F.) B_SPLINE_CURVE_WITH_KNOTS((1,2,2,2,2,1),(
    -2.094395102393,0.,2.094395102393,4.188790204786,6.28318530718,
8.377580409573),.UNSPECIFIED.) CURVE() GEOMETRIC_REPRESENTATION_ITEM() 
RATIONAL_B_SPLINE_CURVE((1.,0.5,1.,0.5,1.,0.5,1.)) REPRESENTATION_ITEM(
  '') );
#790 = CARTESIAN_POINT('',(-26.,18.226035385788));
#791 = CARTESIAN_POINT('',(-31.88897274573,18.226035385788));
#792 = CARTESIAN_POINT('',(-28.94448637286,23.326035385788));
#793 = CARTESIAN_POINT('',(-26.,28.426035385788));
#794 = CARTESIAN_POINT('',(-23.05551362713,23.326035385788));
#795 = CARTESIAN_POINT('',(-20.11102725426,18.226035385788));
#796 = CARTESIAN_POINT('',(-26.,18.226035385788));
#797 = ( GEOMETRIC_REPRESENTATION_CONTEXT(2) 
PARAMETRIC_REPRESENTATION_CONTEXT() REPRESENTATION_CONTEXT('2D SPACE',''
  ) );
#798 = PCURVE('',#799,#804);
#799 = CYLINDRICAL_SURFACE('',#800,3.4);
#800 = AXIS2_PLACEMENT_3D('',#801,#802,#803);
#801 = CARTESIAN_POINT('',(-1.,-18.,-26.));
#802 = DIRECTION('',(-1.,-0.,-0.));
#803 = DIRECTION('',(0.,1.,0.));
#804 = DEFINITIONAL_REPRESENTATION('',(#805),#809);
#805 = LINE('',#806,#807);
#806 = CARTESIAN_POINT('',(-6.28318530718,-1.));
#807 = VECTOR('',#808,1.);
#808 = DIRECTION('',(1.,-0.));
#809 = ( GEOMETRIC_REPRESENTATION_CONTEXT(2) 
PARAMETRIC_REPRESENTATION_CONTEXT() REPRESENTATION_CONTEXT('2D SPACE',''
  ) );
#810 = FACE_BOUND('',#811,.F.);
#811 = EDGE_LOOP('',(#812));
#812 = ORIENTED_EDGE('',*,*,#813,.T.);
#813 = EDGE_CURVE('',#814,#814,#816,.T.);
#814 = VERTEX_POINT('',#815);
#815 = CARTESIAN_POINT('',(0.,11.25,80.));
#816 = SURFACE_CURVE('',#817,(#822,#833),.PCURVE_S1.);
#817 = CIRCLE('',#818,11.25);
#818 = AXIS2_PLACEMENT_3D('',#819,#820,#821);
#819 = CARTESIAN_POINT('',(0.,0.,80.));
#820 = DIRECTION('',(-1.,0.,0.));
#821 = DIRECTION('',(0.,1.,0.));
#822 = PCURVE('',#200,#823);
#823 = DEFINITIONAL_REPRESENTATION('',(#824),#832);
#824 = ( BOUNDED_CURVE() B_SPLINE_CURVE(2,(#825,#826,#827,#828,#829,#830
,#831),.UNSPECIFIED.,.T.,.F.) B_SPLINE_CURVE_WITH_KNOTS((1,2,2,2,2,1),(
    -2.094395102393,0.,2.094395102393,4.188790204786,6.28318530718,
8.377580409573),.UNSPECIFIED.) CURVE() GEOMETRIC_REPRESENTATION_ITEM() 
RATIONAL_B_SPLINE_CURVE((1.,0.5,1.,0.5,1.,0.5,1.)) REPRESENTATION_ITEM(
  '') );
#825 = CARTESIAN_POINT('',(80.,-7.623964614212));
#826 = CARTESIAN_POINT('',(60.51442841485,-7.623964614212));
#827 = CARTESIAN_POINT('',(70.257214207425,9.251035385788));
#828 = CARTESIAN_POINT('',(80.,26.126035385788));
#829 = CARTESIAN_POINT('',(89.742785792575,9.251035385788));
#830 = CARTESIAN_POINT('',(99.48557158515,-7.623964614212));
#831 = CARTESIAN_POINT('',(80.,-7.623964614212));
#832 = ( GEOMETRIC_REPRESENTATION_CONTEXT(2) 
PARAMETRIC_REPRESENTATION_CONTEXT() REPRESENTATION_CONTEXT('2D SPACE',''
  ) );
#833 = PCURVE('',#834,#839);
#834 = CYLINDRICAL_SURFACE('',#835,11.25);
#835 = AXIS2_PLACEMENT_3D('',#836,#837,#838);
#836 = CARTESIAN_POINT('',(-1.,0.,80.));
#837 = DIRECTION('',(-1.,-0.,-0.));
#838 = DIRECTION('',(0.,1.,0.));
#839 = DEFINITIONAL_REPRESENTATION('',(#840),#844);
#840 = LINE('',#841,#842);
#841 = CARTESIAN_POINT('',(-6.28318530718,-1.));
#842 = VECTOR('',#843,1.);
#843 = DIRECTION('',(1.,-0.));
#844 = ( GEOMETRIC_REPRESENTATION_CONTEXT(2) 
PARAMETRIC_REPRESENTATION_CONTEXT() REPRESENTATION_CONTEXT('2D SPACE',''
  ) );
#845 = FACE_BOUND('',#846,.F.);
#846 = EDGE_LOOP('',(#847));
#847 = ORIENTED_EDGE('',*,*,#848,.T.);
#848 = EDGE_CURVE('',#849,#849,#851,.T.);
#849 = VERTEX_POINT('',#850);
#850 = CARTESIAN_POINT('',(0.,-14.6,26.));
#851 = SURFACE_CURVE('',#852,(#857,#868),.PCURVE_S1.);
#852 = CIRCLE('',#853,3.4);
#853 = AXIS2_PLACEMENT_3D('',#854,#855,#856);
#854 = CARTESIAN_POINT('',(0.,-18.,26.));
#855 = DIRECTION('',(-1.,0.,0.));
#856 = DIRECTION('',(0.,1.,0.));
#857 = PCURVE('',#200,#858);
#858 = DEFINITIONAL_REPRESENTATION('',(#859),#867);
#859 = ( BOUNDED_CURVE() B_SPLINE_CURVE(2,(#860,#861,#862,#863,#864,#865
,#866),.UNSPECIFIED.,.T.,.F.) B_SPLINE_CURVE_WITH_KNOTS((1,2,2,2,2,1),(
    -2.094395102393,0.,2.094395102393,4.188790204786,6.28318530718,
8.377580409573),.UNSPECIFIED.) CURVE() GEOMETRIC_REPRESENTATION_ITEM() 
RATIONAL_B_SPLINE_CURVE((1.,0.5,1.,0.5,1.,0.5,1.)) REPRESENTATION_ITEM(
  '') );
#860 = CARTESIAN_POINT('',(26.,18.226035385788));
#861 = CARTESIAN_POINT('',(20.111027254266,18.226035385788));
#862 = CARTESIAN_POINT('',(23.055513627133,23.326035385788));
#863 = CARTESIAN_POINT('',(26.,28.426035385788));
#864 = CARTESIAN_POINT('',(28.944486372867,23.326035385788));
#865 = CARTESIAN_POINT('',(31.888972745734,18.226035385788));
#866 = CARTESIAN_POINT('',(26.,18.226035385788));
#867 = ( GEOMETRIC_REPRESENTATION_CONTEXT(2) 
PARAMETRIC_REPRESENTATION_CONTEXT() REPRESENTATION_CONTEXT('2D SPACE',''
  ) );
#868 = PCURVE('',#869,#874);
#869 = CYLINDRICAL_SURFACE('',#870,3.4);
#870 = AXIS2_PLACEMENT_3D('',#871,#872,#873);
#871 = CARTESIAN_POINT('',(-1.,-18.,26.));
#872 = DIRECTION('',(-1.,-0.,-0.));
#873 = DIRECTION('',(0.,1.,0.));
#874 = DEFINITIONAL_REPRESENTATION('',(#875),#879);
#875 = LINE('',#876,#877);
#876 = CARTESIAN_POINT('',(-6.28318530718,-1.));
#877 = VECTOR('',#878,1.);
#878 = DIRECTION('',(1.,-0.));
#879 = ( GEOMETRIC_REPRESENTATION_CONTEXT(2) 
PARAMETRIC_REPRESENTATION_CONTEXT() REPRESENTATION_CONTEXT('2D SPACE',''
  ) );
#880 = ADVANCED_FACE('',(#881,#1142,#1364,#1586,#1616),#146,.T.);
#881 = FACE_BOUND('',#882,.T.);
#882 = EDGE_LOOP('',(#883,#884,#885,#908,#931,#954,#977,#1000,#1023,
    #1051,#1074,#1097,#1120,#1141));
#883 = ORIENTED_EDGE('',*,*,#130,.T.);
#884 = ORIENTED_EDGE('',*,*,#292,.T.);
#885 = ORIENTED_EDGE('',*,*,#886,.T.);
#886 = EDGE_CURVE('',#293,#887,#889,.T.);
#887 = VERTEX_POINT('',#888);
#888 = CARTESIAN_POINT('',(75.,65.,125.));
#889 = SURFACE_CURVE('',#890,(#894,#901),.PCURVE_S1.);
#890 = LINE('',#891,#892);
#891 = CARTESIAN_POINT('',(75.,85.,105.));
#892 = VECTOR('',#893,1.);
#893 = DIRECTION('',(0.,-0.707106781187,0.707106781187));
#894 = PCURVE('',#146,#895);
#895 = DEFINITIONAL_REPRESENTATION('',(#896),#900);
#896 = LINE('',#897,#898);
#897 = CARTESIAN_POINT('',(105.,-81.37396461421));
#898 = VECTOR('',#899,1.);
#899 = DIRECTION('',(0.707106781187,0.707106781187));
#900 = ( GEOMETRIC_REPRESENTATION_CONTEXT(2) 
PARAMETRIC_REPRESENTATION_CONTEXT() REPRESENTATION_CONTEXT('2D SPACE',''
  ) );
#901 = PCURVE('',#331,#902);
#902 = DEFINITIONAL_REPRESENTATION('',(#903),#907);
#903 = LINE('',#904,#905);
#904 = CARTESIAN_POINT('',(0.,-75.));
#905 = VECTOR('',#906,1.);
#906 = DIRECTION('',(1.,0.));
#907 = ( GEOMETRIC_REPRESENTATION_CONTEXT(2) 
PARAMETRIC_REPRESENTATION_CONTEXT() REPRESENTATION_CONTEXT('2D SPACE',''
  ) );
#908 = ORIENTED_EDGE('',*,*,#909,.T.);
#909 = EDGE_CURVE('',#887,#910,#912,.T.);
#910 = VERTEX_POINT('',#911);
#911 = CARTESIAN_POINT('',(75.,-20.,125.));
#912 = SURFACE_CURVE('',#913,(#917,#924),.PCURVE_S1.);
#913 = LINE('',#914,#915);
#914 = CARTESIAN_POINT('',(75.,65.,125.));
#915 = VECTOR('',#916,1.);
#916 = DIRECTION('',(0.,-1.,0.));
#917 = PCURVE('',#146,#918);
#918 = DEFINITIONAL_REPRESENTATION('',(#919),#923);
#919 = LINE('',#920,#921);
#920 = CARTESIAN_POINT('',(125.,-61.37396461421));
#921 = VECTOR('',#922,1.);
#922 = DIRECTION('',(0.,1.));
#923 = ( GEOMETRIC_REPRESENTATION_CONTEXT(2) 
PARAMETRIC_REPRESENTATION_CONTEXT() REPRESENTATION_CONTEXT('2D SPACE',''
  ) );
#924 = PCURVE('',#408,#925);
#925 = DEFINITIONAL_REPRESENTATION('',(#926),#930);
#926 = LINE('',#927,#928);
#927 = CARTESIAN_POINT('',(0.,-75.));
#928 = VECTOR('',#929,1.);
#929 = DIRECTION('',(1.,0.));
#930 = ( GEOMETRIC_REPRESENTATION_CONTEXT(2) 
PARAMETRIC_REPRESENTATION_CONTEXT() REPRESENTATION_CONTEXT('2D SPACE',''
  ) );
#931 = ORIENTED_EDGE('',*,*,#932,.T.);
#932 = EDGE_CURVE('',#910,#933,#935,.T.);
#933 = VERTEX_POINT('',#934);
#934 = CARTESIAN_POINT('',(75.,-20.,41.));
#935 = SURFACE_CURVE('',#936,(#940,#947),.PCURVE_S1.);
#936 = LINE('',#937,#938);
#937 = CARTESIAN_POINT('',(75.,-20.,125.));
#938 = VECTOR('',#939,1.);
#939 = DIRECTION('',(0.,0.,-1.));
#940 = PCURVE('',#146,#941);
#941 = DEFINITIONAL_REPRESENTATION('',(#942),#946);
#942 = LINE('',#943,#944);
#943 = CARTESIAN_POINT('',(125.,23.626035385788));
#944 = VECTOR('',#945,1.);
#945 = DIRECTION('',(-1.,0.));
#946 = ( GEOMETRIC_REPRESENTATION_CONTEXT(2) 
PARAMETRIC_REPRESENTATION_CONTEXT() REPRESENTATION_CONTEXT('2D SPACE',''
  ) );
#947 = PCURVE('',#436,#948);
#948 = DEFINITIONAL_REPRESENTATION('',(#949),#953);
#949 = LINE('',#950,#951);
#950 = CARTESIAN_POINT('',(0.,-75.));
#951 = VECTOR('',#952,1.);
#952 = DIRECTION('',(1.,0.));
#953 = ( GEOMETRIC_REPRESENTATION_CONTEXT(2) 
PARAMETRIC_REPRESENTATION_CONTEXT() REPRESENTATION_CONTEXT('2D SPACE',''
  ) );
#954 = ORIENTED_EDGE('',*,*,#955,.T.);
#955 = EDGE_CURVE('',#933,#956,#958,.T.);
#956 = VERTEX_POINT('',#957);
#957 = CARTESIAN_POINT('',(75.,-85.,41.));
#958 = SURFACE_CURVE('',#959,(#963,#970),.PCURVE_S1.);
#959 = LINE('',#960,#961);
#960 = CARTESIAN_POINT('',(75.,-20.,41.));
#961 = VECTOR('',#962,1.);
#962 = DIRECTION('',(0.,-1.,0.));
#963 = PCURVE('',#146,#964);
#964 = DEFINITIONAL_REPRESENTATION('',(#965),#969);
#965 = LINE('',#966,#967);
#966 = CARTESIAN_POINT('',(41.,23.626035385788));
#967 = VECTOR('',#968,1.);
#968 = DIRECTION('',(0.,1.));
#969 = ( GEOMETRIC_REPRESENTATION_CONTEXT(2) 
PARAMETRIC_REPRESENTATION_CONTEXT() REPRESENTATION_CONTEXT('2D SPACE',''
  ) );
#970 = PCURVE('',#464,#971);
#971 = DEFINITIONAL_REPRESENTATION('',(#972),#976);
#972 = LINE('',#973,#974);
#973 = CARTESIAN_POINT('',(0.,-75.));
#974 = VECTOR('',#975,1.);
#975 = DIRECTION('',(1.,0.));
#976 = ( GEOMETRIC_REPRESENTATION_CONTEXT(2) 
PARAMETRIC_REPRESENTATION_CONTEXT() REPRESENTATION_CONTEXT('2D SPACE',''
  ) );
#977 = ORIENTED_EDGE('',*,*,#978,.T.);
#978 = EDGE_CURVE('',#956,#979,#981,.T.);
#979 = VERTEX_POINT('',#980);
#980 = CARTESIAN_POINT('',(75.,-85.,11.));
#981 = SURFACE_CURVE('',#982,(#986,#993),.PCURVE_S1.);
#982 = LINE('',#983,#984);
#983 = CARTESIAN_POINT('',(75.,-85.,41.));
#984 = VECTOR('',#985,1.);
#985 = DIRECTION('',(0.,0.,-1.));
#986 = PCURVE('',#146,#987);
#987 = DEFINITIONAL_REPRESENTATION('',(#988),#992);
#988 = LINE('',#989,#990);
#989 = CARTESIAN_POINT('',(41.,88.626035385788));
#990 = VECTOR('',#991,1.);
#991 = DIRECTION('',(-1.,0.));
#992 = ( GEOMETRIC_REPRESENTATION_CONTEXT(2) 
PARAMETRIC_REPRESENTATION_CONTEXT() REPRESENTATION_CONTEXT('2D SPACE',''
  ) );
#993 = PCURVE('',#492,#994);
#994 = DEFINITIONAL_REPRESENTATION('',(#995),#999);
#995 = LINE('',#996,#997);
#996 = CARTESIAN_POINT('',(0.,-75.));
#997 = VECTOR('',#998,1.);
#998 = DIRECTION('',(1.,0.));
#999 = ( GEOMETRIC_REPRESENTATION_CONTEXT(2) 
PARAMETRIC_REPRESENTATION_CONTEXT() REPRESENTATION_CONTEXT('2D SPACE',''
  ) );
#1000 = ORIENTED_EDGE('',*,*,#1001,.F.);
#1001 = EDGE_CURVE('',#1002,#979,#1004,.T.);
#1002 = VERTEX_POINT('',#1003);
#1003 = CARTESIAN_POINT('',(75.,0.,11.));
#1004 = SURFACE_CURVE('',#1005,(#1009,#1016),.PCURVE_S1.);
#1005 = LINE('',#1006,#1007);
#1006 = CARTESIAN_POINT('',(75.,0.,11.));
#1007 = VECTOR('',#1008,1.);
#1008 = DIRECTION('',(0.,-1.,0.));
#1009 = PCURVE('',#146,#1010);
#1010 = DEFINITIONAL_REPRESENTATION('',(#1011),#1015);
#1011 = LINE('',#1012,#1013);
#1012 = CARTESIAN_POINT('',(11.,3.626035385788));
#1013 = VECTOR('',#1014,1.);
#1014 = DIRECTION('',(0.,1.));
#1015 = ( GEOMETRIC_REPRESENTATION_CONTEXT(2) 
PARAMETRIC_REPRESENTATION_CONTEXT() REPRESENTATION_CONTEXT('2D SPACE',''
  ) );
#1016 = PCURVE('',#520,#1017);
#1017 = DEFINITIONAL_REPRESENTATION('',(#1018),#1022);
#1018 = LINE('',#1019,#1020);
#1019 = CARTESIAN_POINT('',(85.,-75.));
#1020 = VECTOR('',#1021,1.);
#1021 = DIRECTION('',(-1.,0.));
#1022 = ( GEOMETRIC_REPRESENTATION_CONTEXT(2) 
PARAMETRIC_REPRESENTATION_CONTEXT() REPRESENTATION_CONTEXT('2D SPACE',''
  ) );
#1023 = ORIENTED_EDGE('',*,*,#1024,.T.);
#1024 = EDGE_CURVE('',#1002,#1025,#1027,.T.);
#1025 = VERTEX_POINT('',#1026);
#1026 = CARTESIAN_POINT('',(75.,-4.292453603382E-16,-11.));
#1027 = SURFACE_CURVE('',#1028,(#1033,#1044),.PCURVE_S1.);
#1028 = CIRCLE('',#1029,11.);
#1029 = AXIS2_PLACEMENT_3D('',#1030,#1031,#1032);
#1030 = CARTESIAN_POINT('',(75.,-8.881784197001E-16,0.));
#1031 = DIRECTION('',(-1.,0.,0.));
#1032 = DIRECTION('',(0.,8.074349270001E-17,1.));
#1033 = PCURVE('',#146,#1034);
#1034 = DEFINITIONAL_REPRESENTATION('',(#1035),#1043);
#1035 = ( BOUNDED_CURVE() B_SPLINE_CURVE(2,(#1036,#1037,#1038,#1039,
#1040,#1041,#1042),.UNSPECIFIED.,.T.,.F.) B_SPLINE_CURVE_WITH_KNOTS((1,2
    ,2,2,2,1),(-2.094395102393,0.,2.094395102393,4.188790204786,
6.28318530718,8.377580409573),.UNSPECIFIED.) CURVE() 
GEOMETRIC_REPRESENTATION_ITEM() RATIONAL_B_SPLINE_CURVE((1.,0.5,1.,0.5,
1.,0.5,1.)) REPRESENTATION_ITEM('') );
#1036 = CARTESIAN_POINT('',(11.,3.626035385788));
#1037 = CARTESIAN_POINT('',(11.,-15.42652349747));
#1038 = CARTESIAN_POINT('',(-5.5,-5.900244055841));
#1039 = CARTESIAN_POINT('',(-22.,3.626035385788));
#1040 = CARTESIAN_POINT('',(-5.5,13.152314827416));
#1041 = CARTESIAN_POINT('',(11.,22.678594269045));
#1042 = CARTESIAN_POINT('',(11.,3.626035385788));
#1043 = ( GEOMETRIC_REPRESENTATION_CONTEXT(2) 
PARAMETRIC_REPRESENTATION_CONTEXT() REPRESENTATION_CONTEXT('2D SPACE',''
  ) );
#1044 = PCURVE('',#553,#1045);
#1045 = DEFINITIONAL_REPRESENTATION('',(#1046),#1050);
#1046 = LINE('',#1047,#1048);
#1047 = CARTESIAN_POINT('',(0.,-75.));
#1048 = VECTOR('',#1049,1.);
#1049 = DIRECTION('',(1.,0.));
#1050 = ( GEOMETRIC_REPRESENTATION_CONTEXT(2) 
PARAMETRIC_REPRESENTATION_CONTEXT() REPRESENTATION_CONTEXT('2D SPACE',''
  ) );
#1051 = ORIENTED_EDGE('',*,*,#1052,.F.);
#1052 = EDGE_CURVE('',#1053,#1025,#1055,.T.);
#1053 = VERTEX_POINT('',#1054);
#1054 = CARTESIAN_POINT('',(75.,-85.,-11.));
#1055 = SURFACE_CURVE('',#1056,(#1060,#1067),.PCURVE_S1.);
#1056 = LINE('',#1057,#1058);
#1057 = CARTESIAN_POINT('',(75.,-85.,-11.));
#1058 = VECTOR('',#1059,1.);
#1059 = DIRECTION('',(0.,1.,0.));
#1060 = PCURVE('',#146,#1061);
#1061 = DEFINITIONAL_REPRESENTATION('',(#1062),#1066);
#1062 = LINE('',#1063,#1064);
#1063 = CARTESIAN_POINT('',(-11.,88.626035385788));
#1064 = VECTOR('',#1065,1.);
#1065 = DIRECTION('',(0.,-1.));
#1066 = ( GEOMETRIC_REPRESENTATION_CONTEXT(2) 
PARAMETRIC_REPRESENTATION_CONTEXT() REPRESENTATION_CONTEXT('2D SPACE',''
  ) );
#1067 = PCURVE('',#581,#1068);
#1068 = DEFINITIONAL_REPRESENTATION('',(#1069),#1073);
#1069 = LINE('',#1070,#1071);
#1070 = CARTESIAN_POINT('',(85.,-75.));
#1071 = VECTOR('',#1072,1.);
#1072 = DIRECTION('',(-1.,-0.));
#1073 = ( GEOMETRIC_REPRESENTATION_CONTEXT(2) 
PARAMETRIC_REPRESENTATION_CONTEXT() REPRESENTATION_CONTEXT('2D SPACE',''
  ) );
#1074 = ORIENTED_EDGE('',*,*,#1075,.T.);
#1075 = EDGE_CURVE('',#1053,#1076,#1078,.T.);
#1076 = VERTEX_POINT('',#1077);
#1077 = CARTESIAN_POINT('',(75.,-85.,-41.));
#1078 = SURFACE_CURVE('',#1079,(#1083,#1090),.PCURVE_S1.);
#1079 = LINE('',#1080,#1081);
#1080 = CARTESIAN_POINT('',(75.,-85.,-11.));
#1081 = VECTOR('',#1082,1.);
#1082 = DIRECTION('',(0.,0.,-1.));
#1083 = PCURVE('',#146,#1084);
#1084 = DEFINITIONAL_REPRESENTATION('',(#1085),#1089);
#1085 = LINE('',#1086,#1087);
#1086 = CARTESIAN_POINT('',(-11.,88.626035385788));
#1087 = VECTOR('',#1088,1.);
#1088 = DIRECTION('',(-1.,0.));
#1089 = ( GEOMETRIC_REPRESENTATION_CONTEXT(2) 
PARAMETRIC_REPRESENTATION_CONTEXT() REPRESENTATION_CONTEXT('2D SPACE',''
  ) );
#1090 = PCURVE('',#609,#1091);
#1091 = DEFINITIONAL_REPRESENTATION('',(#1092),#1096);
#1092 = LINE('',#1093,#1094);
#1093 = CARTESIAN_POINT('',(0.,-75.));
#1094 = VECTOR('',#1095,1.);
#1095 = DIRECTION('',(1.,0.));
#1096 = ( GEOMETRIC_REPRESENTATION_CONTEXT(2) 
PARAMETRIC_REPRESENTATION_CONTEXT() REPRESENTATION_CONTEXT('2D SPACE',''
  ) );
#1097 = ORIENTED_EDGE('',*,*,#1098,.T.);
#1098 = EDGE_CURVE('',#1076,#1099,#1101,.T.);
#1099 = VERTEX_POINT('',#1100);
#1100 = CARTESIAN_POINT('',(75.,-20.,-41.));
#1101 = SURFACE_CURVE('',#1102,(#1106,#1113),.PCURVE_S1.);
#1102 = LINE('',#1103,#1104);
#1103 = CARTESIAN_POINT('',(75.,-85.,-41.));
#1104 = VECTOR('',#1105,1.);
#1105 = DIRECTION('',(0.,1.,0.));
#1106 = PCURVE('',#146,#1107);
#1107 = DEFINITIONAL_REPRESENTATION('',(#1108),#1112);
#1108 = LINE('',#1109,#1110);
#1109 = CARTESIAN_POINT('',(-41.,88.626035385788));
#1110 = VECTOR('',#1111,1.);
#1111 = DIRECTION('',(0.,-1.));
#1112 = ( GEOMETRIC_REPRESENTATION_CONTEXT(2) 
PARAMETRIC_REPRESENTATION_CONTEXT() REPRESENTATION_CONTEXT('2D SPACE',''
  ) );
#1113 = PCURVE('',#637,#1114);
#1114 = DEFINITIONAL_REPRESENTATION('',(#1115),#1119);
#1115 = LINE('',#1116,#1117);
#1116 = CARTESIAN_POINT('',(0.,-75.));
#1117 = VECTOR('',#1118,1.);
#1118 = DIRECTION('',(1.,0.));
#1119 = ( GEOMETRIC_REPRESENTATION_CONTEXT(2) 
PARAMETRIC_REPRESENTATION_CONTEXT() REPRESENTATION_CONTEXT('2D SPACE',''
  ) );
#1120 = ORIENTED_EDGE('',*,*,#1121,.T.);
#1121 = EDGE_CURVE('',#1099,#218,#1122,.T.);
#1122 = SURFACE_CURVE('',#1123,(#1127,#1134),.PCURVE_S1.);
#1123 = LINE('',#1124,#1125);
#1124 = CARTESIAN_POINT('',(75.,-20.,-41.));
#1125 = VECTOR('',#1126,1.);
#1126 = DIRECTION('',(0.,0.,-1.));
#1127 = PCURVE('',#146,#1128);
#1128 = DEFINITIONAL_REPRESENTATION('',(#1129),#1133);
#1129 = LINE('',#1130,#1131);
#1130 = CARTESIAN_POINT('',(-41.,23.626035385788));
#1131 = VECTOR('',#1132,1.);
#1132 = DIRECTION('',(-1.,0.));
#1133 = ( GEOMETRIC_REPRESENTATION_CONTEXT(2) 
PARAMETRIC_REPRESENTATION_CONTEXT() REPRESENTATION_CONTEXT('2D SPACE',''
  ) );
#1134 = PCURVE('',#233,#1135);
#1135 = DEFINITIONAL_REPRESENTATION('',(#1136),#1140);
#1136 = LINE('',#1137,#1138);
#1137 = CARTESIAN_POINT('',(0.,-75.));
#1138 = VECTOR('',#1139,1.);
#1139 = DIRECTION('',(1.,0.));
#1140 = ( GEOMETRIC_REPRESENTATION_CONTEXT(2) 
PARAMETRIC_REPRESENTATION_CONTEXT() REPRESENTATION_CONTEXT('2D SPACE',''
  ) );
#1141 = ORIENTED_EDGE('',*,*,#245,.T.);
#1142 = FACE_BOUND('',#1143,.T.);
#1143 = EDGE_LOOP('',(#1144,#1175,#1201,#1230,#1256,#1285,#1311,#1340));
#1144 = ORIENTED_EDGE('',*,*,#1145,.F.);
#1145 = EDGE_CURVE('',#1146,#1148,#1150,.T.);
#1146 = VERTEX_POINT('',#1147);
#1147 = CARTESIAN_POINT('',(75.,70.,-115.));
#1148 = VERTEX_POINT('',#1149);
#1149 = CARTESIAN_POINT('',(75.,78.,-107.));
#1150 = SURFACE_CURVE('',#1151,(#1156,#1163),.PCURVE_S1.);
#1151 = CIRCLE('',#1152,8.);
#1152 = AXIS2_PLACEMENT_3D('',#1153,#1154,#1155);
#1153 = CARTESIAN_POINT('',(75.,70.,-107.));
#1154 = DIRECTION('',(1.,0.,0.));
#1155 = DIRECTION('',(0.,0.,-1.));
#1156 = PCURVE('',#146,#1157);
#1157 = DEFINITIONAL_REPRESENTATION('',(#1158),#1162);
#1158 = CIRCLE('',#1159,8.);
#1159 = AXIS2_PLACEMENT_2D('',#1160,#1161);
#1160 = CARTESIAN_POINT('',(-107.,-66.37396461421));
#1161 = DIRECTION('',(-1.,0.));
#1162 = ( GEOMETRIC_REPRESENTATION_CONTEXT(2) 
PARAMETRIC_REPRESENTATION_CONTEXT() REPRESENTATION_CONTEXT('2D SPACE',''
  ) );
#1163 = PCURVE('',#1164,#1169);
#1164 = CYLINDRICAL_SURFACE('',#1165,8.);
#1165 = AXIS2_PLACEMENT_3D('',#1166,#1167,#1168);
#1166 = CARTESIAN_POINT('',(25.,70.,-107.));
#1167 = DIRECTION('',(1.,0.,0.));
#1168 = DIRECTION('',(0.,0.,-1.));
#1169 = DEFINITIONAL_REPRESENTATION('',(#1170),#1174);
#1170 = LINE('',#1171,#1172);
#1171 = CARTESIAN_POINT('',(0.,50.));
#1172 = VECTOR('',#1173,1.);
#1173 = DIRECTION('',(1.,0.));
#1174 = ( GEOMETRIC_REPRESENTATION_CONTEXT(2) 
PARAMETRIC_REPRESENTATION_CONTEXT() REPRESENTATION_CONTEXT('2D SPACE',''
  ) );
#1175 = ORIENTED_EDGE('',*,*,#1176,.T.);
#1176 = EDGE_CURVE('',#1146,#1177,#1179,.T.);
#1177 = VERTEX_POINT('',#1178);
#1178 = CARTESIAN_POINT('',(75.,22.,-115.));
#1179 = SURFACE_CURVE('',#1180,(#1184,#1190),.PCURVE_S1.);
#1180 = LINE('',#1181,#1182);
#1181 = CARTESIAN_POINT('',(75.,8.813017692894,-115.));
#1182 = VECTOR('',#1183,1.);
#1183 = DIRECTION('',(0.,-1.,0.));
#1184 = PCURVE('',#146,#1185);
#1185 = DEFINITIONAL_REPRESENTATION('',(#1186),#1189);
#1186 = B_SPLINE_CURVE_WITH_KNOTS('',1,(#1187,#1188),.UNSPECIFIED.,.F.,
  .F.,(2,2),(-61.1869823071,-13.1869823071),.PIECEWISE_BEZIER_KNOTS.);
#1187 = CARTESIAN_POINT('',(-115.,-66.37396461421));
#1188 = CARTESIAN_POINT('',(-115.,-18.37396461421));
#1189 = ( GEOMETRIC_REPRESENTATION_CONTEXT(2) 
PARAMETRIC_REPRESENTATION_CONTEXT() REPRESENTATION_CONTEXT('2D SPACE',''
  ) );
#1190 = PCURVE('',#1191,#1196);
#1191 = PLANE('',#1192);
#1192 = AXIS2_PLACEMENT_3D('',#1193,#1194,#1195);
#1193 = CARTESIAN_POINT('',(25.,14.,-115.));
#1194 = DIRECTION('',(0.,0.,1.));
#1195 = DIRECTION('',(0.,1.,0.));
#1196 = DEFINITIONAL_REPRESENTATION('',(#1197),#1200);
#1197 = B_SPLINE_CURVE_WITH_KNOTS('',1,(#1198,#1199),.UNSPECIFIED.,.F.,
  .F.,(2,2),(-61.1869823071,-13.1869823071),.PIECEWISE_BEZIER_KNOTS.);
#1198 = CARTESIAN_POINT('',(56.,-50.));
#1199 = CARTESIAN_POINT('',(8.,-50.));
#1200 = ( GEOMETRIC_REPRESENTATION_CONTEXT(2) 
PARAMETRIC_REPRESENTATION_CONTEXT() REPRESENTATION_CONTEXT('2D SPACE',''
  ) );
#1201 = ORIENTED_EDGE('',*,*,#1202,.F.);
#1202 = EDGE_CURVE('',#1203,#1177,#1205,.T.);
#1203 = VERTEX_POINT('',#1204);
#1204 = CARTESIAN_POINT('',(75.,14.,-107.));
#1205 = SURFACE_CURVE('',#1206,(#1211,#1218),.PCURVE_S1.);
#1206 = CIRCLE('',#1207,8.);
#1207 = AXIS2_PLACEMENT_3D('',#1208,#1209,#1210);
#1208 = CARTESIAN_POINT('',(75.,22.,-107.));
#1209 = DIRECTION('',(1.,0.,0.));
#1210 = DIRECTION('',(0.,0.,-1.));
#1211 = PCURVE('',#146,#1212);
#1212 = DEFINITIONAL_REPRESENTATION('',(#1213),#1217);
#1213 = CIRCLE('',#1214,8.);
#1214 = AXIS2_PLACEMENT_2D('',#1215,#1216);
#1215 = CARTESIAN_POINT('',(-107.,-18.37396461421));
#1216 = DIRECTION('',(-1.,0.));
#1217 = ( GEOMETRIC_REPRESENTATION_CONTEXT(2) 
PARAMETRIC_REPRESENTATION_CONTEXT() REPRESENTATION_CONTEXT('2D SPACE',''
  ) );
#1218 = PCURVE('',#1219,#1224);
#1219 = CYLINDRICAL_SURFACE('',#1220,8.);
#1220 = AXIS2_PLACEMENT_3D('',#1221,#1222,#1223);
#1221 = CARTESIAN_POINT('',(25.,22.,-107.));
#1222 = DIRECTION('',(1.,0.,0.));
#1223 = DIRECTION('',(0.,0.,-1.));
#1224 = DEFINITIONAL_REPRESENTATION('',(#1225),#1229);
#1225 = LINE('',#1226,#1227);
#1226 = CARTESIAN_POINT('',(-6.28318530718,50.));
#1227 = VECTOR('',#1228,1.);
#1228 = DIRECTION('',(1.,-0.));
#1229 = ( GEOMETRIC_REPRESENTATION_CONTEXT(2) 
PARAMETRIC_REPRESENTATION_CONTEXT() REPRESENTATION_CONTEXT('2D SPACE',''
  ) );
#1230 = ORIENTED_EDGE('',*,*,#1231,.T.);
#1231 = EDGE_CURVE('',#1203,#1232,#1234,.T.);
#1232 = VERTEX_POINT('',#1233);
#1233 = CARTESIAN_POINT('',(75.,14.,-56.));
#1234 = SURFACE_CURVE('',#1235,(#1239,#1245),.PCURVE_S1.);
#1235 = LINE('',#1236,#1237);
#1236 = CARTESIAN_POINT('',(75.,14.,-24.));
#1237 = VECTOR('',#1238,1.);
#1238 = DIRECTION('',(0.,-0.,1.));
#1239 = PCURVE('',#146,#1240);
#1240 = DEFINITIONAL_REPRESENTATION('',(#1241),#1244);
#1241 = B_SPLINE_CURVE_WITH_KNOTS('',1,(#1242,#1243),.UNSPECIFIED.,.F.,
  .F.,(2,2),(-83.,-32.),.PIECEWISE_BEZIER_KNOTS.);
#1242 = CARTESIAN_POINT('',(-107.,-10.37396461421));
#1243 = CARTESIAN_POINT('',(-56.,-10.37396461421));
#1244 = ( GEOMETRIC_REPRESENTATION_CONTEXT(2) 
PARAMETRIC_REPRESENTATION_CONTEXT() REPRESENTATION_CONTEXT('2D SPACE',''
  ) );
#1245 = PCURVE('',#1246,#1251);
#1246 = PLANE('',#1247);
#1247 = AXIS2_PLACEMENT_3D('',#1248,#1249,#1250);
#1248 = CARTESIAN_POINT('',(25.,14.,-48.));
#1249 = DIRECTION('',(-0.,1.,0.));
#1250 = DIRECTION('',(0.,0.,-1.));
#1251 = DEFINITIONAL_REPRESENTATION('',(#1252),#1255);
#1252 = B_SPLINE_CURVE_WITH_KNOTS('',1,(#1253,#1254),.UNSPECIFIED.,.F.,
  .F.,(2,2),(-83.,-32.),.PIECEWISE_BEZIER_KNOTS.);
#1253 = CARTESIAN_POINT('',(59.,-50.));
#1254 = CARTESIAN_POINT('',(8.,-50.));
#1255 = ( GEOMETRIC_REPRESENTATION_CONTEXT(2) 
PARAMETRIC_REPRESENTATION_CONTEXT() REPRESENTATION_CONTEXT('2D SPACE',''
  ) );
#1256 = ORIENTED_EDGE('',*,*,#1257,.F.);
#1257 = EDGE_CURVE('',#1258,#1232,#1260,.T.);
#1258 = VERTEX_POINT('',#1259);
#1259 = CARTESIAN_POINT('',(75.,22.,-48.));
#1260 = SURFACE_CURVE('',#1261,(#1266,#1273),.PCURVE_S1.);
#1261 = CIRCLE('',#1262,8.);
#1262 = AXIS2_PLACEMENT_3D('',#1263,#1264,#1265);
#1263 = CARTESIAN_POINT('',(75.,22.,-56.));
#1264 = DIRECTION('',(1.,0.,0.));
#1265 = DIRECTION('',(0.,-0.,1.));
#1266 = PCURVE('',#146,#1267);
#1267 = DEFINITIONAL_REPRESENTATION('',(#1268),#1272);
#1268 = CIRCLE('',#1269,8.);
#1269 = AXIS2_PLACEMENT_2D('',#1270,#1271);
#1270 = CARTESIAN_POINT('',(-56.,-18.37396461421));
#1271 = DIRECTION('',(1.,0.));
#1272 = ( GEOMETRIC_REPRESENTATION_CONTEXT(2) 
PARAMETRIC_REPRESENTATION_CONTEXT() REPRESENTATION_CONTEXT('2D SPACE',''
  ) );
#1273 = PCURVE('',#1274,#1279);
#1274 = CYLINDRICAL_SURFACE('',#1275,8.);
#1275 = AXIS2_PLACEMENT_3D('',#1276,#1277,#1278);
#1276 = CARTESIAN_POINT('',(25.,22.,-56.));
#1277 = DIRECTION('',(1.,0.,0.));
#1278 = DIRECTION('',(0.,-0.,1.));
#1279 = DEFINITIONAL_REPRESENTATION('',(#1280),#1284);
#1280 = LINE('',#1281,#1282);
#1281 = CARTESIAN_POINT('',(0.,50.));
#1282 = VECTOR('',#1283,1.);
#1283 = DIRECTION('',(1.,0.));
#1284 = ( GEOMETRIC_REPRESENTATION_CONTEXT(2) 
PARAMETRIC_REPRESENTATION_CONTEXT() REPRESENTATION_CONTEXT('2D SPACE',''
  ) );
#1285 = ORIENTED_EDGE('',*,*,#1286,.T.);
#1286 = EDGE_CURVE('',#1258,#1287,#1289,.T.);
#1287 = VERTEX_POINT('',#1288);
#1288 = CARTESIAN_POINT('',(75.,70.,-48.));
#1289 = SURFACE_CURVE('',#1290,(#1294,#1300),.PCURVE_S1.);
#1290 = LINE('',#1291,#1292);
#1291 = CARTESIAN_POINT('',(75.,40.813017692894,-48.));
#1292 = VECTOR('',#1293,1.);
#1293 = DIRECTION('',(-0.,1.,0.));
#1294 = PCURVE('',#146,#1295);
#1295 = DEFINITIONAL_REPRESENTATION('',(#1296),#1299);
#1296 = B_SPLINE_CURVE_WITH_KNOTS('',1,(#1297,#1298),.UNSPECIFIED.,.F.,
  .F.,(2,2),(-18.81301769289,29.186982307106),.PIECEWISE_BEZIER_KNOTS.);
#1297 = CARTESIAN_POINT('',(-48.,-18.37396461421));
#1298 = CARTESIAN_POINT('',(-48.,-66.37396461421));
#1299 = ( GEOMETRIC_REPRESENTATION_CONTEXT(2) 
PARAMETRIC_REPRESENTATION_CONTEXT() REPRESENTATION_CONTEXT('2D SPACE',''
  ) );
#1300 = PCURVE('',#1301,#1306);
#1301 = PLANE('',#1302);
#1302 = AXIS2_PLACEMENT_3D('',#1303,#1304,#1305);
#1303 = CARTESIAN_POINT('',(25.,78.,-48.));
#1304 = DIRECTION('',(0.,0.,-1.));
#1305 = DIRECTION('',(0.,-1.,0.));
#1306 = DEFINITIONAL_REPRESENTATION('',(#1307),#1310);
#1307 = B_SPLINE_CURVE_WITH_KNOTS('',1,(#1308,#1309),.UNSPECIFIED.,.F.,
  .F.,(2,2),(-18.81301769289,29.186982307106),.PIECEWISE_BEZIER_KNOTS.);
#1308 = CARTESIAN_POINT('',(56.,-50.));
#1309 = CARTESIAN_POINT('',(8.,-50.));
#1310 = ( GEOMETRIC_REPRESENTATION_CONTEXT(2) 
PARAMETRIC_REPRESENTATION_CONTEXT() REPRESENTATION_CONTEXT('2D SPACE',''
  ) );
#1311 = ORIENTED_EDGE('',*,*,#1312,.F.);
#1312 = EDGE_CURVE('',#1313,#1287,#1315,.T.);
#1313 = VERTEX_POINT('',#1314);
#1314 = CARTESIAN_POINT('',(75.,78.,-56.));
#1315 = SURFACE_CURVE('',#1316,(#1321,#1328),.PCURVE_S1.);
#1316 = CIRCLE('',#1317,8.);
#1317 = AXIS2_PLACEMENT_3D('',#1318,#1319,#1320);
#1318 = CARTESIAN_POINT('',(75.,70.,-56.));
#1319 = DIRECTION('',(1.,0.,0.));
#1320 = DIRECTION('',(-0.,1.,0.));
#1321 = PCURVE('',#146,#1322);
#1322 = DEFINITIONAL_REPRESENTATION('',(#1323),#1327);
#1323 = CIRCLE('',#1324,8.);
#1324 = AXIS2_PLACEMENT_2D('',#1325,#1326);
#1325 = CARTESIAN_POINT('',(-56.,-66.37396461421));
#1326 = DIRECTION('',(0.,-1.));
#1327 = ( GEOMETRIC_REPRESENTATION_CONTEXT(2) 
PARAMETRIC_REPRESENTATION_CONTEXT() REPRESENTATION_CONTEXT('2D SPACE',''
  ) );
#1328 = PCURVE('',#1329,#1334);
#1329 = CYLINDRICAL_SURFACE('',#1330,8.);
#1330 = AXIS2_PLACEMENT_3D('',#1331,#1332,#1333);
#1331 = CARTESIAN_POINT('',(25.,70.,-56.));
#1332 = DIRECTION('',(1.,0.,0.));
#1333 = DIRECTION('',(-0.,1.,0.));
#1334 = DEFINITIONAL_REPRESENTATION('',(#1335),#1339);
#1335 = LINE('',#1336,#1337);
#1336 = CARTESIAN_POINT('',(0.,50.));
#1337 = VECTOR('',#1338,1.);
#1338 = DIRECTION('',(1.,0.));
#1339 = ( GEOMETRIC_REPRESENTATION_CONTEXT(2) 
PARAMETRIC_REPRESENTATION_CONTEXT() REPRESENTATION_CONTEXT('2D SPACE',''
  ) );
#1340 = ORIENTED_EDGE('',*,*,#1341,.T.);
#1341 = EDGE_CURVE('',#1313,#1148,#1342,.T.);
#1342 = SURFACE_CURVE('',#1343,(#1347,#1353),.PCURVE_S1.);
#1343 = LINE('',#1344,#1345);
#1344 = CARTESIAN_POINT('',(75.,78.,-57.5));
#1345 = VECTOR('',#1346,1.);
#1346 = DIRECTION('',(0.,0.,-1.));
#1347 = PCURVE('',#146,#1348);
#1348 = DEFINITIONAL_REPRESENTATION('',(#1349),#1352);
#1349 = B_SPLINE_CURVE_WITH_KNOTS('',1,(#1350,#1351),.UNSPECIFIED.,.F.,
  .F.,(2,2),(-1.5,49.5),.PIECEWISE_BEZIER_KNOTS.);
#1350 = CARTESIAN_POINT('',(-56.,-74.37396461421));
#1351 = CARTESIAN_POINT('',(-107.,-74.37396461421));
#1352 = ( GEOMETRIC_REPRESENTATION_CONTEXT(2) 
PARAMETRIC_REPRESENTATION_CONTEXT() REPRESENTATION_CONTEXT('2D SPACE',''
  ) );
#1353 = PCURVE('',#1354,#1359);
#1354 = PLANE('',#1355);
#1355 = AXIS2_PLACEMENT_3D('',#1356,#1357,#1358);
#1356 = CARTESIAN_POINT('',(25.,78.,-115.));
#1357 = DIRECTION('',(0.,-1.,0.));
#1358 = DIRECTION('',(0.,0.,1.));
#1359 = DEFINITIONAL_REPRESENTATION('',(#1360),#1363);
#1360 = B_SPLINE_CURVE_WITH_KNOTS('',1,(#1361,#1362),.UNSPECIFIED.,.F.,
  .F.,(2,2),(-1.5,49.5),.PIECEWISE_BEZIER_KNOTS.);
#1361 = CARTESIAN_POINT('',(59.,-50.));
#1362 = CARTESIAN_POINT('',(8.,-50.));
#1363 = ( GEOMETRIC_REPRESENTATION_CONTEXT(2) 
PARAMETRIC_REPRESENTATION_CONTEXT() REPRESENTATION_CONTEXT('2D SPACE',''
  ) );
#1364 = FACE_BOUND('',#1365,.T.);
#1365 = EDGE_LOOP('',(#1366,#1397,#1423,#1452,#1478,#1507,#1533,#1562));
#1366 = ORIENTED_EDGE('',*,*,#1367,.F.);
#1367 = EDGE_CURVE('',#1368,#1370,#1372,.T.);
#1368 = VERTEX_POINT('',#1369);
#1369 = CARTESIAN_POINT('',(75.,70.,48.));
#1370 = VERTEX_POINT('',#1371);
#1371 = CARTESIAN_POINT('',(75.,78.,56.));
#1372 = SURFACE_CURVE('',#1373,(#1378,#1385),.PCURVE_S1.);
#1373 = CIRCLE('',#1374,8.);
#1374 = AXIS2_PLACEMENT_3D('',#1375,#1376,#1377);
#1375 = CARTESIAN_POINT('',(75.,70.,56.));
#1376 = DIRECTION('',(1.,0.,0.));
#1377 = DIRECTION('',(0.,0.,-1.));
#1378 = PCURVE('',#146,#1379);
#1379 = DEFINITIONAL_REPRESENTATION('',(#1380),#1384);
#1380 = CIRCLE('',#1381,8.);
#1381 = AXIS2_PLACEMENT_2D('',#1382,#1383);
#1382 = CARTESIAN_POINT('',(56.,-66.37396461421));
#1383 = DIRECTION('',(-1.,0.));
#1384 = ( GEOMETRIC_REPRESENTATION_CONTEXT(2) 
PARAMETRIC_REPRESENTATION_CONTEXT() REPRESENTATION_CONTEXT('2D SPACE',''
  ) );
#1385 = PCURVE('',#1386,#1391);
#1386 = CYLINDRICAL_SURFACE('',#1387,8.);
#1387 = AXIS2_PLACEMENT_3D('',#1388,#1389,#1390);
#1388 = CARTESIAN_POINT('',(25.,70.,56.));
#1389 = DIRECTION('',(1.,0.,0.));
#1390 = DIRECTION('',(0.,0.,-1.));
#1391 = DEFINITIONAL_REPRESENTATION('',(#1392),#1396);
#1392 = LINE('',#1393,#1394);
#1393 = CARTESIAN_POINT('',(0.,50.));
#1394 = VECTOR('',#1395,1.);
#1395 = DIRECTION('',(1.,0.));
#1396 = ( GEOMETRIC_REPRESENTATION_CONTEXT(2) 
PARAMETRIC_REPRESENTATION_CONTEXT() REPRESENTATION_CONTEXT('2D SPACE',''
  ) );
#1397 = ORIENTED_EDGE('',*,*,#1398,.T.);
#1398 = EDGE_CURVE('',#1368,#1399,#1401,.T.);
#1399 = VERTEX_POINT('',#1400);
#1400 = CARTESIAN_POINT('',(75.,22.,48.));
#1401 = SURFACE_CURVE('',#1402,(#1406,#1412),.PCURVE_S1.);
#1402 = LINE('',#1403,#1404);
#1403 = CARTESIAN_POINT('',(75.,8.813017692894,48.));
#1404 = VECTOR('',#1405,1.);
#1405 = DIRECTION('',(0.,-1.,0.));
#1406 = PCURVE('',#146,#1407);
#1407 = DEFINITIONAL_REPRESENTATION('',(#1408),#1411);
#1408 = B_SPLINE_CURVE_WITH_KNOTS('',1,(#1409,#1410),.UNSPECIFIED.,.F.,
  .F.,(2,2),(-61.1869823071,-13.1869823071),.PIECEWISE_BEZIER_KNOTS.);
#1409 = CARTESIAN_POINT('',(48.,-66.37396461421));
#1410 = CARTESIAN_POINT('',(48.,-18.37396461421));
#1411 = ( GEOMETRIC_REPRESENTATION_CONTEXT(2) 
PARAMETRIC_REPRESENTATION_CONTEXT() REPRESENTATION_CONTEXT('2D SPACE',''
  ) );
#1412 = PCURVE('',#1413,#1418);
#1413 = PLANE('',#1414);
#1414 = AXIS2_PLACEMENT_3D('',#1415,#1416,#1417);
#1415 = CARTESIAN_POINT('',(25.,14.,48.));
#1416 = DIRECTION('',(0.,0.,1.));
#1417 = DIRECTION('',(0.,1.,0.));
#1418 = DEFINITIONAL_REPRESENTATION('',(#1419),#1422);
#1419 = B_SPLINE_CURVE_WITH_KNOTS('',1,(#1420,#1421),.UNSPECIFIED.,.F.,
  .F.,(2,2),(-61.1869823071,-13.1869823071),.PIECEWISE_BEZIER_KNOTS.);
#1420 = CARTESIAN_POINT('',(56.,-50.));
#1421 = CARTESIAN_POINT('',(8.,-50.));
#1422 = ( GEOMETRIC_REPRESENTATION_CONTEXT(2) 
PARAMETRIC_REPRESENTATION_CONTEXT() REPRESENTATION_CONTEXT('2D SPACE',''
  ) );
#1423 = ORIENTED_EDGE('',*,*,#1424,.F.);
#1424 = EDGE_CURVE('',#1425,#1399,#1427,.T.);
#1425 = VERTEX_POINT('',#1426);
#1426 = CARTESIAN_POINT('',(75.,14.,56.));
#1427 = SURFACE_CURVE('',#1428,(#1433,#1440),.PCURVE_S1.);
#1428 = CIRCLE('',#1429,8.);
#1429 = AXIS2_PLACEMENT_3D('',#1430,#1431,#1432);
#1430 = CARTESIAN_POINT('',(75.,22.,56.));
#1431 = DIRECTION('',(1.,0.,0.));
#1432 = DIRECTION('',(0.,0.,-1.));
#1433 = PCURVE('',#146,#1434);
#1434 = DEFINITIONAL_REPRESENTATION('',(#1435),#1439);
#1435 = CIRCLE('',#1436,8.);
#1436 = AXIS2_PLACEMENT_2D('',#1437,#1438);
#1437 = CARTESIAN_POINT('',(56.,-18.37396461421));
#1438 = DIRECTION('',(-1.,0.));
#1439 = ( GEOMETRIC_REPRESENTATION_CONTEXT(2) 
PARAMETRIC_REPRESENTATION_CONTEXT() REPRESENTATION_CONTEXT('2D SPACE',''
  ) );
#1440 = PCURVE('',#1441,#1446);
#1441 = CYLINDRICAL_SURFACE('',#1442,8.);
#1442 = AXIS2_PLACEMENT_3D('',#1443,#1444,#1445);
#1443 = CARTESIAN_POINT('',(25.,22.,56.));
#1444 = DIRECTION('',(1.,0.,0.));
#1445 = DIRECTION('',(0.,0.,-1.));
#1446 = DEFINITIONAL_REPRESENTATION('',(#1447),#1451);
#1447 = LINE('',#1448,#1449);
#1448 = CARTESIAN_POINT('',(-6.28318530718,50.));
#1449 = VECTOR('',#1450,1.);
#1450 = DIRECTION('',(1.,-0.));
#1451 = ( GEOMETRIC_REPRESENTATION_CONTEXT(2) 
PARAMETRIC_REPRESENTATION_CONTEXT() REPRESENTATION_CONTEXT('2D SPACE',''
  ) );
#1452 = ORIENTED_EDGE('',*,*,#1453,.T.);
#1453 = EDGE_CURVE('',#1425,#1454,#1456,.T.);
#1454 = VERTEX_POINT('',#1455);
#1455 = CARTESIAN_POINT('',(75.,14.,107.));
#1456 = SURFACE_CURVE('',#1457,(#1461,#1467),.PCURVE_S1.);
#1457 = LINE('',#1458,#1459);
#1458 = CARTESIAN_POINT('',(75.,14.,57.5));
#1459 = VECTOR('',#1460,1.);
#1460 = DIRECTION('',(0.,-0.,1.));
#1461 = PCURVE('',#146,#1462);
#1462 = DEFINITIONAL_REPRESENTATION('',(#1463),#1466);
#1463 = B_SPLINE_CURVE_WITH_KNOTS('',1,(#1464,#1465),.UNSPECIFIED.,.F.,
  .F.,(2,2),(-1.5,49.5),.PIECEWISE_BEZIER_KNOTS.);
#1464 = CARTESIAN_POINT('',(56.,-10.37396461421));
#1465 = CARTESIAN_POINT('',(107.,-10.37396461421));
#1466 = ( GEOMETRIC_REPRESENTATION_CONTEXT(2) 
PARAMETRIC_REPRESENTATION_CONTEXT() REPRESENTATION_CONTEXT('2D SPACE',''
  ) );
#1467 = PCURVE('',#1468,#1473);
#1468 = PLANE('',#1469);
#1469 = AXIS2_PLACEMENT_3D('',#1470,#1471,#1472);
#1470 = CARTESIAN_POINT('',(25.,14.,115.));
#1471 = DIRECTION('',(-0.,1.,0.));
#1472 = DIRECTION('',(0.,0.,-1.));
#1473 = DEFINITIONAL_REPRESENTATION('',(#1474),#1477);
#1474 = B_SPLINE_CURVE_WITH_KNOTS('',1,(#1475,#1476),.UNSPECIFIED.,.F.,
  .F.,(2,2),(-1.5,49.5),.PIECEWISE_BEZIER_KNOTS.);
#1475 = CARTESIAN_POINT('',(59.,-50.));
#1476 = CARTESIAN_POINT('',(8.,-50.));
#1477 = ( GEOMETRIC_REPRESENTATION_CONTEXT(2) 
PARAMETRIC_REPRESENTATION_CONTEXT() REPRESENTATION_CONTEXT('2D SPACE',''
  ) );
#1478 = ORIENTED_EDGE('',*,*,#1479,.F.);
#1479 = EDGE_CURVE('',#1480,#1454,#1482,.T.);
#1480 = VERTEX_POINT('',#1481);
#1481 = CARTESIAN_POINT('',(75.,22.,115.));
#1482 = SURFACE_CURVE('',#1483,(#1488,#1495),.PCURVE_S1.);
#1483 = CIRCLE('',#1484,8.);
#1484 = AXIS2_PLACEMENT_3D('',#1485,#1486,#1487);
#1485 = CARTESIAN_POINT('',(75.,22.,107.));
#1486 = DIRECTION('',(1.,0.,0.));
#1487 = DIRECTION('',(0.,-0.,1.));
#1488 = PCURVE('',#146,#1489);
#1489 = DEFINITIONAL_REPRESENTATION('',(#1490),#1494);
#1490 = CIRCLE('',#1491,8.);
#1491 = AXIS2_PLACEMENT_2D('',#1492,#1493);
#1492 = CARTESIAN_POINT('',(107.,-18.37396461421));
#1493 = DIRECTION('',(1.,0.));
#1494 = ( GEOMETRIC_REPRESENTATION_CONTEXT(2) 
PARAMETRIC_REPRESENTATION_CONTEXT() REPRESENTATION_CONTEXT('2D SPACE',''
  ) );
#1495 = PCURVE('',#1496,#1501);
#1496 = CYLINDRICAL_SURFACE('',#1497,8.);
#1497 = AXIS2_PLACEMENT_3D('',#1498,#1499,#1500);
#1498 = CARTESIAN_POINT('',(25.,22.,107.));
#1499 = DIRECTION('',(1.,0.,0.));
#1500 = DIRECTION('',(0.,-0.,1.));
#1501 = DEFINITIONAL_REPRESENTATION('',(#1502),#1506);
#1502 = LINE('',#1503,#1504);
#1503 = CARTESIAN_POINT('',(0.,50.));
#1504 = VECTOR('',#1505,1.);
#1505 = DIRECTION('',(1.,0.));
#1506 = ( GEOMETRIC_REPRESENTATION_CONTEXT(2) 
PARAMETRIC_REPRESENTATION_CONTEXT() REPRESENTATION_CONTEXT('2D SPACE',''
  ) );
#1507 = ORIENTED_EDGE('',*,*,#1508,.T.);
#1508 = EDGE_CURVE('',#1480,#1509,#1511,.T.);
#1509 = VERTEX_POINT('',#1510);
#1510 = CARTESIAN_POINT('',(75.,70.,115.));
#1511 = SURFACE_CURVE('',#1512,(#1516,#1522),.PCURVE_S1.);
#1512 = LINE('',#1513,#1514);
#1513 = CARTESIAN_POINT('',(75.,40.813017692894,115.));
#1514 = VECTOR('',#1515,1.);
#1515 = DIRECTION('',(-0.,1.,0.));
#1516 = PCURVE('',#146,#1517);
#1517 = DEFINITIONAL_REPRESENTATION('',(#1518),#1521);
#1518 = B_SPLINE_CURVE_WITH_KNOTS('',1,(#1519,#1520),.UNSPECIFIED.,.F.,
  .F.,(2,2),(-18.81301769289,29.186982307106),.PIECEWISE_BEZIER_KNOTS.);
#1519 = CARTESIAN_POINT('',(115.,-18.37396461421));
#1520 = CARTESIAN_POINT('',(115.,-66.37396461421));
#1521 = ( GEOMETRIC_REPRESENTATION_CONTEXT(2) 
PARAMETRIC_REPRESENTATION_CONTEXT() REPRESENTATION_CONTEXT('2D SPACE',''
  ) );
#1522 = PCURVE('',#1523,#1528);
#1523 = PLANE('',#1524);
#1524 = AXIS2_PLACEMENT_3D('',#1525,#1526,#1527);
#1525 = CARTESIAN_POINT('',(25.,78.,115.));
#1526 = DIRECTION('',(0.,0.,-1.));
#1527 = DIRECTION('',(0.,-1.,0.));
#1528 = DEFINITIONAL_REPRESENTATION('',(#1529),#1532);
#1529 = B_SPLINE_CURVE_WITH_KNOTS('',1,(#1530,#1531),.UNSPECIFIED.,.F.,
  .F.,(2,2),(-18.81301769289,29.186982307106),.PIECEWISE_BEZIER_KNOTS.);
#1530 = CARTESIAN_POINT('',(56.,-50.));
#1531 = CARTESIAN_POINT('',(8.,-50.));
#1532 = ( GEOMETRIC_REPRESENTATION_CONTEXT(2) 
PARAMETRIC_REPRESENTATION_CONTEXT() REPRESENTATION_CONTEXT('2D SPACE',''
  ) );
#1533 = ORIENTED_EDGE('',*,*,#1534,.F.);
#1534 = EDGE_CURVE('',#1535,#1509,#1537,.T.);
#1535 = VERTEX_POINT('',#1536);
#1536 = CARTESIAN_POINT('',(75.,78.,107.));
#1537 = SURFACE_CURVE('',#1538,(#1543,#1550),.PCURVE_S1.);
#1538 = CIRCLE('',#1539,8.);
#1539 = AXIS2_PLACEMENT_3D('',#1540,#1541,#1542);
#1540 = CARTESIAN_POINT('',(75.,70.,107.));
#1541 = DIRECTION('',(1.,0.,0.));
#1542 = DIRECTION('',(-0.,1.,0.));
#1543 = PCURVE('',#146,#1544);
#1544 = DEFINITIONAL_REPRESENTATION('',(#1545),#1549);
#1545 = CIRCLE('',#1546,8.);
#1546 = AXIS2_PLACEMENT_2D('',#1547,#1548);
#1547 = CARTESIAN_POINT('',(107.,-66.37396461421));
#1548 = DIRECTION('',(0.,-1.));
#1549 = ( GEOMETRIC_REPRESENTATION_CONTEXT(2) 
PARAMETRIC_REPRESENTATION_CONTEXT() REPRESENTATION_CONTEXT('2D SPACE',''
  ) );
#1550 = PCURVE('',#1551,#1556);
#1551 = CYLINDRICAL_SURFACE('',#1552,8.);
#1552 = AXIS2_PLACEMENT_3D('',#1553,#1554,#1555);
#1553 = CARTESIAN_POINT('',(25.,70.,107.));
#1554 = DIRECTION('',(1.,0.,0.));
#1555 = DIRECTION('',(-0.,1.,0.));
#1556 = DEFINITIONAL_REPRESENTATION('',(#1557),#1561);
#1557 = LINE('',#1558,#1559);
#1558 = CARTESIAN_POINT('',(0.,50.));
#1559 = VECTOR('',#1560,1.);
#1560 = DIRECTION('',(1.,0.));
#1561 = ( GEOMETRIC_REPRESENTATION_CONTEXT(2) 
PARAMETRIC_REPRESENTATION_CONTEXT() REPRESENTATION_CONTEXT('2D SPACE',''
  ) );
#1562 = ORIENTED_EDGE('',*,*,#1563,.T.);
#1563 = EDGE_CURVE('',#1535,#1370,#1564,.T.);
#1564 = SURFACE_CURVE('',#1565,(#1569,#1575),.PCURVE_S1.);
#1565 = LINE('',#1566,#1567);
#1566 = CARTESIAN_POINT('',(75.,78.,24.));
#1567 = VECTOR('',#1568,1.);
#1568 = DIRECTION('',(0.,0.,-1.));
#1569 = PCURVE('',#146,#1570);
#1570 = DEFINITIONAL_REPRESENTATION('',(#1571),#1574);
#1571 = B_SPLINE_CURVE_WITH_KNOTS('',1,(#1572,#1573),.UNSPECIFIED.,.F.,
  .F.,(2,2),(-83.,-32.),.PIECEWISE_BEZIER_KNOTS.);
#1572 = CARTESIAN_POINT('',(107.,-74.37396461421));
#1573 = CARTESIAN_POINT('',(56.,-74.37396461421));
#1574 = ( GEOMETRIC_REPRESENTATION_CONTEXT(2) 
PARAMETRIC_REPRESENTATION_CONTEXT() REPRESENTATION_CONTEXT('2D SPACE',''
  ) );
#1575 = PCURVE('',#1576,#1581);
#1576 = PLANE('',#1577);
#1577 = AXIS2_PLACEMENT_3D('',#1578,#1579,#1580);
#1578 = CARTESIAN_POINT('',(25.,78.,48.));
#1579 = DIRECTION('',(0.,-1.,0.));
#1580 = DIRECTION('',(0.,0.,1.));
#1581 = DEFINITIONAL_REPRESENTATION('',(#1582),#1585);
#1582 = B_SPLINE_CURVE_WITH_KNOTS('',1,(#1583,#1584),.UNSPECIFIED.,.F.,
  .F.,(2,2),(-83.,-32.),.PIECEWISE_BEZIER_KNOTS.);
#1583 = CARTESIAN_POINT('',(59.,-50.));
#1584 = CARTESIAN_POINT('',(8.,-50.));
#1585 = ( GEOMETRIC_REPRESENTATION_CONTEXT(2) 
PARAMETRIC_REPRESENTATION_CONTEXT() REPRESENTATION_CONTEXT('2D SPACE',''
  ) );
#1586 = FACE_BOUND('',#1587,.T.);
#1587 = EDGE_LOOP('',(#1588));
#1588 = ORIENTED_EDGE('',*,*,#1589,.T.);
#1589 = EDGE_CURVE('',#1590,#1590,#1592,.T.);
#1590 = VERTEX_POINT('',#1591);
#1591 = CARTESIAN_POINT('',(75.,11.25,-80.));
#1592 = SURFACE_CURVE('',#1593,(#1598,#1609),.PCURVE_S1.);
#1593 = CIRCLE('',#1594,11.25);
#1594 = AXIS2_PLACEMENT_3D('',#1595,#1596,#1597);
#1595 = CARTESIAN_POINT('',(75.,0.,-80.));
#1596 = DIRECTION('',(-1.,0.,0.));
#1597 = DIRECTION('',(0.,1.,0.));
#1598 = PCURVE('',#146,#1599);
#1599 = DEFINITIONAL_REPRESENTATION('',(#1600),#1608);
#1600 = ( BOUNDED_CURVE() B_SPLINE_CURVE(2,(#1601,#1602,#1603,#1604,
#1605,#1606,#1607),.UNSPECIFIED.,.T.,.F.) B_SPLINE_CURVE_WITH_KNOTS((1,2
    ,2,2,2,1),(-2.094395102393,0.,2.094395102393,4.188790204786,
6.28318530718,8.377580409573),.UNSPECIFIED.) CURVE() 
GEOMETRIC_REPRESENTATION_ITEM() RATIONAL_B_SPLINE_CURVE((1.,0.5,1.,0.5,
1.,0.5,1.)) REPRESENTATION_ITEM('') );
#1601 = CARTESIAN_POINT('',(-80.,-7.623964614212));
#1602 = CARTESIAN_POINT('',(-99.48557158515,-7.623964614212));
#1603 = CARTESIAN_POINT('',(-89.74278579257,9.251035385788));
#1604 = CARTESIAN_POINT('',(-80.,26.126035385788));
#1605 = CARTESIAN_POINT('',(-70.25721420742,9.251035385788));
#1606 = CARTESIAN_POINT('',(-60.51442841485,-7.623964614212));
#1607 = CARTESIAN_POINT('',(-80.,-7.623964614212));
#1608 = ( GEOMETRIC_REPRESENTATION_CONTEXT(2) 
PARAMETRIC_REPRESENTATION_CONTEXT() REPRESENTATION_CONTEXT('2D SPACE',''
  ) );
#1609 = PCURVE('',#764,#1610);
#1610 = DEFINITIONAL_REPRESENTATION('',(#1611),#1615);
#1611 = LINE('',#1612,#1613);
#1612 = CARTESIAN_POINT('',(-6.28318530718,-76.));
#1613 = VECTOR('',#1614,1.);
#1614 = DIRECTION('',(1.,-0.));
#1615 = ( GEOMETRIC_REPRESENTATION_CONTEXT(2) 
PARAMETRIC_REPRESENTATION_CONTEXT() REPRESENTATION_CONTEXT('2D SPACE',''
  ) );
#1616 = FACE_BOUND('',#1617,.T.);
#1617 = EDGE_LOOP('',(#1618));
#1618 = ORIENTED_EDGE('',*,*,#1619,.T.);
#1619 = EDGE_CURVE('',#1620,#1620,#1622,.T.);
#1620 = VERTEX_POINT('',#1621);
#1621 = CARTESIAN_POINT('',(75.,11.25,80.));
#1622 = SURFACE_CURVE('',#1623,(#1628,#1639),.PCURVE_S1.);
#1623 = CIRCLE('',#1624,11.25);
#1624 = AXIS2_PLACEMENT_3D('',#1625,#1626,#1627);
#1625 = CARTESIAN_POINT('',(75.,0.,80.));
#1626 = DIRECTION('',(-1.,0.,0.));
#1627 = DIRECTION('',(0.,1.,0.));
#1628 = PCURVE('',#146,#1629);
#1629 = DEFINITIONAL_REPRESENTATION('',(#1630),#1638);
#1630 = ( BOUNDED_CURVE() B_SPLINE_CURVE(2,(#1631,#1632,#1633,#1634,
#1635,#1636,#1637),.UNSPECIFIED.,.T.,.F.) B_SPLINE_CURVE_WITH_KNOTS((1,2
    ,2,2,2,1),(-2.094395102393,0.,2.094395102393,4.188790204786,
6.28318530718,8.377580409573),.UNSPECIFIED.) CURVE() 
GEOMETRIC_REPRESENTATION_ITEM() RATIONAL_B_SPLINE_CURVE((1.,0.5,1.,0.5,
1.,0.5,1.)) REPRESENTATION_ITEM('') );
#1631 = CARTESIAN_POINT('',(80.,-7.623964614212));
#1632 = CARTESIAN_POINT('',(60.51442841485,-7.623964614212));
#1633 = CARTESIAN_POINT('',(70.257214207425,9.251035385788));
#1634 = CARTESIAN_POINT('',(80.,26.126035385788));
#1635 = CARTESIAN_POINT('',(89.742785792575,9.251035385788));
#1636 = CARTESIAN_POINT('',(99.48557158515,-7.623964614212));
#1637 = CARTESIAN_POINT('',(80.,-7.623964614212));
#1638 = ( GEOMETRIC_REPRESENTATION_CONTEXT(2) 
PARAMETRIC_REPRESENTATION_CONTEXT() REPRESENTATION_CONTEXT('2D SPACE',''
  ) );
#1639 = PCURVE('',#834,#1640);
#1640 = DEFINITIONAL_REPRESENTATION('',(#1641),#1645);
#1641 = LINE('',#1642,#1643);
#1642 = CARTESIAN_POINT('',(-6.28318530718,-76.));
#1643 = VECTOR('',#1644,1.);
#1644 = DIRECTION('',(1.,-0.));
#1645 = ( GEOMETRIC_REPRESENTATION_CONTEXT(2) 
PARAMETRIC_REPRESENTATION_CONTEXT() REPRESENTATION_CONTEXT('2D SPACE',''
  ) );
#1646 = ADVANCED_FACE('',(#1647),#233,.F.);
#1647 = FACE_BOUND('',#1648,.F.);
#1648 = EDGE_LOOP('',(#1649,#1670,#1671,#1672));
#1649 = ORIENTED_EDGE('',*,*,#1650,.T.);
#1650 = EDGE_CURVE('',#622,#1099,#1651,.T.);
#1651 = SURFACE_CURVE('',#1652,(#1656,#1663),.PCURVE_S1.);
#1652 = LINE('',#1653,#1654);
#1653 = CARTESIAN_POINT('',(0.,-20.,-41.));
#1654 = VECTOR('',#1655,1.);
#1655 = DIRECTION('',(1.,0.,0.));
#1656 = PCURVE('',#233,#1657);
#1657 = DEFINITIONAL_REPRESENTATION('',(#1658),#1662);
#1658 = LINE('',#1659,#1660);
#1659 = CARTESIAN_POINT('',(0.,0.));
#1660 = VECTOR('',#1661,1.);
#1661 = DIRECTION('',(0.,-1.));
#1662 = ( GEOMETRIC_REPRESENTATION_CONTEXT(2) 
PARAMETRIC_REPRESENTATION_CONTEXT() REPRESENTATION_CONTEXT('2D SPACE',''
  ) );
#1663 = PCURVE('',#637,#1664);
#1664 = DEFINITIONAL_REPRESENTATION('',(#1665),#1669);
#1665 = LINE('',#1666,#1667);
#1666 = CARTESIAN_POINT('',(65.,0.));
#1667 = VECTOR('',#1668,1.);
#1668 = DIRECTION('',(0.,-1.));
#1669 = ( GEOMETRIC_REPRESENTATION_CONTEXT(2) 
PARAMETRIC_REPRESENTATION_CONTEXT() REPRESENTATION_CONTEXT('2D SPACE',''
  ) );
#1670 = ORIENTED_EDGE('',*,*,#1121,.T.);
#1671 = ORIENTED_EDGE('',*,*,#215,.F.);
#1672 = ORIENTED_EDGE('',*,*,#649,.F.);
#1673 = ADVANCED_FACE('',(#1674),#331,.F.);
#1674 = FACE_BOUND('',#1675,.F.);
#1675 = EDGE_LOOP('',(#1676,#1677,#1678,#1699));
#1676 = ORIENTED_EDGE('',*,*,#315,.T.);
#1677 = ORIENTED_EDGE('',*,*,#886,.T.);
#1678 = ORIENTED_EDGE('',*,*,#1679,.F.);
#1679 = EDGE_CURVE('',#370,#887,#1680,.T.);
#1680 = SURFACE_CURVE('',#1681,(#1685,#1692),.PCURVE_S1.);
#1681 = LINE('',#1682,#1683);
#1682 = CARTESIAN_POINT('',(0.,65.,125.));
#1683 = VECTOR('',#1684,1.);
#1684 = DIRECTION('',(1.,0.,0.));
#1685 = PCURVE('',#331,#1686);
#1686 = DEFINITIONAL_REPRESENTATION('',(#1687),#1691);
#1687 = LINE('',#1688,#1689);
#1688 = CARTESIAN_POINT('',(28.284271247462,0.));
#1689 = VECTOR('',#1690,1.);
#1690 = DIRECTION('',(0.,-1.));
#1691 = ( GEOMETRIC_REPRESENTATION_CONTEXT(2) 
PARAMETRIC_REPRESENTATION_CONTEXT() REPRESENTATION_CONTEXT('2D SPACE',''
  ) );
#1692 = PCURVE('',#408,#1693);
#1693 = DEFINITIONAL_REPRESENTATION('',(#1694),#1698);
#1694 = LINE('',#1695,#1696);
#1695 = CARTESIAN_POINT('',(0.,-0.));
#1696 = VECTOR('',#1697,1.);
#1697 = DIRECTION('',(0.,-1.));
#1698 = ( GEOMETRIC_REPRESENTATION_CONTEXT(2) 
PARAMETRIC_REPRESENTATION_CONTEXT() REPRESENTATION_CONTEXT('2D SPACE',''
  ) );
#1699 = ORIENTED_EDGE('',*,*,#369,.F.);
#1700 = ADVANCED_FACE('',(#1701),#637,.F.);
#1701 = FACE_BOUND('',#1702,.F.);
#1702 = EDGE_LOOP('',(#1703,#1724,#1725,#1726));
#1703 = ORIENTED_EDGE('',*,*,#1704,.T.);
#1704 = EDGE_CURVE('',#594,#1076,#1705,.T.);
#1705 = SURFACE_CURVE('',#1706,(#1710,#1717),.PCURVE_S1.);
#1706 = LINE('',#1707,#1708);
#1707 = CARTESIAN_POINT('',(0.,-85.,-41.));
#1708 = VECTOR('',#1709,1.);
#1709 = DIRECTION('',(1.,0.,0.));
#1710 = PCURVE('',#637,#1711);
#1711 = DEFINITIONAL_REPRESENTATION('',(#1712),#1716);
#1712 = LINE('',#1713,#1714);
#1713 = CARTESIAN_POINT('',(0.,0.));
#1714 = VECTOR('',#1715,1.);
#1715 = DIRECTION('',(0.,-1.));
#1716 = ( GEOMETRIC_REPRESENTATION_CONTEXT(2) 
PARAMETRIC_REPRESENTATION_CONTEXT() REPRESENTATION_CONTEXT('2D SPACE',''
  ) );
#1717 = PCURVE('',#609,#1718);
#1718 = DEFINITIONAL_REPRESENTATION('',(#1719),#1723);
#1719 = LINE('',#1720,#1721);
#1720 = CARTESIAN_POINT('',(30.,0.));
#1721 = VECTOR('',#1722,1.);
#1722 = DIRECTION('',(0.,-1.));
#1723 = ( GEOMETRIC_REPRESENTATION_CONTEXT(2) 
PARAMETRIC_REPRESENTATION_CONTEXT() REPRESENTATION_CONTEXT('2D SPACE',''
  ) );
#1724 = ORIENTED_EDGE('',*,*,#1098,.T.);
#1725 = ORIENTED_EDGE('',*,*,#1650,.F.);
#1726 = ORIENTED_EDGE('',*,*,#621,.F.);
#1727 = ADVANCED_FACE('',(#1728),#408,.F.);
#1728 = FACE_BOUND('',#1729,.F.);
#1729 = EDGE_LOOP('',(#1730,#1731,#1732,#1753));
#1730 = ORIENTED_EDGE('',*,*,#1679,.T.);
#1731 = ORIENTED_EDGE('',*,*,#909,.T.);
#1732 = ORIENTED_EDGE('',*,*,#1733,.F.);
#1733 = EDGE_CURVE('',#393,#910,#1734,.T.);
#1734 = SURFACE_CURVE('',#1735,(#1739,#1746),.PCURVE_S1.);
#1735 = LINE('',#1736,#1737);
#1736 = CARTESIAN_POINT('',(0.,-20.,125.));
#1737 = VECTOR('',#1738,1.);
#1738 = DIRECTION('',(1.,0.,0.));
#1739 = PCURVE('',#408,#1740);
#1740 = DEFINITIONAL_REPRESENTATION('',(#1741),#1745);
#1741 = LINE('',#1742,#1743);
#1742 = CARTESIAN_POINT('',(85.,0.));
#1743 = VECTOR('',#1744,1.);
#1744 = DIRECTION('',(0.,-1.));
#1745 = ( GEOMETRIC_REPRESENTATION_CONTEXT(2) 
PARAMETRIC_REPRESENTATION_CONTEXT() REPRESENTATION_CONTEXT('2D SPACE',''
  ) );
#1746 = PCURVE('',#436,#1747);
#1747 = DEFINITIONAL_REPRESENTATION('',(#1748),#1752);
#1748 = LINE('',#1749,#1750);
#1749 = CARTESIAN_POINT('',(0.,0.));
#1750 = VECTOR('',#1751,1.);
#1751 = DIRECTION('',(0.,-1.));
#1752 = ( GEOMETRIC_REPRESENTATION_CONTEXT(2) 
PARAMETRIC_REPRESENTATION_CONTEXT() REPRESENTATION_CONTEXT('2D SPACE',''
  ) );
#1753 = ORIENTED_EDGE('',*,*,#392,.F.);
#1754 = ADVANCED_FACE('',(#1755),#609,.F.);
#1755 = FACE_BOUND('',#1756,.F.);
#1756 = EDGE_LOOP('',(#1757,#1778,#1779,#1780));
#1757 = ORIENTED_EDGE('',*,*,#1758,.T.);
#1758 = EDGE_CURVE('',#566,#1053,#1759,.T.);
#1759 = SURFACE_CURVE('',#1760,(#1764,#1771),.PCURVE_S1.);
#1760 = LINE('',#1761,#1762);
#1761 = CARTESIAN_POINT('',(0.,-85.,-11.));
#1762 = VECTOR('',#1763,1.);
#1763 = DIRECTION('',(1.,0.,0.));
#1764 = PCURVE('',#609,#1765);
#1765 = DEFINITIONAL_REPRESENTATION('',(#1766),#1770);
#1766 = LINE('',#1767,#1768);
#1767 = CARTESIAN_POINT('',(0.,0.));
#1768 = VECTOR('',#1769,1.);
#1769 = DIRECTION('',(0.,-1.));
#1770 = ( GEOMETRIC_REPRESENTATION_CONTEXT(2) 
PARAMETRIC_REPRESENTATION_CONTEXT() REPRESENTATION_CONTEXT('2D SPACE',''
  ) );
#1771 = PCURVE('',#581,#1772);
#1772 = DEFINITIONAL_REPRESENTATION('',(#1773),#1777);
#1773 = LINE('',#1774,#1775);
#1774 = CARTESIAN_POINT('',(85.,0.));
#1775 = VECTOR('',#1776,1.);
#1776 = DIRECTION('',(0.,-1.));
#1777 = ( GEOMETRIC_REPRESENTATION_CONTEXT(2) 
PARAMETRIC_REPRESENTATION_CONTEXT() REPRESENTATION_CONTEXT('2D SPACE',''
  ) );
#1778 = ORIENTED_EDGE('',*,*,#1075,.T.);
#1779 = ORIENTED_EDGE('',*,*,#1704,.F.);
#1780 = ORIENTED_EDGE('',*,*,#593,.F.);
#1781 = ADVANCED_FACE('',(#1782),#436,.F.);
#1782 = FACE_BOUND('',#1783,.F.);
#1783 = EDGE_LOOP('',(#1784,#1785,#1786,#1807));
#1784 = ORIENTED_EDGE('',*,*,#1733,.T.);
#1785 = ORIENTED_EDGE('',*,*,#932,.T.);
#1786 = ORIENTED_EDGE('',*,*,#1787,.F.);
#1787 = EDGE_CURVE('',#421,#933,#1788,.T.);
#1788 = SURFACE_CURVE('',#1789,(#1793,#1800),.PCURVE_S1.);
#1789 = LINE('',#1790,#1791);
#1790 = CARTESIAN_POINT('',(0.,-20.,41.));
#1791 = VECTOR('',#1792,1.);
#1792 = DIRECTION('',(1.,0.,0.));
#1793 = PCURVE('',#436,#1794);
#1794 = DEFINITIONAL_REPRESENTATION('',(#1795),#1799);
#1795 = LINE('',#1796,#1797);
#1796 = CARTESIAN_POINT('',(84.,0.));
#1797 = VECTOR('',#1798,1.);
#1798 = DIRECTION('',(0.,-1.));
#1799 = ( GEOMETRIC_REPRESENTATION_CONTEXT(2) 
PARAMETRIC_REPRESENTATION_CONTEXT() REPRESENTATION_CONTEXT('2D SPACE',''
  ) );
#1800 = PCURVE('',#464,#1801);
#1801 = DEFINITIONAL_REPRESENTATION('',(#1802),#1806);
#1802 = LINE('',#1803,#1804);
#1803 = CARTESIAN_POINT('',(0.,-0.));
#1804 = VECTOR('',#1805,1.);
#1805 = DIRECTION('',(0.,-1.));
#1806 = ( GEOMETRIC_REPRESENTATION_CONTEXT(2) 
PARAMETRIC_REPRESENTATION_CONTEXT() REPRESENTATION_CONTEXT('2D SPACE',''
  ) );
#1807 = ORIENTED_EDGE('',*,*,#420,.F.);
#1808 = ADVANCED_FACE('',(#1809),#581,.F.);
#1809 = FACE_BOUND('',#1810,.F.);
#1810 = EDGE_LOOP('',(#1811,#1832,#1833,#1834));
#1811 = ORIENTED_EDGE('',*,*,#1812,.T.);
#1812 = EDGE_CURVE('',#533,#1025,#1813,.T.);
#1813 = SURFACE_CURVE('',#1814,(#1818,#1825),.PCURVE_S1.);
#1814 = LINE('',#1815,#1816);
#1815 = CARTESIAN_POINT('',(0.,-4.292453603382E-16,-11.));
#1816 = VECTOR('',#1817,1.);
#1817 = DIRECTION('',(1.,0.,0.));
#1818 = PCURVE('',#581,#1819);
#1819 = DEFINITIONAL_REPRESENTATION('',(#1820),#1824);
#1820 = LINE('',#1821,#1822);
#1821 = CARTESIAN_POINT('',(0.,-0.));
#1822 = VECTOR('',#1823,1.);
#1823 = DIRECTION('',(0.,-1.));
#1824 = ( GEOMETRIC_REPRESENTATION_CONTEXT(2) 
PARAMETRIC_REPRESENTATION_CONTEXT() REPRESENTATION_CONTEXT('2D SPACE',''
  ) );
#1825 = PCURVE('',#553,#1826);
#1826 = DEFINITIONAL_REPRESENTATION('',(#1827),#1831);
#1827 = LINE('',#1828,#1829);
#1828 = CARTESIAN_POINT('',(3.14159265359,0.));
#1829 = VECTOR('',#1830,1.);
#1830 = DIRECTION('',(0.,-1.));
#1831 = ( GEOMETRIC_REPRESENTATION_CONTEXT(2) 
PARAMETRIC_REPRESENTATION_CONTEXT() REPRESENTATION_CONTEXT('2D SPACE',''
  ) );
#1832 = ORIENTED_EDGE('',*,*,#1052,.F.);
#1833 = ORIENTED_EDGE('',*,*,#1758,.F.);
#1834 = ORIENTED_EDGE('',*,*,#565,.F.);
#1835 = ADVANCED_FACE('',(#1836),#464,.F.);
#1836 = FACE_BOUND('',#1837,.F.);
#1837 = EDGE_LOOP('',(#1838,#1839,#1840,#1861));
#1838 = ORIENTED_EDGE('',*,*,#1787,.T.);
#1839 = ORIENTED_EDGE('',*,*,#955,.T.);
#1840 = ORIENTED_EDGE('',*,*,#1841,.F.);
#1841 = EDGE_CURVE('',#449,#956,#1842,.T.);
#1842 = SURFACE_CURVE('',#1843,(#1847,#1854),.PCURVE_S1.);
#1843 = LINE('',#1844,#1845);
#1844 = CARTESIAN_POINT('',(0.,-85.,41.));
#1845 = VECTOR('',#1846,1.);
#1846 = DIRECTION('',(1.,0.,0.));
#1847 = PCURVE('',#464,#1848);
#1848 = DEFINITIONAL_REPRESENTATION('',(#1849),#1853);
#1849 = LINE('',#1850,#1851);
#1850 = CARTESIAN_POINT('',(65.,0.));
#1851 = VECTOR('',#1852,1.);
#1852 = DIRECTION('',(0.,-1.));
#1853 = ( GEOMETRIC_REPRESENTATION_CONTEXT(2) 
PARAMETRIC_REPRESENTATION_CONTEXT() REPRESENTATION_CONTEXT('2D SPACE',''
  ) );
#1854 = PCURVE('',#492,#1855);
#1855 = DEFINITIONAL_REPRESENTATION('',(#1856),#1860);
#1856 = LINE('',#1857,#1858);
#1857 = CARTESIAN_POINT('',(0.,0.));
#1858 = VECTOR('',#1859,1.);
#1859 = DIRECTION('',(0.,-1.));
#1860 = ( GEOMETRIC_REPRESENTATION_CONTEXT(2) 
PARAMETRIC_REPRESENTATION_CONTEXT() REPRESENTATION_CONTEXT('2D SPACE',''
  ) );
#1861 = ORIENTED_EDGE('',*,*,#448,.F.);
#1862 = ADVANCED_FACE('',(#1863),#553,.F.);
#1863 = FACE_BOUND('',#1864,.F.);
#1864 = EDGE_LOOP('',(#1865,#1886,#1887,#1888));
#1865 = ORIENTED_EDGE('',*,*,#1866,.T.);
#1866 = EDGE_CURVE('',#505,#1002,#1867,.T.);
#1867 = SURFACE_CURVE('',#1868,(#1872,#1879),.PCURVE_S1.);
#1868 = LINE('',#1869,#1870);
#1869 = CARTESIAN_POINT('',(0.,0.,11.));
#1870 = VECTOR('',#1871,1.);
#1871 = DIRECTION('',(1.,0.,0.));
#1872 = PCURVE('',#553,#1873);
#1873 = DEFINITIONAL_REPRESENTATION('',(#1874),#1878);
#1874 = LINE('',#1875,#1876);
#1875 = CARTESIAN_POINT('',(0.,0.));
#1876 = VECTOR('',#1877,1.);
#1877 = DIRECTION('',(0.,-1.));
#1878 = ( GEOMETRIC_REPRESENTATION_CONTEXT(2) 
PARAMETRIC_REPRESENTATION_CONTEXT() REPRESENTATION_CONTEXT('2D SPACE',''
  ) );
#1879 = PCURVE('',#520,#1880);
#1880 = DEFINITIONAL_REPRESENTATION('',(#1881),#1885);
#1881 = LINE('',#1882,#1883);
#1882 = CARTESIAN_POINT('',(85.,0.));
#1883 = VECTOR('',#1884,1.);
#1884 = DIRECTION('',(0.,-1.));
#1885 = ( GEOMETRIC_REPRESENTATION_CONTEXT(2) 
PARAMETRIC_REPRESENTATION_CONTEXT() REPRESENTATION_CONTEXT('2D SPACE',''
  ) );
#1886 = ORIENTED_EDGE('',*,*,#1024,.T.);
#1887 = ORIENTED_EDGE('',*,*,#1812,.F.);
#1888 = ORIENTED_EDGE('',*,*,#532,.F.);
#1889 = ADVANCED_FACE('',(#1890),#492,.F.);
#1890 = FACE_BOUND('',#1891,.F.);
#1891 = EDGE_LOOP('',(#1892,#1893,#1894,#1915));
#1892 = ORIENTED_EDGE('',*,*,#1841,.T.);
#1893 = ORIENTED_EDGE('',*,*,#978,.T.);
#1894 = ORIENTED_EDGE('',*,*,#1895,.F.);
#1895 = EDGE_CURVE('',#477,#979,#1896,.T.);
#1896 = SURFACE_CURVE('',#1897,(#1901,#1908),.PCURVE_S1.);
#1897 = LINE('',#1898,#1899);
#1898 = CARTESIAN_POINT('',(0.,-85.,11.));
#1899 = VECTOR('',#1900,1.);
#1900 = DIRECTION('',(1.,0.,0.));
#1901 = PCURVE('',#492,#1902);
#1902 = DEFINITIONAL_REPRESENTATION('',(#1903),#1907);
#1903 = LINE('',#1904,#1905);
#1904 = CARTESIAN_POINT('',(30.,0.));
#1905 = VECTOR('',#1906,1.);
#1906 = DIRECTION('',(0.,-1.));
#1907 = ( GEOMETRIC_REPRESENTATION_CONTEXT(2) 
PARAMETRIC_REPRESENTATION_CONTEXT() REPRESENTATION_CONTEXT('2D SPACE',''
  ) );
#1908 = PCURVE('',#520,#1909);
#1909 = DEFINITIONAL_REPRESENTATION('',(#1910),#1914);
#1910 = LINE('',#1911,#1912);
#1911 = CARTESIAN_POINT('',(0.,0.));
#1912 = VECTOR('',#1913,1.);
#1913 = DIRECTION('',(0.,-1.));
#1914 = ( GEOMETRIC_REPRESENTATION_CONTEXT(2) 
PARAMETRIC_REPRESENTATION_CONTEXT() REPRESENTATION_CONTEXT('2D SPACE',''
  ) );
#1915 = ORIENTED_EDGE('',*,*,#476,.F.);
#1916 = ADVANCED_FACE('',(#1917),#520,.F.);
#1917 = FACE_BOUND('',#1918,.F.);
#1918 = EDGE_LOOP('',(#1919,#1920,#1921,#1922));
#1919 = ORIENTED_EDGE('',*,*,#1895,.T.);
#1920 = ORIENTED_EDGE('',*,*,#1001,.F.);
#1921 = ORIENTED_EDGE('',*,*,#1866,.F.);
#1922 = ORIENTED_EDGE('',*,*,#504,.F.);
#1923 = ADVANCED_FACE('',(#1924),#694,.F.);
#1924 = FACE_BOUND('',#1925,.T.);
#1925 = EDGE_LOOP('',(#1926,#1927,#1950,#1977));
#1926 = ORIENTED_EDGE('',*,*,#673,.T.);
#1927 = ORIENTED_EDGE('',*,*,#1928,.T.);
#1928 = EDGE_CURVE('',#674,#1929,#1931,.T.);
#1929 = VERTEX_POINT('',#1930);
#1930 = CARTESIAN_POINT('',(18.,21.4,-26.));
#1931 = SEAM_CURVE('',#1932,(#1936,#1943),.PCURVE_S1.);
#1932 = LINE('',#1933,#1934);
#1933 = CARTESIAN_POINT('',(-1.,21.4,-26.));
#1934 = VECTOR('',#1935,1.);
#1935 = DIRECTION('',(1.,0.,0.));
#1936 = PCURVE('',#694,#1937);
#1937 = DEFINITIONAL_REPRESENTATION('',(#1938),#1942);
#1938 = LINE('',#1939,#1940);
#1939 = CARTESIAN_POINT('',(-6.28318530718,0.));
#1940 = VECTOR('',#1941,1.);
#1941 = DIRECTION('',(-0.,-1.));
#1942 = ( GEOMETRIC_REPRESENTATION_CONTEXT(2) 
PARAMETRIC_REPRESENTATION_CONTEXT() REPRESENTATION_CONTEXT('2D SPACE',''
  ) );
#1943 = PCURVE('',#694,#1944);
#1944 = DEFINITIONAL_REPRESENTATION('',(#1945),#1949);
#1945 = LINE('',#1946,#1947);
#1946 = CARTESIAN_POINT('',(-0.,0.));
#1947 = VECTOR('',#1948,1.);
#1948 = DIRECTION('',(-0.,-1.));
#1949 = ( GEOMETRIC_REPRESENTATION_CONTEXT(2) 
PARAMETRIC_REPRESENTATION_CONTEXT() REPRESENTATION_CONTEXT('2D SPACE',''
  ) );
#1950 = ORIENTED_EDGE('',*,*,#1951,.T.);
#1951 = EDGE_CURVE('',#1929,#1929,#1952,.T.);
#1952 = SURFACE_CURVE('',#1953,(#1958,#1965),.PCURVE_S1.);
#1953 = CIRCLE('',#1954,3.4);
#1954 = AXIS2_PLACEMENT_3D('',#1955,#1956,#1957);
#1955 = CARTESIAN_POINT('',(18.,18.,-26.));
#1956 = DIRECTION('',(1.,0.,0.));
#1957 = DIRECTION('',(0.,1.,0.));
#1958 = PCURVE('',#694,#1959);
#1959 = DEFINITIONAL_REPRESENTATION('',(#1960),#1964);
#1960 = LINE('',#1961,#1962);
#1961 = CARTESIAN_POINT('',(-0.,-19.));
#1962 = VECTOR('',#1963,1.);
#1963 = DIRECTION('',(-1.,0.));
#1964 = ( GEOMETRIC_REPRESENTATION_CONTEXT(2) 
PARAMETRIC_REPRESENTATION_CONTEXT() REPRESENTATION_CONTEXT('2D SPACE',''
  ) );
#1965 = PCURVE('',#1966,#1971);
#1966 = PLANE('',#1967);
#1967 = AXIS2_PLACEMENT_3D('',#1968,#1969,#1970);
#1968 = CARTESIAN_POINT('',(18.,18.,-26.));
#1969 = DIRECTION('',(1.,0.,0.));
#1970 = DIRECTION('',(-0.,0.,1.));
#1971 = DEFINITIONAL_REPRESENTATION('',(#1972),#1976);
#1972 = CIRCLE('',#1973,3.4);
#1973 = AXIS2_PLACEMENT_2D('',#1974,#1975);
#1974 = CARTESIAN_POINT('',(0.,0.));
#1975 = DIRECTION('',(0.,-1.));
#1976 = ( GEOMETRIC_REPRESENTATION_CONTEXT(2) 
PARAMETRIC_REPRESENTATION_CONTEXT() REPRESENTATION_CONTEXT('2D SPACE',''
  ) );
#1977 = ORIENTED_EDGE('',*,*,#1928,.F.);
#1978 = ADVANCED_FACE('',(#1979),#729,.F.);
#1979 = FACE_BOUND('',#1980,.T.);
#1980 = EDGE_LOOP('',(#1981,#1982,#2005,#2032));
#1981 = ORIENTED_EDGE('',*,*,#708,.T.);
#1982 = ORIENTED_EDGE('',*,*,#1983,.T.);
#1983 = EDGE_CURVE('',#709,#1984,#1986,.T.);
#1984 = VERTEX_POINT('',#1985);
#1985 = CARTESIAN_POINT('',(18.,21.4,26.));
#1986 = SEAM_CURVE('',#1987,(#1991,#1998),.PCURVE_S1.);
#1987 = LINE('',#1988,#1989);
#1988 = CARTESIAN_POINT('',(-1.,21.4,26.));
#1989 = VECTOR('',#1990,1.);
#1990 = DIRECTION('',(1.,0.,0.));
#1991 = PCURVE('',#729,#1992);
#1992 = DEFINITIONAL_REPRESENTATION('',(#1993),#1997);
#1993 = LINE('',#1994,#1995);
#1994 = CARTESIAN_POINT('',(-6.28318530718,0.));
#1995 = VECTOR('',#1996,1.);
#1996 = DIRECTION('',(-0.,-1.));
#1997 = ( GEOMETRIC_REPRESENTATION_CONTEXT(2) 
PARAMETRIC_REPRESENTATION_CONTEXT() REPRESENTATION_CONTEXT('2D SPACE',''
  ) );
#1998 = PCURVE('',#729,#1999);
#1999 = DEFINITIONAL_REPRESENTATION('',(#2000),#2004);
#2000 = LINE('',#2001,#2002);
#2001 = CARTESIAN_POINT('',(-0.,0.));
#2002 = VECTOR('',#2003,1.);
#2003 = DIRECTION('',(-0.,-1.));
#2004 = ( GEOMETRIC_REPRESENTATION_CONTEXT(2) 
PARAMETRIC_REPRESENTATION_CONTEXT() REPRESENTATION_CONTEXT('2D SPACE',''
  ) );
#2005 = ORIENTED_EDGE('',*,*,#2006,.T.);
#2006 = EDGE_CURVE('',#1984,#1984,#2007,.T.);
#2007 = SURFACE_CURVE('',#2008,(#2013,#2020),.PCURVE_S1.);
#2008 = CIRCLE('',#2009,3.4);
#2009 = AXIS2_PLACEMENT_3D('',#2010,#2011,#2012);
#2010 = CARTESIAN_POINT('',(18.,18.,26.));
#2011 = DIRECTION('',(1.,0.,0.));
#2012 = DIRECTION('',(0.,1.,0.));
#2013 = PCURVE('',#729,#2014);
#2014 = DEFINITIONAL_REPRESENTATION('',(#2015),#2019);
#2015 = LINE('',#2016,#2017);
#2016 = CARTESIAN_POINT('',(-0.,-19.));
#2017 = VECTOR('',#2018,1.);
#2018 = DIRECTION('',(-1.,0.));
#2019 = ( GEOMETRIC_REPRESENTATION_CONTEXT(2) 
PARAMETRIC_REPRESENTATION_CONTEXT() REPRESENTATION_CONTEXT('2D SPACE',''
  ) );
#2020 = PCURVE('',#2021,#2026);
#2021 = PLANE('',#2022);
#2022 = AXIS2_PLACEMENT_3D('',#2023,#2024,#2025);
#2023 = CARTESIAN_POINT('',(18.,18.,26.));
#2024 = DIRECTION('',(1.,0.,0.));
#2025 = DIRECTION('',(-0.,0.,1.));
#2026 = DEFINITIONAL_REPRESENTATION('',(#2027),#2031);
#2027 = CIRCLE('',#2028,3.4);
#2028 = AXIS2_PLACEMENT_2D('',#2029,#2030);
#2029 = CARTESIAN_POINT('',(0.,0.));
#2030 = DIRECTION('',(0.,-1.));
#2031 = ( GEOMETRIC_REPRESENTATION_CONTEXT(2) 
PARAMETRIC_REPRESENTATION_CONTEXT() REPRESENTATION_CONTEXT('2D SPACE',''
  ) );
#2032 = ORIENTED_EDGE('',*,*,#1983,.F.);
#2033 = ADVANCED_FACE('',(#2034),#764,.F.);
#2034 = FACE_BOUND('',#2035,.T.);
#2035 = EDGE_LOOP('',(#2036,#2037,#2058,#2059));
#2036 = ORIENTED_EDGE('',*,*,#743,.T.);
#2037 = ORIENTED_EDGE('',*,*,#2038,.T.);
#2038 = EDGE_CURVE('',#744,#1590,#2039,.T.);
#2039 = SEAM_CURVE('',#2040,(#2044,#2051),.PCURVE_S1.);
#2040 = LINE('',#2041,#2042);
#2041 = CARTESIAN_POINT('',(-1.,11.25,-80.));
#2042 = VECTOR('',#2043,1.);
#2043 = DIRECTION('',(1.,0.,0.));
#2044 = PCURVE('',#764,#2045);
#2045 = DEFINITIONAL_REPRESENTATION('',(#2046),#2050);
#2046 = LINE('',#2047,#2048);
#2047 = CARTESIAN_POINT('',(-6.28318530718,0.));
#2048 = VECTOR('',#2049,1.);
#2049 = DIRECTION('',(-0.,-1.));
#2050 = ( GEOMETRIC_REPRESENTATION_CONTEXT(2) 
PARAMETRIC_REPRESENTATION_CONTEXT() REPRESENTATION_CONTEXT('2D SPACE',''
  ) );
#2051 = PCURVE('',#764,#2052);
#2052 = DEFINITIONAL_REPRESENTATION('',(#2053),#2057);
#2053 = LINE('',#2054,#2055);
#2054 = CARTESIAN_POINT('',(-0.,0.));
#2055 = VECTOR('',#2056,1.);
#2056 = DIRECTION('',(-0.,-1.));
#2057 = ( GEOMETRIC_REPRESENTATION_CONTEXT(2) 
PARAMETRIC_REPRESENTATION_CONTEXT() REPRESENTATION_CONTEXT('2D SPACE',''
  ) );
#2058 = ORIENTED_EDGE('',*,*,#1589,.F.);
#2059 = ORIENTED_EDGE('',*,*,#2038,.F.);
#2060 = ADVANCED_FACE('',(#2061),#799,.F.);
#2061 = FACE_BOUND('',#2062,.T.);
#2062 = EDGE_LOOP('',(#2063,#2064,#2087,#2114));
#2063 = ORIENTED_EDGE('',*,*,#778,.T.);
#2064 = ORIENTED_EDGE('',*,*,#2065,.T.);
#2065 = EDGE_CURVE('',#779,#2066,#2068,.T.);
#2066 = VERTEX_POINT('',#2067);
#2067 = CARTESIAN_POINT('',(18.,-14.6,-26.));
#2068 = SEAM_CURVE('',#2069,(#2073,#2080),.PCURVE_S1.);
#2069 = LINE('',#2070,#2071);
#2070 = CARTESIAN_POINT('',(-1.,-14.6,-26.));
#2071 = VECTOR('',#2072,1.);
#2072 = DIRECTION('',(1.,0.,0.));
#2073 = PCURVE('',#799,#2074);
#2074 = DEFINITIONAL_REPRESENTATION('',(#2075),#2079);
#2075 = LINE('',#2076,#2077);
#2076 = CARTESIAN_POINT('',(-6.28318530718,0.));
#2077 = VECTOR('',#2078,1.);
#2078 = DIRECTION('',(-0.,-1.));
#2079 = ( GEOMETRIC_REPRESENTATION_CONTEXT(2) 
PARAMETRIC_REPRESENTATION_CONTEXT() REPRESENTATION_CONTEXT('2D SPACE',''
  ) );
#2080 = PCURVE('',#799,#2081);
#2081 = DEFINITIONAL_REPRESENTATION('',(#2082),#2086);
#2082 = LINE('',#2083,#2084);
#2083 = CARTESIAN_POINT('',(-0.,0.));
#2084 = VECTOR('',#2085,1.);
#2085 = DIRECTION('',(-0.,-1.));
#2086 = ( GEOMETRIC_REPRESENTATION_CONTEXT(2) 
PARAMETRIC_REPRESENTATION_CONTEXT() REPRESENTATION_CONTEXT('2D SPACE',''
  ) );
#2087 = ORIENTED_EDGE('',*,*,#2088,.T.);
#2088 = EDGE_CURVE('',#2066,#2066,#2089,.T.);
#2089 = SURFACE_CURVE('',#2090,(#2095,#2102),.PCURVE_S1.);
#2090 = CIRCLE('',#2091,3.4);
#2091 = AXIS2_PLACEMENT_3D('',#2092,#2093,#2094);
#2092 = CARTESIAN_POINT('',(18.,-18.,-26.));
#2093 = DIRECTION('',(1.,0.,0.));
#2094 = DIRECTION('',(0.,1.,0.));
#2095 = PCURVE('',#799,#2096);
#2096 = DEFINITIONAL_REPRESENTATION('',(#2097),#2101);
#2097 = LINE('',#2098,#2099);
#2098 = CARTESIAN_POINT('',(-0.,-19.));
#2099 = VECTOR('',#2100,1.);
#2100 = DIRECTION('',(-1.,0.));
#2101 = ( GEOMETRIC_REPRESENTATION_CONTEXT(2) 
PARAMETRIC_REPRESENTATION_CONTEXT() REPRESENTATION_CONTEXT('2D SPACE',''
  ) );
#2102 = PCURVE('',#2103,#2108);
#2103 = PLANE('',#2104);
#2104 = AXIS2_PLACEMENT_3D('',#2105,#2106,#2107);
#2105 = CARTESIAN_POINT('',(18.,-18.,-26.));
#2106 = DIRECTION('',(1.,0.,0.));
#2107 = DIRECTION('',(-0.,0.,1.));
#2108 = DEFINITIONAL_REPRESENTATION('',(#2109),#2113);
#2109 = CIRCLE('',#2110,3.4);
#2110 = AXIS2_PLACEMENT_2D('',#2111,#2112);
#2111 = CARTESIAN_POINT('',(-3.552713678801E-15,0.));
#2112 = DIRECTION('',(0.,-1.));
#2113 = ( GEOMETRIC_REPRESENTATION_CONTEXT(2) 
PARAMETRIC_REPRESENTATION_CONTEXT() REPRESENTATION_CONTEXT('2D SPACE',''
  ) );
#2114 = ORIENTED_EDGE('',*,*,#2065,.F.);
#2115 = ADVANCED_FACE('',(#2116),#834,.F.);
#2116 = FACE_BOUND('',#2117,.T.);
#2117 = EDGE_LOOP('',(#2118,#2119,#2140,#2141));
#2118 = ORIENTED_EDGE('',*,*,#813,.T.);
#2119 = ORIENTED_EDGE('',*,*,#2120,.T.);
#2120 = EDGE_CURVE('',#814,#1620,#2121,.T.);
#2121 = SEAM_CURVE('',#2122,(#2126,#2133),.PCURVE_S1.);
#2122 = LINE('',#2123,#2124);
#2123 = CARTESIAN_POINT('',(-1.,11.25,80.));
#2124 = VECTOR('',#2125,1.);
#2125 = DIRECTION('',(1.,0.,0.));
#2126 = PCURVE('',#834,#2127);
#2127 = DEFINITIONAL_REPRESENTATION('',(#2128),#2132);
#2128 = LINE('',#2129,#2130);
#2129 = CARTESIAN_POINT('',(-6.28318530718,0.));
#2130 = VECTOR('',#2131,1.);
#2131 = DIRECTION('',(-0.,-1.));
#2132 = ( GEOMETRIC_REPRESENTATION_CONTEXT(2) 
PARAMETRIC_REPRESENTATION_CONTEXT() REPRESENTATION_CONTEXT('2D SPACE',''
  ) );
#2133 = PCURVE('',#834,#2134);
#2134 = DEFINITIONAL_REPRESENTATION('',(#2135),#2139);
#2135 = LINE('',#2136,#2137);
#2136 = CARTESIAN_POINT('',(-0.,0.));
#2137 = VECTOR('',#2138,1.);
#2138 = DIRECTION('',(-0.,-1.));
#2139 = ( GEOMETRIC_REPRESENTATION_CONTEXT(2) 
PARAMETRIC_REPRESENTATION_CONTEXT() REPRESENTATION_CONTEXT('2D SPACE',''
  ) );
#2140 = ORIENTED_EDGE('',*,*,#1619,.F.);
#2141 = ORIENTED_EDGE('',*,*,#2120,.F.);
#2142 = ADVANCED_FACE('',(#2143),#869,.F.);
#2143 = FACE_BOUND('',#2144,.T.);
#2144 = EDGE_LOOP('',(#2145,#2146,#2169,#2196));
#2145 = ORIENTED_EDGE('',*,*,#848,.T.);
#2146 = ORIENTED_EDGE('',*,*,#2147,.T.);
#2147 = EDGE_CURVE('',#849,#2148,#2150,.T.);
#2148 = VERTEX_POINT('',#2149);
#2149 = CARTESIAN_POINT('',(18.,-14.6,26.));
#2150 = SEAM_CURVE('',#2151,(#2155,#2162),.PCURVE_S1.);
#2151 = LINE('',#2152,#2153);
#2152 = CARTESIAN_POINT('',(-1.,-14.6,26.));
#2153 = VECTOR('',#2154,1.);
#2154 = DIRECTION('',(1.,0.,0.));
#2155 = PCURVE('',#869,#2156);
#2156 = DEFINITIONAL_REPRESENTATION('',(#2157),#2161);
#2157 = LINE('',#2158,#2159);
#2158 = CARTESIAN_POINT('',(-6.28318530718,0.));
#2159 = VECTOR('',#2160,1.);
#2160 = DIRECTION('',(-0.,-1.));
#2161 = ( GEOMETRIC_REPRESENTATION_CONTEXT(2) 
PARAMETRIC_REPRESENTATION_CONTEXT() REPRESENTATION_CONTEXT('2D SPACE',''
  ) );
#2162 = PCURVE('',#869,#2163);
#2163 = DEFINITIONAL_REPRESENTATION('',(#2164),#2168);
#2164 = LINE('',#2165,#2166);
#2165 = CARTESIAN_POINT('',(-0.,0.));
#2166 = VECTOR('',#2167,1.);
#2167 = DIRECTION('',(-0.,-1.));
#2168 = ( GEOMETRIC_REPRESENTATION_CONTEXT(2) 
PARAMETRIC_REPRESENTATION_CONTEXT() REPRESENTATION_CONTEXT('2D SPACE',''
  ) );
#2169 = ORIENTED_EDGE('',*,*,#2170,.T.);
#2170 = EDGE_CURVE('',#2148,#2148,#2171,.T.);
#2171 = SURFACE_CURVE('',#2172,(#2177,#2184),.PCURVE_S1.);
#2172 = CIRCLE('',#2173,3.4);
#2173 = AXIS2_PLACEMENT_3D('',#2174,#2175,#2176);
#2174 = CARTESIAN_POINT('',(18.,-18.,26.));
#2175 = DIRECTION('',(1.,0.,0.));
#2176 = DIRECTION('',(0.,1.,0.));
#2177 = PCURVE('',#869,#2178);
#2178 = DEFINITIONAL_REPRESENTATION('',(#2179),#2183);
#2179 = LINE('',#2180,#2181);
#2180 = CARTESIAN_POINT('',(-0.,-19.));
#2181 = VECTOR('',#2182,1.);
#2182 = DIRECTION('',(-1.,0.));
#2183 = ( GEOMETRIC_REPRESENTATION_CONTEXT(2) 
PARAMETRIC_REPRESENTATION_CONTEXT() REPRESENTATION_CONTEXT('2D SPACE',''
  ) );
#2184 = PCURVE('',#2185,#2190);
#2185 = PLANE('',#2186);
#2186 = AXIS2_PLACEMENT_3D('',#2187,#2188,#2189);
#2187 = CARTESIAN_POINT('',(18.,-18.,26.));
#2188 = DIRECTION('',(1.,0.,0.));
#2189 = DIRECTION('',(-0.,0.,1.));
#2190 = DEFINITIONAL_REPRESENTATION('',(#2191),#2195);
#2191 = CIRCLE('',#2192,3.4);
#2192 = AXIS2_PLACEMENT_2D('',#2193,#2194);
#2193 = CARTESIAN_POINT('',(3.552713678801E-15,0.));
#2194 = DIRECTION('',(0.,-1.));
#2195 = ( GEOMETRIC_REPRESENTATION_CONTEXT(2) 
PARAMETRIC_REPRESENTATION_CONTEXT() REPRESENTATION_CONTEXT('2D SPACE',''
  ) );
#2196 = ORIENTED_EDGE('',*,*,#2147,.F.);
#2197 = ADVANCED_FACE('',(#2198),#1164,.F.);
#2198 = FACE_BOUND('',#2199,.F.);
#2199 = EDGE_LOOP('',(#2200,#2223,#2252,#2273));
#2200 = ORIENTED_EDGE('',*,*,#2201,.F.);
#2201 = EDGE_CURVE('',#2202,#1146,#2204,.T.);
#2202 = VERTEX_POINT('',#2203);
#2203 = CARTESIAN_POINT('',(25.,70.,-115.));
#2204 = SURFACE_CURVE('',#2205,(#2209,#2216),.PCURVE_S1.);
#2205 = LINE('',#2206,#2207);
#2206 = CARTESIAN_POINT('',(25.,70.,-115.));
#2207 = VECTOR('',#2208,1.);
#2208 = DIRECTION('',(1.,0.,0.));
#2209 = PCURVE('',#1164,#2210);
#2210 = DEFINITIONAL_REPRESENTATION('',(#2211),#2215);
#2211 = LINE('',#2212,#2213);
#2212 = CARTESIAN_POINT('',(0.,0.));
#2213 = VECTOR('',#2214,1.);
#2214 = DIRECTION('',(0.,1.));
#2215 = ( GEOMETRIC_REPRESENTATION_CONTEXT(2) 
PARAMETRIC_REPRESENTATION_CONTEXT() REPRESENTATION_CONTEXT('2D SPACE',''
  ) );
#2216 = PCURVE('',#1191,#2217);
#2217 = DEFINITIONAL_REPRESENTATION('',(#2218),#2222);
#2218 = LINE('',#2219,#2220);
#2219 = CARTESIAN_POINT('',(56.,0.));
#2220 = VECTOR('',#2221,1.);
#2221 = DIRECTION('',(0.,-1.));
#2222 = ( GEOMETRIC_REPRESENTATION_CONTEXT(2) 
PARAMETRIC_REPRESENTATION_CONTEXT() REPRESENTATION_CONTEXT('2D SPACE',''
  ) );
#2223 = ORIENTED_EDGE('',*,*,#2224,.T.);
#2224 = EDGE_CURVE('',#2202,#2225,#2227,.T.);
#2225 = VERTEX_POINT('',#2226);
#2226 = CARTESIAN_POINT('',(25.,78.,-107.));
#2227 = SURFACE_CURVE('',#2228,(#2233,#2240),.PCURVE_S1.);
#2228 = CIRCLE('',#2229,8.);
#2229 = AXIS2_PLACEMENT_3D('',#2230,#2231,#2232);
#2230 = CARTESIAN_POINT('',(25.,70.,-107.));
#2231 = DIRECTION('',(1.,0.,0.));
#2232 = DIRECTION('',(-0.,0.,1.));
#2233 = PCURVE('',#1164,#2234);
#2234 = DEFINITIONAL_REPRESENTATION('',(#2235),#2239);
#2235 = LINE('',#2236,#2237);
#2236 = CARTESIAN_POINT('',(-3.14159265359,0.));
#2237 = VECTOR('',#2238,1.);
#2238 = DIRECTION('',(1.,0.));
#2239 = ( GEOMETRIC_REPRESENTATION_CONTEXT(2) 
PARAMETRIC_REPRESENTATION_CONTEXT() REPRESENTATION_CONTEXT('2D SPACE',''
  ) );
#2240 = PCURVE('',#2241,#2246);
#2241 = PLANE('',#2242);
#2242 = AXIS2_PLACEMENT_3D('',#2243,#2244,#2245);
#2243 = CARTESIAN_POINT('',(25.,46.,-81.5));
#2244 = DIRECTION('',(1.,0.,0.));
#2245 = DIRECTION('',(-0.,0.,1.));
#2246 = DEFINITIONAL_REPRESENTATION('',(#2247),#2251);
#2247 = CIRCLE('',#2248,8.);
#2248 = AXIS2_PLACEMENT_2D('',#2249,#2250);
#2249 = CARTESIAN_POINT('',(-25.5,-24.));
#2250 = DIRECTION('',(1.,0.));
#2251 = ( GEOMETRIC_REPRESENTATION_CONTEXT(2) 
PARAMETRIC_REPRESENTATION_CONTEXT() REPRESENTATION_CONTEXT('2D SPACE',''
  ) );
#2252 = ORIENTED_EDGE('',*,*,#2253,.T.);
#2253 = EDGE_CURVE('',#2225,#1148,#2254,.T.);
#2254 = SURFACE_CURVE('',#2255,(#2259,#2266),.PCURVE_S1.);
#2255 = LINE('',#2256,#2257);
#2256 = CARTESIAN_POINT('',(25.,78.,-107.));
#2257 = VECTOR('',#2258,1.);
#2258 = DIRECTION('',(1.,0.,0.));
#2259 = PCURVE('',#1164,#2260);
#2260 = DEFINITIONAL_REPRESENTATION('',(#2261),#2265);
#2261 = LINE('',#2262,#2263);
#2262 = CARTESIAN_POINT('',(1.570796326795,0.));
#2263 = VECTOR('',#2264,1.);
#2264 = DIRECTION('',(0.,1.));
#2265 = ( GEOMETRIC_REPRESENTATION_CONTEXT(2) 
PARAMETRIC_REPRESENTATION_CONTEXT() REPRESENTATION_CONTEXT('2D SPACE',''
  ) );
#2266 = PCURVE('',#1354,#2267);
#2267 = DEFINITIONAL_REPRESENTATION('',(#2268),#2272);
#2268 = LINE('',#2269,#2270);
#2269 = CARTESIAN_POINT('',(8.,0.));
#2270 = VECTOR('',#2271,1.);
#2271 = DIRECTION('',(0.,-1.));
#2272 = ( GEOMETRIC_REPRESENTATION_CONTEXT(2) 
PARAMETRIC_REPRESENTATION_CONTEXT() REPRESENTATION_CONTEXT('2D SPACE',''
  ) );
#2273 = ORIENTED_EDGE('',*,*,#1145,.F.);
#2274 = ADVANCED_FACE('',(#2275),#1354,.T.);
#2275 = FACE_BOUND('',#2276,.T.);
#2276 = EDGE_LOOP('',(#2277,#2300,#2301,#2302));
#2277 = ORIENTED_EDGE('',*,*,#2278,.F.);
#2278 = EDGE_CURVE('',#2225,#2279,#2281,.T.);
#2279 = VERTEX_POINT('',#2280);
#2280 = CARTESIAN_POINT('',(25.,78.,-56.));
#2281 = SURFACE_CURVE('',#2282,(#2286,#2293),.PCURVE_S1.);
#2282 = LINE('',#2283,#2284);
#2283 = CARTESIAN_POINT('',(25.,78.,-115.));
#2284 = VECTOR('',#2285,1.);
#2285 = DIRECTION('',(0.,0.,1.));
#2286 = PCURVE('',#1354,#2287);
#2287 = DEFINITIONAL_REPRESENTATION('',(#2288),#2292);
#2288 = LINE('',#2289,#2290);
#2289 = CARTESIAN_POINT('',(0.,0.));
#2290 = VECTOR('',#2291,1.);
#2291 = DIRECTION('',(1.,0.));
#2292 = ( GEOMETRIC_REPRESENTATION_CONTEXT(2) 
PARAMETRIC_REPRESENTATION_CONTEXT() REPRESENTATION_CONTEXT('2D SPACE',''
  ) );
#2293 = PCURVE('',#2241,#2294);
#2294 = DEFINITIONAL_REPRESENTATION('',(#2295),#2299);
#2295 = LINE('',#2296,#2297);
#2296 = CARTESIAN_POINT('',(-33.5,-32.));
#2297 = VECTOR('',#2298,1.);
#2298 = DIRECTION('',(1.,0.));
#2299 = ( GEOMETRIC_REPRESENTATION_CONTEXT(2) 
PARAMETRIC_REPRESENTATION_CONTEXT() REPRESENTATION_CONTEXT('2D SPACE',''
  ) );
#2300 = ORIENTED_EDGE('',*,*,#2253,.T.);
#2301 = ORIENTED_EDGE('',*,*,#1341,.F.);
#2302 = ORIENTED_EDGE('',*,*,#2303,.F.);
#2303 = EDGE_CURVE('',#2279,#1313,#2304,.T.);
#2304 = SURFACE_CURVE('',#2305,(#2309,#2316),.PCURVE_S1.);
#2305 = LINE('',#2306,#2307);
#2306 = CARTESIAN_POINT('',(25.,78.,-56.));
#2307 = VECTOR('',#2308,1.);
#2308 = DIRECTION('',(1.,0.,0.));
#2309 = PCURVE('',#1354,#2310);
#2310 = DEFINITIONAL_REPRESENTATION('',(#2311),#2315);
#2311 = LINE('',#2312,#2313);
#2312 = CARTESIAN_POINT('',(59.,0.));
#2313 = VECTOR('',#2314,1.);
#2314 = DIRECTION('',(0.,-1.));
#2315 = ( GEOMETRIC_REPRESENTATION_CONTEXT(2) 
PARAMETRIC_REPRESENTATION_CONTEXT() REPRESENTATION_CONTEXT('2D SPACE',''
  ) );
#2316 = PCURVE('',#1329,#2317);
#2317 = DEFINITIONAL_REPRESENTATION('',(#2318),#2322);
#2318 = LINE('',#2319,#2320);
#2319 = CARTESIAN_POINT('',(0.,0.));
#2320 = VECTOR('',#2321,1.);
#2321 = DIRECTION('',(0.,1.));
#2322 = ( GEOMETRIC_REPRESENTATION_CONTEXT(2) 
PARAMETRIC_REPRESENTATION_CONTEXT() REPRESENTATION_CONTEXT('2D SPACE',''
  ) );
#2323 = ADVANCED_FACE('',(#2324),#1329,.F.);
#2324 = FACE_BOUND('',#2325,.F.);
#2325 = EDGE_LOOP('',(#2326,#2327,#2351,#2372));
#2326 = ORIENTED_EDGE('',*,*,#2303,.F.);
#2327 = ORIENTED_EDGE('',*,*,#2328,.T.);
#2328 = EDGE_CURVE('',#2279,#2329,#2331,.T.);
#2329 = VERTEX_POINT('',#2330);
#2330 = CARTESIAN_POINT('',(25.,70.,-48.));
#2331 = SURFACE_CURVE('',#2332,(#2337,#2344),.PCURVE_S1.);
#2332 = CIRCLE('',#2333,8.);
#2333 = AXIS2_PLACEMENT_3D('',#2334,#2335,#2336);
#2334 = CARTESIAN_POINT('',(25.,70.,-56.));
#2335 = DIRECTION('',(1.,0.,0.));
#2336 = DIRECTION('',(-0.,0.,1.));
#2337 = PCURVE('',#1329,#2338);
#2338 = DEFINITIONAL_REPRESENTATION('',(#2339),#2343);
#2339 = LINE('',#2340,#2341);
#2340 = CARTESIAN_POINT('',(-4.712388980385,0.));
#2341 = VECTOR('',#2342,1.);
#2342 = DIRECTION('',(1.,0.));
#2343 = ( GEOMETRIC_REPRESENTATION_CONTEXT(2) 
PARAMETRIC_REPRESENTATION_CONTEXT() REPRESENTATION_CONTEXT('2D SPACE',''
  ) );
#2344 = PCURVE('',#2241,#2345);
#2345 = DEFINITIONAL_REPRESENTATION('',(#2346),#2350);
#2346 = CIRCLE('',#2347,8.);
#2347 = AXIS2_PLACEMENT_2D('',#2348,#2349);
#2348 = CARTESIAN_POINT('',(25.5,-24.));
#2349 = DIRECTION('',(1.,0.));
#2350 = ( GEOMETRIC_REPRESENTATION_CONTEXT(2) 
PARAMETRIC_REPRESENTATION_CONTEXT() REPRESENTATION_CONTEXT('2D SPACE',''
  ) );
#2351 = ORIENTED_EDGE('',*,*,#2352,.T.);
#2352 = EDGE_CURVE('',#2329,#1287,#2353,.T.);
#2353 = SURFACE_CURVE('',#2354,(#2358,#2365),.PCURVE_S1.);
#2354 = LINE('',#2355,#2356);
#2355 = CARTESIAN_POINT('',(25.,70.,-48.));
#2356 = VECTOR('',#2357,1.);
#2357 = DIRECTION('',(1.,0.,0.));
#2358 = PCURVE('',#1329,#2359);
#2359 = DEFINITIONAL_REPRESENTATION('',(#2360),#2364);
#2360 = LINE('',#2361,#2362);
#2361 = CARTESIAN_POINT('',(1.570796326795,0.));
#2362 = VECTOR('',#2363,1.);
#2363 = DIRECTION('',(0.,1.));
#2364 = ( GEOMETRIC_REPRESENTATION_CONTEXT(2) 
PARAMETRIC_REPRESENTATION_CONTEXT() REPRESENTATION_CONTEXT('2D SPACE',''
  ) );
#2365 = PCURVE('',#1301,#2366);
#2366 = DEFINITIONAL_REPRESENTATION('',(#2367),#2371);
#2367 = LINE('',#2368,#2369);
#2368 = CARTESIAN_POINT('',(8.,0.));
#2369 = VECTOR('',#2370,1.);
#2370 = DIRECTION('',(0.,-1.));
#2371 = ( GEOMETRIC_REPRESENTATION_CONTEXT(2) 
PARAMETRIC_REPRESENTATION_CONTEXT() REPRESENTATION_CONTEXT('2D SPACE',''
  ) );
#2372 = ORIENTED_EDGE('',*,*,#1312,.F.);
#2373 = ADVANCED_FACE('',(#2374),#1301,.T.);
#2374 = FACE_BOUND('',#2375,.T.);
#2375 = EDGE_LOOP('',(#2376,#2399,#2400,#2401));
#2376 = ORIENTED_EDGE('',*,*,#2377,.F.);
#2377 = EDGE_CURVE('',#2329,#2378,#2380,.T.);
#2378 = VERTEX_POINT('',#2379);
#2379 = CARTESIAN_POINT('',(25.,22.,-48.));
#2380 = SURFACE_CURVE('',#2381,(#2385,#2392),.PCURVE_S1.);
#2381 = LINE('',#2382,#2383);
#2382 = CARTESIAN_POINT('',(25.,78.,-48.));
#2383 = VECTOR('',#2384,1.);
#2384 = DIRECTION('',(0.,-1.,0.));
#2385 = PCURVE('',#1301,#2386);
#2386 = DEFINITIONAL_REPRESENTATION('',(#2387),#2391);
#2387 = LINE('',#2388,#2389);
#2388 = CARTESIAN_POINT('',(0.,-0.));
#2389 = VECTOR('',#2390,1.);
#2390 = DIRECTION('',(1.,0.));
#2391 = ( GEOMETRIC_REPRESENTATION_CONTEXT(2) 
PARAMETRIC_REPRESENTATION_CONTEXT() REPRESENTATION_CONTEXT('2D SPACE',''
  ) );
#2392 = PCURVE('',#2241,#2393);
#2393 = DEFINITIONAL_REPRESENTATION('',(#2394),#2398);
#2394 = LINE('',#2395,#2396);
#2395 = CARTESIAN_POINT('',(33.5,-32.));
#2396 = VECTOR('',#2397,1.);
#2397 = DIRECTION('',(0.,1.));
#2398 = ( GEOMETRIC_REPRESENTATION_CONTEXT(2) 
PARAMETRIC_REPRESENTATION_CONTEXT() REPRESENTATION_CONTEXT('2D SPACE',''
  ) );
#2399 = ORIENTED_EDGE('',*,*,#2352,.T.);
#2400 = ORIENTED_EDGE('',*,*,#1286,.F.);
#2401 = ORIENTED_EDGE('',*,*,#2402,.F.);
#2402 = EDGE_CURVE('',#2378,#1258,#2403,.T.);
#2403 = SURFACE_CURVE('',#2404,(#2408,#2415),.PCURVE_S1.);
#2404 = LINE('',#2405,#2406);
#2405 = CARTESIAN_POINT('',(25.,22.,-48.));
#2406 = VECTOR('',#2407,1.);
#2407 = DIRECTION('',(1.,0.,0.));
#2408 = PCURVE('',#1301,#2409);
#2409 = DEFINITIONAL_REPRESENTATION('',(#2410),#2414);
#2410 = LINE('',#2411,#2412);
#2411 = CARTESIAN_POINT('',(56.,0.));
#2412 = VECTOR('',#2413,1.);
#2413 = DIRECTION('',(0.,-1.));
#2414 = ( GEOMETRIC_REPRESENTATION_CONTEXT(2) 
PARAMETRIC_REPRESENTATION_CONTEXT() REPRESENTATION_CONTEXT('2D SPACE',''
  ) );
#2415 = PCURVE('',#1274,#2416);
#2416 = DEFINITIONAL_REPRESENTATION('',(#2417),#2421);
#2417 = LINE('',#2418,#2419);
#2418 = CARTESIAN_POINT('',(0.,0.));
#2419 = VECTOR('',#2420,1.);
#2420 = DIRECTION('',(0.,1.));
#2421 = ( GEOMETRIC_REPRESENTATION_CONTEXT(2) 
PARAMETRIC_REPRESENTATION_CONTEXT() REPRESENTATION_CONTEXT('2D SPACE',''
  ) );
#2422 = ADVANCED_FACE('',(#2423),#1274,.F.);
#2423 = FACE_BOUND('',#2424,.F.);
#2424 = EDGE_LOOP('',(#2425,#2426,#2450,#2471));
#2425 = ORIENTED_EDGE('',*,*,#2402,.F.);
#2426 = ORIENTED_EDGE('',*,*,#2427,.T.);
#2427 = EDGE_CURVE('',#2378,#2428,#2430,.T.);
#2428 = VERTEX_POINT('',#2429);
#2429 = CARTESIAN_POINT('',(25.,14.,-56.));
#2430 = SURFACE_CURVE('',#2431,(#2436,#2443),.PCURVE_S1.);
#2431 = CIRCLE('',#2432,8.);
#2432 = AXIS2_PLACEMENT_3D('',#2433,#2434,#2435);
#2433 = CARTESIAN_POINT('',(25.,22.,-56.));
#2434 = DIRECTION('',(1.,0.,0.));
#2435 = DIRECTION('',(-0.,0.,1.));
#2436 = PCURVE('',#1274,#2437);
#2437 = DEFINITIONAL_REPRESENTATION('',(#2438),#2442);
#2438 = LINE('',#2439,#2440);
#2439 = CARTESIAN_POINT('',(0.,0.));
#2440 = VECTOR('',#2441,1.);
#2441 = DIRECTION('',(1.,0.));
#2442 = ( GEOMETRIC_REPRESENTATION_CONTEXT(2) 
PARAMETRIC_REPRESENTATION_CONTEXT() REPRESENTATION_CONTEXT('2D SPACE',''
  ) );
#2443 = PCURVE('',#2241,#2444);
#2444 = DEFINITIONAL_REPRESENTATION('',(#2445),#2449);
#2445 = CIRCLE('',#2446,8.);
#2446 = AXIS2_PLACEMENT_2D('',#2447,#2448);
#2447 = CARTESIAN_POINT('',(25.5,24.));
#2448 = DIRECTION('',(1.,0.));
#2449 = ( GEOMETRIC_REPRESENTATION_CONTEXT(2) 
PARAMETRIC_REPRESENTATION_CONTEXT() REPRESENTATION_CONTEXT('2D SPACE',''
  ) );
#2450 = ORIENTED_EDGE('',*,*,#2451,.T.);
#2451 = EDGE_CURVE('',#2428,#1232,#2452,.T.);
#2452 = SURFACE_CURVE('',#2453,(#2457,#2464),.PCURVE_S1.);
#2453 = LINE('',#2454,#2455);
#2454 = CARTESIAN_POINT('',(25.,14.,-56.));
#2455 = VECTOR('',#2456,1.);
#2456 = DIRECTION('',(1.,0.,0.));
#2457 = PCURVE('',#1274,#2458);
#2458 = DEFINITIONAL_REPRESENTATION('',(#2459),#2463);
#2459 = LINE('',#2460,#2461);
#2460 = CARTESIAN_POINT('',(1.570796326795,0.));
#2461 = VECTOR('',#2462,1.);
#2462 = DIRECTION('',(0.,1.));
#2463 = ( GEOMETRIC_REPRESENTATION_CONTEXT(2) 
PARAMETRIC_REPRESENTATION_CONTEXT() REPRESENTATION_CONTEXT('2D SPACE',''
  ) );
#2464 = PCURVE('',#1246,#2465);
#2465 = DEFINITIONAL_REPRESENTATION('',(#2466),#2470);
#2466 = LINE('',#2467,#2468);
#2467 = CARTESIAN_POINT('',(8.,0.));
#2468 = VECTOR('',#2469,1.);
#2469 = DIRECTION('',(0.,-1.));
#2470 = ( GEOMETRIC_REPRESENTATION_CONTEXT(2) 
PARAMETRIC_REPRESENTATION_CONTEXT() REPRESENTATION_CONTEXT('2D SPACE',''
  ) );
#2471 = ORIENTED_EDGE('',*,*,#1257,.F.);
#2472 = ADVANCED_FACE('',(#2473),#1246,.T.);
#2473 = FACE_BOUND('',#2474,.T.);
#2474 = EDGE_LOOP('',(#2475,#2498,#2499,#2500));
#2475 = ORIENTED_EDGE('',*,*,#2476,.F.);
#2476 = EDGE_CURVE('',#2428,#2477,#2479,.T.);
#2477 = VERTEX_POINT('',#2478);
#2478 = CARTESIAN_POINT('',(25.,14.,-107.));
#2479 = SURFACE_CURVE('',#2480,(#2484,#2491),.PCURVE_S1.);
#2480 = LINE('',#2481,#2482);
#2481 = CARTESIAN_POINT('',(25.,14.,-48.));
#2482 = VECTOR('',#2483,1.);
#2483 = DIRECTION('',(0.,0.,-1.));
#2484 = PCURVE('',#1246,#2485);
#2485 = DEFINITIONAL_REPRESENTATION('',(#2486),#2490);
#2486 = LINE('',#2487,#2488);
#2487 = CARTESIAN_POINT('',(0.,0.));
#2488 = VECTOR('',#2489,1.);
#2489 = DIRECTION('',(1.,0.));
#2490 = ( GEOMETRIC_REPRESENTATION_CONTEXT(2) 
PARAMETRIC_REPRESENTATION_CONTEXT() REPRESENTATION_CONTEXT('2D SPACE',''
  ) );
#2491 = PCURVE('',#2241,#2492);
#2492 = DEFINITIONAL_REPRESENTATION('',(#2493),#2497);
#2493 = LINE('',#2494,#2495);
#2494 = CARTESIAN_POINT('',(33.5,32.));
#2495 = VECTOR('',#2496,1.);
#2496 = DIRECTION('',(-1.,0.));
#2497 = ( GEOMETRIC_REPRESENTATION_CONTEXT(2) 
PARAMETRIC_REPRESENTATION_CONTEXT() REPRESENTATION_CONTEXT('2D SPACE',''
  ) );
#2498 = ORIENTED_EDGE('',*,*,#2451,.T.);
#2499 = ORIENTED_EDGE('',*,*,#1231,.F.);
#2500 = ORIENTED_EDGE('',*,*,#2501,.F.);
#2501 = EDGE_CURVE('',#2477,#1203,#2502,.T.);
#2502 = SURFACE_CURVE('',#2503,(#2507,#2514),.PCURVE_S1.);
#2503 = LINE('',#2504,#2505);
#2504 = CARTESIAN_POINT('',(25.,14.,-107.));
#2505 = VECTOR('',#2506,1.);
#2506 = DIRECTION('',(1.,0.,0.));
#2507 = PCURVE('',#1246,#2508);
#2508 = DEFINITIONAL_REPRESENTATION('',(#2509),#2513);
#2509 = LINE('',#2510,#2511);
#2510 = CARTESIAN_POINT('',(59.,0.));
#2511 = VECTOR('',#2512,1.);
#2512 = DIRECTION('',(0.,-1.));
#2513 = ( GEOMETRIC_REPRESENTATION_CONTEXT(2) 
PARAMETRIC_REPRESENTATION_CONTEXT() REPRESENTATION_CONTEXT('2D SPACE',''
  ) );
#2514 = PCURVE('',#1219,#2515);
#2515 = DEFINITIONAL_REPRESENTATION('',(#2516),#2520);
#2516 = LINE('',#2517,#2518);
#2517 = CARTESIAN_POINT('',(-1.570796326795,0.));
#2518 = VECTOR('',#2519,1.);
#2519 = DIRECTION('',(-0.,1.));
#2520 = ( GEOMETRIC_REPRESENTATION_CONTEXT(2) 
PARAMETRIC_REPRESENTATION_CONTEXT() REPRESENTATION_CONTEXT('2D SPACE',''
  ) );
#2521 = ADVANCED_FACE('',(#2522),#1219,.F.);
#2522 = FACE_BOUND('',#2523,.T.);
#2523 = EDGE_LOOP('',(#2524,#2547,#2573,#2574));
#2524 = ORIENTED_EDGE('',*,*,#2525,.F.);
#2525 = EDGE_CURVE('',#2526,#1177,#2528,.T.);
#2526 = VERTEX_POINT('',#2527);
#2527 = CARTESIAN_POINT('',(25.,22.,-115.));
#2528 = SURFACE_CURVE('',#2529,(#2533,#2540),.PCURVE_S1.);
#2529 = LINE('',#2530,#2531);
#2530 = CARTESIAN_POINT('',(25.,22.,-115.));
#2531 = VECTOR('',#2532,1.);
#2532 = DIRECTION('',(1.,0.,0.));
#2533 = PCURVE('',#1219,#2534);
#2534 = DEFINITIONAL_REPRESENTATION('',(#2535),#2539);
#2535 = LINE('',#2536,#2537);
#2536 = CARTESIAN_POINT('',(-0.,0.));
#2537 = VECTOR('',#2538,1.);
#2538 = DIRECTION('',(-0.,1.));
#2539 = ( GEOMETRIC_REPRESENTATION_CONTEXT(2) 
PARAMETRIC_REPRESENTATION_CONTEXT() REPRESENTATION_CONTEXT('2D SPACE',''
  ) );
#2540 = PCURVE('',#1191,#2541);
#2541 = DEFINITIONAL_REPRESENTATION('',(#2542),#2546);
#2542 = LINE('',#2543,#2544);
#2543 = CARTESIAN_POINT('',(8.,0.));
#2544 = VECTOR('',#2545,1.);
#2545 = DIRECTION('',(0.,-1.));
#2546 = ( GEOMETRIC_REPRESENTATION_CONTEXT(2) 
PARAMETRIC_REPRESENTATION_CONTEXT() REPRESENTATION_CONTEXT('2D SPACE',''
  ) );
#2547 = ORIENTED_EDGE('',*,*,#2548,.T.);
#2548 = EDGE_CURVE('',#2526,#2477,#2549,.T.);
#2549 = SURFACE_CURVE('',#2550,(#2555,#2562),.PCURVE_S1.);
#2550 = CIRCLE('',#2551,8.);
#2551 = AXIS2_PLACEMENT_3D('',#2552,#2553,#2554);
#2552 = CARTESIAN_POINT('',(25.,22.,-107.));
#2553 = DIRECTION('',(-1.,0.,-0.));
#2554 = DIRECTION('',(-0.,0.,1.));
#2555 = PCURVE('',#1219,#2556);
#2556 = DEFINITIONAL_REPRESENTATION('',(#2557),#2561);
#2557 = LINE('',#2558,#2559);
#2558 = CARTESIAN_POINT('',(3.14159265359,-0.));
#2559 = VECTOR('',#2560,1.);
#2560 = DIRECTION('',(-1.,0.));
#2561 = ( GEOMETRIC_REPRESENTATION_CONTEXT(2) 
PARAMETRIC_REPRESENTATION_CONTEXT() REPRESENTATION_CONTEXT('2D SPACE',''
  ) );
#2562 = PCURVE('',#2241,#2563);
#2563 = DEFINITIONAL_REPRESENTATION('',(#2564),#2572);
#2564 = ( BOUNDED_CURVE() B_SPLINE_CURVE(2,(#2565,#2566,#2567,#2568,
#2569,#2570,#2571),.UNSPECIFIED.,.T.,.F.) B_SPLINE_CURVE_WITH_KNOTS((1,2
    ,2,2,2,1),(-2.094395102393,0.,2.094395102393,4.188790204786,
6.28318530718,8.377580409573),.UNSPECIFIED.) CURVE() 
GEOMETRIC_REPRESENTATION_ITEM() RATIONAL_B_SPLINE_CURVE((1.,0.5,1.,0.5,
1.,0.5,1.)) REPRESENTATION_ITEM('') );
#2565 = CARTESIAN_POINT('',(-17.5,24.));
#2566 = CARTESIAN_POINT('',(-17.5,10.143593539449));
#2567 = CARTESIAN_POINT('',(-29.5,17.071796769724));
#2568 = CARTESIAN_POINT('',(-41.5,24.));
#2569 = CARTESIAN_POINT('',(-29.5,30.928203230276));
#2570 = CARTESIAN_POINT('',(-17.5,37.856406460551));
#2571 = CARTESIAN_POINT('',(-17.5,24.));
#2572 = ( GEOMETRIC_REPRESENTATION_CONTEXT(2) 
PARAMETRIC_REPRESENTATION_CONTEXT() REPRESENTATION_CONTEXT('2D SPACE',''
  ) );
#2573 = ORIENTED_EDGE('',*,*,#2501,.T.);
#2574 = ORIENTED_EDGE('',*,*,#1202,.T.);
#2575 = ADVANCED_FACE('',(#2576),#1191,.T.);
#2576 = FACE_BOUND('',#2577,.T.);
#2577 = EDGE_LOOP('',(#2578,#2599,#2600,#2601));
#2578 = ORIENTED_EDGE('',*,*,#2579,.F.);
#2579 = EDGE_CURVE('',#2526,#2202,#2580,.T.);
#2580 = SURFACE_CURVE('',#2581,(#2585,#2592),.PCURVE_S1.);
#2581 = LINE('',#2582,#2583);
#2582 = CARTESIAN_POINT('',(25.,14.,-115.));
#2583 = VECTOR('',#2584,1.);
#2584 = DIRECTION('',(0.,1.,0.));
#2585 = PCURVE('',#1191,#2586);
#2586 = DEFINITIONAL_REPRESENTATION('',(#2587),#2591);
#2587 = LINE('',#2588,#2589);
#2588 = CARTESIAN_POINT('',(0.,0.));
#2589 = VECTOR('',#2590,1.);
#2590 = DIRECTION('',(1.,0.));
#2591 = ( GEOMETRIC_REPRESENTATION_CONTEXT(2) 
PARAMETRIC_REPRESENTATION_CONTEXT() REPRESENTATION_CONTEXT('2D SPACE',''
  ) );
#2592 = PCURVE('',#2241,#2593);
#2593 = DEFINITIONAL_REPRESENTATION('',(#2594),#2598);
#2594 = LINE('',#2595,#2596);
#2595 = CARTESIAN_POINT('',(-33.5,32.));
#2596 = VECTOR('',#2597,1.);
#2597 = DIRECTION('',(0.,-1.));
#2598 = ( GEOMETRIC_REPRESENTATION_CONTEXT(2) 
PARAMETRIC_REPRESENTATION_CONTEXT() REPRESENTATION_CONTEXT('2D SPACE',''
  ) );
#2599 = ORIENTED_EDGE('',*,*,#2525,.T.);
#2600 = ORIENTED_EDGE('',*,*,#1176,.F.);
#2601 = ORIENTED_EDGE('',*,*,#2201,.F.);
#2602 = ADVANCED_FACE('',(#2603),#1386,.F.);
#2603 = FACE_BOUND('',#2604,.F.);
#2604 = EDGE_LOOP('',(#2605,#2628,#2657,#2678));
#2605 = ORIENTED_EDGE('',*,*,#2606,.F.);
#2606 = EDGE_CURVE('',#2607,#1368,#2609,.T.);
#2607 = VERTEX_POINT('',#2608);
#2608 = CARTESIAN_POINT('',(25.,70.,48.));
#2609 = SURFACE_CURVE('',#2610,(#2614,#2621),.PCURVE_S1.);
#2610 = LINE('',#2611,#2612);
#2611 = CARTESIAN_POINT('',(25.,70.,48.));
#2612 = VECTOR('',#2613,1.);
#2613 = DIRECTION('',(1.,0.,0.));
#2614 = PCURVE('',#1386,#2615);
#2615 = DEFINITIONAL_REPRESENTATION('',(#2616),#2620);
#2616 = LINE('',#2617,#2618);
#2617 = CARTESIAN_POINT('',(0.,0.));
#2618 = VECTOR('',#2619,1.);
#2619 = DIRECTION('',(0.,1.));
#2620 = ( GEOMETRIC_REPRESENTATION_CONTEXT(2) 
PARAMETRIC_REPRESENTATION_CONTEXT() REPRESENTATION_CONTEXT('2D SPACE',''
  ) );
#2621 = PCURVE('',#1413,#2622);
#2622 = DEFINITIONAL_REPRESENTATION('',(#2623),#2627);
#2623 = LINE('',#2624,#2625);
#2624 = CARTESIAN_POINT('',(56.,0.));
#2625 = VECTOR('',#2626,1.);
#2626 = DIRECTION('',(0.,-1.));
#2627 = ( GEOMETRIC_REPRESENTATION_CONTEXT(2) 
PARAMETRIC_REPRESENTATION_CONTEXT() REPRESENTATION_CONTEXT('2D SPACE',''
  ) );
#2628 = ORIENTED_EDGE('',*,*,#2629,.T.);
#2629 = EDGE_CURVE('',#2607,#2630,#2632,.T.);
#2630 = VERTEX_POINT('',#2631);
#2631 = CARTESIAN_POINT('',(25.,78.,56.));
#2632 = SURFACE_CURVE('',#2633,(#2638,#2645),.PCURVE_S1.);
#2633 = CIRCLE('',#2634,8.);
#2634 = AXIS2_PLACEMENT_3D('',#2635,#2636,#2637);
#2635 = CARTESIAN_POINT('',(25.,70.,56.));
#2636 = DIRECTION('',(1.,0.,0.));
#2637 = DIRECTION('',(-0.,0.,1.));
#2638 = PCURVE('',#1386,#2639);
#2639 = DEFINITIONAL_REPRESENTATION('',(#2640),#2644);
#2640 = LINE('',#2641,#2642);
#2641 = CARTESIAN_POINT('',(-3.14159265359,0.));
#2642 = VECTOR('',#2643,1.);
#2643 = DIRECTION('',(1.,0.));
#2644 = ( GEOMETRIC_REPRESENTATION_CONTEXT(2) 
PARAMETRIC_REPRESENTATION_CONTEXT() REPRESENTATION_CONTEXT('2D SPACE',''
  ) );
#2645 = PCURVE('',#2646,#2651);
#2646 = PLANE('',#2647);
#2647 = AXIS2_PLACEMENT_3D('',#2648,#2649,#2650);
#2648 = CARTESIAN_POINT('',(25.,46.,81.5));
#2649 = DIRECTION('',(1.,0.,0.));
#2650 = DIRECTION('',(-0.,0.,1.));
#2651 = DEFINITIONAL_REPRESENTATION('',(#2652),#2656);
#2652 = CIRCLE('',#2653,8.);
#2653 = AXIS2_PLACEMENT_2D('',#2654,#2655);
#2654 = CARTESIAN_POINT('',(-25.5,-24.));
#2655 = DIRECTION('',(1.,0.));
#2656 = ( GEOMETRIC_REPRESENTATION_CONTEXT(2) 
PARAMETRIC_REPRESENTATION_CONTEXT() REPRESENTATION_CONTEXT('2D SPACE',''
  ) );
#2657 = ORIENTED_EDGE('',*,*,#2658,.T.);
#2658 = EDGE_CURVE('',#2630,#1370,#2659,.T.);
#2659 = SURFACE_CURVE('',#2660,(#2664,#2671),.PCURVE_S1.);
#2660 = LINE('',#2661,#2662);
#2661 = CARTESIAN_POINT('',(25.,78.,56.));
#2662 = VECTOR('',#2663,1.);
#2663 = DIRECTION('',(1.,0.,0.));
#2664 = PCURVE('',#1386,#2665);
#2665 = DEFINITIONAL_REPRESENTATION('',(#2666),#2670);
#2666 = LINE('',#2667,#2668);
#2667 = CARTESIAN_POINT('',(1.570796326795,0.));
#2668 = VECTOR('',#2669,1.);
#2669 = DIRECTION('',(0.,1.));
#2670 = ( GEOMETRIC_REPRESENTATION_CONTEXT(2) 
PARAMETRIC_REPRESENTATION_CONTEXT() REPRESENTATION_CONTEXT('2D SPACE',''
  ) );
#2671 = PCURVE('',#1576,#2672);
#2672 = DEFINITIONAL_REPRESENTATION('',(#2673),#2677);
#2673 = LINE('',#2674,#2675);
#2674 = CARTESIAN_POINT('',(8.,0.));
#2675 = VECTOR('',#2676,1.);
#2676 = DIRECTION('',(0.,-1.));
#2677 = ( GEOMETRIC_REPRESENTATION_CONTEXT(2) 
PARAMETRIC_REPRESENTATION_CONTEXT() REPRESENTATION_CONTEXT('2D SPACE',''
  ) );
#2678 = ORIENTED_EDGE('',*,*,#1367,.F.);
#2679 = ADVANCED_FACE('',(#2680),#1413,.T.);
#2680 = FACE_BOUND('',#2681,.T.);
#2681 = EDGE_LOOP('',(#2682,#2705,#2726,#2727));
#2682 = ORIENTED_EDGE('',*,*,#2683,.F.);
#2683 = EDGE_CURVE('',#2684,#2607,#2686,.T.);
#2684 = VERTEX_POINT('',#2685);
#2685 = CARTESIAN_POINT('',(25.,22.,48.));
#2686 = SURFACE_CURVE('',#2687,(#2691,#2698),.PCURVE_S1.);
#2687 = LINE('',#2688,#2689);
#2688 = CARTESIAN_POINT('',(25.,14.,48.));
#2689 = VECTOR('',#2690,1.);
#2690 = DIRECTION('',(0.,1.,0.));
#2691 = PCURVE('',#1413,#2692);
#2692 = DEFINITIONAL_REPRESENTATION('',(#2693),#2697);
#2693 = LINE('',#2694,#2695);
#2694 = CARTESIAN_POINT('',(0.,0.));
#2695 = VECTOR('',#2696,1.);
#2696 = DIRECTION('',(1.,0.));
#2697 = ( GEOMETRIC_REPRESENTATION_CONTEXT(2) 
PARAMETRIC_REPRESENTATION_CONTEXT() REPRESENTATION_CONTEXT('2D SPACE',''
  ) );
#2698 = PCURVE('',#2646,#2699);
#2699 = DEFINITIONAL_REPRESENTATION('',(#2700),#2704);
#2700 = LINE('',#2701,#2702);
#2701 = CARTESIAN_POINT('',(-33.5,32.));
#2702 = VECTOR('',#2703,1.);
#2703 = DIRECTION('',(0.,-1.));
#2704 = ( GEOMETRIC_REPRESENTATION_CONTEXT(2) 
PARAMETRIC_REPRESENTATION_CONTEXT() REPRESENTATION_CONTEXT('2D SPACE',''
  ) );
#2705 = ORIENTED_EDGE('',*,*,#2706,.T.);
#2706 = EDGE_CURVE('',#2684,#1399,#2707,.T.);
#2707 = SURFACE_CURVE('',#2708,(#2712,#2719),.PCURVE_S1.);
#2708 = LINE('',#2709,#2710);
#2709 = CARTESIAN_POINT('',(25.,22.,48.));
#2710 = VECTOR('',#2711,1.);
#2711 = DIRECTION('',(1.,0.,0.));
#2712 = PCURVE('',#1413,#2713);
#2713 = DEFINITIONAL_REPRESENTATION('',(#2714),#2718);
#2714 = LINE('',#2715,#2716);
#2715 = CARTESIAN_POINT('',(8.,0.));
#2716 = VECTOR('',#2717,1.);
#2717 = DIRECTION('',(0.,-1.));
#2718 = ( GEOMETRIC_REPRESENTATION_CONTEXT(2) 
PARAMETRIC_REPRESENTATION_CONTEXT() REPRESENTATION_CONTEXT('2D SPACE',''
  ) );
#2719 = PCURVE('',#1441,#2720);
#2720 = DEFINITIONAL_REPRESENTATION('',(#2721),#2725);
#2721 = LINE('',#2722,#2723);
#2722 = CARTESIAN_POINT('',(-0.,0.));
#2723 = VECTOR('',#2724,1.);
#2724 = DIRECTION('',(-0.,1.));
#2725 = ( GEOMETRIC_REPRESENTATION_CONTEXT(2) 
PARAMETRIC_REPRESENTATION_CONTEXT() REPRESENTATION_CONTEXT('2D SPACE',''
  ) );
#2726 = ORIENTED_EDGE('',*,*,#1398,.F.);
#2727 = ORIENTED_EDGE('',*,*,#2606,.F.);
#2728 = ADVANCED_FACE('',(#2729),#1576,.T.);
#2729 = FACE_BOUND('',#2730,.T.);
#2730 = EDGE_LOOP('',(#2731,#2754,#2755,#2756));
#2731 = ORIENTED_EDGE('',*,*,#2732,.F.);
#2732 = EDGE_CURVE('',#2630,#2733,#2735,.T.);
#2733 = VERTEX_POINT('',#2734);
#2734 = CARTESIAN_POINT('',(25.,78.,107.));
#2735 = SURFACE_CURVE('',#2736,(#2740,#2747),.PCURVE_S1.);
#2736 = LINE('',#2737,#2738);
#2737 = CARTESIAN_POINT('',(25.,78.,48.));
#2738 = VECTOR('',#2739,1.);
#2739 = DIRECTION('',(0.,0.,1.));
#2740 = PCURVE('',#1576,#2741);
#2741 = DEFINITIONAL_REPRESENTATION('',(#2742),#2746);
#2742 = LINE('',#2743,#2744);
#2743 = CARTESIAN_POINT('',(0.,0.));
#2744 = VECTOR('',#2745,1.);
#2745 = DIRECTION('',(1.,0.));
#2746 = ( GEOMETRIC_REPRESENTATION_CONTEXT(2) 
PARAMETRIC_REPRESENTATION_CONTEXT() REPRESENTATION_CONTEXT('2D SPACE',''
  ) );
#2747 = PCURVE('',#2646,#2748);
#2748 = DEFINITIONAL_REPRESENTATION('',(#2749),#2753);
#2749 = LINE('',#2750,#2751);
#2750 = CARTESIAN_POINT('',(-33.5,-32.));
#2751 = VECTOR('',#2752,1.);
#2752 = DIRECTION('',(1.,0.));
#2753 = ( GEOMETRIC_REPRESENTATION_CONTEXT(2) 
PARAMETRIC_REPRESENTATION_CONTEXT() REPRESENTATION_CONTEXT('2D SPACE',''
  ) );
#2754 = ORIENTED_EDGE('',*,*,#2658,.T.);
#2755 = ORIENTED_EDGE('',*,*,#1563,.F.);
#2756 = ORIENTED_EDGE('',*,*,#2757,.F.);
#2757 = EDGE_CURVE('',#2733,#1535,#2758,.T.);
#2758 = SURFACE_CURVE('',#2759,(#2763,#2770),.PCURVE_S1.);
#2759 = LINE('',#2760,#2761);
#2760 = CARTESIAN_POINT('',(25.,78.,107.));
#2761 = VECTOR('',#2762,1.);
#2762 = DIRECTION('',(1.,0.,0.));
#2763 = PCURVE('',#1576,#2764);
#2764 = DEFINITIONAL_REPRESENTATION('',(#2765),#2769);
#2765 = LINE('',#2766,#2767);
#2766 = CARTESIAN_POINT('',(59.,0.));
#2767 = VECTOR('',#2768,1.);
#2768 = DIRECTION('',(0.,-1.));
#2769 = ( GEOMETRIC_REPRESENTATION_CONTEXT(2) 
PARAMETRIC_REPRESENTATION_CONTEXT() REPRESENTATION_CONTEXT('2D SPACE',''
  ) );
#2770 = PCURVE('',#1551,#2771);
#2771 = DEFINITIONAL_REPRESENTATION('',(#2772),#2776);
#2772 = LINE('',#2773,#2774);
#2773 = CARTESIAN_POINT('',(0.,0.));
#2774 = VECTOR('',#2775,1.);
#2775 = DIRECTION('',(0.,1.));
#2776 = ( GEOMETRIC_REPRESENTATION_CONTEXT(2) 
PARAMETRIC_REPRESENTATION_CONTEXT() REPRESENTATION_CONTEXT('2D SPACE',''
  ) );
#2777 = ADVANCED_FACE('',(#2778),#1441,.F.);
#2778 = FACE_BOUND('',#2779,.T.);
#2779 = EDGE_LOOP('',(#2780,#2781,#2809,#2830));
#2780 = ORIENTED_EDGE('',*,*,#2706,.F.);
#2781 = ORIENTED_EDGE('',*,*,#2782,.T.);
#2782 = EDGE_CURVE('',#2684,#2783,#2785,.T.);
#2783 = VERTEX_POINT('',#2784);
#2784 = CARTESIAN_POINT('',(25.,14.,56.));
#2785 = SURFACE_CURVE('',#2786,(#2791,#2798),.PCURVE_S1.);
#2786 = CIRCLE('',#2787,8.);
#2787 = AXIS2_PLACEMENT_3D('',#2788,#2789,#2790);
#2788 = CARTESIAN_POINT('',(25.,22.,56.));
#2789 = DIRECTION('',(-1.,0.,-0.));
#2790 = DIRECTION('',(-0.,0.,1.));
#2791 = PCURVE('',#1441,#2792);
#2792 = DEFINITIONAL_REPRESENTATION('',(#2793),#2797);
#2793 = LINE('',#2794,#2795);
#2794 = CARTESIAN_POINT('',(3.14159265359,-0.));
#2795 = VECTOR('',#2796,1.);
#2796 = DIRECTION('',(-1.,0.));
#2797 = ( GEOMETRIC_REPRESENTATION_CONTEXT(2) 
PARAMETRIC_REPRESENTATION_CONTEXT() REPRESENTATION_CONTEXT('2D SPACE',''
  ) );
#2798 = PCURVE('',#2646,#2799);
#2799 = DEFINITIONAL_REPRESENTATION('',(#2800),#2808);
#2800 = ( BOUNDED_CURVE() B_SPLINE_CURVE(2,(#2801,#2802,#2803,#2804,
#2805,#2806,#2807),.UNSPECIFIED.,.T.,.F.) B_SPLINE_CURVE_WITH_KNOTS((1,2
    ,2,2,2,1),(-2.094395102393,0.,2.094395102393,4.188790204786,
6.28318530718,8.377580409573),.UNSPECIFIED.) CURVE() 
GEOMETRIC_REPRESENTATION_ITEM() RATIONAL_B_SPLINE_CURVE((1.,0.5,1.,0.5,
1.,0.5,1.)) REPRESENTATION_ITEM('') );
#2801 = CARTESIAN_POINT('',(-17.5,24.));
#2802 = CARTESIAN_POINT('',(-17.5,10.143593539449));
#2803 = CARTESIAN_POINT('',(-29.5,17.071796769724));
#2804 = CARTESIAN_POINT('',(-41.5,24.));
#2805 = CARTESIAN_POINT('',(-29.5,30.928203230276));
#2806 = CARTESIAN_POINT('',(-17.5,37.856406460551));
#2807 = CARTESIAN_POINT('',(-17.5,24.));
#2808 = ( GEOMETRIC_REPRESENTATION_CONTEXT(2) 
PARAMETRIC_REPRESENTATION_CONTEXT() REPRESENTATION_CONTEXT('2D SPACE',''
  ) );
#2809 = ORIENTED_EDGE('',*,*,#2810,.T.);
#2810 = EDGE_CURVE('',#2783,#1425,#2811,.T.);
#2811 = SURFACE_CURVE('',#2812,(#2816,#2823),.PCURVE_S1.);
#2812 = LINE('',#2813,#2814);
#2813 = CARTESIAN_POINT('',(25.,14.,56.));
#2814 = VECTOR('',#2815,1.);
#2815 = DIRECTION('',(1.,0.,0.));
#2816 = PCURVE('',#1441,#2817);
#2817 = DEFINITIONAL_REPRESENTATION('',(#2818),#2822);
#2818 = LINE('',#2819,#2820);
#2819 = CARTESIAN_POINT('',(-1.570796326795,0.));
#2820 = VECTOR('',#2821,1.);
#2821 = DIRECTION('',(-0.,1.));
#2822 = ( GEOMETRIC_REPRESENTATION_CONTEXT(2) 
PARAMETRIC_REPRESENTATION_CONTEXT() REPRESENTATION_CONTEXT('2D SPACE',''
  ) );
#2823 = PCURVE('',#1468,#2824);
#2824 = DEFINITIONAL_REPRESENTATION('',(#2825),#2829);
#2825 = LINE('',#2826,#2827);
#2826 = CARTESIAN_POINT('',(59.,0.));
#2827 = VECTOR('',#2828,1.);
#2828 = DIRECTION('',(0.,-1.));
#2829 = ( GEOMETRIC_REPRESENTATION_CONTEXT(2) 
PARAMETRIC_REPRESENTATION_CONTEXT() REPRESENTATION_CONTEXT('2D SPACE',''
  ) );
#2830 = ORIENTED_EDGE('',*,*,#1424,.T.);
#2831 = ADVANCED_FACE('',(#2832),#1551,.F.);
#2832 = FACE_BOUND('',#2833,.F.);
#2833 = EDGE_LOOP('',(#2834,#2835,#2859,#2880));
#2834 = ORIENTED_EDGE('',*,*,#2757,.F.);
#2835 = ORIENTED_EDGE('',*,*,#2836,.T.);
#2836 = EDGE_CURVE('',#2733,#2837,#2839,.T.);
#2837 = VERTEX_POINT('',#2838);
#2838 = CARTESIAN_POINT('',(25.,70.,115.));
#2839 = SURFACE_CURVE('',#2840,(#2845,#2852),.PCURVE_S1.);
#2840 = CIRCLE('',#2841,8.);
#2841 = AXIS2_PLACEMENT_3D('',#2842,#2843,#2844);
#2842 = CARTESIAN_POINT('',(25.,70.,107.));
#2843 = DIRECTION('',(1.,0.,0.));
#2844 = DIRECTION('',(-0.,0.,1.));
#2845 = PCURVE('',#1551,#2846);
#2846 = DEFINITIONAL_REPRESENTATION('',(#2847),#2851);
#2847 = LINE('',#2848,#2849);
#2848 = CARTESIAN_POINT('',(-4.712388980385,0.));
#2849 = VECTOR('',#2850,1.);
#2850 = DIRECTION('',(1.,0.));
#2851 = ( GEOMETRIC_REPRESENTATION_CONTEXT(2) 
PARAMETRIC_REPRESENTATION_CONTEXT() REPRESENTATION_CONTEXT('2D SPACE',''
  ) );
#2852 = PCURVE('',#2646,#2853);
#2853 = DEFINITIONAL_REPRESENTATION('',(#2854),#2858);
#2854 = CIRCLE('',#2855,8.);
#2855 = AXIS2_PLACEMENT_2D('',#2856,#2857);
#2856 = CARTESIAN_POINT('',(25.5,-24.));
#2857 = DIRECTION('',(1.,0.));
#2858 = ( GEOMETRIC_REPRESENTATION_CONTEXT(2) 
PARAMETRIC_REPRESENTATION_CONTEXT() REPRESENTATION_CONTEXT('2D SPACE',''
  ) );
#2859 = ORIENTED_EDGE('',*,*,#2860,.T.);
#2860 = EDGE_CURVE('',#2837,#1509,#2861,.T.);
#2861 = SURFACE_CURVE('',#2862,(#2866,#2873),.PCURVE_S1.);
#2862 = LINE('',#2863,#2864);
#2863 = CARTESIAN_POINT('',(25.,70.,115.));
#2864 = VECTOR('',#2865,1.);
#2865 = DIRECTION('',(1.,0.,0.));
#2866 = PCURVE('',#1551,#2867);
#2867 = DEFINITIONAL_REPRESENTATION('',(#2868),#2872);
#2868 = LINE('',#2869,#2870);
#2869 = CARTESIAN_POINT('',(1.570796326795,0.));
#2870 = VECTOR('',#2871,1.);
#2871 = DIRECTION('',(0.,1.));
#2872 = ( GEOMETRIC_REPRESENTATION_CONTEXT(2) 
PARAMETRIC_REPRESENTATION_CONTEXT() REPRESENTATION_CONTEXT('2D SPACE',''
  ) );
#2873 = PCURVE('',#1523,#2874);
#2874 = DEFINITIONAL_REPRESENTATION('',(#2875),#2879);
#2875 = LINE('',#2876,#2877);
#2876 = CARTESIAN_POINT('',(8.,0.));
#2877 = VECTOR('',#2878,1.);
#2878 = DIRECTION('',(0.,-1.));
#2879 = ( GEOMETRIC_REPRESENTATION_CONTEXT(2) 
PARAMETRIC_REPRESENTATION_CONTEXT() REPRESENTATION_CONTEXT('2D SPACE',''
  ) );
#2880 = ORIENTED_EDGE('',*,*,#1534,.F.);
#2881 = ADVANCED_FACE('',(#2882),#1468,.T.);
#2882 = FACE_BOUND('',#2883,.T.);
#2883 = EDGE_LOOP('',(#2884,#2907,#2928,#2929));
#2884 = ORIENTED_EDGE('',*,*,#2885,.F.);
#2885 = EDGE_CURVE('',#2886,#2783,#2888,.T.);
#2886 = VERTEX_POINT('',#2887);
#2887 = CARTESIAN_POINT('',(25.,14.,107.));
#2888 = SURFACE_CURVE('',#2889,(#2893,#2900),.PCURVE_S1.);
#2889 = LINE('',#2890,#2891);
#2890 = CARTESIAN_POINT('',(25.,14.,115.));
#2891 = VECTOR('',#2892,1.);
#2892 = DIRECTION('',(0.,0.,-1.));
#2893 = PCURVE('',#1468,#2894);
#2894 = DEFINITIONAL_REPRESENTATION('',(#2895),#2899);
#2895 = LINE('',#2896,#2897);
#2896 = CARTESIAN_POINT('',(0.,0.));
#2897 = VECTOR('',#2898,1.);
#2898 = DIRECTION('',(1.,0.));
#2899 = ( GEOMETRIC_REPRESENTATION_CONTEXT(2) 
PARAMETRIC_REPRESENTATION_CONTEXT() REPRESENTATION_CONTEXT('2D SPACE',''
  ) );
#2900 = PCURVE('',#2646,#2901);
#2901 = DEFINITIONAL_REPRESENTATION('',(#2902),#2906);
#2902 = LINE('',#2903,#2904);
#2903 = CARTESIAN_POINT('',(33.5,32.));
#2904 = VECTOR('',#2905,1.);
#2905 = DIRECTION('',(-1.,0.));
#2906 = ( GEOMETRIC_REPRESENTATION_CONTEXT(2) 
PARAMETRIC_REPRESENTATION_CONTEXT() REPRESENTATION_CONTEXT('2D SPACE',''
  ) );
#2907 = ORIENTED_EDGE('',*,*,#2908,.T.);
#2908 = EDGE_CURVE('',#2886,#1454,#2909,.T.);
#2909 = SURFACE_CURVE('',#2910,(#2914,#2921),.PCURVE_S1.);
#2910 = LINE('',#2911,#2912);
#2911 = CARTESIAN_POINT('',(25.,14.,107.));
#2912 = VECTOR('',#2913,1.);
#2913 = DIRECTION('',(1.,0.,0.));
#2914 = PCURVE('',#1468,#2915);
#2915 = DEFINITIONAL_REPRESENTATION('',(#2916),#2920);
#2916 = LINE('',#2917,#2918);
#2917 = CARTESIAN_POINT('',(8.,0.));
#2918 = VECTOR('',#2919,1.);
#2919 = DIRECTION('',(0.,-1.));
#2920 = ( GEOMETRIC_REPRESENTATION_CONTEXT(2) 
PARAMETRIC_REPRESENTATION_CONTEXT() REPRESENTATION_CONTEXT('2D SPACE',''
  ) );
#2921 = PCURVE('',#1496,#2922);
#2922 = DEFINITIONAL_REPRESENTATION('',(#2923),#2927);
#2923 = LINE('',#2924,#2925);
#2924 = CARTESIAN_POINT('',(1.570796326795,0.));
#2925 = VECTOR('',#2926,1.);
#2926 = DIRECTION('',(0.,1.));
#2927 = ( GEOMETRIC_REPRESENTATION_CONTEXT(2) 
PARAMETRIC_REPRESENTATION_CONTEXT() REPRESENTATION_CONTEXT('2D SPACE',''
  ) );
#2928 = ORIENTED_EDGE('',*,*,#1453,.F.);
#2929 = ORIENTED_EDGE('',*,*,#2810,.F.);
#2930 = ADVANCED_FACE('',(#2931),#1523,.T.);
#2931 = FACE_BOUND('',#2932,.T.);
#2932 = EDGE_LOOP('',(#2933,#2956,#2957,#2958));
#2933 = ORIENTED_EDGE('',*,*,#2934,.F.);
#2934 = EDGE_CURVE('',#2837,#2935,#2937,.T.);
#2935 = VERTEX_POINT('',#2936);
#2936 = CARTESIAN_POINT('',(25.,22.,115.));
#2937 = SURFACE_CURVE('',#2938,(#2942,#2949),.PCURVE_S1.);
#2938 = LINE('',#2939,#2940);
#2939 = CARTESIAN_POINT('',(25.,78.,115.));
#2940 = VECTOR('',#2941,1.);
#2941 = DIRECTION('',(0.,-1.,0.));
#2942 = PCURVE('',#1523,#2943);
#2943 = DEFINITIONAL_REPRESENTATION('',(#2944),#2948);
#2944 = LINE('',#2945,#2946);
#2945 = CARTESIAN_POINT('',(0.,-0.));
#2946 = VECTOR('',#2947,1.);
#2947 = DIRECTION('',(1.,0.));
#2948 = ( GEOMETRIC_REPRESENTATION_CONTEXT(2) 
PARAMETRIC_REPRESENTATION_CONTEXT() REPRESENTATION_CONTEXT('2D SPACE',''
  ) );
#2949 = PCURVE('',#2646,#2950);
#2950 = DEFINITIONAL_REPRESENTATION('',(#2951),#2955);
#2951 = LINE('',#2952,#2953);
#2952 = CARTESIAN_POINT('',(33.5,-32.));
#2953 = VECTOR('',#2954,1.);
#2954 = DIRECTION('',(0.,1.));
#2955 = ( GEOMETRIC_REPRESENTATION_CONTEXT(2) 
PARAMETRIC_REPRESENTATION_CONTEXT() REPRESENTATION_CONTEXT('2D SPACE',''
  ) );
#2956 = ORIENTED_EDGE('',*,*,#2860,.T.);
#2957 = ORIENTED_EDGE('',*,*,#1508,.F.);
#2958 = ORIENTED_EDGE('',*,*,#2959,.F.);
#2959 = EDGE_CURVE('',#2935,#1480,#2960,.T.);
#2960 = SURFACE_CURVE('',#2961,(#2965,#2972),.PCURVE_S1.);
#2961 = LINE('',#2962,#2963);
#2962 = CARTESIAN_POINT('',(25.,22.,115.));
#2963 = VECTOR('',#2964,1.);
#2964 = DIRECTION('',(1.,0.,0.));
#2965 = PCURVE('',#1523,#2966);
#2966 = DEFINITIONAL_REPRESENTATION('',(#2967),#2971);
#2967 = LINE('',#2968,#2969);
#2968 = CARTESIAN_POINT('',(56.,0.));
#2969 = VECTOR('',#2970,1.);
#2970 = DIRECTION('',(0.,-1.));
#2971 = ( GEOMETRIC_REPRESENTATION_CONTEXT(2) 
PARAMETRIC_REPRESENTATION_CONTEXT() REPRESENTATION_CONTEXT('2D SPACE',''
  ) );
#2972 = PCURVE('',#1496,#2973);
#2973 = DEFINITIONAL_REPRESENTATION('',(#2974),#2978);
#2974 = LINE('',#2975,#2976);
#2975 = CARTESIAN_POINT('',(0.,0.));
#2976 = VECTOR('',#2977,1.);
#2977 = DIRECTION('',(0.,1.));
#2978 = ( GEOMETRIC_REPRESENTATION_CONTEXT(2) 
PARAMETRIC_REPRESENTATION_CONTEXT() REPRESENTATION_CONTEXT('2D SPACE',''
  ) );
#2979 = ADVANCED_FACE('',(#2980),#1496,.F.);
#2980 = FACE_BOUND('',#2981,.F.);
#2981 = EDGE_LOOP('',(#2982,#2983,#3005,#3006));
#2982 = ORIENTED_EDGE('',*,*,#2959,.F.);
#2983 = ORIENTED_EDGE('',*,*,#2984,.T.);
#2984 = EDGE_CURVE('',#2935,#2886,#2985,.T.);
#2985 = SURFACE_CURVE('',#2986,(#2991,#2998),.PCURVE_S1.);
#2986 = CIRCLE('',#2987,8.);
#2987 = AXIS2_PLACEMENT_3D('',#2988,#2989,#2990);
#2988 = CARTESIAN_POINT('',(25.,22.,107.));
#2989 = DIRECTION('',(1.,0.,0.));
#2990 = DIRECTION('',(-0.,0.,1.));
#2991 = PCURVE('',#1496,#2992);
#2992 = DEFINITIONAL_REPRESENTATION('',(#2993),#2997);
#2993 = LINE('',#2994,#2995);
#2994 = CARTESIAN_POINT('',(0.,0.));
#2995 = VECTOR('',#2996,1.);
#2996 = DIRECTION('',(1.,0.));
#2997 = ( GEOMETRIC_REPRESENTATION_CONTEXT(2) 
PARAMETRIC_REPRESENTATION_CONTEXT() REPRESENTATION_CONTEXT('2D SPACE',''
  ) );
#2998 = PCURVE('',#2646,#2999);
#2999 = DEFINITIONAL_REPRESENTATION('',(#3000),#3004);
#3000 = CIRCLE('',#3001,8.);
#3001 = AXIS2_PLACEMENT_2D('',#3002,#3003);
#3002 = CARTESIAN_POINT('',(25.5,24.));
#3003 = DIRECTION('',(1.,0.));
#3004 = ( GEOMETRIC_REPRESENTATION_CONTEXT(2) 
PARAMETRIC_REPRESENTATION_CONTEXT() REPRESENTATION_CONTEXT('2D SPACE',''
  ) );
#3005 = ORIENTED_EDGE('',*,*,#2908,.T.);
#3006 = ORIENTED_EDGE('',*,*,#1479,.F.);
#3007 = ADVANCED_FACE('',(#3008),#1966,.F.);
#3008 = FACE_BOUND('',#3009,.F.);
#3009 = EDGE_LOOP('',(#3010));
#3010 = ORIENTED_EDGE('',*,*,#1951,.T.);
#3011 = ADVANCED_FACE('',(#3012),#2021,.F.);
#3012 = FACE_BOUND('',#3013,.F.);
#3013 = EDGE_LOOP('',(#3014));
#3014 = ORIENTED_EDGE('',*,*,#2006,.T.);
#3015 = ADVANCED_FACE('',(#3016),#2103,.F.);
#3016 = FACE_BOUND('',#3017,.F.);
#3017 = EDGE_LOOP('',(#3018));
#3018 = ORIENTED_EDGE('',*,*,#2088,.T.);
#3019 = ADVANCED_FACE('',(#3020),#2185,.F.);
#3020 = FACE_BOUND('',#3021,.F.);
#3021 = EDGE_LOOP('',(#3022));
#3022 = ORIENTED_EDGE('',*,*,#2170,.T.);
#3023 = ADVANCED_FACE('',(#3024),#2241,.T.);
#3024 = FACE_BOUND('',#3025,.T.);
#3025 = EDGE_LOOP('',(#3026,#3027,#3028,#3029,#3030,#3031,#3032,#3033));
#3026 = ORIENTED_EDGE('',*,*,#2579,.T.);
#3027 = ORIENTED_EDGE('',*,*,#2224,.T.);
#3028 = ORIENTED_EDGE('',*,*,#2278,.T.);
#3029 = ORIENTED_EDGE('',*,*,#2328,.T.);
#3030 = ORIENTED_EDGE('',*,*,#2377,.T.);
#3031 = ORIENTED_EDGE('',*,*,#2427,.T.);
#3032 = ORIENTED_EDGE('',*,*,#2476,.T.);
#3033 = ORIENTED_EDGE('',*,*,#2548,.F.);
#3034 = ADVANCED_FACE('',(#3035),#2646,.T.);
#3035 = FACE_BOUND('',#3036,.T.);
#3036 = EDGE_LOOP('',(#3037,#3038,#3039,#3040,#3041,#3042,#3043,#3044));
#3037 = ORIENTED_EDGE('',*,*,#2683,.T.);
#3038 = ORIENTED_EDGE('',*,*,#2629,.T.);
#3039 = ORIENTED_EDGE('',*,*,#2732,.T.);
#3040 = ORIENTED_EDGE('',*,*,#2836,.T.);
#3041 = ORIENTED_EDGE('',*,*,#2934,.T.);
#3042 = ORIENTED_EDGE('',*,*,#2984,.T.);
#3043 = ORIENTED_EDGE('',*,*,#2885,.T.);
#3044 = ORIENTED_EDGE('',*,*,#2782,.F.);
#3045 = ( GEOMETRIC_REPRESENTATION_CONTEXT(3) 
GLOBAL_UNCERTAINTY_ASSIGNED_CONTEXT((#3049)) 
GLOBAL_UNIT_ASSIGNED_CONTEXT((#3046,#3047,#3048)) REPRESENTATION_CONTEXT
('Context #1','3D Context with UNIT and UNCERTAINTY') );
#3046 = ( LENGTH_UNIT() NAMED_UNIT(*) SI_UNIT(.MILLI.,.METRE.) );
#3047 = ( NAMED_UNIT(*) PLANE_ANGLE_UNIT() SI_UNIT($,.RADIAN.) );
#3048 = ( NAMED_UNIT(*) SI_UNIT($,.STERADIAN.) SOLID_ANGLE_UNIT() );
#3049 = UNCERTAINTY_MEASURE_WITH_UNIT(LENGTH_MEASURE(1.E-07),#3046,
  'distance_accuracy_value','confusion accuracy');
#3050 = CONTEXT_DEPENDENT_SHAPE_REPRESENTATION(#3051,#3053);
#3051 = ( REPRESENTATION_RELATIONSHIP('','',#88,#10) 
REPRESENTATION_RELATIONSHIP_WITH_TRANSFORMATION(#3052) 
SHAPE_REPRESENTATION_RELATIONSHIP() );
#3052 = ITEM_DEFINED_TRANSFORMATION('','',#11,#15);
#3053 = PRODUCT_DEFINITION_SHAPE('Placement','Placement of an item',
  #3054);
#3054 = NEXT_ASSEMBLY_USAGE_OCCURRENCE('1','P1-nose-yoke','',#5,#83,$);
#3055 = PRODUCT_RELATED_PRODUCT_CATEGORY('part',$,(#85));
#3056 = SHAPE_DEFINITION_REPRESENTATION(#3057,#3063);
#3057 = PRODUCT_DEFINITION_SHAPE('','',#3058);
#3058 = PRODUCT_DEFINITION('design','',#3059,#3062);
#3059 = PRODUCT_DEFINITION_FORMATION('','',#3060);
#3060 = PRODUCT('P2-crossbeam','P2-crossbeam','',(#3061));
#3061 = PRODUCT_CONTEXT('',#2,'mechanical');
#3062 = PRODUCT_DEFINITION_CONTEXT('part definition',#2,'design');
#3063 = ADVANCED_BREP_SHAPE_REPRESENTATION('',(#11,#3064),#7668);
#3064 = MANIFOLD_SOLID_BREP('',#3065);
#3065 = CLOSED_SHELL('',(#3066,#3186,#3262,#3403,#3605,#4111,#4118,#4295
    ,#4472,#4635,#4820,#4875,#4930,#4985,#5062,#5111,#5161,#5210,#5260,
    #5309,#5363,#5390,#5440,#5517,#5566,#5615,#5669,#5719,#5768,#5817,
    #5845,#6149,#6611,#6638,#6664,#6711,#6717,#6752,#6759,#6794,#6805,
    #6816,#6822,#6828,#6898,#6903,#7163,#7444,#7491,#7496,#7502,#7581,
    #7660,#7664));
#3066 = ADVANCED_FACE('',(#3067),#3081,.F.);
#3067 = FACE_BOUND('',#3068,.F.);
#3068 = EDGE_LOOP('',(#3069,#3104,#3132,#3160));
#3069 = ORIENTED_EDGE('',*,*,#3070,.T.);
#3070 = EDGE_CURVE('',#3071,#3073,#3075,.T.);
#3071 = VERTEX_POINT('',#3072);
#3072 = CARTESIAN_POINT('',(420.,-85.,-125.));
#3073 = VERTEX_POINT('',#3074);
#3074 = CARTESIAN_POINT('',(500.,-85.,-125.));
#3075 = SURFACE_CURVE('',#3076,(#3080,#3092),.PCURVE_S1.);
#3076 = LINE('',#3077,#3078);
#3077 = CARTESIAN_POINT('',(420.,-85.,-125.));
#3078 = VECTOR('',#3079,1.);
#3079 = DIRECTION('',(1.,0.,0.));
#3080 = PCURVE('',#3081,#3086);
#3081 = PLANE('',#3082);
#3082 = AXIS2_PLACEMENT_3D('',#3083,#3084,#3085);
#3083 = CARTESIAN_POINT('',(420.,-85.,-125.));
#3084 = DIRECTION('',(0.,0.,1.));
#3085 = DIRECTION('',(0.,1.,0.));
#3086 = DEFINITIONAL_REPRESENTATION('',(#3087),#3091);
#3087 = LINE('',#3088,#3089);
#3088 = CARTESIAN_POINT('',(0.,0.));
#3089 = VECTOR('',#3090,1.);
#3090 = DIRECTION('',(0.,-1.));
#3091 = ( GEOMETRIC_REPRESENTATION_CONTEXT(2) 
PARAMETRIC_REPRESENTATION_CONTEXT() REPRESENTATION_CONTEXT('2D SPACE',''
  ) );
#3092 = PCURVE('',#3093,#3098);
#3093 = PLANE('',#3094);
#3094 = AXIS2_PLACEMENT_3D('',#3095,#3096,#3097);
#3095 = CARTESIAN_POINT('',(420.,-85.,125.));
#3096 = DIRECTION('',(-0.,1.,0.));
#3097 = DIRECTION('',(0.,0.,-1.));
#3098 = DEFINITIONAL_REPRESENTATION('',(#3099),#3103);
#3099 = LINE('',#3100,#3101);
#3100 = CARTESIAN_POINT('',(250.,0.));
#3101 = VECTOR('',#3102,1.);
#3102 = DIRECTION('',(0.,-1.));
#3103 = ( GEOMETRIC_REPRESENTATION_CONTEXT(2) 
PARAMETRIC_REPRESENTATION_CONTEXT() REPRESENTATION_CONTEXT('2D SPACE',''
  ) );
#3104 = ORIENTED_EDGE('',*,*,#3105,.T.);
#3105 = EDGE_CURVE('',#3073,#3106,#3108,.T.);
#3106 = VERTEX_POINT('',#3107);
#3107 = CARTESIAN_POINT('',(500.,85.,-125.));
#3108 = SURFACE_CURVE('',#3109,(#3113,#3120),.PCURVE_S1.);
#3109 = LINE('',#3110,#3111);
#3110 = CARTESIAN_POINT('',(500.,-85.,-125.));
#3111 = VECTOR('',#3112,1.);
#3112 = DIRECTION('',(0.,1.,0.));
#3113 = PCURVE('',#3081,#3114);
#3114 = DEFINITIONAL_REPRESENTATION('',(#3115),#3119);
#3115 = LINE('',#3116,#3117);
#3116 = CARTESIAN_POINT('',(0.,-80.));
#3117 = VECTOR('',#3118,1.);
#3118 = DIRECTION('',(1.,0.));
#3119 = ( GEOMETRIC_REPRESENTATION_CONTEXT(2) 
PARAMETRIC_REPRESENTATION_CONTEXT() REPRESENTATION_CONTEXT('2D SPACE',''
  ) );
#3120 = PCURVE('',#3121,#3126);
#3121 = PLANE('',#3122);
#3122 = AXIS2_PLACEMENT_3D('',#3123,#3124,#3125);
#3123 = CARTESIAN_POINT('',(500.,0.,0.));
#3124 = DIRECTION('',(1.,0.,0.));
#3125 = DIRECTION('',(-0.,0.,1.));
#3126 = DEFINITIONAL_REPRESENTATION('',(#3127),#3131);
#3127 = LINE('',#3128,#3129);
#3128 = CARTESIAN_POINT('',(-125.,85.));
#3129 = VECTOR('',#3130,1.);
#3130 = DIRECTION('',(0.,-1.));
#3131 = ( GEOMETRIC_REPRESENTATION_CONTEXT(2) 
PARAMETRIC_REPRESENTATION_CONTEXT() REPRESENTATION_CONTEXT('2D SPACE',''
  ) );
#3132 = ORIENTED_EDGE('',*,*,#3133,.F.);
#3133 = EDGE_CURVE('',#3134,#3106,#3136,.T.);
#3134 = VERTEX_POINT('',#3135);
#3135 = CARTESIAN_POINT('',(420.,85.,-125.));
#3136 = SURFACE_CURVE('',#3137,(#3141,#3148),.PCURVE_S1.);
#3137 = LINE('',#3138,#3139);
#3138 = CARTESIAN_POINT('',(420.,85.,-125.));
#3139 = VECTOR('',#3140,1.);
#3140 = DIRECTION('',(1.,0.,0.));
#3141 = PCURVE('',#3081,#3142);
#3142 = DEFINITIONAL_REPRESENTATION('',(#3143),#3147);
#3143 = LINE('',#3144,#3145);
#3144 = CARTESIAN_POINT('',(170.,0.));
#3145 = VECTOR('',#3146,1.);
#3146 = DIRECTION('',(0.,-1.));
#3147 = ( GEOMETRIC_REPRESENTATION_CONTEXT(2) 
PARAMETRIC_REPRESENTATION_CONTEXT() REPRESENTATION_CONTEXT('2D SPACE',''
  ) );
#3148 = PCURVE('',#3149,#3154);
#3149 = PLANE('',#3150);
#3150 = AXIS2_PLACEMENT_3D('',#3151,#3152,#3153);
#3151 = CARTESIAN_POINT('',(420.,85.,-125.));
#3152 = DIRECTION('',(0.,-1.,0.));
#3153 = DIRECTION('',(0.,0.,1.));
#3154 = DEFINITIONAL_REPRESENTATION('',(#3155),#3159);
#3155 = LINE('',#3156,#3157);
#3156 = CARTESIAN_POINT('',(0.,0.));
#3157 = VECTOR('',#3158,1.);
#3158 = DIRECTION('',(0.,-1.));
#3159 = ( GEOMETRIC_REPRESENTATION_CONTEXT(2) 
PARAMETRIC_REPRESENTATION_CONTEXT() REPRESENTATION_CONTEXT('2D SPACE',''
  ) );
#3160 = ORIENTED_EDGE('',*,*,#3161,.F.);
#3161 = EDGE_CURVE('',#3071,#3134,#3162,.T.);
#3162 = SURFACE_CURVE('',#3163,(#3167,#3174),.PCURVE_S1.);
#3163 = LINE('',#3164,#3165);
#3164 = CARTESIAN_POINT('',(420.,-85.,-125.));
#3165 = VECTOR('',#3166,1.);
#3166 = DIRECTION('',(0.,1.,0.));
#3167 = PCURVE('',#3081,#3168);
#3168 = DEFINITIONAL_REPRESENTATION('',(#3169),#3173);
#3169 = LINE('',#3170,#3171);
#3170 = CARTESIAN_POINT('',(0.,0.));
#3171 = VECTOR('',#3172,1.);
#3172 = DIRECTION('',(1.,0.));
#3173 = ( GEOMETRIC_REPRESENTATION_CONTEXT(2) 
PARAMETRIC_REPRESENTATION_CONTEXT() REPRESENTATION_CONTEXT('2D SPACE',''
  ) );
#3174 = PCURVE('',#3175,#3180);
#3175 = PLANE('',#3176);
#3176 = AXIS2_PLACEMENT_3D('',#3177,#3178,#3179);
#3177 = CARTESIAN_POINT('',(420.,0.,0.));
#3178 = DIRECTION('',(1.,0.,0.));
#3179 = DIRECTION('',(-0.,0.,1.));
#3180 = DEFINITIONAL_REPRESENTATION('',(#3181),#3185);
#3181 = LINE('',#3182,#3183);
#3182 = CARTESIAN_POINT('',(-125.,85.));
#3183 = VECTOR('',#3184,1.);
#3184 = DIRECTION('',(0.,-1.));
#3185 = ( GEOMETRIC_REPRESENTATION_CONTEXT(2) 
PARAMETRIC_REPRESENTATION_CONTEXT() REPRESENTATION_CONTEXT('2D SPACE',''
  ) );
#3186 = ADVANCED_FACE('',(#3187),#3093,.F.);
#3187 = FACE_BOUND('',#3188,.F.);
#3188 = EDGE_LOOP('',(#3189,#3219,#3240,#3241));
#3189 = ORIENTED_EDGE('',*,*,#3190,.T.);
#3190 = EDGE_CURVE('',#3191,#3193,#3195,.T.);
#3191 = VERTEX_POINT('',#3192);
#3192 = CARTESIAN_POINT('',(420.,-85.,125.));
#3193 = VERTEX_POINT('',#3194);
#3194 = CARTESIAN_POINT('',(500.,-85.,125.));
#3195 = SURFACE_CURVE('',#3196,(#3200,#3207),.PCURVE_S1.);
#3196 = LINE('',#3197,#3198);
#3197 = CARTESIAN_POINT('',(420.,-85.,125.));
#3198 = VECTOR('',#3199,1.);
#3199 = DIRECTION('',(1.,0.,0.));
#3200 = PCURVE('',#3093,#3201);
#3201 = DEFINITIONAL_REPRESENTATION('',(#3202),#3206);
#3202 = LINE('',#3203,#3204);
#3203 = CARTESIAN_POINT('',(0.,0.));
#3204 = VECTOR('',#3205,1.);
#3205 = DIRECTION('',(0.,-1.));
#3206 = ( GEOMETRIC_REPRESENTATION_CONTEXT(2) 
PARAMETRIC_REPRESENTATION_CONTEXT() REPRESENTATION_CONTEXT('2D SPACE',''
  ) );
#3207 = PCURVE('',#3208,#3213);
#3208 = PLANE('',#3209);
#3209 = AXIS2_PLACEMENT_3D('',#3210,#3211,#3212);
#3210 = CARTESIAN_POINT('',(420.,85.,125.));
#3211 = DIRECTION('',(0.,0.,-1.));
#3212 = DIRECTION('',(0.,-1.,0.));
#3213 = DEFINITIONAL_REPRESENTATION('',(#3214),#3218);
#3214 = LINE('',#3215,#3216);
#3215 = CARTESIAN_POINT('',(170.,0.));
#3216 = VECTOR('',#3217,1.);
#3217 = DIRECTION('',(0.,-1.));
#3218 = ( GEOMETRIC_REPRESENTATION_CONTEXT(2) 
PARAMETRIC_REPRESENTATION_CONTEXT() REPRESENTATION_CONTEXT('2D SPACE',''
  ) );
#3219 = ORIENTED_EDGE('',*,*,#3220,.T.);
#3220 = EDGE_CURVE('',#3193,#3073,#3221,.T.);
#3221 = SURFACE_CURVE('',#3222,(#3226,#3233),.PCURVE_S1.);
#3222 = LINE('',#3223,#3224);
#3223 = CARTESIAN_POINT('',(500.,-85.,125.));
#3224 = VECTOR('',#3225,1.);
#3225 = DIRECTION('',(0.,0.,-1.));
#3226 = PCURVE('',#3093,#3227);
#3227 = DEFINITIONAL_REPRESENTATION('',(#3228),#3232);
#3228 = LINE('',#3229,#3230);
#3229 = CARTESIAN_POINT('',(0.,-80.));
#3230 = VECTOR('',#3231,1.);
#3231 = DIRECTION('',(1.,0.));
#3232 = ( GEOMETRIC_REPRESENTATION_CONTEXT(2) 
PARAMETRIC_REPRESENTATION_CONTEXT() REPRESENTATION_CONTEXT('2D SPACE',''
  ) );
#3233 = PCURVE('',#3121,#3234);
#3234 = DEFINITIONAL_REPRESENTATION('',(#3235),#3239);
#3235 = LINE('',#3236,#3237);
#3236 = CARTESIAN_POINT('',(125.,85.));
#3237 = VECTOR('',#3238,1.);
#3238 = DIRECTION('',(-1.,0.));
#3239 = ( GEOMETRIC_REPRESENTATION_CONTEXT(2) 
PARAMETRIC_REPRESENTATION_CONTEXT() REPRESENTATION_CONTEXT('2D SPACE',''
  ) );
#3240 = ORIENTED_EDGE('',*,*,#3070,.F.);
#3241 = ORIENTED_EDGE('',*,*,#3242,.F.);
#3242 = EDGE_CURVE('',#3191,#3071,#3243,.T.);
#3243 = SURFACE_CURVE('',#3244,(#3248,#3255),.PCURVE_S1.);
#3244 = LINE('',#3245,#3246);
#3245 = CARTESIAN_POINT('',(420.,-85.,125.));
#3246 = VECTOR('',#3247,1.);
#3247 = DIRECTION('',(0.,0.,-1.));
#3248 = PCURVE('',#3093,#3249);
#3249 = DEFINITIONAL_REPRESENTATION('',(#3250),#3254);
#3250 = LINE('',#3251,#3252);
#3251 = CARTESIAN_POINT('',(0.,0.));
#3252 = VECTOR('',#3253,1.);
#3253 = DIRECTION('',(1.,0.));
#3254 = ( GEOMETRIC_REPRESENTATION_CONTEXT(2) 
PARAMETRIC_REPRESENTATION_CONTEXT() REPRESENTATION_CONTEXT('2D SPACE',''
  ) );
#3255 = PCURVE('',#3175,#3256);
#3256 = DEFINITIONAL_REPRESENTATION('',(#3257),#3261);
#3257 = LINE('',#3258,#3259);
#3258 = CARTESIAN_POINT('',(125.,85.));
#3259 = VECTOR('',#3260,1.);
#3260 = DIRECTION('',(-1.,0.));
#3261 = ( GEOMETRIC_REPRESENTATION_CONTEXT(2) 
PARAMETRIC_REPRESENTATION_CONTEXT() REPRESENTATION_CONTEXT('2D SPACE',''
  ) );
#3262 = ADVANCED_FACE('',(#3263,#3333,#3368),#3149,.F.);
#3263 = FACE_BOUND('',#3264,.F.);
#3264 = EDGE_LOOP('',(#3265,#3266,#3289,#3312));
#3265 = ORIENTED_EDGE('',*,*,#3133,.T.);
#3266 = ORIENTED_EDGE('',*,*,#3267,.T.);
#3267 = EDGE_CURVE('',#3106,#3268,#3270,.T.);
#3268 = VERTEX_POINT('',#3269);
#3269 = CARTESIAN_POINT('',(500.,85.,125.));
#3270 = SURFACE_CURVE('',#3271,(#3275,#3282),.PCURVE_S1.);
#3271 = LINE('',#3272,#3273);
#3272 = CARTESIAN_POINT('',(500.,85.,-125.));
#3273 = VECTOR('',#3274,1.);
#3274 = DIRECTION('',(0.,0.,1.));
#3275 = PCURVE('',#3149,#3276);
#3276 = DEFINITIONAL_REPRESENTATION('',(#3277),#3281);
#3277 = LINE('',#3278,#3279);
#3278 = CARTESIAN_POINT('',(0.,-80.));
#3279 = VECTOR('',#3280,1.);
#3280 = DIRECTION('',(1.,0.));
#3281 = ( GEOMETRIC_REPRESENTATION_CONTEXT(2) 
PARAMETRIC_REPRESENTATION_CONTEXT() REPRESENTATION_CONTEXT('2D SPACE',''
  ) );
#3282 = PCURVE('',#3121,#3283);
#3283 = DEFINITIONAL_REPRESENTATION('',(#3284),#3288);
#3284 = LINE('',#3285,#3286);
#3285 = CARTESIAN_POINT('',(-125.,-85.));
#3286 = VECTOR('',#3287,1.);
#3287 = DIRECTION('',(1.,0.));
#3288 = ( GEOMETRIC_REPRESENTATION_CONTEXT(2) 
PARAMETRIC_REPRESENTATION_CONTEXT() REPRESENTATION_CONTEXT('2D SPACE',''
  ) );
#3289 = ORIENTED_EDGE('',*,*,#3290,.F.);
#3290 = EDGE_CURVE('',#3291,#3268,#3293,.T.);
#3291 = VERTEX_POINT('',#3292);
#3292 = CARTESIAN_POINT('',(420.,85.,125.));
#3293 = SURFACE_CURVE('',#3294,(#3298,#3305),.PCURVE_S1.);
#3294 = LINE('',#3295,#3296);
#3295 = CARTESIAN_POINT('',(420.,85.,125.));
#3296 = VECTOR('',#3297,1.);
#3297 = DIRECTION('',(1.,0.,0.));
#3298 = PCURVE('',#3149,#3299);
#3299 = DEFINITIONAL_REPRESENTATION('',(#3300),#3304);
#3300 = LINE('',#3301,#3302);
#3301 = CARTESIAN_POINT('',(250.,0.));
#3302 = VECTOR('',#3303,1.);
#3303 = DIRECTION('',(0.,-1.));
#3304 = ( GEOMETRIC_REPRESENTATION_CONTEXT(2) 
PARAMETRIC_REPRESENTATION_CONTEXT() REPRESENTATION_CONTEXT('2D SPACE',''
  ) );
#3305 = PCURVE('',#3208,#3306);
#3306 = DEFINITIONAL_REPRESENTATION('',(#3307),#3311);
#3307 = LINE('',#3308,#3309);
#3308 = CARTESIAN_POINT('',(0.,-0.));
#3309 = VECTOR('',#3310,1.);
#3310 = DIRECTION('',(0.,-1.));
#3311 = ( GEOMETRIC_REPRESENTATION_CONTEXT(2) 
PARAMETRIC_REPRESENTATION_CONTEXT() REPRESENTATION_CONTEXT('2D SPACE',''
  ) );
#3312 = ORIENTED_EDGE('',*,*,#3313,.F.);
#3313 = EDGE_CURVE('',#3134,#3291,#3314,.T.);
#3314 = SURFACE_CURVE('',#3315,(#3319,#3326),.PCURVE_S1.);
#3315 = LINE('',#3316,#3317);
#3316 = CARTESIAN_POINT('',(420.,85.,-125.));
#3317 = VECTOR('',#3318,1.);
#3318 = DIRECTION('',(0.,0.,1.));
#3319 = PCURVE('',#3149,#3320);
#3320 = DEFINITIONAL_REPRESENTATION('',(#3321),#3325);
#3321 = LINE('',#3322,#3323);
#3322 = CARTESIAN_POINT('',(0.,0.));
#3323 = VECTOR('',#3324,1.);
#3324 = DIRECTION('',(1.,0.));
#3325 = ( GEOMETRIC_REPRESENTATION_CONTEXT(2) 
PARAMETRIC_REPRESENTATION_CONTEXT() REPRESENTATION_CONTEXT('2D SPACE',''
  ) );
#3326 = PCURVE('',#3175,#3327);
#3327 = DEFINITIONAL_REPRESENTATION('',(#3328),#3332);
#3328 = LINE('',#3329,#3330);
#3329 = CARTESIAN_POINT('',(-125.,-85.));
#3330 = VECTOR('',#3331,1.);
#3331 = DIRECTION('',(1.,0.));
#3332 = ( GEOMETRIC_REPRESENTATION_CONTEXT(2) 
PARAMETRIC_REPRESENTATION_CONTEXT() REPRESENTATION_CONTEXT('2D SPACE',''
  ) );
#3333 = FACE_BOUND('',#3334,.F.);
#3334 = EDGE_LOOP('',(#3335));
#3335 = ORIENTED_EDGE('',*,*,#3336,.T.);
#3336 = EDGE_CURVE('',#3337,#3337,#3339,.T.);
#3337 = VERTEX_POINT('',#3338);
#3338 = CARTESIAN_POINT('',(483.,85.,0.));
#3339 = SURFACE_CURVE('',#3340,(#3345,#3356),.PCURVE_S1.);
#3340 = CIRCLE('',#3341,3.);
#3341 = AXIS2_PLACEMENT_3D('',#3342,#3343,#3344);
#3342 = CARTESIAN_POINT('',(480.,85.,0.));
#3343 = DIRECTION('',(-0.,1.,0.));
#3344 = DIRECTION('',(1.,0.,0.));
#3345 = PCURVE('',#3149,#3346);
#3346 = DEFINITIONAL_REPRESENTATION('',(#3347),#3355);
#3347 = ( BOUNDED_CURVE() B_SPLINE_CURVE(2,(#3348,#3349,#3350,#3351,
#3352,#3353,#3354),.UNSPECIFIED.,.T.,.F.) B_SPLINE_CURVE_WITH_KNOTS((1,2
    ,2,2,2,1),(-2.094395102393,0.,2.094395102393,4.188790204786,
6.28318530718,8.377580409573),.UNSPECIFIED.) CURVE() 
GEOMETRIC_REPRESENTATION_ITEM() RATIONAL_B_SPLINE_CURVE((1.,0.5,1.,0.5,
1.,0.5,1.)) REPRESENTATION_ITEM('') );
#3348 = CARTESIAN_POINT('',(125.,-63.));
#3349 = CARTESIAN_POINT('',(119.80384757729,-63.));
#3350 = CARTESIAN_POINT('',(122.40192378864,-58.5));
#3351 = CARTESIAN_POINT('',(125.,-54.));
#3352 = CARTESIAN_POINT('',(127.59807621135,-58.5));
#3353 = CARTESIAN_POINT('',(130.1961524227,-63.));
#3354 = CARTESIAN_POINT('',(125.,-63.));
#3355 = ( GEOMETRIC_REPRESENTATION_CONTEXT(2) 
PARAMETRIC_REPRESENTATION_CONTEXT() REPRESENTATION_CONTEXT('2D SPACE',''
  ) );
#3356 = PCURVE('',#3357,#3362);
#3357 = CYLINDRICAL_SURFACE('',#3358,3.);
#3358 = AXIS2_PLACEMENT_3D('',#3359,#3360,#3361);
#3359 = CARTESIAN_POINT('',(480.,86.,0.));
#3360 = DIRECTION('',(-0.,1.,-0.));
#3361 = DIRECTION('',(1.,0.,0.));
#3362 = DEFINITIONAL_REPRESENTATION('',(#3363),#3367);
#3363 = LINE('',#3364,#3365);
#3364 = CARTESIAN_POINT('',(-6.28318530718,-1.));
#3365 = VECTOR('',#3366,1.);
#3366 = DIRECTION('',(1.,-0.));
#3367 = ( GEOMETRIC_REPRESENTATION_CONTEXT(2) 
PARAMETRIC_REPRESENTATION_CONTEXT() REPRESENTATION_CONTEXT('2D SPACE',''
  ) );
#3368 = FACE_BOUND('',#3369,.F.);
#3369 = EDGE_LOOP('',(#3370));
#3370 = ORIENTED_EDGE('',*,*,#3371,.T.);
#3371 = EDGE_CURVE('',#3372,#3372,#3374,.T.);
#3372 = VERTEX_POINT('',#3373);
#3373 = CARTESIAN_POINT('',(458.,85.,0.));
#3374 = SURFACE_CURVE('',#3375,(#3380,#3391),.PCURVE_S1.);
#3375 = CIRCLE('',#3376,3.);
#3376 = AXIS2_PLACEMENT_3D('',#3377,#3378,#3379);
#3377 = CARTESIAN_POINT('',(455.,85.,0.));
#3378 = DIRECTION('',(-0.,1.,0.));
#3379 = DIRECTION('',(1.,0.,0.));
#3380 = PCURVE('',#3149,#3381);
#3381 = DEFINITIONAL_REPRESENTATION('',(#3382),#3390);
#3382 = ( BOUNDED_CURVE() B_SPLINE_CURVE(2,(#3383,#3384,#3385,#3386,
#3387,#3388,#3389),.UNSPECIFIED.,.T.,.F.) B_SPLINE_CURVE_WITH_KNOTS((1,2
    ,2,2,2,1),(-2.094395102393,0.,2.094395102393,4.188790204786,
6.28318530718,8.377580409573),.UNSPECIFIED.) CURVE() 
GEOMETRIC_REPRESENTATION_ITEM() RATIONAL_B_SPLINE_CURVE((1.,0.5,1.,0.5,
1.,0.5,1.)) REPRESENTATION_ITEM('') );
#3383 = CARTESIAN_POINT('',(125.,-38.));
#3384 = CARTESIAN_POINT('',(119.80384757729,-38.));
#3385 = CARTESIAN_POINT('',(122.40192378864,-33.5));
#3386 = CARTESIAN_POINT('',(125.,-29.));
#3387 = CARTESIAN_POINT('',(127.59807621135,-33.5));
#3388 = CARTESIAN_POINT('',(130.1961524227,-38.));
#3389 = CARTESIAN_POINT('',(125.,-38.));
#3390 = ( GEOMETRIC_REPRESENTATION_CONTEXT(2) 
PARAMETRIC_REPRESENTATION_CONTEXT() REPRESENTATION_CONTEXT('2D SPACE',''
  ) );
#3391 = PCURVE('',#3392,#3397);
#3392 = CYLINDRICAL_SURFACE('',#3393,3.);
#3393 = AXIS2_PLACEMENT_3D('',#3394,#3395,#3396);
#3394 = CARTESIAN_POINT('',(455.,86.,0.));
#3395 = DIRECTION('',(-0.,1.,-0.));
#3396 = DIRECTION('',(1.,0.,0.));
#3397 = DEFINITIONAL_REPRESENTATION('',(#3398),#3402);
#3398 = LINE('',#3399,#3400);
#3399 = CARTESIAN_POINT('',(-6.28318530718,-1.));
#3400 = VECTOR('',#3401,1.);
#3401 = DIRECTION('',(1.,-0.));
#3402 = ( GEOMETRIC_REPRESENTATION_CONTEXT(2) 
PARAMETRIC_REPRESENTATION_CONTEXT() REPRESENTATION_CONTEXT('2D SPACE',''
  ) );
#3403 = ADVANCED_FACE('',(#3404,#3430,#3465,#3500,#3535,#3570),#3175,.F.
  );
#3404 = FACE_BOUND('',#3405,.F.);
#3405 = EDGE_LOOP('',(#3406,#3407,#3408,#3429));
#3406 = ORIENTED_EDGE('',*,*,#3161,.T.);
#3407 = ORIENTED_EDGE('',*,*,#3313,.T.);
#3408 = ORIENTED_EDGE('',*,*,#3409,.T.);
#3409 = EDGE_CURVE('',#3291,#3191,#3410,.T.);
#3410 = SURFACE_CURVE('',#3411,(#3415,#3422),.PCURVE_S1.);
#3411 = LINE('',#3412,#3413);
#3412 = CARTESIAN_POINT('',(420.,85.,125.));
#3413 = VECTOR('',#3414,1.);
#3414 = DIRECTION('',(0.,-1.,0.));
#3415 = PCURVE('',#3175,#3416);
#3416 = DEFINITIONAL_REPRESENTATION('',(#3417),#3421);
#3417 = LINE('',#3418,#3419);
#3418 = CARTESIAN_POINT('',(125.,-85.));
#3419 = VECTOR('',#3420,1.);
#3420 = DIRECTION('',(0.,1.));
#3421 = ( GEOMETRIC_REPRESENTATION_CONTEXT(2) 
PARAMETRIC_REPRESENTATION_CONTEXT() REPRESENTATION_CONTEXT('2D SPACE',''
  ) );
#3422 = PCURVE('',#3208,#3423);
#3423 = DEFINITIONAL_REPRESENTATION('',(#3424),#3428);
#3424 = LINE('',#3425,#3426);
#3425 = CARTESIAN_POINT('',(0.,-0.));
#3426 = VECTOR('',#3427,1.);
#3427 = DIRECTION('',(1.,0.));
#3428 = ( GEOMETRIC_REPRESENTATION_CONTEXT(2) 
PARAMETRIC_REPRESENTATION_CONTEXT() REPRESENTATION_CONTEXT('2D SPACE',''
  ) );
#3429 = ORIENTED_EDGE('',*,*,#3242,.T.);
#3430 = FACE_BOUND('',#3431,.F.);
#3431 = EDGE_LOOP('',(#3432));
#3432 = ORIENTED_EDGE('',*,*,#3433,.T.);
#3433 = EDGE_CURVE('',#3434,#3434,#3436,.T.);
#3434 = VERTEX_POINT('',#3435);
#3435 = CARTESIAN_POINT('',(420.,73.,-110.));
#3436 = SURFACE_CURVE('',#3437,(#3442,#3453),.PCURVE_S1.);
#3437 = CIRCLE('',#3438,3.);
#3438 = AXIS2_PLACEMENT_3D('',#3439,#3440,#3441);
#3439 = CARTESIAN_POINT('',(420.,70.,-110.));
#3440 = DIRECTION('',(-1.,0.,0.));
#3441 = DIRECTION('',(0.,1.,0.));
#3442 = PCURVE('',#3175,#3443);
#3443 = DEFINITIONAL_REPRESENTATION('',(#3444),#3452);
#3444 = ( BOUNDED_CURVE() B_SPLINE_CURVE(2,(#3445,#3446,#3447,#3448,
#3449,#3450,#3451),.UNSPECIFIED.,.T.,.F.) B_SPLINE_CURVE_WITH_KNOTS((1,2
    ,2,2,2,1),(-2.094395102393,0.,2.094395102393,4.188790204786,
6.28318530718,8.377580409573),.UNSPECIFIED.) CURVE() 
GEOMETRIC_REPRESENTATION_ITEM() RATIONAL_B_SPLINE_CURVE((1.,0.5,1.,0.5,
1.,0.5,1.)) REPRESENTATION_ITEM('') );
#3445 = CARTESIAN_POINT('',(-110.,-73.));
#3446 = CARTESIAN_POINT('',(-115.1961524227,-73.));
#3447 = CARTESIAN_POINT('',(-112.5980762113,-68.5));
#3448 = CARTESIAN_POINT('',(-110.,-64.));
#3449 = CARTESIAN_POINT('',(-107.4019237886,-68.5));
#3450 = CARTESIAN_POINT('',(-104.8038475772,-73.));
#3451 = CARTESIAN_POINT('',(-110.,-73.));
#3452 = ( GEOMETRIC_REPRESENTATION_CONTEXT(2) 
PARAMETRIC_REPRESENTATION_CONTEXT() REPRESENTATION_CONTEXT('2D SPACE',''
  ) );
#3453 = PCURVE('',#3454,#3459);
#3454 = CYLINDRICAL_SURFACE('',#3455,3.);
#3455 = AXIS2_PLACEMENT_3D('',#3456,#3457,#3458);
#3456 = CARTESIAN_POINT('',(419.,70.,-110.));
#3457 = DIRECTION('',(-1.,-0.,-0.));
#3458 = DIRECTION('',(0.,1.,0.));
#3459 = DEFINITIONAL_REPRESENTATION('',(#3460),#3464);
#3460 = LINE('',#3461,#3462);
#3461 = CARTESIAN_POINT('',(-6.28318530718,-1.));
#3462 = VECTOR('',#3463,1.);
#3463 = DIRECTION('',(1.,-0.));
#3464 = ( GEOMETRIC_REPRESENTATION_CONTEXT(2) 
PARAMETRIC_REPRESENTATION_CONTEXT() REPRESENTATION_CONTEXT('2D SPACE',''
  ) );
#3465 = FACE_BOUND('',#3466,.F.);
#3466 = EDGE_LOOP('',(#3467));
#3467 = ORIENTED_EDGE('',*,*,#3468,.T.);
#3468 = EDGE_CURVE('',#3469,#3469,#3471,.T.);
#3469 = VERTEX_POINT('',#3470);
#3470 = CARTESIAN_POINT('',(420.,73.,110.));
#3471 = SURFACE_CURVE('',#3472,(#3477,#3488),.PCURVE_S1.);
#3472 = CIRCLE('',#3473,3.);
#3473 = AXIS2_PLACEMENT_3D('',#3474,#3475,#3476);
#3474 = CARTESIAN_POINT('',(420.,70.,110.));
#3475 = DIRECTION('',(-1.,0.,0.));
#3476 = DIRECTION('',(0.,1.,0.));
#3477 = PCURVE('',#3175,#3478);
#3478 = DEFINITIONAL_REPRESENTATION('',(#3479),#3487);
#3479 = ( BOUNDED_CURVE() B_SPLINE_CURVE(2,(#3480,#3481,#3482,#3483,
#3484,#3485,#3486),.UNSPECIFIED.,.T.,.F.) B_SPLINE_CURVE_WITH_KNOTS((1,2
    ,2,2,2,1),(-2.094395102393,0.,2.094395102393,4.188790204786,
6.28318530718,8.377580409573),.UNSPECIFIED.) CURVE() 
GEOMETRIC_REPRESENTATION_ITEM() RATIONAL_B_SPLINE_CURVE((1.,0.5,1.,0.5,
1.,0.5,1.)) REPRESENTATION_ITEM('') );
#3480 = CARTESIAN_POINT('',(110.,-73.));
#3481 = CARTESIAN_POINT('',(104.80384757729,-73.));
#3482 = CARTESIAN_POINT('',(107.40192378864,-68.5));
#3483 = CARTESIAN_POINT('',(110.,-64.));
#3484 = CARTESIAN_POINT('',(112.59807621135,-68.5));
#3485 = CARTESIAN_POINT('',(115.1961524227,-73.));
#3486 = CARTESIAN_POINT('',(110.,-73.));
#3487 = ( GEOMETRIC_REPRESENTATION_CONTEXT(2) 
PARAMETRIC_REPRESENTATION_CONTEXT() REPRESENTATION_CONTEXT('2D SPACE',''
  ) );
#3488 = PCURVE('',#3489,#3494);
#3489 = CYLINDRICAL_SURFACE('',#3490,3.);
#3490 = AXIS2_PLACEMENT_3D('',#3491,#3492,#3493);
#3491 = CARTESIAN_POINT('',(419.,70.,110.));
#3492 = DIRECTION('',(-1.,-0.,-0.));
#3493 = DIRECTION('',(0.,1.,0.));
#3494 = DEFINITIONAL_REPRESENTATION('',(#3495),#3499);
#3495 = LINE('',#3496,#3497);
#3496 = CARTESIAN_POINT('',(-6.28318530718,-1.));
#3497 = VECTOR('',#3498,1.);
#3498 = DIRECTION('',(1.,-0.));
#3499 = ( GEOMETRIC_REPRESENTATION_CONTEXT(2) 
PARAMETRIC_REPRESENTATION_CONTEXT() REPRESENTATION_CONTEXT('2D SPACE',''
  ) );
#3500 = FACE_BOUND('',#3501,.F.);
#3501 = EDGE_LOOP('',(#3502));
#3502 = ORIENTED_EDGE('',*,*,#3503,.T.);
#3503 = EDGE_CURVE('',#3504,#3504,#3506,.T.);
#3504 = VERTEX_POINT('',#3505);
#3505 = CARTESIAN_POINT('',(420.,35.,-80.));
#3506 = SURFACE_CURVE('',#3507,(#3512,#3523),.PCURVE_S1.);
#3507 = CIRCLE('',#3508,35.);
#3508 = AXIS2_PLACEMENT_3D('',#3509,#3510,#3511);
#3509 = CARTESIAN_POINT('',(420.,0.,-80.));
#3510 = DIRECTION('',(-1.,0.,0.));
#3511 = DIRECTION('',(0.,1.,0.));
#3512 = PCURVE('',#3175,#3513);
#3513 = DEFINITIONAL_REPRESENTATION('',(#3514),#3522);
#3514 = ( BOUNDED_CURVE() B_SPLINE_CURVE(2,(#3515,#3516,#3517,#3518,
#3519,#3520,#3521),.UNSPECIFIED.,.T.,.F.) B_SPLINE_CURVE_WITH_KNOTS((1,2
    ,2,2,2,1),(-2.094395102393,0.,2.094395102393,4.188790204786,
6.28318530718,8.377580409573),.UNSPECIFIED.) CURVE() 
GEOMETRIC_REPRESENTATION_ITEM() RATIONAL_B_SPLINE_CURVE((1.,0.5,1.,0.5,
1.,0.5,1.)) REPRESENTATION_ITEM('') );
#3515 = CARTESIAN_POINT('',(-80.,-35.));
#3516 = CARTESIAN_POINT('',(-140.6217782649,-35.));
#3517 = CARTESIAN_POINT('',(-110.3108891324,17.5));
#3518 = CARTESIAN_POINT('',(-80.,70.));
#3519 = CARTESIAN_POINT('',(-49.68911086754,17.5));
#3520 = CARTESIAN_POINT('',(-19.37822173508,-35.));
#3521 = CARTESIAN_POINT('',(-80.,-35.));
#3522 = ( GEOMETRIC_REPRESENTATION_CONTEXT(2) 
PARAMETRIC_REPRESENTATION_CONTEXT() REPRESENTATION_CONTEXT('2D SPACE',''
  ) );
#3523 = PCURVE('',#3524,#3529);
#3524 = CYLINDRICAL_SURFACE('',#3525,35.);
#3525 = AXIS2_PLACEMENT_3D('',#3526,#3527,#3528);
#3526 = CARTESIAN_POINT('',(419.,0.,-80.));
#3527 = DIRECTION('',(-1.,-0.,-0.));
#3528 = DIRECTION('',(0.,1.,0.));
#3529 = DEFINITIONAL_REPRESENTATION('',(#3530),#3534);
#3530 = LINE('',#3531,#3532);
#3531 = CARTESIAN_POINT('',(-6.28318530718,-1.));
#3532 = VECTOR('',#3533,1.);
#3533 = DIRECTION('',(1.,-0.));
#3534 = ( GEOMETRIC_REPRESENTATION_CONTEXT(2) 
PARAMETRIC_REPRESENTATION_CONTEXT() REPRESENTATION_CONTEXT('2D SPACE',''
  ) );
#3535 = FACE_BOUND('',#3536,.F.);
#3536 = EDGE_LOOP('',(#3537));
#3537 = ORIENTED_EDGE('',*,*,#3538,.T.);
#3538 = EDGE_CURVE('',#3539,#3539,#3541,.T.);
#3539 = VERTEX_POINT('',#3540);
#3540 = CARTESIAN_POINT('',(420.,13.,0.));
#3541 = SURFACE_CURVE('',#3542,(#3547,#3558),.PCURVE_S1.);
#3542 = CIRCLE('',#3543,13.);
#3543 = AXIS2_PLACEMENT_3D('',#3544,#3545,#3546);
#3544 = CARTESIAN_POINT('',(420.,0.,0.));
#3545 = DIRECTION('',(-1.,0.,0.));
#3546 = DIRECTION('',(0.,1.,0.));
#3547 = PCURVE('',#3175,#3548);
#3548 = DEFINITIONAL_REPRESENTATION('',(#3549),#3557);
#3549 = ( BOUNDED_CURVE() B_SPLINE_CURVE(2,(#3550,#3551,#3552,#3553,
#3554,#3555,#3556),.UNSPECIFIED.,.T.,.F.) B_SPLINE_CURVE_WITH_KNOTS((1,2
    ,2,2,2,1),(-2.094395102393,0.,2.094395102393,4.188790204786,
6.28318530718,8.377580409573),.UNSPECIFIED.) CURVE() 
GEOMETRIC_REPRESENTATION_ITEM() RATIONAL_B_SPLINE_CURVE((1.,0.5,1.,0.5,
1.,0.5,1.)) REPRESENTATION_ITEM('') );
#3550 = CARTESIAN_POINT('',(0.,-13.));
#3551 = CARTESIAN_POINT('',(-22.51666049839,-13.));
#3552 = CARTESIAN_POINT('',(-11.25833024919,6.5));
#3553 = CARTESIAN_POINT('',(-3.184081677783E-15,26.));
#3554 = CARTESIAN_POINT('',(11.258330249198,6.5));
#3555 = CARTESIAN_POINT('',(22.516660498395,-13.));
#3556 = CARTESIAN_POINT('',(0.,-13.));
#3557 = ( GEOMETRIC_REPRESENTATION_CONTEXT(2) 
PARAMETRIC_REPRESENTATION_CONTEXT() REPRESENTATION_CONTEXT('2D SPACE',''
  ) );
#3558 = PCURVE('',#3559,#3564);
#3559 = CYLINDRICAL_SURFACE('',#3560,13.);
#3560 = AXIS2_PLACEMENT_3D('',#3561,#3562,#3563);
#3561 = CARTESIAN_POINT('',(419.,0.,0.));
#3562 = DIRECTION('',(-1.,-0.,-0.));
#3563 = DIRECTION('',(0.,1.,0.));
#3564 = DEFINITIONAL_REPRESENTATION('',(#3565),#3569);
#3565 = LINE('',#3566,#3567);
#3566 = CARTESIAN_POINT('',(-6.28318530718,-1.));
#3567 = VECTOR('',#3568,1.);
#3568 = DIRECTION('',(1.,-0.));
#3569 = ( GEOMETRIC_REPRESENTATION_CONTEXT(2) 
PARAMETRIC_REPRESENTATION_CONTEXT() REPRESENTATION_CONTEXT('2D SPACE',''
  ) );
#3570 = FACE_BOUND('',#3571,.F.);
#3571 = EDGE_LOOP('',(#3572));
#3572 = ORIENTED_EDGE('',*,*,#3573,.T.);
#3573 = EDGE_CURVE('',#3574,#3574,#3576,.T.);
#3574 = VERTEX_POINT('',#3575);
#3575 = CARTESIAN_POINT('',(420.,35.,80.));
#3576 = SURFACE_CURVE('',#3577,(#3582,#3593),.PCURVE_S1.);
#3577 = CIRCLE('',#3578,35.);
#3578 = AXIS2_PLACEMENT_3D('',#3579,#3580,#3581);
#3579 = CARTESIAN_POINT('',(420.,0.,80.));
#3580 = DIRECTION('',(-1.,0.,0.));
#3581 = DIRECTION('',(0.,1.,0.));
#3582 = PCURVE('',#3175,#3583);
#3583 = DEFINITIONAL_REPRESENTATION('',(#3584),#3592);
#3584 = ( BOUNDED_CURVE() B_SPLINE_CURVE(2,(#3585,#3586,#3587,#3588,
#3589,#3590,#3591),.UNSPECIFIED.,.T.,.F.) B_SPLINE_CURVE_WITH_KNOTS((1,2
    ,2,2,2,1),(-2.094395102393,0.,2.094395102393,4.188790204786,
6.28318530718,8.377580409573),.UNSPECIFIED.) CURVE() 
GEOMETRIC_REPRESENTATION_ITEM() RATIONAL_B_SPLINE_CURVE((1.,0.5,1.,0.5,
1.,0.5,1.)) REPRESENTATION_ITEM('') );
#3585 = CARTESIAN_POINT('',(80.,-35.));
#3586 = CARTESIAN_POINT('',(19.378221735089,-35.));
#3587 = CARTESIAN_POINT('',(49.689110867545,17.5));
#3588 = CARTESIAN_POINT('',(80.,70.));
#3589 = CARTESIAN_POINT('',(110.31088913245,17.5));
#3590 = CARTESIAN_POINT('',(140.62177826491,-35.));
#3591 = CARTESIAN_POINT('',(80.,-35.));
#3592 = ( GEOMETRIC_REPRESENTATION_CONTEXT(2) 
PARAMETRIC_REPRESENTATION_CONTEXT() REPRESENTATION_CONTEXT('2D SPACE',''
  ) );
#3593 = PCURVE('',#3594,#3599);
#3594 = CYLINDRICAL_SURFACE('',#3595,35.);
#3595 = AXIS2_PLACEMENT_3D('',#3596,#3597,#3598);
#3596 = CARTESIAN_POINT('',(419.,0.,80.));
#3597 = DIRECTION('',(-1.,-0.,-0.));
#3598 = DIRECTION('',(0.,1.,0.));
#3599 = DEFINITIONAL_REPRESENTATION('',(#3600),#3604);
#3600 = LINE('',#3601,#3602);
#3601 = CARTESIAN_POINT('',(-6.28318530718,-1.));
#3602 = VECTOR('',#3603,1.);
#3603 = DIRECTION('',(1.,-0.));
#3604 = ( GEOMETRIC_REPRESENTATION_CONTEXT(2) 
PARAMETRIC_REPRESENTATION_CONTEXT() REPRESENTATION_CONTEXT('2D SPACE',''
  ) );
#3605 = ADVANCED_FACE('',(#3606,#3632,#3854,#3889),#3121,.T.);
#3606 = FACE_BOUND('',#3607,.T.);
#3607 = EDGE_LOOP('',(#3608,#3609,#3610,#3631));
#3608 = ORIENTED_EDGE('',*,*,#3105,.T.);
#3609 = ORIENTED_EDGE('',*,*,#3267,.T.);
#3610 = ORIENTED_EDGE('',*,*,#3611,.T.);
#3611 = EDGE_CURVE('',#3268,#3193,#3612,.T.);
#3612 = SURFACE_CURVE('',#3613,(#3617,#3624),.PCURVE_S1.);
#3613 = LINE('',#3614,#3615);
#3614 = CARTESIAN_POINT('',(500.,85.,125.));
#3615 = VECTOR('',#3616,1.);
#3616 = DIRECTION('',(0.,-1.,0.));
#3617 = PCURVE('',#3121,#3618);
#3618 = DEFINITIONAL_REPRESENTATION('',(#3619),#3623);
#3619 = LINE('',#3620,#3621);
#3620 = CARTESIAN_POINT('',(125.,-85.));
#3621 = VECTOR('',#3622,1.);
#3622 = DIRECTION('',(0.,1.));
#3623 = ( GEOMETRIC_REPRESENTATION_CONTEXT(2) 
PARAMETRIC_REPRESENTATION_CONTEXT() REPRESENTATION_CONTEXT('2D SPACE',''
  ) );
#3624 = PCURVE('',#3208,#3625);
#3625 = DEFINITIONAL_REPRESENTATION('',(#3626),#3630);
#3626 = LINE('',#3627,#3628);
#3627 = CARTESIAN_POINT('',(0.,-80.));
#3628 = VECTOR('',#3629,1.);
#3629 = DIRECTION('',(1.,0.));
#3630 = ( GEOMETRIC_REPRESENTATION_CONTEXT(2) 
PARAMETRIC_REPRESENTATION_CONTEXT() REPRESENTATION_CONTEXT('2D SPACE',''
  ) );
#3631 = ORIENTED_EDGE('',*,*,#3220,.T.);
#3632 = FACE_BOUND('',#3633,.T.);
#3633 = EDGE_LOOP('',(#3634,#3665,#3691,#3720,#3746,#3775,#3801,#3830));
#3634 = ORIENTED_EDGE('',*,*,#3635,.F.);
#3635 = EDGE_CURVE('',#3636,#3638,#3640,.T.);
#3636 = VERTEX_POINT('',#3637);
#3637 = CARTESIAN_POINT('',(500.,58.,-116.));
#3638 = VERTEX_POINT('',#3639);
#3639 = CARTESIAN_POINT('',(500.,66.,-108.));
#3640 = SURFACE_CURVE('',#3641,(#3646,#3653),.PCURVE_S1.);
#3641 = CIRCLE('',#3642,8.);
#3642 = AXIS2_PLACEMENT_3D('',#3643,#3644,#3645);
#3643 = CARTESIAN_POINT('',(500.,58.,-108.));
#3644 = DIRECTION('',(1.,0.,0.));
#3645 = DIRECTION('',(0.,0.,-1.));
#3646 = PCURVE('',#3121,#3647);
#3647 = DEFINITIONAL_REPRESENTATION('',(#3648),#3652);
#3648 = CIRCLE('',#3649,8.);
#3649 = AXIS2_PLACEMENT_2D('',#3650,#3651);
#3650 = CARTESIAN_POINT('',(-108.,-58.));
#3651 = DIRECTION('',(-1.,0.));
#3652 = ( GEOMETRIC_REPRESENTATION_CONTEXT(2) 
PARAMETRIC_REPRESENTATION_CONTEXT() REPRESENTATION_CONTEXT('2D SPACE',''
  ) );
#3653 = PCURVE('',#3654,#3659);
#3654 = CYLINDRICAL_SURFACE('',#3655,8.);
#3655 = AXIS2_PLACEMENT_3D('',#3656,#3657,#3658);
#3656 = CARTESIAN_POINT('',(465.,58.,-108.));
#3657 = DIRECTION('',(1.,0.,0.));
#3658 = DIRECTION('',(0.,0.,-1.));
#3659 = DEFINITIONAL_REPRESENTATION('',(#3660),#3664);
#3660 = LINE('',#3661,#3662);
#3661 = CARTESIAN_POINT('',(0.,35.));
#3662 = VECTOR('',#3663,1.);
#3663 = DIRECTION('',(1.,0.));
#3664 = ( GEOMETRIC_REPRESENTATION_CONTEXT(2) 
PARAMETRIC_REPRESENTATION_CONTEXT() REPRESENTATION_CONTEXT('2D SPACE',''
  ) );
#3665 = ORIENTED_EDGE('',*,*,#3666,.T.);
#3666 = EDGE_CURVE('',#3636,#3667,#3669,.T.);
#3667 = VERTEX_POINT('',#3668);
#3668 = CARTESIAN_POINT('',(500.,-58.,-116.));
#3669 = SURFACE_CURVE('',#3670,(#3674,#3680),.PCURVE_S1.);
#3670 = LINE('',#3671,#3672);
#3671 = CARTESIAN_POINT('',(500.,-33.,-116.));
#3672 = VECTOR('',#3673,1.);
#3673 = DIRECTION('',(0.,-1.,0.));
#3674 = PCURVE('',#3121,#3675);
#3675 = DEFINITIONAL_REPRESENTATION('',(#3676),#3679);
#3676 = B_SPLINE_CURVE_WITH_KNOTS('',1,(#3677,#3678),.UNSPECIFIED.,.F.,
  .F.,(2,2),(-91.,25.),.PIECEWISE_BEZIER_KNOTS.);
#3677 = CARTESIAN_POINT('',(-116.,-58.));
#3678 = CARTESIAN_POINT('',(-116.,58.));
#3679 = ( GEOMETRIC_REPRESENTATION_CONTEXT(2) 
PARAMETRIC_REPRESENTATION_CONTEXT() REPRESENTATION_CONTEXT('2D SPACE',''
  ) );
#3680 = PCURVE('',#3681,#3686);
#3681 = PLANE('',#3682);
#3682 = AXIS2_PLACEMENT_3D('',#3683,#3684,#3685);
#3683 = CARTESIAN_POINT('',(465.,-66.,-116.));
#3684 = DIRECTION('',(0.,0.,1.));
#3685 = DIRECTION('',(0.,1.,0.));
#3686 = DEFINITIONAL_REPRESENTATION('',(#3687),#3690);
#3687 = B_SPLINE_CURVE_WITH_KNOTS('',1,(#3688,#3689),.UNSPECIFIED.,.F.,
  .F.,(2,2),(-91.,25.),.PIECEWISE_BEZIER_KNOTS.);
#3688 = CARTESIAN_POINT('',(124.,-35.));
#3689 = CARTESIAN_POINT('',(8.,-35.));
#3690 = ( GEOMETRIC_REPRESENTATION_CONTEXT(2) 
PARAMETRIC_REPRESENTATION_CONTEXT() REPRESENTATION_CONTEXT('2D SPACE',''
  ) );
#3691 = ORIENTED_EDGE('',*,*,#3692,.F.);
#3692 = EDGE_CURVE('',#3693,#3667,#3695,.T.);
#3693 = VERTEX_POINT('',#3694);
#3694 = CARTESIAN_POINT('',(500.,-66.,-108.));
#3695 = SURFACE_CURVE('',#3696,(#3701,#3708),.PCURVE_S1.);
#3696 = CIRCLE('',#3697,8.);
#3697 = AXIS2_PLACEMENT_3D('',#3698,#3699,#3700);
#3698 = CARTESIAN_POINT('',(500.,-58.,-108.));
#3699 = DIRECTION('',(1.,0.,0.));
#3700 = DIRECTION('',(0.,0.,-1.));
#3701 = PCURVE('',#3121,#3702);
#3702 = DEFINITIONAL_REPRESENTATION('',(#3703),#3707);
#3703 = CIRCLE('',#3704,8.);
#3704 = AXIS2_PLACEMENT_2D('',#3705,#3706);
#3705 = CARTESIAN_POINT('',(-108.,58.));
#3706 = DIRECTION('',(-1.,0.));
#3707 = ( GEOMETRIC_REPRESENTATION_CONTEXT(2) 
PARAMETRIC_REPRESENTATION_CONTEXT() REPRESENTATION_CONTEXT('2D SPACE',''
  ) );
#3708 = PCURVE('',#3709,#3714);
#3709 = CYLINDRICAL_SURFACE('',#3710,8.);
#3710 = AXIS2_PLACEMENT_3D('',#3711,#3712,#3713);
#3711 = CARTESIAN_POINT('',(465.,-58.,-108.));
#3712 = DIRECTION('',(1.,0.,0.));
#3713 = DIRECTION('',(0.,0.,-1.));
#3714 = DEFINITIONAL_REPRESENTATION('',(#3715),#3719);
#3715 = LINE('',#3716,#3717);
#3716 = CARTESIAN_POINT('',(-6.28318530718,35.));
#3717 = VECTOR('',#3718,1.);
#3718 = DIRECTION('',(1.,-0.));
#3719 = ( GEOMETRIC_REPRESENTATION_CONTEXT(2) 
PARAMETRIC_REPRESENTATION_CONTEXT() REPRESENTATION_CONTEXT('2D SPACE',''
  ) );
#3720 = ORIENTED_EDGE('',*,*,#3721,.T.);
#3721 = EDGE_CURVE('',#3693,#3722,#3724,.T.);
#3722 = VERTEX_POINT('',#3723);
#3723 = CARTESIAN_POINT('',(500.,-66.,-46.));
#3724 = SURFACE_CURVE('',#3725,(#3729,#3735),.PCURVE_S1.);
#3725 = LINE('',#3726,#3727);
#3726 = CARTESIAN_POINT('',(500.,-66.,-19.));
#3727 = VECTOR('',#3728,1.);
#3728 = DIRECTION('',(0.,-0.,1.));
#3729 = PCURVE('',#3121,#3730);
#3730 = DEFINITIONAL_REPRESENTATION('',(#3731),#3734);
#3731 = B_SPLINE_CURVE_WITH_KNOTS('',1,(#3732,#3733),.UNSPECIFIED.,.F.,
  .F.,(2,2),(-89.,-27.),.PIECEWISE_BEZIER_KNOTS.);
#3732 = CARTESIAN_POINT('',(-108.,66.));
#3733 = CARTESIAN_POINT('',(-46.,66.));
#3734 = ( GEOMETRIC_REPRESENTATION_CONTEXT(2) 
PARAMETRIC_REPRESENTATION_CONTEXT() REPRESENTATION_CONTEXT('2D SPACE',''
  ) );
#3735 = PCURVE('',#3736,#3741);
#3736 = PLANE('',#3737);
#3737 = AXIS2_PLACEMENT_3D('',#3738,#3739,#3740);
#3738 = CARTESIAN_POINT('',(465.,-66.,-38.));
#3739 = DIRECTION('',(-0.,1.,0.));
#3740 = DIRECTION('',(0.,0.,-1.));
#3741 = DEFINITIONAL_REPRESENTATION('',(#3742),#3745);
#3742 = B_SPLINE_CURVE_WITH_KNOTS('',1,(#3743,#3744),.UNSPECIFIED.,.F.,
  .F.,(2,2),(-89.,-27.),.PIECEWISE_BEZIER_KNOTS.);
#3743 = CARTESIAN_POINT('',(70.,-35.));
#3744 = CARTESIAN_POINT('',(8.,-35.));
#3745 = ( GEOMETRIC_REPRESENTATION_CONTEXT(2) 
PARAMETRIC_REPRESENTATION_CONTEXT() REPRESENTATION_CONTEXT('2D SPACE',''
  ) );
#3746 = ORIENTED_EDGE('',*,*,#3747,.F.);
#3747 = EDGE_CURVE('',#3748,#3722,#3750,.T.);
#3748 = VERTEX_POINT('',#3749);
#3749 = CARTESIAN_POINT('',(500.,-58.,-38.));
#3750 = SURFACE_CURVE('',#3751,(#3756,#3763),.PCURVE_S1.);
#3751 = CIRCLE('',#3752,8.);
#3752 = AXIS2_PLACEMENT_3D('',#3753,#3754,#3755);
#3753 = CARTESIAN_POINT('',(500.,-58.,-46.));
#3754 = DIRECTION('',(1.,0.,0.));
#3755 = DIRECTION('',(0.,-0.,1.));
#3756 = PCURVE('',#3121,#3757);
#3757 = DEFINITIONAL_REPRESENTATION('',(#3758),#3762);
#3758 = CIRCLE('',#3759,8.);
#3759 = AXIS2_PLACEMENT_2D('',#3760,#3761);
#3760 = CARTESIAN_POINT('',(-46.,58.));
#3761 = DIRECTION('',(1.,0.));
#3762 = ( GEOMETRIC_REPRESENTATION_CONTEXT(2) 
PARAMETRIC_REPRESENTATION_CONTEXT() REPRESENTATION_CONTEXT('2D SPACE',''
  ) );
#3763 = PCURVE('',#3764,#3769);
#3764 = CYLINDRICAL_SURFACE('',#3765,8.);
#3765 = AXIS2_PLACEMENT_3D('',#3766,#3767,#3768);
#3766 = CARTESIAN_POINT('',(465.,-58.,-46.));
#3767 = DIRECTION('',(1.,0.,0.));
#3768 = DIRECTION('',(0.,-0.,1.));
#3769 = DEFINITIONAL_REPRESENTATION('',(#3770),#3774);
#3770 = LINE('',#3771,#3772);
#3771 = CARTESIAN_POINT('',(0.,35.));
#3772 = VECTOR('',#3773,1.);
#3773 = DIRECTION('',(1.,0.));
#3774 = ( GEOMETRIC_REPRESENTATION_CONTEXT(2) 
PARAMETRIC_REPRESENTATION_CONTEXT() REPRESENTATION_CONTEXT('2D SPACE',''
  ) );
#3775 = ORIENTED_EDGE('',*,*,#3776,.T.);
#3776 = EDGE_CURVE('',#3748,#3777,#3779,.T.);
#3777 = VERTEX_POINT('',#3778);
#3778 = CARTESIAN_POINT('',(500.,58.,-38.));
#3779 = SURFACE_CURVE('',#3780,(#3784,#3790),.PCURVE_S1.);
#3780 = LINE('',#3781,#3782);
#3781 = CARTESIAN_POINT('',(500.,33.,-38.));
#3782 = VECTOR('',#3783,1.);
#3783 = DIRECTION('',(-0.,1.,0.));
#3784 = PCURVE('',#3121,#3785);
#3785 = DEFINITIONAL_REPRESENTATION('',(#3786),#3789);
#3786 = B_SPLINE_CURVE_WITH_KNOTS('',1,(#3787,#3788),.UNSPECIFIED.,.F.,
  .F.,(2,2),(-91.,25.),.PIECEWISE_BEZIER_KNOTS.);
#3787 = CARTESIAN_POINT('',(-38.,58.));
#3788 = CARTESIAN_POINT('',(-38.,-58.));
#3789 = ( GEOMETRIC_REPRESENTATION_CONTEXT(2) 
PARAMETRIC_REPRESENTATION_CONTEXT() REPRESENTATION_CONTEXT('2D SPACE',''
  ) );
#3790 = PCURVE('',#3791,#3796);
#3791 = PLANE('',#3792);
#3792 = AXIS2_PLACEMENT_3D('',#3793,#3794,#3795);
#3793 = CARTESIAN_POINT('',(465.,66.,-38.));
#3794 = DIRECTION('',(0.,0.,-1.));
#3795 = DIRECTION('',(0.,-1.,0.));
#3796 = DEFINITIONAL_REPRESENTATION('',(#3797),#3800);
#3797 = B_SPLINE_CURVE_WITH_KNOTS('',1,(#3798,#3799),.UNSPECIFIED.,.F.,
  .F.,(2,2),(-91.,25.),.PIECEWISE_BEZIER_KNOTS.);
#3798 = CARTESIAN_POINT('',(124.,-35.));
#3799 = CARTESIAN_POINT('',(8.,-35.));
#3800 = ( GEOMETRIC_REPRESENTATION_CONTEXT(2) 
PARAMETRIC_REPRESENTATION_CONTEXT() REPRESENTATION_CONTEXT('2D SPACE',''
  ) );
#3801 = ORIENTED_EDGE('',*,*,#3802,.F.);
#3802 = EDGE_CURVE('',#3803,#3777,#3805,.T.);
#3803 = VERTEX_POINT('',#3804);
#3804 = CARTESIAN_POINT('',(500.,66.,-46.));
#3805 = SURFACE_CURVE('',#3806,(#3811,#3818),.PCURVE_S1.);
#3806 = CIRCLE('',#3807,8.);
#3807 = AXIS2_PLACEMENT_3D('',#3808,#3809,#3810);
#3808 = CARTESIAN_POINT('',(500.,58.,-46.));
#3809 = DIRECTION('',(1.,0.,0.));
#3810 = DIRECTION('',(-0.,1.,0.));
#3811 = PCURVE('',#3121,#3812);
#3812 = DEFINITIONAL_REPRESENTATION('',(#3813),#3817);
#3813 = CIRCLE('',#3814,8.);
#3814 = AXIS2_PLACEMENT_2D('',#3815,#3816);
#3815 = CARTESIAN_POINT('',(-46.,-58.));
#3816 = DIRECTION('',(0.,-1.));
#3817 = ( GEOMETRIC_REPRESENTATION_CONTEXT(2) 
PARAMETRIC_REPRESENTATION_CONTEXT() REPRESENTATION_CONTEXT('2D SPACE',''
  ) );
#3818 = PCURVE('',#3819,#3824);
#3819 = CYLINDRICAL_SURFACE('',#3820,8.);
#3820 = AXIS2_PLACEMENT_3D('',#3821,#3822,#3823);
#3821 = CARTESIAN_POINT('',(465.,58.,-46.));
#3822 = DIRECTION('',(1.,0.,0.));
#3823 = DIRECTION('',(-0.,1.,0.));
#3824 = DEFINITIONAL_REPRESENTATION('',(#3825),#3829);
#3825 = LINE('',#3826,#3827);
#3826 = CARTESIAN_POINT('',(0.,35.));
#3827 = VECTOR('',#3828,1.);
#3828 = DIRECTION('',(1.,0.));
#3829 = ( GEOMETRIC_REPRESENTATION_CONTEXT(2) 
PARAMETRIC_REPRESENTATION_CONTEXT() REPRESENTATION_CONTEXT('2D SPACE',''
  ) );
#3830 = ORIENTED_EDGE('',*,*,#3831,.T.);
#3831 = EDGE_CURVE('',#3803,#3638,#3832,.T.);
#3832 = SURFACE_CURVE('',#3833,(#3837,#3843),.PCURVE_S1.);
#3833 = LINE('',#3834,#3835);
#3834 = CARTESIAN_POINT('',(500.,66.,-58.));
#3835 = VECTOR('',#3836,1.);
#3836 = DIRECTION('',(0.,0.,-1.));
#3837 = PCURVE('',#3121,#3838);
#3838 = DEFINITIONAL_REPRESENTATION('',(#3839),#3842);
#3839 = B_SPLINE_CURVE_WITH_KNOTS('',1,(#3840,#3841),.UNSPECIFIED.,.F.,
  .F.,(2,2),(-12.,50.),.PIECEWISE_BEZIER_KNOTS.);
#3840 = CARTESIAN_POINT('',(-46.,-66.));
#3841 = CARTESIAN_POINT('',(-108.,-66.));
#3842 = ( GEOMETRIC_REPRESENTATION_CONTEXT(2) 
PARAMETRIC_REPRESENTATION_CONTEXT() REPRESENTATION_CONTEXT('2D SPACE',''
  ) );
#3843 = PCURVE('',#3844,#3849);
#3844 = PLANE('',#3845);
#3845 = AXIS2_PLACEMENT_3D('',#3846,#3847,#3848);
#3846 = CARTESIAN_POINT('',(465.,66.,-116.));
#3847 = DIRECTION('',(0.,-1.,0.));
#3848 = DIRECTION('',(0.,0.,1.));
#3849 = DEFINITIONAL_REPRESENTATION('',(#3850),#3853);
#3850 = B_SPLINE_CURVE_WITH_KNOTS('',1,(#3851,#3852),.UNSPECIFIED.,.F.,
  .F.,(2,2),(-12.,50.),.PIECEWISE_BEZIER_KNOTS.);
#3851 = CARTESIAN_POINT('',(70.,-35.));
#3852 = CARTESIAN_POINT('',(8.,-35.));
#3853 = ( GEOMETRIC_REPRESENTATION_CONTEXT(2) 
PARAMETRIC_REPRESENTATION_CONTEXT() REPRESENTATION_CONTEXT('2D SPACE',''
  ) );
#3854 = FACE_BOUND('',#3855,.T.);
#3855 = EDGE_LOOP('',(#3856));
#3856 = ORIENTED_EDGE('',*,*,#3857,.T.);
#3857 = EDGE_CURVE('',#3858,#3858,#3860,.T.);
#3858 = VERTEX_POINT('',#3859);
#3859 = CARTESIAN_POINT('',(500.,29.25,0.));
#3860 = SURFACE_CURVE('',#3861,(#3866,#3877),.PCURVE_S1.);
#3861 = CIRCLE('',#3862,29.25);
#3862 = AXIS2_PLACEMENT_3D('',#3863,#3864,#3865);
#3863 = CARTESIAN_POINT('',(500.,0.,0.));
#3864 = DIRECTION('',(-1.,0.,0.));
#3865 = DIRECTION('',(0.,1.,0.));
#3866 = PCURVE('',#3121,#3867);
#3867 = DEFINITIONAL_REPRESENTATION('',(#3868),#3876);
#3868 = ( BOUNDED_CURVE() B_SPLINE_CURVE(2,(#3869,#3870,#3871,#3872,
#3873,#3874,#3875),.UNSPECIFIED.,.T.,.F.) B_SPLINE_CURVE_WITH_KNOTS((1,2
    ,2,2,2,1),(-2.094395102393,0.,2.094395102393,4.188790204786,
6.28318530718,8.377580409573),.UNSPECIFIED.) CURVE() 
GEOMETRIC_REPRESENTATION_ITEM() RATIONAL_B_SPLINE_CURVE((1.,0.5,1.,0.5,
1.,0.5,1.)) REPRESENTATION_ITEM('') );
#3869 = CARTESIAN_POINT('',(0.,-29.25));
#3870 = CARTESIAN_POINT('',(-50.66248612139,-29.25));
#3871 = CARTESIAN_POINT('',(-25.33124306069,14.625));
#3872 = CARTESIAN_POINT('',(-7.164183775012E-15,58.5));
#3873 = CARTESIAN_POINT('',(25.331243060695,14.625));
#3874 = CARTESIAN_POINT('',(50.66248612139,-29.25));
#3875 = CARTESIAN_POINT('',(0.,-29.25));
#3876 = ( GEOMETRIC_REPRESENTATION_CONTEXT(2) 
PARAMETRIC_REPRESENTATION_CONTEXT() REPRESENTATION_CONTEXT('2D SPACE',''
  ) );
#3877 = PCURVE('',#3878,#3883);
#3878 = CYLINDRICAL_SURFACE('',#3879,29.25);
#3879 = AXIS2_PLACEMENT_3D('',#3880,#3881,#3882);
#3880 = CARTESIAN_POINT('',(465.,0.,0.));
#3881 = DIRECTION('',(-1.,-0.,-0.));
#3882 = DIRECTION('',(0.,1.,0.));
#3883 = DEFINITIONAL_REPRESENTATION('',(#3884),#3888);
#3884 = LINE('',#3885,#3886);
#3885 = CARTESIAN_POINT('',(-6.28318530718,-35.));
#3886 = VECTOR('',#3887,1.);
#3887 = DIRECTION('',(1.,-0.));
#3888 = ( GEOMETRIC_REPRESENTATION_CONTEXT(2) 
PARAMETRIC_REPRESENTATION_CONTEXT() REPRESENTATION_CONTEXT('2D SPACE',''
  ) );
#3889 = FACE_BOUND('',#3890,.T.);
#3890 = EDGE_LOOP('',(#3891,#3922,#3948,#3977,#4003,#4032,#4058,#4087));
#3891 = ORIENTED_EDGE('',*,*,#3892,.F.);
#3892 = EDGE_CURVE('',#3893,#3895,#3897,.T.);
#3893 = VERTEX_POINT('',#3894);
#3894 = CARTESIAN_POINT('',(500.,58.,38.));
#3895 = VERTEX_POINT('',#3896);
#3896 = CARTESIAN_POINT('',(500.,66.,46.));
#3897 = SURFACE_CURVE('',#3898,(#3903,#3910),.PCURVE_S1.);
#3898 = CIRCLE('',#3899,8.);
#3899 = AXIS2_PLACEMENT_3D('',#3900,#3901,#3902);
#3900 = CARTESIAN_POINT('',(500.,58.,46.));
#3901 = DIRECTION('',(1.,0.,0.));
#3902 = DIRECTION('',(0.,0.,-1.));
#3903 = PCURVE('',#3121,#3904);
#3904 = DEFINITIONAL_REPRESENTATION('',(#3905),#3909);
#3905 = CIRCLE('',#3906,8.);
#3906 = AXIS2_PLACEMENT_2D('',#3907,#3908);
#3907 = CARTESIAN_POINT('',(46.,-58.));
#3908 = DIRECTION('',(-1.,0.));
#3909 = ( GEOMETRIC_REPRESENTATION_CONTEXT(2) 
PARAMETRIC_REPRESENTATION_CONTEXT() REPRESENTATION_CONTEXT('2D SPACE',''
  ) );
#3910 = PCURVE('',#3911,#3916);
#3911 = CYLINDRICAL_SURFACE('',#3912,8.);
#3912 = AXIS2_PLACEMENT_3D('',#3913,#3914,#3915);
#3913 = CARTESIAN_POINT('',(465.,58.,46.));
#3914 = DIRECTION('',(1.,0.,0.));
#3915 = DIRECTION('',(0.,0.,-1.));
#3916 = DEFINITIONAL_REPRESENTATION('',(#3917),#3921);
#3917 = LINE('',#3918,#3919);
#3918 = CARTESIAN_POINT('',(0.,35.));
#3919 = VECTOR('',#3920,1.);
#3920 = DIRECTION('',(1.,0.));
#3921 = ( GEOMETRIC_REPRESENTATION_CONTEXT(2) 
PARAMETRIC_REPRESENTATION_CONTEXT() REPRESENTATION_CONTEXT('2D SPACE',''
  ) );
#3922 = ORIENTED_EDGE('',*,*,#3923,.T.);
#3923 = EDGE_CURVE('',#3893,#3924,#3926,.T.);
#3924 = VERTEX_POINT('',#3925);
#3925 = CARTESIAN_POINT('',(500.,-58.,38.));
#3926 = SURFACE_CURVE('',#3927,(#3931,#3937),.PCURVE_S1.);
#3927 = LINE('',#3928,#3929);
#3928 = CARTESIAN_POINT('',(500.,-33.,38.));
#3929 = VECTOR('',#3930,1.);
#3930 = DIRECTION('',(0.,-1.,0.));
#3931 = PCURVE('',#3121,#3932);
#3932 = DEFINITIONAL_REPRESENTATION('',(#3933),#3936);
#3933 = B_SPLINE_CURVE_WITH_KNOTS('',1,(#3934,#3935),.UNSPECIFIED.,.F.,
  .F.,(2,2),(-91.,25.),.PIECEWISE_BEZIER_KNOTS.);
#3934 = CARTESIAN_POINT('',(38.,-58.));
#3935 = CARTESIAN_POINT('',(38.,58.));
#3936 = ( GEOMETRIC_REPRESENTATION_CONTEXT(2) 
PARAMETRIC_REPRESENTATION_CONTEXT() REPRESENTATION_CONTEXT('2D SPACE',''
  ) );
#3937 = PCURVE('',#3938,#3943);
#3938 = PLANE('',#3939);
#3939 = AXIS2_PLACEMENT_3D('',#3940,#3941,#3942);
#3940 = CARTESIAN_POINT('',(465.,-66.,38.));
#3941 = DIRECTION('',(0.,0.,1.));
#3942 = DIRECTION('',(0.,1.,0.));
#3943 = DEFINITIONAL_REPRESENTATION('',(#3944),#3947);
#3944 = B_SPLINE_CURVE_WITH_KNOTS('',1,(#3945,#3946),.UNSPECIFIED.,.F.,
  .F.,(2,2),(-91.,25.),.PIECEWISE_BEZIER_KNOTS.);
#3945 = CARTESIAN_POINT('',(124.,-35.));
#3946 = CARTESIAN_POINT('',(8.,-35.));
#3947 = ( GEOMETRIC_REPRESENTATION_CONTEXT(2) 
PARAMETRIC_REPRESENTATION_CONTEXT() REPRESENTATION_CONTEXT('2D SPACE',''
  ) );
#3948 = ORIENTED_EDGE('',*,*,#3949,.F.);
#3949 = EDGE_CURVE('',#3950,#3924,#3952,.T.);
#3950 = VERTEX_POINT('',#3951);
#3951 = CARTESIAN_POINT('',(500.,-66.,46.));
#3952 = SURFACE_CURVE('',#3953,(#3958,#3965),.PCURVE_S1.);
#3953 = CIRCLE('',#3954,8.);
#3954 = AXIS2_PLACEMENT_3D('',#3955,#3956,#3957);
#3955 = CARTESIAN_POINT('',(500.,-58.,46.));
#3956 = DIRECTION('',(1.,0.,0.));
#3957 = DIRECTION('',(0.,0.,-1.));
#3958 = PCURVE('',#3121,#3959);
#3959 = DEFINITIONAL_REPRESENTATION('',(#3960),#3964);
#3960 = CIRCLE('',#3961,8.);
#3961 = AXIS2_PLACEMENT_2D('',#3962,#3963);
#3962 = CARTESIAN_POINT('',(46.,58.));
#3963 = DIRECTION('',(-1.,0.));
#3964 = ( GEOMETRIC_REPRESENTATION_CONTEXT(2) 
PARAMETRIC_REPRESENTATION_CONTEXT() REPRESENTATION_CONTEXT('2D SPACE',''
  ) );
#3965 = PCURVE('',#3966,#3971);
#3966 = CYLINDRICAL_SURFACE('',#3967,8.);
#3967 = AXIS2_PLACEMENT_3D('',#3968,#3969,#3970);
#3968 = CARTESIAN_POINT('',(465.,-58.,46.));
#3969 = DIRECTION('',(1.,0.,0.));
#3970 = DIRECTION('',(0.,0.,-1.));
#3971 = DEFINITIONAL_REPRESENTATION('',(#3972),#3976);
#3972 = LINE('',#3973,#3974);
#3973 = CARTESIAN_POINT('',(-6.28318530718,35.));
#3974 = VECTOR('',#3975,1.);
#3975 = DIRECTION('',(1.,-0.));
#3976 = ( GEOMETRIC_REPRESENTATION_CONTEXT(2) 
PARAMETRIC_REPRESENTATION_CONTEXT() REPRESENTATION_CONTEXT('2D SPACE',''
  ) );
#3977 = ORIENTED_EDGE('',*,*,#3978,.T.);
#3978 = EDGE_CURVE('',#3950,#3979,#3981,.T.);
#3979 = VERTEX_POINT('',#3980);
#3980 = CARTESIAN_POINT('',(500.,-66.,108.));
#3981 = SURFACE_CURVE('',#3982,(#3986,#3992),.PCURVE_S1.);
#3982 = LINE('',#3983,#3984);
#3983 = CARTESIAN_POINT('',(500.,-66.,58.));
#3984 = VECTOR('',#3985,1.);
#3985 = DIRECTION('',(0.,-0.,1.));
#3986 = PCURVE('',#3121,#3987);
#3987 = DEFINITIONAL_REPRESENTATION('',(#3988),#3991);
#3988 = B_SPLINE_CURVE_WITH_KNOTS('',1,(#3989,#3990),.UNSPECIFIED.,.F.,
  .F.,(2,2),(-12.,50.),.PIECEWISE_BEZIER_KNOTS.);
#3989 = CARTESIAN_POINT('',(46.,66.));
#3990 = CARTESIAN_POINT('',(108.,66.));
#3991 = ( GEOMETRIC_REPRESENTATION_CONTEXT(2) 
PARAMETRIC_REPRESENTATION_CONTEXT() REPRESENTATION_CONTEXT('2D SPACE',''
  ) );
#3992 = PCURVE('',#3993,#3998);
#3993 = PLANE('',#3994);
#3994 = AXIS2_PLACEMENT_3D('',#3995,#3996,#3997);
#3995 = CARTESIAN_POINT('',(465.,-66.,116.));
#3996 = DIRECTION('',(-0.,1.,0.));
#3997 = DIRECTION('',(0.,0.,-1.));
#3998 = DEFINITIONAL_REPRESENTATION('',(#3999),#4002);
#3999 = B_SPLINE_CURVE_WITH_KNOTS('',1,(#4000,#4001),.UNSPECIFIED.,.F.,
  .F.,(2,2),(-12.,50.),.PIECEWISE_BEZIER_KNOTS.);
#4000 = CARTESIAN_POINT('',(70.,-35.));
#4001 = CARTESIAN_POINT('',(8.,-35.));
#4002 = ( GEOMETRIC_REPRESENTATION_CONTEXT(2) 
PARAMETRIC_REPRESENTATION_CONTEXT() REPRESENTATION_CONTEXT('2D SPACE',''
  ) );
#4003 = ORIENTED_EDGE('',*,*,#4004,.F.);
#4004 = EDGE_CURVE('',#4005,#3979,#4007,.T.);
#4005 = VERTEX_POINT('',#4006);
#4006 = CARTESIAN_POINT('',(500.,-58.,116.));
#4007 = SURFACE_CURVE('',#4008,(#4013,#4020),.PCURVE_S1.);
#4008 = CIRCLE('',#4009,8.);
#4009 = AXIS2_PLACEMENT_3D('',#4010,#4011,#4012);
#4010 = CARTESIAN_POINT('',(500.,-58.,108.));
#4011 = DIRECTION('',(1.,0.,0.));
#4012 = DIRECTION('',(0.,-0.,1.));
#4013 = PCURVE('',#3121,#4014);
#4014 = DEFINITIONAL_REPRESENTATION('',(#4015),#4019);
#4015 = CIRCLE('',#4016,8.);
#4016 = AXIS2_PLACEMENT_2D('',#4017,#4018);
#4017 = CARTESIAN_POINT('',(108.,58.));
#4018 = DIRECTION('',(1.,0.));
#4019 = ( GEOMETRIC_REPRESENTATION_CONTEXT(2) 
PARAMETRIC_REPRESENTATION_CONTEXT() REPRESENTATION_CONTEXT('2D SPACE',''
  ) );
#4020 = PCURVE('',#4021,#4026);
#4021 = CYLINDRICAL_SURFACE('',#4022,8.);
#4022 = AXIS2_PLACEMENT_3D('',#4023,#4024,#4025);
#4023 = CARTESIAN_POINT('',(465.,-58.,108.));
#4024 = DIRECTION('',(1.,0.,0.));
#4025 = DIRECTION('',(0.,-0.,1.));
#4026 = DEFINITIONAL_REPRESENTATION('',(#4027),#4031);
#4027 = LINE('',#4028,#4029);
#4028 = CARTESIAN_POINT('',(0.,35.));
#4029 = VECTOR('',#4030,1.);
#4030 = DIRECTION('',(1.,0.));
#4031 = ( GEOMETRIC_REPRESENTATION_CONTEXT(2) 
PARAMETRIC_REPRESENTATION_CONTEXT() REPRESENTATION_CONTEXT('2D SPACE',''
  ) );
#4032 = ORIENTED_EDGE('',*,*,#4033,.T.);
#4033 = EDGE_CURVE('',#4005,#4034,#4036,.T.);
#4034 = VERTEX_POINT('',#4035);
#4035 = CARTESIAN_POINT('',(500.,58.,116.));
#4036 = SURFACE_CURVE('',#4037,(#4041,#4047),.PCURVE_S1.);
#4037 = LINE('',#4038,#4039);
#4038 = CARTESIAN_POINT('',(500.,33.,116.));
#4039 = VECTOR('',#4040,1.);
#4040 = DIRECTION('',(-0.,1.,0.));
#4041 = PCURVE('',#3121,#4042);
#4042 = DEFINITIONAL_REPRESENTATION('',(#4043),#4046);
#4043 = B_SPLINE_CURVE_WITH_KNOTS('',1,(#4044,#4045),.UNSPECIFIED.,.F.,
  .F.,(2,2),(-91.,25.),.PIECEWISE_BEZIER_KNOTS.);
#4044 = CARTESIAN_POINT('',(116.,58.));
#4045 = CARTESIAN_POINT('',(116.,-58.));
#4046 = ( GEOMETRIC_REPRESENTATION_CONTEXT(2) 
PARAMETRIC_REPRESENTATION_CONTEXT() REPRESENTATION_CONTEXT('2D SPACE',''
  ) );
#4047 = PCURVE('',#4048,#4053);
#4048 = PLANE('',#4049);
#4049 = AXIS2_PLACEMENT_3D('',#4050,#4051,#4052);
#4050 = CARTESIAN_POINT('',(465.,66.,116.));
#4051 = DIRECTION('',(0.,0.,-1.));
#4052 = DIRECTION('',(0.,-1.,0.));
#4053 = DEFINITIONAL_REPRESENTATION('',(#4054),#4057);
#4054 = B_SPLINE_CURVE_WITH_KNOTS('',1,(#4055,#4056),.UNSPECIFIED.,.F.,
  .F.,(2,2),(-91.,25.),.PIECEWISE_BEZIER_KNOTS.);
#4055 = CARTESIAN_POINT('',(124.,-35.));
#4056 = CARTESIAN_POINT('',(8.,-35.));
#4057 = ( GEOMETRIC_REPRESENTATION_CONTEXT(2) 
PARAMETRIC_REPRESENTATION_CONTEXT() REPRESENTATION_CONTEXT('2D SPACE',''
  ) );
#4058 = ORIENTED_EDGE('',*,*,#4059,.F.);
#4059 = EDGE_CURVE('',#4060,#4034,#4062,.T.);
#4060 = VERTEX_POINT('',#4061);
#4061 = CARTESIAN_POINT('',(500.,66.,108.));
#4062 = SURFACE_CURVE('',#4063,(#4068,#4075),.PCURVE_S1.);
#4063 = CIRCLE('',#4064,8.);
#4064 = AXIS2_PLACEMENT_3D('',#4065,#4066,#4067);
#4065 = CARTESIAN_POINT('',(500.,58.,108.));
#4066 = DIRECTION('',(1.,0.,0.));
#4067 = DIRECTION('',(-0.,1.,0.));
#4068 = PCURVE('',#3121,#4069);
#4069 = DEFINITIONAL_REPRESENTATION('',(#4070),#4074);
#4070 = CIRCLE('',#4071,8.);
#4071 = AXIS2_PLACEMENT_2D('',#4072,#4073);
#4072 = CARTESIAN_POINT('',(108.,-58.));
#4073 = DIRECTION('',(0.,-1.));
#4074 = ( GEOMETRIC_REPRESENTATION_CONTEXT(2) 
PARAMETRIC_REPRESENTATION_CONTEXT() REPRESENTATION_CONTEXT('2D SPACE',''
  ) );
#4075 = PCURVE('',#4076,#4081);
#4076 = CYLINDRICAL_SURFACE('',#4077,8.);
#4077 = AXIS2_PLACEMENT_3D('',#4078,#4079,#4080);
#4078 = CARTESIAN_POINT('',(465.,58.,108.));
#4079 = DIRECTION('',(1.,0.,0.));
#4080 = DIRECTION('',(-0.,1.,0.));
#4081 = DEFINITIONAL_REPRESENTATION('',(#4082),#4086);
#4082 = LINE('',#4083,#4084);
#4083 = CARTESIAN_POINT('',(0.,35.));
#4084 = VECTOR('',#4085,1.);
#4085 = DIRECTION('',(1.,0.));
#4086 = ( GEOMETRIC_REPRESENTATION_CONTEXT(2) 
PARAMETRIC_REPRESENTATION_CONTEXT() REPRESENTATION_CONTEXT('2D SPACE',''
  ) );
#4087 = ORIENTED_EDGE('',*,*,#4088,.T.);
#4088 = EDGE_CURVE('',#4060,#3895,#4089,.T.);
#4089 = SURFACE_CURVE('',#4090,(#4094,#4100),.PCURVE_S1.);
#4090 = LINE('',#4091,#4092);
#4091 = CARTESIAN_POINT('',(500.,66.,19.));
#4092 = VECTOR('',#4093,1.);
#4093 = DIRECTION('',(0.,0.,-1.));
#4094 = PCURVE('',#3121,#4095);
#4095 = DEFINITIONAL_REPRESENTATION('',(#4096),#4099);
#4096 = B_SPLINE_CURVE_WITH_KNOTS('',1,(#4097,#4098),.UNSPECIFIED.,.F.,
  .F.,(2,2),(-89.,-27.),.PIECEWISE_BEZIER_KNOTS.);
#4097 = CARTESIAN_POINT('',(108.,-66.));
#4098 = CARTESIAN_POINT('',(46.,-66.));
#4099 = ( GEOMETRIC_REPRESENTATION_CONTEXT(2) 
PARAMETRIC_REPRESENTATION_CONTEXT() REPRESENTATION_CONTEXT('2D SPACE',''
  ) );
#4100 = PCURVE('',#4101,#4106);
#4101 = PLANE('',#4102);
#4102 = AXIS2_PLACEMENT_3D('',#4103,#4104,#4105);
#4103 = CARTESIAN_POINT('',(465.,66.,38.));
#4104 = DIRECTION('',(0.,-1.,0.));
#4105 = DIRECTION('',(0.,0.,1.));
#4106 = DEFINITIONAL_REPRESENTATION('',(#4107),#4110);
#4107 = B_SPLINE_CURVE_WITH_KNOTS('',1,(#4108,#4109),.UNSPECIFIED.,.F.,
  .F.,(2,2),(-89.,-27.),.PIECEWISE_BEZIER_KNOTS.);
#4108 = CARTESIAN_POINT('',(70.,-35.));
#4109 = CARTESIAN_POINT('',(8.,-35.));
#4110 = ( GEOMETRIC_REPRESENTATION_CONTEXT(2) 
PARAMETRIC_REPRESENTATION_CONTEXT() REPRESENTATION_CONTEXT('2D SPACE',''
  ) );
#4111 = ADVANCED_FACE('',(#4112),#3208,.F.);
#4112 = FACE_BOUND('',#4113,.F.);
#4113 = EDGE_LOOP('',(#4114,#4115,#4116,#4117));
#4114 = ORIENTED_EDGE('',*,*,#3290,.T.);
#4115 = ORIENTED_EDGE('',*,*,#3611,.T.);
#4116 = ORIENTED_EDGE('',*,*,#3190,.F.);
#4117 = ORIENTED_EDGE('',*,*,#3409,.F.);
#4118 = ADVANCED_FACE('',(#4119),#3357,.F.);
#4119 = FACE_BOUND('',#4120,.T.);
#4120 = EDGE_LOOP('',(#4121,#4144,#4145,#4146,#4189,#4225,#4261));
#4121 = ORIENTED_EDGE('',*,*,#4122,.F.);
#4122 = EDGE_CURVE('',#3337,#4123,#4125,.T.);
#4123 = VERTEX_POINT('',#4124);
#4124 = CARTESIAN_POINT('',(483.,70.,0.));
#4125 = SEAM_CURVE('',#4126,(#4130,#4137),.PCURVE_S1.);
#4126 = LINE('',#4127,#4128);
#4127 = CARTESIAN_POINT('',(483.,86.,0.));
#4128 = VECTOR('',#4129,1.);
#4129 = DIRECTION('',(0.,-1.,0.));
#4130 = PCURVE('',#3357,#4131);
#4131 = DEFINITIONAL_REPRESENTATION('',(#4132),#4136);
#4132 = LINE('',#4133,#4134);
#4133 = CARTESIAN_POINT('',(-6.28318530718,0.));
#4134 = VECTOR('',#4135,1.);
#4135 = DIRECTION('',(-0.,-1.));
#4136 = ( GEOMETRIC_REPRESENTATION_CONTEXT(2) 
PARAMETRIC_REPRESENTATION_CONTEXT() REPRESENTATION_CONTEXT('2D SPACE',''
  ) );
#4137 = PCURVE('',#3357,#4138);
#4138 = DEFINITIONAL_REPRESENTATION('',(#4139),#4143);
#4139 = LINE('',#4140,#4141);
#4140 = CARTESIAN_POINT('',(-0.,0.));
#4141 = VECTOR('',#4142,1.);
#4142 = DIRECTION('',(-0.,-1.));
#4143 = ( GEOMETRIC_REPRESENTATION_CONTEXT(2) 
PARAMETRIC_REPRESENTATION_CONTEXT() REPRESENTATION_CONTEXT('2D SPACE',''
  ) );
#4144 = ORIENTED_EDGE('',*,*,#3336,.T.);
#4145 = ORIENTED_EDGE('',*,*,#4122,.T.);
#4146 = ORIENTED_EDGE('',*,*,#4147,.F.);
#4147 = EDGE_CURVE('',#4148,#4150,#4152,.T.);
#4148 = VERTEX_POINT('',#4149);
#4149 = CARTESIAN_POINT('',(480.,73.,3.));
#4150 = VERTEX_POINT('',#4151);
#4151 = CARTESIAN_POINT('',(483.,70.,0.));
#4152 = SURFACE_CURVE('',#4153,(#4158,#4171),.PCURVE_S1.);
#4153 = ELLIPSE('',#4154,4.242640687119,3.);
#4154 = AXIS2_PLACEMENT_3D('',#4155,#4156,#4157);
#4155 = CARTESIAN_POINT('',(480.,70.,0.));
#4156 = DIRECTION('',(-0.,0.707106781187,-0.707106781187));
#4157 = DIRECTION('',(0.,0.707106781187,0.707106781187));
#4158 = PCURVE('',#3357,#4159);
#4159 = DEFINITIONAL_REPRESENTATION('',(#4160),#4170);
#4160 = B_SPLINE_CURVE_WITH_KNOTS('',8,(#4161,#4162,#4163,#4164,#4165,
    #4166,#4167,#4168,#4169),.UNSPECIFIED.,.F.,.F.,(9,9),(0.,
    1.570796326795),.PIECEWISE_BEZIER_KNOTS.);
#4161 = CARTESIAN_POINT('',(-1.570796326795,-13.));
#4162 = CARTESIAN_POINT('',(-1.374446785946,-13.));
#4163 = CARTESIAN_POINT('',(-1.178097245096,-13.13218232796));
#4164 = CARTESIAN_POINT('',(-0.981747704246,-13.39654586094));
#4165 = CARTESIAN_POINT('',(-0.785398163395,-13.78222374824));
#4166 = CARTESIAN_POINT('',(-0.589048622547,-14.2674602163));
#4167 = CARTESIAN_POINT('',(-0.392699081699,-14.82190261505));
#4168 = CARTESIAN_POINT('',(-0.196349540849,-15.41095137745));
#4169 = CARTESIAN_POINT('',(-6.123233995737E-17,-16.));
#4170 = ( GEOMETRIC_REPRESENTATION_CONTEXT(2) 
PARAMETRIC_REPRESENTATION_CONTEXT() REPRESENTATION_CONTEXT('2D SPACE',''
  ) );
#4171 = PCURVE('',#4172,#4177);
#4172 = CYLINDRICAL_SURFACE('',#4173,3.);
#4173 = AXIS2_PLACEMENT_3D('',#4174,#4175,#4176);
#4174 = CARTESIAN_POINT('',(480.,70.,-110.));
#4175 = DIRECTION('',(-0.,-0.,-1.));
#4176 = DIRECTION('',(1.,0.,0.));
#4177 = DEFINITIONAL_REPRESENTATION('',(#4178),#4188);
#4178 = B_SPLINE_CURVE_WITH_KNOTS('',8,(#4179,#4180,#4181,#4182,#4183,
    #4184,#4185,#4186,#4187),.UNSPECIFIED.,.F.,.F.,(9,9),(0.,
    1.570796326795),.PIECEWISE_BEZIER_KNOTS.);
#4179 = CARTESIAN_POINT('',(-1.570796326795,-113.));
#4180 = CARTESIAN_POINT('',(-1.374446785946,-113.));
#4181 = CARTESIAN_POINT('',(-1.178097245096,-112.8678176719));
#4182 = CARTESIAN_POINT('',(-0.981747704247,-112.6034541393));
#4183 = CARTESIAN_POINT('',(-0.785398163398,-112.2177762514));
#4184 = CARTESIAN_POINT('',(-0.589048622549,-111.7325397836));
#4185 = CARTESIAN_POINT('',(-0.392699081698,-111.1780973848));
#4186 = CARTESIAN_POINT('',(-0.196349540849,-110.5890486225));
#4187 = CARTESIAN_POINT('',(0.,-110.));
#4188 = ( GEOMETRIC_REPRESENTATION_CONTEXT(2) 
PARAMETRIC_REPRESENTATION_CONTEXT() REPRESENTATION_CONTEXT('2D SPACE',''
  ) );
#4189 = ORIENTED_EDGE('',*,*,#4190,.F.);
#4190 = EDGE_CURVE('',#4191,#4148,#4193,.T.);
#4191 = VERTEX_POINT('',#4192);
#4192 = CARTESIAN_POINT('',(477.,70.,3.673940397442E-16));
#4193 = SURFACE_CURVE('',#4194,(#4199,#4212),.PCURVE_S1.);
#4194 = ELLIPSE('',#4195,4.242640687119,3.);
#4195 = AXIS2_PLACEMENT_3D('',#4196,#4197,#4198);
#4196 = CARTESIAN_POINT('',(480.,70.,0.));
#4197 = DIRECTION('',(-0.,0.707106781187,-0.707106781187));
#4198 = DIRECTION('',(0.,0.707106781187,0.707106781187));
#4199 = PCURVE('',#3357,#4200);
#4200 = DEFINITIONAL_REPRESENTATION('',(#4201),#4211);
#4201 = B_SPLINE_CURVE_WITH_KNOTS('',8,(#4202,#4203,#4204,#4205,#4206,
    #4207,#4208,#4209,#4210),.UNSPECIFIED.,.F.,.F.,(9,9),(4.712388880385
    ,6.28318530718),.PIECEWISE_BEZIER_KNOTS.);
#4202 = CARTESIAN_POINT('',(-3.14159275359,-16.0000003));
#4203 = CARTESIAN_POINT('',(-2.94524320024,-15.41095163995));
#4204 = CARTESIAN_POINT('',(-2.748893646887,-14.82190282682));
#4205 = CARTESIAN_POINT('',(-2.552544093553,-14.26746037082));
#4206 = CARTESIAN_POINT('',(-2.356194540173,-13.78222384646));
#4207 = CARTESIAN_POINT('',(-2.159844986855,-13.39654591146));
#4208 = CARTESIAN_POINT('',(-1.96349543349,-13.13218234478));
#4209 = CARTESIAN_POINT('',(-1.767145880144,-13.));
#4210 = CARTESIAN_POINT('',(-1.570796326795,-13.));
#4211 = ( GEOMETRIC_REPRESENTATION_CONTEXT(2) 
PARAMETRIC_REPRESENTATION_CONTEXT() REPRESENTATION_CONTEXT('2D SPACE',''
  ) );
#4212 = PCURVE('',#4172,#4213);
#4213 = DEFINITIONAL_REPRESENTATION('',(#4214),#4224);
#4214 = B_SPLINE_CURVE_WITH_KNOTS('',8,(#4215,#4216,#4217,#4218,#4219,
    #4220,#4221,#4222,#4223),.UNSPECIFIED.,.F.,.F.,(9,9),(4.712388880385
    ,6.28318530718),.PIECEWISE_BEZIER_KNOTS.);
#4215 = CARTESIAN_POINT('',(-3.14159275359,-109.9999997));
#4216 = CARTESIAN_POINT('',(-2.94524320024,-110.58904836));
#4217 = CARTESIAN_POINT('',(-2.748893646887,-111.178097173));
#4218 = CARTESIAN_POINT('',(-2.552544093545,-111.7325396291));
#4219 = CARTESIAN_POINT('',(-2.356194540174,-112.2177761531));
#4220 = CARTESIAN_POINT('',(-2.159844986846,-112.6034540887));
#4221 = CARTESIAN_POINT('',(-1.963495433489,-112.867817655));
#4222 = CARTESIAN_POINT('',(-1.767145880144,-113.));
#4223 = CARTESIAN_POINT('',(-1.570796326795,-113.));
#4224 = ( GEOMETRIC_REPRESENTATION_CONTEXT(2) 
PARAMETRIC_REPRESENTATION_CONTEXT() REPRESENTATION_CONTEXT('2D SPACE',''
  ) );
#4225 = ORIENTED_EDGE('',*,*,#4226,.F.);
#4226 = EDGE_CURVE('',#4227,#4191,#4229,.T.);
#4227 = VERTEX_POINT('',#4228);
#4228 = CARTESIAN_POINT('',(480.,73.,-3.));
#4229 = SURFACE_CURVE('',#4230,(#4235,#4248),.PCURVE_S1.);
#4230 = ELLIPSE('',#4231,4.242640687119,3.);
#4231 = AXIS2_PLACEMENT_3D('',#4232,#4233,#4234);
#4232 = CARTESIAN_POINT('',(480.,70.,0.));
#4233 = DIRECTION('',(0.,0.707106781187,0.707106781187));
#4234 = DIRECTION('',(-0.,0.707106781187,-0.707106781187));
#4235 = PCURVE('',#3357,#4236);
#4236 = DEFINITIONAL_REPRESENTATION('',(#4237),#4247);
#4237 = B_SPLINE_CURVE_WITH_KNOTS('',8,(#4238,#4239,#4240,#4241,#4242,
    #4243,#4244,#4245,#4246),.UNSPECIFIED.,.F.,.F.,(9,9),(0.,
    1.570796426795),.PIECEWISE_BEZIER_KNOTS.);
#4238 = CARTESIAN_POINT('',(-4.712388980385,-13.));
#4239 = CARTESIAN_POINT('',(-4.516039427035,-13.));
#4240 = CARTESIAN_POINT('',(-4.319689873686,-13.13218234478));
#4241 = CARTESIAN_POINT('',(-4.123340320331,-13.39654591146));
#4242 = CARTESIAN_POINT('',(-3.926990767002,-13.78222384648));
#4243 = CARTESIAN_POINT('',(-3.730641213631,-14.26746037077));
#4244 = CARTESIAN_POINT('',(-3.534291660285,-14.82190282683));
#4245 = CARTESIAN_POINT('',(-3.337942106939,-15.41095163995));
#4246 = CARTESIAN_POINT('',(-3.14159255359,-16.0000003));
#4247 = ( GEOMETRIC_REPRESENTATION_CONTEXT(2) 
PARAMETRIC_REPRESENTATION_CONTEXT() REPRESENTATION_CONTEXT('2D SPACE',''
  ) );
#4248 = PCURVE('',#4172,#4249);
#4249 = DEFINITIONAL_REPRESENTATION('',(#4250),#4260);
#4250 = B_SPLINE_CURVE_WITH_KNOTS('',8,(#4251,#4252,#4253,#4254,#4255,
    #4256,#4257,#4258,#4259),.UNSPECIFIED.,.F.,.F.,(9,9),(0.,
    1.570796426795),.PIECEWISE_BEZIER_KNOTS.);
#4251 = CARTESIAN_POINT('',(-1.570796326795,-107.));
#4252 = CARTESIAN_POINT('',(-1.767145880144,-107.));
#4253 = CARTESIAN_POINT('',(-1.963495433493,-107.1321823447));
#4254 = CARTESIAN_POINT('',(-2.159844986832,-107.3965459111));
#4255 = CARTESIAN_POINT('',(-2.356194540191,-107.7822238467));
#4256 = CARTESIAN_POINT('',(-2.552544093536,-108.2674603703));
#4257 = CARTESIAN_POINT('',(-2.748893646891,-108.8219028267));
#4258 = CARTESIAN_POINT('',(-2.94524320024,-109.4109516399));
#4259 = CARTESIAN_POINT('',(-3.14159275359,-110.0000003));
#4260 = ( GEOMETRIC_REPRESENTATION_CONTEXT(2) 
PARAMETRIC_REPRESENTATION_CONTEXT() REPRESENTATION_CONTEXT('2D SPACE',''
  ) );
#4261 = ORIENTED_EDGE('',*,*,#4262,.F.);
#4262 = EDGE_CURVE('',#4150,#4227,#4263,.T.);
#4263 = SURFACE_CURVE('',#4264,(#4269,#4282),.PCURVE_S1.);
#4264 = ELLIPSE('',#4265,4.242640687119,3.);
#4265 = AXIS2_PLACEMENT_3D('',#4266,#4267,#4268);
#4266 = CARTESIAN_POINT('',(480.,70.,0.));
#4267 = DIRECTION('',(0.,0.707106781187,0.707106781187));
#4268 = DIRECTION('',(-0.,0.707106781187,-0.707106781187));
#4269 = PCURVE('',#3357,#4270);
#4270 = DEFINITIONAL_REPRESENTATION('',(#4271),#4281);
#4271 = B_SPLINE_CURVE_WITH_KNOTS('',8,(#4272,#4273,#4274,#4275,#4276,
    #4277,#4278,#4279,#4280),.UNSPECIFIED.,.F.,.F.,(9,9),(4.712388980385
    ,6.28318530718),.PIECEWISE_BEZIER_KNOTS.);
#4272 = CARTESIAN_POINT('',(-6.28318530718,-16.));
#4273 = CARTESIAN_POINT('',(-6.08683576633,-15.41095137745));
#4274 = CARTESIAN_POINT('',(-5.890486225481,-14.82190261505));
#4275 = CARTESIAN_POINT('',(-5.694136684633,-14.26746021631));
#4276 = CARTESIAN_POINT('',(-5.497787143778,-13.78222374834));
#4277 = CARTESIAN_POINT('',(-5.301437602935,-13.39654586093));
#4278 = CARTESIAN_POINT('',(-5.105088062083,-13.13218232796));
#4279 = CARTESIAN_POINT('',(-4.908738521234,-13.));
#4280 = CARTESIAN_POINT('',(-4.712388980385,-13.));
#4281 = ( GEOMETRIC_REPRESENTATION_CONTEXT(2) 
PARAMETRIC_REPRESENTATION_CONTEXT() REPRESENTATION_CONTEXT('2D SPACE',''
  ) );
#4282 = PCURVE('',#4172,#4283);
#4283 = DEFINITIONAL_REPRESENTATION('',(#4284),#4294);
#4284 = B_SPLINE_CURVE_WITH_KNOTS('',8,(#4285,#4286,#4287,#4288,#4289,
    #4290,#4291,#4292,#4293),.UNSPECIFIED.,.F.,.F.,(9,9),(4.712388980385
    ,6.28318530718),.PIECEWISE_BEZIER_KNOTS.);
#4285 = CARTESIAN_POINT('',(0.,-110.));
#4286 = CARTESIAN_POINT('',(-0.196349540849,-109.4109513774));
#4287 = CARTESIAN_POINT('',(-0.392699081699,-108.8219026149));
#4288 = CARTESIAN_POINT('',(-0.589048622548,-108.2674602163));
#4289 = CARTESIAN_POINT('',(-0.785398163394,-107.7822237479));
#4290 = CARTESIAN_POINT('',(-0.981747704246,-107.396545861));
#4291 = CARTESIAN_POINT('',(-1.178097245096,-107.1321823279));
#4292 = CARTESIAN_POINT('',(-1.374446785946,-107.));
#4293 = CARTESIAN_POINT('',(-1.570796326795,-107.));
#4294 = ( GEOMETRIC_REPRESENTATION_CONTEXT(2) 
PARAMETRIC_REPRESENTATION_CONTEXT() REPRESENTATION_CONTEXT('2D SPACE',''
  ) );
#4295 = ADVANCED_FACE('',(#4296),#3392,.F.);
#4296 = FACE_BOUND('',#4297,.T.);
#4297 = EDGE_LOOP('',(#4298,#4321,#4322,#4323,#4366,#4402,#4438));
#4298 = ORIENTED_EDGE('',*,*,#4299,.F.);
#4299 = EDGE_CURVE('',#3372,#4300,#4302,.T.);
#4300 = VERTEX_POINT('',#4301);
#4301 = CARTESIAN_POINT('',(458.,55.,0.));
#4302 = SEAM_CURVE('',#4303,(#4307,#4314),.PCURVE_S1.);
#4303 = LINE('',#4304,#4305);
#4304 = CARTESIAN_POINT('',(458.,86.,0.));
#4305 = VECTOR('',#4306,1.);
#4306 = DIRECTION('',(0.,-1.,0.));
#4307 = PCURVE('',#3392,#4308);
#4308 = DEFINITIONAL_REPRESENTATION('',(#4309),#4313);
#4309 = LINE('',#4310,#4311);
#4310 = CARTESIAN_POINT('',(-6.28318530718,0.));
#4311 = VECTOR('',#4312,1.);
#4312 = DIRECTION('',(-0.,-1.));
#4313 = ( GEOMETRIC_REPRESENTATION_CONTEXT(2) 
PARAMETRIC_REPRESENTATION_CONTEXT() REPRESENTATION_CONTEXT('2D SPACE',''
  ) );
#4314 = PCURVE('',#3392,#4315);
#4315 = DEFINITIONAL_REPRESENTATION('',(#4316),#4320);
#4316 = LINE('',#4317,#4318);
#4317 = CARTESIAN_POINT('',(-0.,0.));
#4318 = VECTOR('',#4319,1.);
#4319 = DIRECTION('',(-0.,-1.));
#4320 = ( GEOMETRIC_REPRESENTATION_CONTEXT(2) 
PARAMETRIC_REPRESENTATION_CONTEXT() REPRESENTATION_CONTEXT('2D SPACE',''
  ) );
#4321 = ORIENTED_EDGE('',*,*,#3371,.T.);
#4322 = ORIENTED_EDGE('',*,*,#4299,.T.);
#4323 = ORIENTED_EDGE('',*,*,#4324,.F.);
#4324 = EDGE_CURVE('',#4325,#4327,#4329,.T.);
#4325 = VERTEX_POINT('',#4326);
#4326 = CARTESIAN_POINT('',(455.,58.,3.));
#4327 = VERTEX_POINT('',#4328);
#4328 = CARTESIAN_POINT('',(458.,55.,0.));
#4329 = SURFACE_CURVE('',#4330,(#4335,#4348),.PCURVE_S1.);
#4330 = ELLIPSE('',#4331,4.242640687119,3.);
#4331 = AXIS2_PLACEMENT_3D('',#4332,#4333,#4334);
#4332 = CARTESIAN_POINT('',(455.,55.,0.));
#4333 = DIRECTION('',(-0.,0.707106781187,-0.707106781187));
#4334 = DIRECTION('',(0.,0.707106781187,0.707106781187));
#4335 = PCURVE('',#3392,#4336);
#4336 = DEFINITIONAL_REPRESENTATION('',(#4337),#4347);
#4337 = B_SPLINE_CURVE_WITH_KNOTS('',8,(#4338,#4339,#4340,#4341,#4342,
    #4343,#4344,#4345,#4346),.UNSPECIFIED.,.F.,.F.,(9,9),(0.,
    1.570796326795),.PIECEWISE_BEZIER_KNOTS.);
#4338 = CARTESIAN_POINT('',(-1.570796326795,-28.));
#4339 = CARTESIAN_POINT('',(-1.374446785946,-28.));
#4340 = CARTESIAN_POINT('',(-1.178097245096,-28.13218232798));
#4341 = CARTESIAN_POINT('',(-0.981747704246,-28.39654586081));
#4342 = CARTESIAN_POINT('',(-0.785398163395,-28.7822237483));
#4343 = CARTESIAN_POINT('',(-0.589048622547,-29.2674602162));
#4344 = CARTESIAN_POINT('',(-0.392699081699,-29.82190261506));
#4345 = CARTESIAN_POINT('',(-0.196349540849,-30.41095137745));
#4346 = CARTESIAN_POINT('',(-6.123233995737E-17,-31.));
#4347 = ( GEOMETRIC_REPRESENTATION_CONTEXT(2) 
PARAMETRIC_REPRESENTATION_CONTEXT() REPRESENTATION_CONTEXT('2D SPACE',''
  ) );
#4348 = PCURVE('',#4349,#4354);
#4349 = CYLINDRICAL_SURFACE('',#4350,3.);
#4350 = AXIS2_PLACEMENT_3D('',#4351,#4352,#4353);
#4351 = CARTESIAN_POINT('',(455.,55.,-80.));
#4352 = DIRECTION('',(-0.,-0.,-1.));
#4353 = DIRECTION('',(1.,0.,0.));
#4354 = DEFINITIONAL_REPRESENTATION('',(#4355),#4365);
#4355 = B_SPLINE_CURVE_WITH_KNOTS('',8,(#4356,#4357,#4358,#4359,#4360,
    #4361,#4362,#4363,#4364),.UNSPECIFIED.,.F.,.F.,(9,9),(0.,
    1.570796326795),.PIECEWISE_BEZIER_KNOTS.);
#4356 = CARTESIAN_POINT('',(-1.570796326795,-83.));
#4357 = CARTESIAN_POINT('',(-1.374446785946,-83.));
#4358 = CARTESIAN_POINT('',(-1.178097245096,-82.86781767194));
#4359 = CARTESIAN_POINT('',(-0.981747704247,-82.60345413905));
#4360 = CARTESIAN_POINT('',(-0.785398163398,-82.21777625102));
#4361 = CARTESIAN_POINT('',(-0.589048622548,-81.73253978346));
#4362 = CARTESIAN_POINT('',(-0.392699081698,-81.1780973849));
#4363 = CARTESIAN_POINT('',(-0.196349540849,-80.58904862254));
#4364 = CARTESIAN_POINT('',(0.,-80.));
#4365 = ( GEOMETRIC_REPRESENTATION_CONTEXT(2) 
PARAMETRIC_REPRESENTATION_CONTEXT() REPRESENTATION_CONTEXT('2D SPACE',''
  ) );
#4366 = ORIENTED_EDGE('',*,*,#4367,.F.);
#4367 = EDGE_CURVE('',#4368,#4325,#4370,.T.);
#4368 = VERTEX_POINT('',#4369);
#4369 = CARTESIAN_POINT('',(452.,55.,3.673940397442E-16));
#4370 = SURFACE_CURVE('',#4371,(#4376,#4389),.PCURVE_S1.);
#4371 = ELLIPSE('',#4372,4.242640687119,3.);
#4372 = AXIS2_PLACEMENT_3D('',#4373,#4374,#4375);
#4373 = CARTESIAN_POINT('',(455.,55.,0.));
#4374 = DIRECTION('',(-0.,0.707106781187,-0.707106781187));
#4375 = DIRECTION('',(0.,0.707106781187,0.707106781187));
#4376 = PCURVE('',#3392,#4377);
#4377 = DEFINITIONAL_REPRESENTATION('',(#4378),#4388);
#4378 = B_SPLINE_CURVE_WITH_KNOTS('',8,(#4379,#4380,#4381,#4382,#4383,
    #4384,#4385,#4386,#4387),.UNSPECIFIED.,.F.,.F.,(9,9),(4.712388880385
    ,6.28318530718),.PIECEWISE_BEZIER_KNOTS.);
#4379 = CARTESIAN_POINT('',(-3.14159275359,-31.0000003));
#4380 = CARTESIAN_POINT('',(-2.94524320024,-30.41095163995));
#4381 = CARTESIAN_POINT('',(-2.748893646887,-29.82190282683));
#4382 = CARTESIAN_POINT('',(-2.552544093546,-29.26746037064));
#4383 = CARTESIAN_POINT('',(-2.356194540173,-28.78222384658));
#4384 = CARTESIAN_POINT('',(-2.159844986852,-28.39654591131));
#4385 = CARTESIAN_POINT('',(-1.96349543349,-28.13218234479));
#4386 = CARTESIAN_POINT('',(-1.767145880144,-28.));
#4387 = CARTESIAN_POINT('',(-1.570796326795,-28.));
#4388 = ( GEOMETRIC_REPRESENTATION_CONTEXT(2) 
PARAMETRIC_REPRESENTATION_CONTEXT() REPRESENTATION_CONTEXT('2D SPACE',''
  ) );
#4389 = PCURVE('',#4349,#4390);
#4390 = DEFINITIONAL_REPRESENTATION('',(#4391),#4401);
#4391 = B_SPLINE_CURVE_WITH_KNOTS('',8,(#4392,#4393,#4394,#4395,#4396,
    #4397,#4398,#4399,#4400),.UNSPECIFIED.,.F.,.F.,(9,9),(4.712388880385
    ,6.28318530718),.PIECEWISE_BEZIER_KNOTS.);
#4392 = CARTESIAN_POINT('',(-3.14159275359,-79.9999997));
#4393 = CARTESIAN_POINT('',(-2.94524320024,-80.58904836004));
#4394 = CARTESIAN_POINT('',(-2.748893646891,-81.17809717307));
#4395 = CARTESIAN_POINT('',(-2.552544093543,-81.73253962941));
#4396 = CARTESIAN_POINT('',(-2.356194540194,-82.21777615312));
#4397 = CARTESIAN_POINT('',(-2.159844986841,-82.60345408896));
#4398 = CARTESIAN_POINT('',(-1.963495433493,-82.8678176551));
#4399 = CARTESIAN_POINT('',(-1.767145880144,-83.));
#4400 = CARTESIAN_POINT('',(-1.570796326795,-83.));
#4401 = ( GEOMETRIC_REPRESENTATION_CONTEXT(2) 
PARAMETRIC_REPRESENTATION_CONTEXT() REPRESENTATION_CONTEXT('2D SPACE',''
  ) );
#4402 = ORIENTED_EDGE('',*,*,#4403,.F.);
#4403 = EDGE_CURVE('',#4404,#4368,#4406,.T.);
#4404 = VERTEX_POINT('',#4405);
#4405 = CARTESIAN_POINT('',(455.,58.,-3.));
#4406 = SURFACE_CURVE('',#4407,(#4412,#4425),.PCURVE_S1.);
#4407 = ELLIPSE('',#4408,4.242640687119,3.);
#4408 = AXIS2_PLACEMENT_3D('',#4409,#4410,#4411);
#4409 = CARTESIAN_POINT('',(455.,55.,0.));
#4410 = DIRECTION('',(0.,0.707106781187,0.707106781187));
#4411 = DIRECTION('',(-0.,0.707106781187,-0.707106781187));
#4412 = PCURVE('',#3392,#4413);
#4413 = DEFINITIONAL_REPRESENTATION('',(#4414),#4424);
#4414 = B_SPLINE_CURVE_WITH_KNOTS('',8,(#4415,#4416,#4417,#4418,#4419,
    #4420,#4421,#4422,#4423),.UNSPECIFIED.,.F.,.F.,(9,9),(0.,
    1.570796426795),.PIECEWISE_BEZIER_KNOTS.);
#4415 = CARTESIAN_POINT('',(-4.712388980385,-28.));
#4416 = CARTESIAN_POINT('',(-4.516039427035,-28.));
#4417 = CARTESIAN_POINT('',(-4.319689873685,-28.13218234478));
#4418 = CARTESIAN_POINT('',(-4.123340320335,-28.39654591145));
#4419 = CARTESIAN_POINT('',(-3.926990766995,-28.78222384632));
#4420 = CARTESIAN_POINT('',(-3.730641213637,-29.26746037084));
#4421 = CARTESIAN_POINT('',(-3.534291660284,-29.82190282679));
#4422 = CARTESIAN_POINT('',(-3.337942106939,-30.41095163995));
#4423 = CARTESIAN_POINT('',(-3.14159255359,-31.0000003));
#4424 = ( GEOMETRIC_REPRESENTATION_CONTEXT(2) 
PARAMETRIC_REPRESENTATION_CONTEXT() REPRESENTATION_CONTEXT('2D SPACE',''
  ) );
#4425 = PCURVE('',#4349,#4426);
#4426 = DEFINITIONAL_REPRESENTATION('',(#4427),#4437);
#4427 = B_SPLINE_CURVE_WITH_KNOTS('',8,(#4428,#4429,#4430,#4431,#4432,
    #4433,#4434,#4435,#4436),.UNSPECIFIED.,.F.,.F.,(9,9),(0.,
    1.570796426795),.PIECEWISE_BEZIER_KNOTS.);
#4428 = CARTESIAN_POINT('',(-1.570796326795,-77.));
#4429 = CARTESIAN_POINT('',(-1.767145880144,-77.));
#4430 = CARTESIAN_POINT('',(-1.963495433489,-77.1321823447));
#4431 = CARTESIAN_POINT('',(-2.159844986845,-77.39654591176));
#4432 = CARTESIAN_POINT('',(-2.35619454018,-77.78222384577));
#4433 = CARTESIAN_POINT('',(-2.552544093542,-78.26746037101));
#4434 = CARTESIAN_POINT('',(-2.748893646887,-78.82190282674));
#4435 = CARTESIAN_POINT('',(-2.94524320024,-79.41095163995));
#4436 = CARTESIAN_POINT('',(-3.14159275359,-80.0000003));
#4437 = ( GEOMETRIC_REPRESENTATION_CONTEXT(2) 
PARAMETRIC_REPRESENTATION_CONTEXT() REPRESENTATION_CONTEXT('2D SPACE',''
  ) );
#4438 = ORIENTED_EDGE('',*,*,#4439,.F.);
#4439 = EDGE_CURVE('',#4327,#4404,#4440,.T.);
#4440 = SURFACE_CURVE('',#4441,(#4446,#4459),.PCURVE_S1.);
#4441 = ELLIPSE('',#4442,4.242640687119,3.);
#4442 = AXIS2_PLACEMENT_3D('',#4443,#4444,#4445);
#4443 = CARTESIAN_POINT('',(455.,55.,0.));
#4444 = DIRECTION('',(0.,0.707106781187,0.707106781187));
#4445 = DIRECTION('',(-0.,0.707106781187,-0.707106781187));
#4446 = PCURVE('',#3392,#4447);
#4447 = DEFINITIONAL_REPRESENTATION('',(#4448),#4458);
#4448 = B_SPLINE_CURVE_WITH_KNOTS('',8,(#4449,#4450,#4451,#4452,#4453,
    #4454,#4455,#4456,#4457),.UNSPECIFIED.,.F.,.F.,(9,9),(4.712388980385
    ,6.28318530718),.PIECEWISE_BEZIER_KNOTS.);
#4449 = CARTESIAN_POINT('',(-6.28318530718,-31.));
#4450 = CARTESIAN_POINT('',(-6.08683576633,-30.41095137745));
#4451 = CARTESIAN_POINT('',(-5.890486225481,-29.82190261503));
#4452 = CARTESIAN_POINT('',(-5.694136684633,-29.26746021631));
#4453 = CARTESIAN_POINT('',(-5.497787143778,-28.7822237483));
#4454 = CARTESIAN_POINT('',(-5.301437602935,-28.39654586094));
#4455 = CARTESIAN_POINT('',(-5.105088062083,-28.13218232796));
#4456 = CARTESIAN_POINT('',(-4.908738521234,-28.));
#4457 = CARTESIAN_POINT('',(-4.712388980385,-28.));
#4458 = ( GEOMETRIC_REPRESENTATION_CONTEXT(2) 
PARAMETRIC_REPRESENTATION_CONTEXT() REPRESENTATION_CONTEXT('2D SPACE',''
  ) );
#4459 = PCURVE('',#4349,#4460);
#4460 = DEFINITIONAL_REPRESENTATION('',(#4461),#4471);
#4461 = B_SPLINE_CURVE_WITH_KNOTS('',8,(#4462,#4463,#4464,#4465,#4466,
    #4467,#4468,#4469,#4470),.UNSPECIFIED.,.F.,.F.,(9,9),(4.712388980385
    ,6.28318530718),.PIECEWISE_BEZIER_KNOTS.);
#4462 = CARTESIAN_POINT('',(0.,-80.));
#4463 = CARTESIAN_POINT('',(-0.196349540849,-79.41095137745));
#4464 = CARTESIAN_POINT('',(-0.392699081699,-78.82190261508));
#4465 = CARTESIAN_POINT('',(-0.589048622549,-78.26746021589));
#4466 = CARTESIAN_POINT('',(-0.785398163395,-77.78222374845));
#4467 = CARTESIAN_POINT('',(-0.981747704249,-77.39654586062));
#4468 = CARTESIAN_POINT('',(-1.178097245096,-77.13218232801));
#4469 = CARTESIAN_POINT('',(-1.374446785946,-77.));
#4470 = CARTESIAN_POINT('',(-1.570796326795,-77.));
#4471 = ( GEOMETRIC_REPRESENTATION_CONTEXT(2) 
PARAMETRIC_REPRESENTATION_CONTEXT() REPRESENTATION_CONTEXT('2D SPACE',''
  ) );
#4472 = ADVANCED_FACE('',(#4473),#3454,.F.);
#4473 = FACE_BOUND('',#4474,.T.);
#4474 = EDGE_LOOP('',(#4475,#4505,#4526,#4527,#4528,#4578,#4608));
#4475 = ORIENTED_EDGE('',*,*,#4476,.F.);
#4476 = EDGE_CURVE('',#4477,#4479,#4481,.T.);
#4477 = VERTEX_POINT('',#4478);
#4478 = CARTESIAN_POINT('',(480.,73.,-110.));
#4479 = VERTEX_POINT('',#4480);
#4480 = CARTESIAN_POINT('',(481.,73.,-110.));
#4481 = SURFACE_CURVE('',#4482,(#4486,#4493),.PCURVE_S1.);
#4482 = LINE('',#4483,#4484);
#4483 = CARTESIAN_POINT('',(419.,73.,-110.));
#4484 = VECTOR('',#4485,1.);
#4485 = DIRECTION('',(1.,0.,0.));
#4486 = PCURVE('',#3454,#4487);
#4487 = DEFINITIONAL_REPRESENTATION('',(#4488),#4492);
#4488 = LINE('',#4489,#4490);
#4489 = CARTESIAN_POINT('',(-6.28318530718,0.));
#4490 = VECTOR('',#4491,1.);
#4491 = DIRECTION('',(-0.,-1.));
#4492 = ( GEOMETRIC_REPRESENTATION_CONTEXT(2) 
PARAMETRIC_REPRESENTATION_CONTEXT() REPRESENTATION_CONTEXT('2D SPACE',''
  ) );
#4493 = PCURVE('',#4494,#4499);
#4494 = CYLINDRICAL_SURFACE('',#4495,3.);
#4495 = AXIS2_PLACEMENT_3D('',#4496,#4497,#4498);
#4496 = CARTESIAN_POINT('',(419.,70.,-110.));
#4497 = DIRECTION('',(-1.,-0.,-0.));
#4498 = DIRECTION('',(0.,1.,0.));
#4499 = DEFINITIONAL_REPRESENTATION('',(#4500),#4504);
#4500 = LINE('',#4501,#4502);
#4501 = CARTESIAN_POINT('',(-0.,0.));
#4502 = VECTOR('',#4503,1.);
#4503 = DIRECTION('',(-0.,-1.));
#4504 = ( GEOMETRIC_REPRESENTATION_CONTEXT(2) 
PARAMETRIC_REPRESENTATION_CONTEXT() REPRESENTATION_CONTEXT('2D SPACE',''
  ) );
#4505 = ORIENTED_EDGE('',*,*,#4506,.F.);
#4506 = EDGE_CURVE('',#3434,#4477,#4507,.T.);
#4507 = SEAM_CURVE('',#4508,(#4512,#4519),.PCURVE_S1.);
#4508 = LINE('',#4509,#4510);
#4509 = CARTESIAN_POINT('',(419.,73.,-110.));
#4510 = VECTOR('',#4511,1.);
#4511 = DIRECTION('',(1.,0.,0.));
#4512 = PCURVE('',#3454,#4513);
#4513 = DEFINITIONAL_REPRESENTATION('',(#4514),#4518);
#4514 = LINE('',#4515,#4516);
#4515 = CARTESIAN_POINT('',(-6.28318530718,0.));
#4516 = VECTOR('',#4517,1.);
#4517 = DIRECTION('',(-0.,-1.));
#4518 = ( GEOMETRIC_REPRESENTATION_CONTEXT(2) 
PARAMETRIC_REPRESENTATION_CONTEXT() REPRESENTATION_CONTEXT('2D SPACE',''
  ) );
#4519 = PCURVE('',#3454,#4520);
#4520 = DEFINITIONAL_REPRESENTATION('',(#4521),#4525);
#4521 = LINE('',#4522,#4523);
#4522 = CARTESIAN_POINT('',(-0.,0.));
#4523 = VECTOR('',#4524,1.);
#4524 = DIRECTION('',(-0.,-1.));
#4525 = ( GEOMETRIC_REPRESENTATION_CONTEXT(2) 
PARAMETRIC_REPRESENTATION_CONTEXT() REPRESENTATION_CONTEXT('2D SPACE',''
  ) );
#4526 = ORIENTED_EDGE('',*,*,#3433,.T.);
#4527 = ORIENTED_EDGE('',*,*,#4506,.T.);
#4528 = ORIENTED_EDGE('',*,*,#4529,.F.);
#4529 = EDGE_CURVE('',#4530,#4477,#4532,.T.);
#4530 = VERTEX_POINT('',#4531);
#4531 = CARTESIAN_POINT('',(480.,67.,-110.));
#4532 = SURFACE_CURVE('',#4533,(#4538,#4558),.PCURVE_S1.);
#4533 = ELLIPSE('',#4534,4.242640687119,3.);
#4534 = AXIS2_PLACEMENT_3D('',#4535,#4536,#4537);
#4535 = CARTESIAN_POINT('',(480.,70.,-110.));
#4536 = DIRECTION('',(-0.707106781187,-0.,-0.707106781187));
#4537 = DIRECTION('',(0.707106781187,0.,-0.707106781187));
#4538 = PCURVE('',#3454,#4539);
#4539 = DEFINITIONAL_REPRESENTATION('',(#4540),#4557);
#4540 = B_SPLINE_CURVE_WITH_KNOTS('',8,(#4541,#4542,#4543,#4544,#4545,
    #4546,#4547,#4548,#4549,#4550,#4551,#4552,#4553,#4554,#4555,#4556),
  .UNSPECIFIED.,.F.,.F.,(9,7,9),(1.570796226795,3.14159260359,
    4.712388980385),.UNSPECIFIED.);
#4541 = CARTESIAN_POINT('',(-3.14159275359,-61.0000003));
#4542 = CARTESIAN_POINT('',(-2.94524320649,-60.4109516587));
#4543 = CARTESIAN_POINT('',(-2.74889365939,-59.82190286423));
#4544 = CARTESIAN_POINT('',(-2.552544112292,-59.26746042413));
#4545 = CARTESIAN_POINT('',(-2.356194565182,-58.78222390776));
#4546 = CARTESIAN_POINT('',(-2.15984501809,-58.39654597305));
#4547 = CARTESIAN_POINT('',(-1.963495470993,-58.13218239516));
#4548 = CARTESIAN_POINT('',(-1.767145923894,-58.00000002945));
#4549 = CARTESIAN_POINT('',(-1.374446829696,-57.99999997054));
#4550 = CARTESIAN_POINT('',(-1.178097282596,-58.13218227747));
#4551 = CARTESIAN_POINT('',(-0.981747735499,-58.39654579942));
#4552 = CARTESIAN_POINT('',(-0.785398188392,-58.78222368628));
#4553 = CARTESIAN_POINT('',(-0.589048641299,-59.26746016327));
#4554 = CARTESIAN_POINT('',(-0.392699094198,-59.82190257758));
#4555 = CARTESIAN_POINT('',(-0.196349547099,-60.4109513587));
#4556 = CARTESIAN_POINT('',(0.,-61.));
#4557 = ( GEOMETRIC_REPRESENTATION_CONTEXT(2) 
PARAMETRIC_REPRESENTATION_CONTEXT() REPRESENTATION_CONTEXT('2D SPACE',''
  ) );
#4558 = PCURVE('',#4172,#4559);
#4559 = DEFINITIONAL_REPRESENTATION('',(#4560),#4577);
#4560 = B_SPLINE_CURVE_WITH_KNOTS('',8,(#4561,#4562,#4563,#4564,#4565,
    #4566,#4567,#4568,#4569,#4570,#4571,#4572,#4573,#4574,#4575,#4576),
  .UNSPECIFIED.,.F.,.F.,(9,7,9),(1.570796226795,3.14159260359,
    4.712388980385),.UNSPECIFIED.);
#4561 = CARTESIAN_POINT('',(-4.712389080385,3.000000106113E-07));
#4562 = CARTESIAN_POINT('',(-4.516039533285,-0.589048341298));
#4563 = CARTESIAN_POINT('',(-4.319689986186,-1.178097135672));
#4564 = CARTESIAN_POINT('',(-4.123340439086,-1.732539576226));
#4565 = CARTESIAN_POINT('',(-3.926990891974,-2.217776091729));
#4566 = CARTESIAN_POINT('',(-3.730641344886,-2.603454027144));
#4567 = CARTESIAN_POINT('',(-3.534291797788,-2.867817604721));
#4568 = CARTESIAN_POINT('',(-3.337942250689,-2.999999970548));
#4569 = CARTESIAN_POINT('',(-2.94524315649,-3.000000029452));
#4570 = CARTESIAN_POINT('',(-2.748893609387,-2.867817722528));
#4571 = CARTESIAN_POINT('',(-2.552544062301,-2.603454200413));
#4572 = CARTESIAN_POINT('',(-2.356194515169,-2.217776313495));
#4573 = CARTESIAN_POINT('',(-2.159844968102,-1.732539836588));
#4574 = CARTESIAN_POINT('',(-1.963495420989,-1.178097422452));
#4575 = CARTESIAN_POINT('',(-1.767145873894,-0.589048641298));
#4576 = CARTESIAN_POINT('',(-1.570796326795,0.));
#4577 = ( GEOMETRIC_REPRESENTATION_CONTEXT(2) 
PARAMETRIC_REPRESENTATION_CONTEXT() REPRESENTATION_CONTEXT('2D SPACE',''
  ) );
#4578 = ORIENTED_EDGE('',*,*,#4579,.F.);
#4579 = EDGE_CURVE('',#4580,#4530,#4582,.T.);
#4580 = VERTEX_POINT('',#4581);
#4581 = CARTESIAN_POINT('',(481.,67.171572875254,-109.));
#4582 = SURFACE_CURVE('',#4583,(#4588,#4598),.PCURVE_S1.);
#4583 = ELLIPSE('',#4584,4.242640687119,3.);
#4584 = AXIS2_PLACEMENT_3D('',#4585,#4586,#4587);
#4585 = CARTESIAN_POINT('',(480.,70.,-110.));
#4586 = DIRECTION('',(0.707106781187,0.,-0.707106781187));
#4587 = DIRECTION('',(-0.707106781187,-0.,-0.707106781187));
#4588 = PCURVE('',#3454,#4589);
#4589 = DEFINITIONAL_REPRESENTATION('',(#4590),#4597);
#4590 = B_SPLINE_CURVE_WITH_KNOTS('',5,(#4591,#4592,#4593,#4594,#4595,
    #4596),.UNSPECIFIED.,.F.,.F.,(6,6),(4.372551858798,4.712389080385),
  .PIECEWISE_BEZIER_KNOTS.);
#4591 = CARTESIAN_POINT('',(-2.801755532003,-62.0000006));
#4592 = CARTESIAN_POINT('',(-2.86972297632,-61.80775965131));
#4593 = CARTESIAN_POINT('',(-2.937690420638,-61.60974425866));
#4594 = CARTESIAN_POINT('',(-3.005657864955,-61.40780438871));
#4595 = CARTESIAN_POINT('',(-3.073625309272,-61.20390203295));
#4596 = CARTESIAN_POINT('',(-3.14159275359,-60.9999997));
#4597 = ( GEOMETRIC_REPRESENTATION_CONTEXT(2) 
PARAMETRIC_REPRESENTATION_CONTEXT() REPRESENTATION_CONTEXT('2D SPACE',''
  ) );
#4598 = PCURVE('',#4172,#4599);
#4599 = DEFINITIONAL_REPRESENTATION('',(#4600),#4607);
#4600 = B_SPLINE_CURVE_WITH_KNOTS('',5,(#4601,#4602,#4603,#4604,#4605,
    #4606),.UNSPECIFIED.,.F.,.F.,(6,6),(4.372551858798,4.712389080385),
  .PIECEWISE_BEZIER_KNOTS.);
#4601 = CARTESIAN_POINT('',(-5.052226101972,-1.000000600002));
#4602 = CARTESIAN_POINT('',(-4.984258657654,-0.807759651314));
#4603 = CARTESIAN_POINT('',(-4.916291213337,-0.609744258664));
#4604 = CARTESIAN_POINT('',(-4.84832376902,-0.407804388716));
#4605 = CARTESIAN_POINT('',(-4.780356324702,-0.203902032952));
#4606 = CARTESIAN_POINT('',(-4.712388880385,2.999999964004E-07));
#4607 = ( GEOMETRIC_REPRESENTATION_CONTEXT(2) 
PARAMETRIC_REPRESENTATION_CONTEXT() REPRESENTATION_CONTEXT('2D SPACE',''
  ) );
#4608 = ORIENTED_EDGE('',*,*,#4609,.T.);
#4609 = EDGE_CURVE('',#4580,#4479,#4610,.T.);
#4610 = SURFACE_CURVE('',#4611,(#4616,#4623),.PCURVE_S1.);
#4611 = CIRCLE('',#4612,3.);
#4612 = AXIS2_PLACEMENT_3D('',#4613,#4614,#4615);
#4613 = CARTESIAN_POINT('',(481.,70.,-110.));
#4614 = DIRECTION('',(1.,0.,0.));
#4615 = DIRECTION('',(0.,1.,0.));
#4616 = PCURVE('',#3454,#4617);
#4617 = DEFINITIONAL_REPRESENTATION('',(#4618),#4622);
#4618 = LINE('',#4619,#4620);
#4619 = CARTESIAN_POINT('',(-0.,-62.));
#4620 = VECTOR('',#4621,1.);
#4621 = DIRECTION('',(-1.,0.));
#4622 = ( GEOMETRIC_REPRESENTATION_CONTEXT(2) 
PARAMETRIC_REPRESENTATION_CONTEXT() REPRESENTATION_CONTEXT('2D SPACE',''
  ) );
#4623 = PCURVE('',#4624,#4629);
#4624 = PLANE('',#4625);
#4625 = AXIS2_PLACEMENT_3D('',#4626,#4627,#4628);
#4626 = CARTESIAN_POINT('',(481.,70.,-110.));
#4627 = DIRECTION('',(1.,0.,0.));
#4628 = DIRECTION('',(-0.,0.,1.));
#4629 = DEFINITIONAL_REPRESENTATION('',(#4630),#4634);
#4630 = CIRCLE('',#4631,3.);
#4631 = AXIS2_PLACEMENT_2D('',#4632,#4633);
#4632 = CARTESIAN_POINT('',(-1.42108547152E-14,0.));
#4633 = DIRECTION('',(0.,-1.));
#4634 = ( GEOMETRIC_REPRESENTATION_CONTEXT(2) 
PARAMETRIC_REPRESENTATION_CONTEXT() REPRESENTATION_CONTEXT('2D SPACE',''
  ) );
#4635 = ADVANCED_FACE('',(#4636),#3489,.F.);
#4636 = FACE_BOUND('',#4637,.T.);
#4637 = EDGE_LOOP('',(#4638,#4661,#4689,#4718,#4748,#4784,#4818,#4819));
#4638 = ORIENTED_EDGE('',*,*,#4639,.T.);
#4639 = EDGE_CURVE('',#3469,#4640,#4642,.T.);
#4640 = VERTEX_POINT('',#4641);
#4641 = CARTESIAN_POINT('',(480.,73.,110.));
#4642 = SEAM_CURVE('',#4643,(#4647,#4654),.PCURVE_S1.);
#4643 = LINE('',#4644,#4645);
#4644 = CARTESIAN_POINT('',(419.,73.,110.));
#4645 = VECTOR('',#4646,1.);
#4646 = DIRECTION('',(1.,0.,0.));
#4647 = PCURVE('',#3489,#4648);
#4648 = DEFINITIONAL_REPRESENTATION('',(#4649),#4653);
#4649 = LINE('',#4650,#4651);
#4650 = CARTESIAN_POINT('',(-0.,0.));
#4651 = VECTOR('',#4652,1.);
#4652 = DIRECTION('',(-0.,-1.));
#4653 = ( GEOMETRIC_REPRESENTATION_CONTEXT(2) 
PARAMETRIC_REPRESENTATION_CONTEXT() REPRESENTATION_CONTEXT('2D SPACE',''
  ) );
#4654 = PCURVE('',#3489,#4655);
#4655 = DEFINITIONAL_REPRESENTATION('',(#4656),#4660);
#4656 = LINE('',#4657,#4658);
#4657 = CARTESIAN_POINT('',(-6.28318530718,0.));
#4658 = VECTOR('',#4659,1.);
#4659 = DIRECTION('',(-0.,-1.));
#4660 = ( GEOMETRIC_REPRESENTATION_CONTEXT(2) 
PARAMETRIC_REPRESENTATION_CONTEXT() REPRESENTATION_CONTEXT('2D SPACE',''
  ) );
#4661 = ORIENTED_EDGE('',*,*,#4662,.T.);
#4662 = EDGE_CURVE('',#4640,#4663,#4665,.T.);
#4663 = VERTEX_POINT('',#4664);
#4664 = CARTESIAN_POINT('',(481.,73.,110.));
#4665 = SURFACE_CURVE('',#4666,(#4670,#4677),.PCURVE_S1.);
#4666 = LINE('',#4667,#4668);
#4667 = CARTESIAN_POINT('',(419.,73.,110.));
#4668 = VECTOR('',#4669,1.);
#4669 = DIRECTION('',(1.,0.,0.));
#4670 = PCURVE('',#3489,#4671);
#4671 = DEFINITIONAL_REPRESENTATION('',(#4672),#4676);
#4672 = LINE('',#4673,#4674);
#4673 = CARTESIAN_POINT('',(-0.,0.));
#4674 = VECTOR('',#4675,1.);
#4675 = DIRECTION('',(-0.,-1.));
#4676 = ( GEOMETRIC_REPRESENTATION_CONTEXT(2) 
PARAMETRIC_REPRESENTATION_CONTEXT() REPRESENTATION_CONTEXT('2D SPACE',''
  ) );
#4677 = PCURVE('',#4678,#4683);
#4678 = CYLINDRICAL_SURFACE('',#4679,3.);
#4679 = AXIS2_PLACEMENT_3D('',#4680,#4681,#4682);
#4680 = CARTESIAN_POINT('',(419.,70.,110.));
#4681 = DIRECTION('',(-1.,-0.,-0.));
#4682 = DIRECTION('',(0.,1.,0.));
#4683 = DEFINITIONAL_REPRESENTATION('',(#4684),#4688);
#4684 = LINE('',#4685,#4686);
#4685 = CARTESIAN_POINT('',(-6.28318530718,0.));
#4686 = VECTOR('',#4687,1.);
#4687 = DIRECTION('',(-0.,-1.));
#4688 = ( GEOMETRIC_REPRESENTATION_CONTEXT(2) 
PARAMETRIC_REPRESENTATION_CONTEXT() REPRESENTATION_CONTEXT('2D SPACE',''
  ) );
#4689 = ORIENTED_EDGE('',*,*,#4690,.T.);
#4690 = EDGE_CURVE('',#4663,#4691,#4693,.T.);
#4691 = VERTEX_POINT('',#4692);
#4692 = CARTESIAN_POINT('',(481.,67.171572875254,109.));
#4693 = SURFACE_CURVE('',#4694,(#4699,#4706),.PCURVE_S1.);
#4694 = CIRCLE('',#4695,3.);
#4695 = AXIS2_PLACEMENT_3D('',#4696,#4697,#4698);
#4696 = CARTESIAN_POINT('',(481.,70.,110.));
#4697 = DIRECTION('',(1.,0.,0.));
#4698 = DIRECTION('',(0.,1.,0.));
#4699 = PCURVE('',#3489,#4700);
#4700 = DEFINITIONAL_REPRESENTATION('',(#4701),#4705);
#4701 = LINE('',#4702,#4703);
#4702 = CARTESIAN_POINT('',(-0.,-62.));
#4703 = VECTOR('',#4704,1.);
#4704 = DIRECTION('',(-1.,0.));
#4705 = ( GEOMETRIC_REPRESENTATION_CONTEXT(2) 
PARAMETRIC_REPRESENTATION_CONTEXT() REPRESENTATION_CONTEXT('2D SPACE',''
  ) );
#4706 = PCURVE('',#4707,#4712);
#4707 = PLANE('',#4708);
#4708 = AXIS2_PLACEMENT_3D('',#4709,#4710,#4711);
#4709 = CARTESIAN_POINT('',(481.,70.,110.));
#4710 = DIRECTION('',(1.,0.,0.));
#4711 = DIRECTION('',(-0.,0.,1.));
#4712 = DEFINITIONAL_REPRESENTATION('',(#4713),#4717);
#4713 = CIRCLE('',#4714,3.);
#4714 = AXIS2_PLACEMENT_2D('',#4715,#4716);
#4715 = CARTESIAN_POINT('',(1.42108547152E-14,0.));
#4716 = DIRECTION('',(0.,-1.));
#4717 = ( GEOMETRIC_REPRESENTATION_CONTEXT(2) 
PARAMETRIC_REPRESENTATION_CONTEXT() REPRESENTATION_CONTEXT('2D SPACE',''
  ) );
#4718 = ORIENTED_EDGE('',*,*,#4719,.T.);
#4719 = EDGE_CURVE('',#4691,#4720,#4722,.T.);
#4720 = VERTEX_POINT('',#4721);
#4721 = CARTESIAN_POINT('',(480.,67.,110.));
#4722 = SURFACE_CURVE('',#4723,(#4728,#4738),.PCURVE_S1.);
#4723 = ELLIPSE('',#4724,4.242640687119,3.);
#4724 = AXIS2_PLACEMENT_3D('',#4725,#4726,#4727);
#4725 = CARTESIAN_POINT('',(480.,70.,110.));
#4726 = DIRECTION('',(-0.707106781187,-0.,-0.707106781187));
#4727 = DIRECTION('',(0.707106781187,0.,-0.707106781187));
#4728 = PCURVE('',#3489,#4729);
#4729 = DEFINITIONAL_REPRESENTATION('',(#4730),#4737);
#4730 = B_SPLINE_CURVE_WITH_KNOTS('',5,(#4731,#4732,#4733,#4734,#4735,
    #4736),.UNSPECIFIED.,.F.,.F.,(6,6),(1.230959205208,1.570796426795),
  .PIECEWISE_BEZIER_KNOTS.);
#4731 = CARTESIAN_POINT('',(-3.481429775177,-62.0000006));
#4732 = CARTESIAN_POINT('',(-3.413462330859,-61.80775965131));
#4733 = CARTESIAN_POINT('',(-3.345494886542,-61.60974425866));
#4734 = CARTESIAN_POINT('',(-3.277527442225,-61.40780438871));
#4735 = CARTESIAN_POINT('',(-3.209559997907,-61.20390203295));
#4736 = CARTESIAN_POINT('',(-3.14159255359,-60.9999997));
#4737 = ( GEOMETRIC_REPRESENTATION_CONTEXT(2) 
PARAMETRIC_REPRESENTATION_CONTEXT() REPRESENTATION_CONTEXT('2D SPACE',''
  ) );
#4738 = PCURVE('',#4172,#4739);
#4739 = DEFINITIONAL_REPRESENTATION('',(#4740),#4747);
#4740 = B_SPLINE_CURVE_WITH_KNOTS('',5,(#4741,#4742,#4743,#4744,#4745,
    #4746),.UNSPECIFIED.,.F.,.F.,(6,6),(1.230959205208,1.570796426795),
  .PIECEWISE_BEZIER_KNOTS.);
#4741 = CARTESIAN_POINT('',(-5.052226101972,-218.9999993999));
#4742 = CARTESIAN_POINT('',(-4.984258657654,-219.1922403486));
#4743 = CARTESIAN_POINT('',(-4.916291213337,-219.3902557413));
#4744 = CARTESIAN_POINT('',(-4.84832376902,-219.5921956112));
#4745 = CARTESIAN_POINT('',(-4.780356324702,-219.796097967));
#4746 = CARTESIAN_POINT('',(-4.712388880385,-220.0000003));
#4747 = ( GEOMETRIC_REPRESENTATION_CONTEXT(2) 
PARAMETRIC_REPRESENTATION_CONTEXT() REPRESENTATION_CONTEXT('2D SPACE',''
  ) );
#4748 = ORIENTED_EDGE('',*,*,#4749,.T.);
#4749 = EDGE_CURVE('',#4720,#4750,#4752,.T.);
#4750 = VERTEX_POINT('',#4751);
#4751 = CARTESIAN_POINT('',(477.,70.,107.));
#4752 = SURFACE_CURVE('',#4753,(#4758,#4771),.PCURVE_S1.);
#4753 = ELLIPSE('',#4754,4.242640687119,3.);
#4754 = AXIS2_PLACEMENT_3D('',#4755,#4756,#4757);
#4755 = CARTESIAN_POINT('',(480.,70.,110.));
#4756 = DIRECTION('',(0.707106781187,0.,-0.707106781187));
#4757 = DIRECTION('',(-0.707106781187,-0.,-0.707106781187));
#4758 = PCURVE('',#3489,#4759);
#4759 = DEFINITIONAL_REPRESENTATION('',(#4760),#4770);
#4760 = B_SPLINE_CURVE_WITH_KNOTS('',8,(#4761,#4762,#4763,#4764,#4765,
    #4766,#4767,#4768,#4769),.UNSPECIFIED.,.F.,.F.,(9,9),(4.712388880385
    ,6.28318530718),.PIECEWISE_BEZIER_KNOTS.);
#4761 = CARTESIAN_POINT('',(-3.14159255359,-61.0000003));
#4762 = CARTESIAN_POINT('',(-3.337942106939,-60.41095163995));
#4763 = CARTESIAN_POINT('',(-3.534291660286,-59.82190282682));
#4764 = CARTESIAN_POINT('',(-3.730641213633,-59.26746037084));
#4765 = CARTESIAN_POINT('',(-3.926990766962,-58.78222384618));
#4766 = CARTESIAN_POINT('',(-4.123340320335,-58.39654591152));
#4767 = CARTESIAN_POINT('',(-4.319689873682,-58.13218234478));
#4768 = CARTESIAN_POINT('',(-4.516039427035,-58.));
#4769 = CARTESIAN_POINT('',(-4.712388980385,-58.));
#4770 = ( GEOMETRIC_REPRESENTATION_CONTEXT(2) 
PARAMETRIC_REPRESENTATION_CONTEXT() REPRESENTATION_CONTEXT('2D SPACE',''
  ) );
#4771 = PCURVE('',#4172,#4772);
#4772 = DEFINITIONAL_REPRESENTATION('',(#4773),#4783);
#4773 = B_SPLINE_CURVE_WITH_KNOTS('',8,(#4774,#4775,#4776,#4777,#4778,
    #4779,#4780,#4781,#4782),.UNSPECIFIED.,.F.,.F.,(9,9),(4.712388880385
    ,6.28318530718),.PIECEWISE_BEZIER_KNOTS.);
#4774 = CARTESIAN_POINT('',(-4.712389080385,-220.0000003));
#4775 = CARTESIAN_POINT('',(-4.516039527035,-219.4109516399));
#4776 = CARTESIAN_POINT('',(-4.319689973688,-218.8219028268));
#4777 = CARTESIAN_POINT('',(-4.123340420332,-218.2674603702));
#4778 = CARTESIAN_POINT('',(-3.926990866996,-217.7822238459));
#4779 = CARTESIAN_POINT('',(-3.730641313632,-217.3965459107));
#4780 = CARTESIAN_POINT('',(-3.534291760288,-217.1321823448));
#4781 = CARTESIAN_POINT('',(-3.337942206939,-217.));
#4782 = CARTESIAN_POINT('',(-3.14159265359,-217.));
#4783 = ( GEOMETRIC_REPRESENTATION_CONTEXT(2) 
PARAMETRIC_REPRESENTATION_CONTEXT() REPRESENTATION_CONTEXT('2D SPACE',''
  ) );
#4784 = ORIENTED_EDGE('',*,*,#4785,.T.);
#4785 = EDGE_CURVE('',#4750,#4640,#4786,.T.);
#4786 = SURFACE_CURVE('',#4787,(#4792,#4805),.PCURVE_S1.);
#4787 = ELLIPSE('',#4788,4.242640687119,3.);
#4788 = AXIS2_PLACEMENT_3D('',#4789,#4790,#4791);
#4789 = CARTESIAN_POINT('',(480.,70.,110.));
#4790 = DIRECTION('',(0.707106781187,0.,-0.707106781187));
#4791 = DIRECTION('',(-0.707106781187,-0.,-0.707106781187));
#4792 = PCURVE('',#3489,#4793);
#4793 = DEFINITIONAL_REPRESENTATION('',(#4794),#4804);
#4794 = B_SPLINE_CURVE_WITH_KNOTS('',8,(#4795,#4796,#4797,#4798,#4799,
    #4800,#4801,#4802,#4803),.UNSPECIFIED.,.F.,.F.,(9,9),(0.,
    1.570796326795),.PIECEWISE_BEZIER_KNOTS.);
#4795 = CARTESIAN_POINT('',(-4.712388980385,-58.));
#4796 = CARTESIAN_POINT('',(-4.908738521234,-58.));
#4797 = CARTESIAN_POINT('',(-5.105088062084,-58.13218232794));
#4798 = CARTESIAN_POINT('',(-5.301437602937,-58.39654586094));
#4799 = CARTESIAN_POINT('',(-5.497787143781,-58.78222374804));
#4800 = CARTESIAN_POINT('',(-5.694136684633,-59.26746021641));
#4801 = CARTESIAN_POINT('',(-5.890486225481,-59.82190261501));
#4802 = CARTESIAN_POINT('',(-6.08683576633,-60.41095137745));
#4803 = CARTESIAN_POINT('',(-6.28318530718,-61.));
#4804 = ( GEOMETRIC_REPRESENTATION_CONTEXT(2) 
PARAMETRIC_REPRESENTATION_CONTEXT() REPRESENTATION_CONTEXT('2D SPACE',''
  ) );
#4805 = PCURVE('',#4172,#4806);
#4806 = DEFINITIONAL_REPRESENTATION('',(#4807),#4817);
#4807 = B_SPLINE_CURVE_WITH_KNOTS('',8,(#4808,#4809,#4810,#4811,#4812,
    #4813,#4814,#4815,#4816),.UNSPECIFIED.,.F.,.F.,(9,9),(0.,
    1.570796326795),.PIECEWISE_BEZIER_KNOTS.);
#4808 = CARTESIAN_POINT('',(-3.14159265359,-217.));
#4809 = CARTESIAN_POINT('',(-2.94524311274,-217.));
#4810 = CARTESIAN_POINT('',(-2.748893571888,-217.1321823277));
#4811 = CARTESIAN_POINT('',(-2.552544031053,-217.3965458611));
#4812 = CARTESIAN_POINT('',(-2.356194490181,-217.7822237479));
#4813 = CARTESIAN_POINT('',(-2.159844949356,-218.2674602167));
#4814 = CARTESIAN_POINT('',(-1.96349540849,-218.8219026148));
#4815 = CARTESIAN_POINT('',(-1.767145867644,-219.4109513774));
#4816 = CARTESIAN_POINT('',(-1.570796326795,-220.));
#4817 = ( GEOMETRIC_REPRESENTATION_CONTEXT(2) 
PARAMETRIC_REPRESENTATION_CONTEXT() REPRESENTATION_CONTEXT('2D SPACE',''
  ) );
#4818 = ORIENTED_EDGE('',*,*,#4639,.F.);
#4819 = ORIENTED_EDGE('',*,*,#3468,.T.);
#4820 = ADVANCED_FACE('',(#4821),#3524,.F.);
#4821 = FACE_BOUND('',#4822,.T.);
#4822 = EDGE_LOOP('',(#4823,#4824,#4847,#4874));
#4823 = ORIENTED_EDGE('',*,*,#3503,.T.);
#4824 = ORIENTED_EDGE('',*,*,#4825,.T.);
#4825 = EDGE_CURVE('',#3504,#4826,#4828,.T.);
#4826 = VERTEX_POINT('',#4827);
#4827 = CARTESIAN_POINT('',(450.,35.,-80.));
#4828 = SEAM_CURVE('',#4829,(#4833,#4840),.PCURVE_S1.);
#4829 = LINE('',#4830,#4831);
#4830 = CARTESIAN_POINT('',(419.,35.,-80.));
#4831 = VECTOR('',#4832,1.);
#4832 = DIRECTION('',(1.,0.,0.));
#4833 = PCURVE('',#3524,#4834);
#4834 = DEFINITIONAL_REPRESENTATION('',(#4835),#4839);
#4835 = LINE('',#4836,#4837);
#4836 = CARTESIAN_POINT('',(-6.28318530718,0.));
#4837 = VECTOR('',#4838,1.);
#4838 = DIRECTION('',(-0.,-1.));
#4839 = ( GEOMETRIC_REPRESENTATION_CONTEXT(2) 
PARAMETRIC_REPRESENTATION_CONTEXT() REPRESENTATION_CONTEXT('2D SPACE',''
  ) );
#4840 = PCURVE('',#3524,#4841);
#4841 = DEFINITIONAL_REPRESENTATION('',(#4842),#4846);
#4842 = LINE('',#4843,#4844);
#4843 = CARTESIAN_POINT('',(-0.,0.));
#4844 = VECTOR('',#4845,1.);
#4845 = DIRECTION('',(-0.,-1.));
#4846 = ( GEOMETRIC_REPRESENTATION_CONTEXT(2) 
PARAMETRIC_REPRESENTATION_CONTEXT() REPRESENTATION_CONTEXT('2D SPACE',''
  ) );
#4847 = ORIENTED_EDGE('',*,*,#4848,.T.);
#4848 = EDGE_CURVE('',#4826,#4826,#4849,.T.);
#4849 = SURFACE_CURVE('',#4850,(#4855,#4862),.PCURVE_S1.);
#4850 = CIRCLE('',#4851,35.);
#4851 = AXIS2_PLACEMENT_3D('',#4852,#4853,#4854);
#4852 = CARTESIAN_POINT('',(450.,0.,-80.));
#4853 = DIRECTION('',(1.,0.,0.));
#4854 = DIRECTION('',(0.,1.,0.));
#4855 = PCURVE('',#3524,#4856);
#4856 = DEFINITIONAL_REPRESENTATION('',(#4857),#4861);
#4857 = LINE('',#4858,#4859);
#4858 = CARTESIAN_POINT('',(-0.,-31.));
#4859 = VECTOR('',#4860,1.);
#4860 = DIRECTION('',(-1.,0.));
#4861 = ( GEOMETRIC_REPRESENTATION_CONTEXT(2) 
PARAMETRIC_REPRESENTATION_CONTEXT() REPRESENTATION_CONTEXT('2D SPACE',''
  ) );
#4862 = PCURVE('',#4863,#4868);
#4863 = PLANE('',#4864);
#4864 = AXIS2_PLACEMENT_3D('',#4865,#4866,#4867);
#4865 = CARTESIAN_POINT('',(450.,-2.500461956644E-15,-80.));
#4866 = DIRECTION('',(1.,0.,0.));
#4867 = DIRECTION('',(-0.,0.,1.));
#4868 = DEFINITIONAL_REPRESENTATION('',(#4869),#4873);
#4869 = CIRCLE('',#4870,35.);
#4870 = AXIS2_PLACEMENT_2D('',#4871,#4872);
#4871 = CARTESIAN_POINT('',(0.,-2.500461956644E-15));
#4872 = DIRECTION('',(0.,-1.));
#4873 = ( GEOMETRIC_REPRESENTATION_CONTEXT(2) 
PARAMETRIC_REPRESENTATION_CONTEXT() REPRESENTATION_CONTEXT('2D SPACE',''
  ) );
#4874 = ORIENTED_EDGE('',*,*,#4825,.F.);
#4875 = ADVANCED_FACE('',(#4876),#3559,.F.);
#4876 = FACE_BOUND('',#4877,.T.);
#4877 = EDGE_LOOP('',(#4878,#4879,#4902,#4929));
#4878 = ORIENTED_EDGE('',*,*,#3538,.T.);
#4879 = ORIENTED_EDGE('',*,*,#4880,.T.);
#4880 = EDGE_CURVE('',#3539,#4881,#4883,.T.);
#4881 = VERTEX_POINT('',#4882);
#4882 = CARTESIAN_POINT('',(465.,13.,0.));
#4883 = SEAM_CURVE('',#4884,(#4888,#4895),.PCURVE_S1.);
#4884 = LINE('',#4885,#4886);
#4885 = CARTESIAN_POINT('',(419.,13.,0.));
#4886 = VECTOR('',#4887,1.);
#4887 = DIRECTION('',(1.,0.,0.));
#4888 = PCURVE('',#3559,#4889);
#4889 = DEFINITIONAL_REPRESENTATION('',(#4890),#4894);
#4890 = LINE('',#4891,#4892);
#4891 = CARTESIAN_POINT('',(-6.28318530718,0.));
#4892 = VECTOR('',#4893,1.);
#4893 = DIRECTION('',(-0.,-1.));
#4894 = ( GEOMETRIC_REPRESENTATION_CONTEXT(2) 
PARAMETRIC_REPRESENTATION_CONTEXT() REPRESENTATION_CONTEXT('2D SPACE',''
  ) );
#4895 = PCURVE('',#3559,#4896);
#4896 = DEFINITIONAL_REPRESENTATION('',(#4897),#4901);
#4897 = LINE('',#4898,#4899);
#4898 = CARTESIAN_POINT('',(-0.,0.));
#4899 = VECTOR('',#4900,1.);
#4900 = DIRECTION('',(-0.,-1.));
#4901 = ( GEOMETRIC_REPRESENTATION_CONTEXT(2) 
PARAMETRIC_REPRESENTATION_CONTEXT() REPRESENTATION_CONTEXT('2D SPACE',''
  ) );
#4902 = ORIENTED_EDGE('',*,*,#4903,.T.);
#4903 = EDGE_CURVE('',#4881,#4881,#4904,.T.);
#4904 = SURFACE_CURVE('',#4905,(#4910,#4917),.PCURVE_S1.);
#4905 = CIRCLE('',#4906,13.);
#4906 = AXIS2_PLACEMENT_3D('',#4907,#4908,#4909);
#4907 = CARTESIAN_POINT('',(465.,0.,0.));
#4908 = DIRECTION('',(1.,0.,0.));
#4909 = DIRECTION('',(0.,1.,0.));
#4910 = PCURVE('',#3559,#4911);
#4911 = DEFINITIONAL_REPRESENTATION('',(#4912),#4916);
#4912 = LINE('',#4913,#4914);
#4913 = CARTESIAN_POINT('',(-0.,-46.));
#4914 = VECTOR('',#4915,1.);
#4915 = DIRECTION('',(-1.,0.));
#4916 = ( GEOMETRIC_REPRESENTATION_CONTEXT(2) 
PARAMETRIC_REPRESENTATION_CONTEXT() REPRESENTATION_CONTEXT('2D SPACE',''
  ) );
#4917 = PCURVE('',#4918,#4923);
#4918 = PLANE('',#4919);
#4919 = AXIS2_PLACEMENT_3D('',#4920,#4921,#4922);
#4920 = CARTESIAN_POINT('',(465.,-2.244004320065E-15,3.019722508745E-16)
  );
#4921 = DIRECTION('',(1.,0.,0.));
#4922 = DIRECTION('',(-0.,0.,1.));
#4923 = DEFINITIONAL_REPRESENTATION('',(#4924),#4928);
#4924 = CIRCLE('',#4925,13.);
#4925 = AXIS2_PLACEMENT_2D('',#4926,#4927);
#4926 = CARTESIAN_POINT('',(-3.019722508745E-16,-2.244004320065E-15));
#4927 = DIRECTION('',(0.,-1.));
#4928 = ( GEOMETRIC_REPRESENTATION_CONTEXT(2) 
PARAMETRIC_REPRESENTATION_CONTEXT() REPRESENTATION_CONTEXT('2D SPACE',''
  ) );
#4929 = ORIENTED_EDGE('',*,*,#4880,.F.);
#4930 = ADVANCED_FACE('',(#4931),#3594,.F.);
#4931 = FACE_BOUND('',#4932,.T.);
#4932 = EDGE_LOOP('',(#4933,#4934,#4957,#4984));
#4933 = ORIENTED_EDGE('',*,*,#3573,.T.);
#4934 = ORIENTED_EDGE('',*,*,#4935,.T.);
#4935 = EDGE_CURVE('',#3574,#4936,#4938,.T.);
#4936 = VERTEX_POINT('',#4937);
#4937 = CARTESIAN_POINT('',(450.,35.,80.));
#4938 = SEAM_CURVE('',#4939,(#4943,#4950),.PCURVE_S1.);
#4939 = LINE('',#4940,#4941);
#4940 = CARTESIAN_POINT('',(419.,35.,80.));
#4941 = VECTOR('',#4942,1.);
#4942 = DIRECTION('',(1.,0.,0.));
#4943 = PCURVE('',#3594,#4944);
#4944 = DEFINITIONAL_REPRESENTATION('',(#4945),#4949);
#4945 = LINE('',#4946,#4947);
#4946 = CARTESIAN_POINT('',(-6.28318530718,0.));
#4947 = VECTOR('',#4948,1.);
#4948 = DIRECTION('',(-0.,-1.));
#4949 = ( GEOMETRIC_REPRESENTATION_CONTEXT(2) 
PARAMETRIC_REPRESENTATION_CONTEXT() REPRESENTATION_CONTEXT('2D SPACE',''
  ) );
#4950 = PCURVE('',#3594,#4951);
#4951 = DEFINITIONAL_REPRESENTATION('',(#4952),#4956);
#4952 = LINE('',#4953,#4954);
#4953 = CARTESIAN_POINT('',(-0.,0.));
#4954 = VECTOR('',#4955,1.);
#4955 = DIRECTION('',(-0.,-1.));
#4956 = ( GEOMETRIC_REPRESENTATION_CONTEXT(2) 
PARAMETRIC_REPRESENTATION_CONTEXT() REPRESENTATION_CONTEXT('2D SPACE',''
  ) );
#4957 = ORIENTED_EDGE('',*,*,#4958,.T.);
#4958 = EDGE_CURVE('',#4936,#4936,#4959,.T.);
#4959 = SURFACE_CURVE('',#4960,(#4965,#4972),.PCURVE_S1.);
#4960 = CIRCLE('',#4961,35.);
#4961 = AXIS2_PLACEMENT_3D('',#4962,#4963,#4964);
#4962 = CARTESIAN_POINT('',(450.,0.,80.));
#4963 = DIRECTION('',(1.,0.,0.));
#4964 = DIRECTION('',(0.,1.,0.));
#4965 = PCURVE('',#3594,#4966);
#4966 = DEFINITIONAL_REPRESENTATION('',(#4967),#4971);
#4967 = LINE('',#4968,#4969);
#4968 = CARTESIAN_POINT('',(-0.,-31.));
#4969 = VECTOR('',#4970,1.);
#4970 = DIRECTION('',(-1.,0.));
#4971 = ( GEOMETRIC_REPRESENTATION_CONTEXT(2) 
PARAMETRIC_REPRESENTATION_CONTEXT() REPRESENTATION_CONTEXT('2D SPACE',''
  ) );
#4972 = PCURVE('',#4973,#4978);
#4973 = PLANE('',#4974);
#4974 = AXIS2_PLACEMENT_3D('',#4975,#4976,#4977);
#4975 = CARTESIAN_POINT('',(450.,-2.500461956644E-15,80.));
#4976 = DIRECTION('',(1.,0.,0.));
#4977 = DIRECTION('',(-0.,0.,1.));
#4978 = DEFINITIONAL_REPRESENTATION('',(#4979),#4983);
#4979 = CIRCLE('',#4980,35.);
#4980 = AXIS2_PLACEMENT_2D('',#4981,#4982);
#4981 = CARTESIAN_POINT('',(0.,-2.500461956644E-15));
#4982 = DIRECTION('',(0.,-1.));
#4983 = ( GEOMETRIC_REPRESENTATION_CONTEXT(2) 
PARAMETRIC_REPRESENTATION_CONTEXT() REPRESENTATION_CONTEXT('2D SPACE',''
  ) );
#4984 = ORIENTED_EDGE('',*,*,#4935,.F.);
#4985 = ADVANCED_FACE('',(#4986),#3654,.F.);
#4986 = FACE_BOUND('',#4987,.F.);
#4987 = EDGE_LOOP('',(#4988,#5011,#5040,#5061));
#4988 = ORIENTED_EDGE('',*,*,#4989,.F.);
#4989 = EDGE_CURVE('',#4990,#3636,#4992,.T.);
#4990 = VERTEX_POINT('',#4991);
#4991 = CARTESIAN_POINT('',(465.,58.,-116.));
#4992 = SURFACE_CURVE('',#4993,(#4997,#5004),.PCURVE_S1.);
#4993 = LINE('',#4994,#4995);
#4994 = CARTESIAN_POINT('',(465.,58.,-116.));
#4995 = VECTOR('',#4996,1.);
#4996 = DIRECTION('',(1.,0.,0.));
#4997 = PCURVE('',#3654,#4998);
#4998 = DEFINITIONAL_REPRESENTATION('',(#4999),#5003);
#4999 = LINE('',#5000,#5001);
#5000 = CARTESIAN_POINT('',(0.,0.));
#5001 = VECTOR('',#5002,1.);
#5002 = DIRECTION('',(0.,1.));
#5003 = ( GEOMETRIC_REPRESENTATION_CONTEXT(2) 
PARAMETRIC_REPRESENTATION_CONTEXT() REPRESENTATION_CONTEXT('2D SPACE',''
  ) );
#5004 = PCURVE('',#3681,#5005);
#5005 = DEFINITIONAL_REPRESENTATION('',(#5006),#5010);
#5006 = LINE('',#5007,#5008);
#5007 = CARTESIAN_POINT('',(124.,0.));
#5008 = VECTOR('',#5009,1.);
#5009 = DIRECTION('',(0.,-1.));
#5010 = ( GEOMETRIC_REPRESENTATION_CONTEXT(2) 
PARAMETRIC_REPRESENTATION_CONTEXT() REPRESENTATION_CONTEXT('2D SPACE',''
  ) );
#5011 = ORIENTED_EDGE('',*,*,#5012,.T.);
#5012 = EDGE_CURVE('',#4990,#5013,#5015,.T.);
#5013 = VERTEX_POINT('',#5014);
#5014 = CARTESIAN_POINT('',(465.,66.,-108.));
#5015 = SURFACE_CURVE('',#5016,(#5021,#5028),.PCURVE_S1.);
#5016 = CIRCLE('',#5017,8.);
#5017 = AXIS2_PLACEMENT_3D('',#5018,#5019,#5020);
#5018 = CARTESIAN_POINT('',(465.,58.,-108.));
#5019 = DIRECTION('',(1.,0.,0.));
#5020 = DIRECTION('',(-0.,0.,1.));
#5021 = PCURVE('',#3654,#5022);
#5022 = DEFINITIONAL_REPRESENTATION('',(#5023),#5027);
#5023 = LINE('',#5024,#5025);
#5024 = CARTESIAN_POINT('',(-3.14159265359,0.));
#5025 = VECTOR('',#5026,1.);
#5026 = DIRECTION('',(1.,0.));
#5027 = ( GEOMETRIC_REPRESENTATION_CONTEXT(2) 
PARAMETRIC_REPRESENTATION_CONTEXT() REPRESENTATION_CONTEXT('2D SPACE',''
  ) );
#5028 = PCURVE('',#5029,#5034);
#5029 = PLANE('',#5030);
#5030 = AXIS2_PLACEMENT_3D('',#5031,#5032,#5033);
#5031 = CARTESIAN_POINT('',(465.,0.,-77.));
#5032 = DIRECTION('',(1.,0.,0.));
#5033 = DIRECTION('',(-0.,0.,1.));
#5034 = DEFINITIONAL_REPRESENTATION('',(#5035),#5039);
#5035 = CIRCLE('',#5036,8.);
#5036 = AXIS2_PLACEMENT_2D('',#5037,#5038);
#5037 = CARTESIAN_POINT('',(-31.,-58.));
#5038 = DIRECTION('',(1.,0.));
#5039 = ( GEOMETRIC_REPRESENTATION_CONTEXT(2) 
PARAMETRIC_REPRESENTATION_CONTEXT() REPRESENTATION_CONTEXT('2D SPACE',''
  ) );
#5040 = ORIENTED_EDGE('',*,*,#5041,.T.);
#5041 = EDGE_CURVE('',#5013,#3638,#5042,.T.);
#5042 = SURFACE_CURVE('',#5043,(#5047,#5054),.PCURVE_S1.);
#5043 = LINE('',#5044,#5045);
#5044 = CARTESIAN_POINT('',(465.,66.,-108.));
#5045 = VECTOR('',#5046,1.);
#5046 = DIRECTION('',(1.,0.,0.));
#5047 = PCURVE('',#3654,#5048);
#5048 = DEFINITIONAL_REPRESENTATION('',(#5049),#5053);
#5049 = LINE('',#5050,#5051);
#5050 = CARTESIAN_POINT('',(1.570796326795,0.));
#5051 = VECTOR('',#5052,1.);
#5052 = DIRECTION('',(0.,1.));
#5053 = ( GEOMETRIC_REPRESENTATION_CONTEXT(2) 
PARAMETRIC_REPRESENTATION_CONTEXT() REPRESENTATION_CONTEXT('2D SPACE',''
  ) );
#5054 = PCURVE('',#3844,#5055);
#5055 = DEFINITIONAL_REPRESENTATION('',(#5056),#5060);
#5056 = LINE('',#5057,#5058);
#5057 = CARTESIAN_POINT('',(8.,0.));
#5058 = VECTOR('',#5059,1.);
#5059 = DIRECTION('',(0.,-1.));
#5060 = ( GEOMETRIC_REPRESENTATION_CONTEXT(2) 
PARAMETRIC_REPRESENTATION_CONTEXT() REPRESENTATION_CONTEXT('2D SPACE',''
  ) );
#5061 = ORIENTED_EDGE('',*,*,#3635,.F.);
#5062 = ADVANCED_FACE('',(#5063),#3844,.T.);
#5063 = FACE_BOUND('',#5064,.T.);
#5064 = EDGE_LOOP('',(#5065,#5088,#5089,#5090));
#5065 = ORIENTED_EDGE('',*,*,#5066,.F.);
#5066 = EDGE_CURVE('',#5013,#5067,#5069,.T.);
#5067 = VERTEX_POINT('',#5068);
#5068 = CARTESIAN_POINT('',(465.,66.,-46.));
#5069 = SURFACE_CURVE('',#5070,(#5074,#5081),.PCURVE_S1.);
#5070 = LINE('',#5071,#5072);
#5071 = CARTESIAN_POINT('',(465.,66.,-116.));
#5072 = VECTOR('',#5073,1.);
#5073 = DIRECTION('',(0.,0.,1.));
#5074 = PCURVE('',#3844,#5075);
#5075 = DEFINITIONAL_REPRESENTATION('',(#5076),#5080);
#5076 = LINE('',#5077,#5078);
#5077 = CARTESIAN_POINT('',(0.,0.));
#5078 = VECTOR('',#5079,1.);
#5079 = DIRECTION('',(1.,0.));
#5080 = ( GEOMETRIC_REPRESENTATION_CONTEXT(2) 
PARAMETRIC_REPRESENTATION_CONTEXT() REPRESENTATION_CONTEXT('2D SPACE',''
  ) );
#5081 = PCURVE('',#5029,#5082);
#5082 = DEFINITIONAL_REPRESENTATION('',(#5083),#5087);
#5083 = LINE('',#5084,#5085);
#5084 = CARTESIAN_POINT('',(-39.,-66.));
#5085 = VECTOR('',#5086,1.);
#5086 = DIRECTION('',(1.,0.));
#5087 = ( GEOMETRIC_REPRESENTATION_CONTEXT(2) 
PARAMETRIC_REPRESENTATION_CONTEXT() REPRESENTATION_CONTEXT('2D SPACE',''
  ) );
#5088 = ORIENTED_EDGE('',*,*,#5041,.T.);
#5089 = ORIENTED_EDGE('',*,*,#3831,.F.);
#5090 = ORIENTED_EDGE('',*,*,#5091,.F.);
#5091 = EDGE_CURVE('',#5067,#3803,#5092,.T.);
#5092 = SURFACE_CURVE('',#5093,(#5097,#5104),.PCURVE_S1.);
#5093 = LINE('',#5094,#5095);
#5094 = CARTESIAN_POINT('',(465.,66.,-46.));
#5095 = VECTOR('',#5096,1.);
#5096 = DIRECTION('',(1.,0.,0.));
#5097 = PCURVE('',#3844,#5098);
#5098 = DEFINITIONAL_REPRESENTATION('',(#5099),#5103);
#5099 = LINE('',#5100,#5101);
#5100 = CARTESIAN_POINT('',(70.,0.));
#5101 = VECTOR('',#5102,1.);
#5102 = DIRECTION('',(0.,-1.));
#5103 = ( GEOMETRIC_REPRESENTATION_CONTEXT(2) 
PARAMETRIC_REPRESENTATION_CONTEXT() REPRESENTATION_CONTEXT('2D SPACE',''
  ) );
#5104 = PCURVE('',#3819,#5105);
#5105 = DEFINITIONAL_REPRESENTATION('',(#5106),#5110);
#5106 = LINE('',#5107,#5108);
#5107 = CARTESIAN_POINT('',(0.,0.));
#5108 = VECTOR('',#5109,1.);
#5109 = DIRECTION('',(0.,1.));
#5110 = ( GEOMETRIC_REPRESENTATION_CONTEXT(2) 
PARAMETRIC_REPRESENTATION_CONTEXT() REPRESENTATION_CONTEXT('2D SPACE',''
  ) );
#5111 = ADVANCED_FACE('',(#5112),#3819,.F.);
#5112 = FACE_BOUND('',#5113,.F.);
#5113 = EDGE_LOOP('',(#5114,#5115,#5139,#5160));
#5114 = ORIENTED_EDGE('',*,*,#5091,.F.);
#5115 = ORIENTED_EDGE('',*,*,#5116,.T.);
#5116 = EDGE_CURVE('',#5067,#5117,#5119,.T.);
#5117 = VERTEX_POINT('',#5118);
#5118 = CARTESIAN_POINT('',(465.,58.,-38.));
#5119 = SURFACE_CURVE('',#5120,(#5125,#5132),.PCURVE_S1.);
#5120 = CIRCLE('',#5121,8.);
#5121 = AXIS2_PLACEMENT_3D('',#5122,#5123,#5124);
#5122 = CARTESIAN_POINT('',(465.,58.,-46.));
#5123 = DIRECTION('',(1.,0.,0.));
#5124 = DIRECTION('',(-0.,0.,1.));
#5125 = PCURVE('',#3819,#5126);
#5126 = DEFINITIONAL_REPRESENTATION('',(#5127),#5131);
#5127 = LINE('',#5128,#5129);
#5128 = CARTESIAN_POINT('',(-4.712388980385,0.));
#5129 = VECTOR('',#5130,1.);
#5130 = DIRECTION('',(1.,0.));
#5131 = ( GEOMETRIC_REPRESENTATION_CONTEXT(2) 
PARAMETRIC_REPRESENTATION_CONTEXT() REPRESENTATION_CONTEXT('2D SPACE',''
  ) );
#5132 = PCURVE('',#5029,#5133);
#5133 = DEFINITIONAL_REPRESENTATION('',(#5134),#5138);
#5134 = CIRCLE('',#5135,8.);
#5135 = AXIS2_PLACEMENT_2D('',#5136,#5137);
#5136 = CARTESIAN_POINT('',(31.,-58.));
#5137 = DIRECTION('',(1.,0.));
#5138 = ( GEOMETRIC_REPRESENTATION_CONTEXT(2) 
PARAMETRIC_REPRESENTATION_CONTEXT() REPRESENTATION_CONTEXT('2D SPACE',''
  ) );
#5139 = ORIENTED_EDGE('',*,*,#5140,.T.);
#5140 = EDGE_CURVE('',#5117,#3777,#5141,.T.);
#5141 = SURFACE_CURVE('',#5142,(#5146,#5153),.PCURVE_S1.);
#5142 = LINE('',#5143,#5144);
#5143 = CARTESIAN_POINT('',(465.,58.,-38.));
#5144 = VECTOR('',#5145,1.);
#5145 = DIRECTION('',(1.,0.,0.));
#5146 = PCURVE('',#3819,#5147);
#5147 = DEFINITIONAL_REPRESENTATION('',(#5148),#5152);
#5148 = LINE('',#5149,#5150);
#5149 = CARTESIAN_POINT('',(1.570796326795,0.));
#5150 = VECTOR('',#5151,1.);
#5151 = DIRECTION('',(0.,1.));
#5152 = ( GEOMETRIC_REPRESENTATION_CONTEXT(2) 
PARAMETRIC_REPRESENTATION_CONTEXT() REPRESENTATION_CONTEXT('2D SPACE',''
  ) );
#5153 = PCURVE('',#3791,#5154);
#5154 = DEFINITIONAL_REPRESENTATION('',(#5155),#5159);
#5155 = LINE('',#5156,#5157);
#5156 = CARTESIAN_POINT('',(8.,0.));
#5157 = VECTOR('',#5158,1.);
#5158 = DIRECTION('',(0.,-1.));
#5159 = ( GEOMETRIC_REPRESENTATION_CONTEXT(2) 
PARAMETRIC_REPRESENTATION_CONTEXT() REPRESENTATION_CONTEXT('2D SPACE',''
  ) );
#5160 = ORIENTED_EDGE('',*,*,#3802,.F.);
#5161 = ADVANCED_FACE('',(#5162),#3791,.T.);
#5162 = FACE_BOUND('',#5163,.T.);
#5163 = EDGE_LOOP('',(#5164,#5187,#5188,#5189));
#5164 = ORIENTED_EDGE('',*,*,#5165,.F.);
#5165 = EDGE_CURVE('',#5117,#5166,#5168,.T.);
#5166 = VERTEX_POINT('',#5167);
#5167 = CARTESIAN_POINT('',(465.,-58.,-38.));
#5168 = SURFACE_CURVE('',#5169,(#5173,#5180),.PCURVE_S1.);
#5169 = LINE('',#5170,#5171);
#5170 = CARTESIAN_POINT('',(465.,66.,-38.));
#5171 = VECTOR('',#5172,1.);
#5172 = DIRECTION('',(0.,-1.,0.));
#5173 = PCURVE('',#3791,#5174);
#5174 = DEFINITIONAL_REPRESENTATION('',(#5175),#5179);
#5175 = LINE('',#5176,#5177);
#5176 = CARTESIAN_POINT('',(0.,-0.));
#5177 = VECTOR('',#5178,1.);
#5178 = DIRECTION('',(1.,0.));
#5179 = ( GEOMETRIC_REPRESENTATION_CONTEXT(2) 
PARAMETRIC_REPRESENTATION_CONTEXT() REPRESENTATION_CONTEXT('2D SPACE',''
  ) );
#5180 = PCURVE('',#5029,#5181);
#5181 = DEFINITIONAL_REPRESENTATION('',(#5182),#5186);
#5182 = LINE('',#5183,#5184);
#5183 = CARTESIAN_POINT('',(39.,-66.));
#5184 = VECTOR('',#5185,1.);
#5185 = DIRECTION('',(0.,1.));
#5186 = ( GEOMETRIC_REPRESENTATION_CONTEXT(2) 
PARAMETRIC_REPRESENTATION_CONTEXT() REPRESENTATION_CONTEXT('2D SPACE',''
  ) );
#5187 = ORIENTED_EDGE('',*,*,#5140,.T.);
#5188 = ORIENTED_EDGE('',*,*,#3776,.F.);
#5189 = ORIENTED_EDGE('',*,*,#5190,.F.);
#5190 = EDGE_CURVE('',#5166,#3748,#5191,.T.);
#5191 = SURFACE_CURVE('',#5192,(#5196,#5203),.PCURVE_S1.);
#5192 = LINE('',#5193,#5194);
#5193 = CARTESIAN_POINT('',(465.,-58.,-38.));
#5194 = VECTOR('',#5195,1.);
#5195 = DIRECTION('',(1.,0.,0.));
#5196 = PCURVE('',#3791,#5197);
#5197 = DEFINITIONAL_REPRESENTATION('',(#5198),#5202);
#5198 = LINE('',#5199,#5200);
#5199 = CARTESIAN_POINT('',(124.,0.));
#5200 = VECTOR('',#5201,1.);
#5201 = DIRECTION('',(0.,-1.));
#5202 = ( GEOMETRIC_REPRESENTATION_CONTEXT(2) 
PARAMETRIC_REPRESENTATION_CONTEXT() REPRESENTATION_CONTEXT('2D SPACE',''
  ) );
#5203 = PCURVE('',#3764,#5204);
#5204 = DEFINITIONAL_REPRESENTATION('',(#5205),#5209);
#5205 = LINE('',#5206,#5207);
#5206 = CARTESIAN_POINT('',(0.,0.));
#5207 = VECTOR('',#5208,1.);
#5208 = DIRECTION('',(0.,1.));
#5209 = ( GEOMETRIC_REPRESENTATION_CONTEXT(2) 
PARAMETRIC_REPRESENTATION_CONTEXT() REPRESENTATION_CONTEXT('2D SPACE',''
  ) );
#5210 = ADVANCED_FACE('',(#5211),#3764,.F.);
#5211 = FACE_BOUND('',#5212,.F.);
#5212 = EDGE_LOOP('',(#5213,#5214,#5238,#5259));
#5213 = ORIENTED_EDGE('',*,*,#5190,.F.);
#5214 = ORIENTED_EDGE('',*,*,#5215,.T.);
#5215 = EDGE_CURVE('',#5166,#5216,#5218,.T.);
#5216 = VERTEX_POINT('',#5217);
#5217 = CARTESIAN_POINT('',(465.,-66.,-46.));
#5218 = SURFACE_CURVE('',#5219,(#5224,#5231),.PCURVE_S1.);
#5219 = CIRCLE('',#5220,8.);
#5220 = AXIS2_PLACEMENT_3D('',#5221,#5222,#5223);
#5221 = CARTESIAN_POINT('',(465.,-58.,-46.));
#5222 = DIRECTION('',(1.,0.,0.));
#5223 = DIRECTION('',(-0.,0.,1.));
#5224 = PCURVE('',#3764,#5225);
#5225 = DEFINITIONAL_REPRESENTATION('',(#5226),#5230);
#5226 = LINE('',#5227,#5228);
#5227 = CARTESIAN_POINT('',(0.,0.));
#5228 = VECTOR('',#5229,1.);
#5229 = DIRECTION('',(1.,0.));
#5230 = ( GEOMETRIC_REPRESENTATION_CONTEXT(2) 
PARAMETRIC_REPRESENTATION_CONTEXT() REPRESENTATION_CONTEXT('2D SPACE',''
  ) );
#5231 = PCURVE('',#5029,#5232);
#5232 = DEFINITIONAL_REPRESENTATION('',(#5233),#5237);
#5233 = CIRCLE('',#5234,8.);
#5234 = AXIS2_PLACEMENT_2D('',#5235,#5236);
#5235 = CARTESIAN_POINT('',(31.,58.));
#5236 = DIRECTION('',(1.,0.));
#5237 = ( GEOMETRIC_REPRESENTATION_CONTEXT(2) 
PARAMETRIC_REPRESENTATION_CONTEXT() REPRESENTATION_CONTEXT('2D SPACE',''
  ) );
#5238 = ORIENTED_EDGE('',*,*,#5239,.T.);
#5239 = EDGE_CURVE('',#5216,#3722,#5240,.T.);
#5240 = SURFACE_CURVE('',#5241,(#5245,#5252),.PCURVE_S1.);
#5241 = LINE('',#5242,#5243);
#5242 = CARTESIAN_POINT('',(465.,-66.,-46.));
#5243 = VECTOR('',#5244,1.);
#5244 = DIRECTION('',(1.,0.,0.));
#5245 = PCURVE('',#3764,#5246);
#5246 = DEFINITIONAL_REPRESENTATION('',(#5247),#5251);
#5247 = LINE('',#5248,#5249);
#5248 = CARTESIAN_POINT('',(1.570796326795,0.));
#5249 = VECTOR('',#5250,1.);
#5250 = DIRECTION('',(0.,1.));
#5251 = ( GEOMETRIC_REPRESENTATION_CONTEXT(2) 
PARAMETRIC_REPRESENTATION_CONTEXT() REPRESENTATION_CONTEXT('2D SPACE',''
  ) );
#5252 = PCURVE('',#3736,#5253);
#5253 = DEFINITIONAL_REPRESENTATION('',(#5254),#5258);
#5254 = LINE('',#5255,#5256);
#5255 = CARTESIAN_POINT('',(8.,0.));
#5256 = VECTOR('',#5257,1.);
#5257 = DIRECTION('',(0.,-1.));
#5258 = ( GEOMETRIC_REPRESENTATION_CONTEXT(2) 
PARAMETRIC_REPRESENTATION_CONTEXT() REPRESENTATION_CONTEXT('2D SPACE',''
  ) );
#5259 = ORIENTED_EDGE('',*,*,#3747,.F.);
#5260 = ADVANCED_FACE('',(#5261),#3736,.T.);
#5261 = FACE_BOUND('',#5262,.T.);
#5262 = EDGE_LOOP('',(#5263,#5286,#5287,#5288));
#5263 = ORIENTED_EDGE('',*,*,#5264,.F.);
#5264 = EDGE_CURVE('',#5216,#5265,#5267,.T.);
#5265 = VERTEX_POINT('',#5266);
#5266 = CARTESIAN_POINT('',(465.,-66.,-108.));
#5267 = SURFACE_CURVE('',#5268,(#5272,#5279),.PCURVE_S1.);
#5268 = LINE('',#5269,#5270);
#5269 = CARTESIAN_POINT('',(465.,-66.,-38.));
#5270 = VECTOR('',#5271,1.);
#5271 = DIRECTION('',(0.,0.,-1.));
#5272 = PCURVE('',#3736,#5273);
#5273 = DEFINITIONAL_REPRESENTATION('',(#5274),#5278);
#5274 = LINE('',#5275,#5276);
#5275 = CARTESIAN_POINT('',(0.,0.));
#5276 = VECTOR('',#5277,1.);
#5277 = DIRECTION('',(1.,0.));
#5278 = ( GEOMETRIC_REPRESENTATION_CONTEXT(2) 
PARAMETRIC_REPRESENTATION_CONTEXT() REPRESENTATION_CONTEXT('2D SPACE',''
  ) );
#5279 = PCURVE('',#5029,#5280);
#5280 = DEFINITIONAL_REPRESENTATION('',(#5281),#5285);
#5281 = LINE('',#5282,#5283);
#5282 = CARTESIAN_POINT('',(39.,66.));
#5283 = VECTOR('',#5284,1.);
#5284 = DIRECTION('',(-1.,0.));
#5285 = ( GEOMETRIC_REPRESENTATION_CONTEXT(2) 
PARAMETRIC_REPRESENTATION_CONTEXT() REPRESENTATION_CONTEXT('2D SPACE',''
  ) );
#5286 = ORIENTED_EDGE('',*,*,#5239,.T.);
#5287 = ORIENTED_EDGE('',*,*,#3721,.F.);
#5288 = ORIENTED_EDGE('',*,*,#5289,.F.);
#5289 = EDGE_CURVE('',#5265,#3693,#5290,.T.);
#5290 = SURFACE_CURVE('',#5291,(#5295,#5302),.PCURVE_S1.);
#5291 = LINE('',#5292,#5293);
#5292 = CARTESIAN_POINT('',(465.,-66.,-108.));
#5293 = VECTOR('',#5294,1.);
#5294 = DIRECTION('',(1.,0.,0.));
#5295 = PCURVE('',#3736,#5296);
#5296 = DEFINITIONAL_REPRESENTATION('',(#5297),#5301);
#5297 = LINE('',#5298,#5299);
#5298 = CARTESIAN_POINT('',(70.,0.));
#5299 = VECTOR('',#5300,1.);
#5300 = DIRECTION('',(0.,-1.));
#5301 = ( GEOMETRIC_REPRESENTATION_CONTEXT(2) 
PARAMETRIC_REPRESENTATION_CONTEXT() REPRESENTATION_CONTEXT('2D SPACE',''
  ) );
#5302 = PCURVE('',#3709,#5303);
#5303 = DEFINITIONAL_REPRESENTATION('',(#5304),#5308);
#5304 = LINE('',#5305,#5306);
#5305 = CARTESIAN_POINT('',(-1.570796326795,0.));
#5306 = VECTOR('',#5307,1.);
#5307 = DIRECTION('',(-0.,1.));
#5308 = ( GEOMETRIC_REPRESENTATION_CONTEXT(2) 
PARAMETRIC_REPRESENTATION_CONTEXT() REPRESENTATION_CONTEXT('2D SPACE',''
  ) );
#5309 = ADVANCED_FACE('',(#5310),#3709,.F.);
#5310 = FACE_BOUND('',#5311,.T.);
#5311 = EDGE_LOOP('',(#5312,#5335,#5361,#5362));
#5312 = ORIENTED_EDGE('',*,*,#5313,.F.);
#5313 = EDGE_CURVE('',#5314,#3667,#5316,.T.);
#5314 = VERTEX_POINT('',#5315);
#5315 = CARTESIAN_POINT('',(465.,-58.,-116.));
#5316 = SURFACE_CURVE('',#5317,(#5321,#5328),.PCURVE_S1.);
#5317 = LINE('',#5318,#5319);
#5318 = CARTESIAN_POINT('',(465.,-58.,-116.));
#5319 = VECTOR('',#5320,1.);
#5320 = DIRECTION('',(1.,0.,0.));
#5321 = PCURVE('',#3709,#5322);
#5322 = DEFINITIONAL_REPRESENTATION('',(#5323),#5327);
#5323 = LINE('',#5324,#5325);
#5324 = CARTESIAN_POINT('',(-0.,0.));
#5325 = VECTOR('',#5326,1.);
#5326 = DIRECTION('',(-0.,1.));
#5327 = ( GEOMETRIC_REPRESENTATION_CONTEXT(2) 
PARAMETRIC_REPRESENTATION_CONTEXT() REPRESENTATION_CONTEXT('2D SPACE',''
  ) );
#5328 = PCURVE('',#3681,#5329);
#5329 = DEFINITIONAL_REPRESENTATION('',(#5330),#5334);
#5330 = LINE('',#5331,#5332);
#5331 = CARTESIAN_POINT('',(8.,0.));
#5332 = VECTOR('',#5333,1.);
#5333 = DIRECTION('',(0.,-1.));
#5334 = ( GEOMETRIC_REPRESENTATION_CONTEXT(2) 
PARAMETRIC_REPRESENTATION_CONTEXT() REPRESENTATION_CONTEXT('2D SPACE',''
  ) );
#5335 = ORIENTED_EDGE('',*,*,#5336,.T.);
#5336 = EDGE_CURVE('',#5314,#5265,#5337,.T.);
#5337 = SURFACE_CURVE('',#5338,(#5343,#5350),.PCURVE_S1.);
#5338 = CIRCLE('',#5339,8.);
#5339 = AXIS2_PLACEMENT_3D('',#5340,#5341,#5342);
#5340 = CARTESIAN_POINT('',(465.,-58.,-108.));
#5341 = DIRECTION('',(-1.,0.,-0.));
#5342 = DIRECTION('',(-0.,0.,1.));
#5343 = PCURVE('',#3709,#5344);
#5344 = DEFINITIONAL_REPRESENTATION('',(#5345),#5349);
#5345 = LINE('',#5346,#5347);
#5346 = CARTESIAN_POINT('',(3.14159265359,-0.));
#5347 = VECTOR('',#5348,1.);
#5348 = DIRECTION('',(-1.,0.));
#5349 = ( GEOMETRIC_REPRESENTATION_CONTEXT(2) 
PARAMETRIC_REPRESENTATION_CONTEXT() REPRESENTATION_CONTEXT('2D SPACE',''
  ) );
#5350 = PCURVE('',#5029,#5351);
#5351 = DEFINITIONAL_REPRESENTATION('',(#5352),#5360);
#5352 = ( BOUNDED_CURVE() B_SPLINE_CURVE(2,(#5353,#5354,#5355,#5356,
#5357,#5358,#5359),.UNSPECIFIED.,.T.,.F.) B_SPLINE_CURVE_WITH_KNOTS((1,2
    ,2,2,2,1),(-2.094395102393,0.,2.094395102393,4.188790204786,
6.28318530718,8.377580409573),.UNSPECIFIED.) CURVE() 
GEOMETRIC_REPRESENTATION_ITEM() RATIONAL_B_SPLINE_CURVE((1.,0.5,1.,0.5,
1.,0.5,1.)) REPRESENTATION_ITEM('') );
#5353 = CARTESIAN_POINT('',(-23.,58.));
#5354 = CARTESIAN_POINT('',(-23.,44.143593539449));
#5355 = CARTESIAN_POINT('',(-35.,51.071796769724));
#5356 = CARTESIAN_POINT('',(-47.,58.));
#5357 = CARTESIAN_POINT('',(-35.,64.928203230275));
#5358 = CARTESIAN_POINT('',(-23.,71.856406460551));
#5359 = CARTESIAN_POINT('',(-23.,58.));
#5360 = ( GEOMETRIC_REPRESENTATION_CONTEXT(2) 
PARAMETRIC_REPRESENTATION_CONTEXT() REPRESENTATION_CONTEXT('2D SPACE',''
  ) );
#5361 = ORIENTED_EDGE('',*,*,#5289,.T.);
#5362 = ORIENTED_EDGE('',*,*,#3692,.T.);
#5363 = ADVANCED_FACE('',(#5364),#3681,.T.);
#5364 = FACE_BOUND('',#5365,.T.);
#5365 = EDGE_LOOP('',(#5366,#5387,#5388,#5389));
#5366 = ORIENTED_EDGE('',*,*,#5367,.F.);
#5367 = EDGE_CURVE('',#5314,#4990,#5368,.T.);
#5368 = SURFACE_CURVE('',#5369,(#5373,#5380),.PCURVE_S1.);
#5369 = LINE('',#5370,#5371);
#5370 = CARTESIAN_POINT('',(465.,-66.,-116.));
#5371 = VECTOR('',#5372,1.);
#5372 = DIRECTION('',(0.,1.,0.));
#5373 = PCURVE('',#3681,#5374);
#5374 = DEFINITIONAL_REPRESENTATION('',(#5375),#5379);
#5375 = LINE('',#5376,#5377);
#5376 = CARTESIAN_POINT('',(0.,0.));
#5377 = VECTOR('',#5378,1.);
#5378 = DIRECTION('',(1.,0.));
#5379 = ( GEOMETRIC_REPRESENTATION_CONTEXT(2) 
PARAMETRIC_REPRESENTATION_CONTEXT() REPRESENTATION_CONTEXT('2D SPACE',''
  ) );
#5380 = PCURVE('',#5029,#5381);
#5381 = DEFINITIONAL_REPRESENTATION('',(#5382),#5386);
#5382 = LINE('',#5383,#5384);
#5383 = CARTESIAN_POINT('',(-39.,66.));
#5384 = VECTOR('',#5385,1.);
#5385 = DIRECTION('',(0.,-1.));
#5386 = ( GEOMETRIC_REPRESENTATION_CONTEXT(2) 
PARAMETRIC_REPRESENTATION_CONTEXT() REPRESENTATION_CONTEXT('2D SPACE',''
  ) );
#5387 = ORIENTED_EDGE('',*,*,#5313,.T.);
#5388 = ORIENTED_EDGE('',*,*,#3666,.F.);
#5389 = ORIENTED_EDGE('',*,*,#4989,.F.);
#5390 = ADVANCED_FACE('',(#5391),#3878,.F.);
#5391 = FACE_BOUND('',#5392,.T.);
#5392 = EDGE_LOOP('',(#5393,#5417,#5438,#5439));
#5393 = ORIENTED_EDGE('',*,*,#5394,.F.);
#5394 = EDGE_CURVE('',#5395,#5395,#5397,.T.);
#5395 = VERTEX_POINT('',#5396);
#5396 = CARTESIAN_POINT('',(465.,29.25,0.));
#5397 = SURFACE_CURVE('',#5398,(#5403,#5410),.PCURVE_S1.);
#5398 = CIRCLE('',#5399,29.25);
#5399 = AXIS2_PLACEMENT_3D('',#5400,#5401,#5402);
#5400 = CARTESIAN_POINT('',(465.,0.,0.));
#5401 = DIRECTION('',(1.,0.,0.));
#5402 = DIRECTION('',(0.,1.,0.));
#5403 = PCURVE('',#3878,#5404);
#5404 = DEFINITIONAL_REPRESENTATION('',(#5405),#5409);
#5405 = LINE('',#5406,#5407);
#5406 = CARTESIAN_POINT('',(-0.,0.));
#5407 = VECTOR('',#5408,1.);
#5408 = DIRECTION('',(-1.,0.));
#5409 = ( GEOMETRIC_REPRESENTATION_CONTEXT(2) 
PARAMETRIC_REPRESENTATION_CONTEXT() REPRESENTATION_CONTEXT('2D SPACE',''
  ) );
#5410 = PCURVE('',#4918,#5411);
#5411 = DEFINITIONAL_REPRESENTATION('',(#5412),#5416);
#5412 = CIRCLE('',#5413,29.25);
#5413 = AXIS2_PLACEMENT_2D('',#5414,#5415);
#5414 = CARTESIAN_POINT('',(-3.019722508745E-16,-2.244004320065E-15));
#5415 = DIRECTION('',(0.,-1.));
#5416 = ( GEOMETRIC_REPRESENTATION_CONTEXT(2) 
PARAMETRIC_REPRESENTATION_CONTEXT() REPRESENTATION_CONTEXT('2D SPACE',''
  ) );
#5417 = ORIENTED_EDGE('',*,*,#5418,.T.);
#5418 = EDGE_CURVE('',#5395,#3858,#5419,.T.);
#5419 = SEAM_CURVE('',#5420,(#5424,#5431),.PCURVE_S1.);
#5420 = LINE('',#5421,#5422);
#5421 = CARTESIAN_POINT('',(465.,29.25,0.));
#5422 = VECTOR('',#5423,1.);
#5423 = DIRECTION('',(1.,0.,0.));
#5424 = PCURVE('',#3878,#5425);
#5425 = DEFINITIONAL_REPRESENTATION('',(#5426),#5430);
#5426 = LINE('',#5427,#5428);
#5427 = CARTESIAN_POINT('',(-6.28318530718,0.));
#5428 = VECTOR('',#5429,1.);
#5429 = DIRECTION('',(-0.,-1.));
#5430 = ( GEOMETRIC_REPRESENTATION_CONTEXT(2) 
PARAMETRIC_REPRESENTATION_CONTEXT() REPRESENTATION_CONTEXT('2D SPACE',''
  ) );
#5431 = PCURVE('',#3878,#5432);
#5432 = DEFINITIONAL_REPRESENTATION('',(#5433),#5437);
#5433 = LINE('',#5434,#5435);
#5434 = CARTESIAN_POINT('',(-0.,0.));
#5435 = VECTOR('',#5436,1.);
#5436 = DIRECTION('',(-0.,-1.));
#5437 = ( GEOMETRIC_REPRESENTATION_CONTEXT(2) 
PARAMETRIC_REPRESENTATION_CONTEXT() REPRESENTATION_CONTEXT('2D SPACE',''
  ) );
#5438 = ORIENTED_EDGE('',*,*,#3857,.F.);
#5439 = ORIENTED_EDGE('',*,*,#5418,.F.);
#5440 = ADVANCED_FACE('',(#5441),#3911,.F.);
#5441 = FACE_BOUND('',#5442,.F.);
#5442 = EDGE_LOOP('',(#5443,#5466,#5495,#5516));
#5443 = ORIENTED_EDGE('',*,*,#5444,.F.);
#5444 = EDGE_CURVE('',#5445,#3893,#5447,.T.);
#5445 = VERTEX_POINT('',#5446);
#5446 = CARTESIAN_POINT('',(465.,58.,38.));
#5447 = SURFACE_CURVE('',#5448,(#5452,#5459),.PCURVE_S1.);
#5448 = LINE('',#5449,#5450);
#5449 = CARTESIAN_POINT('',(465.,58.,38.));
#5450 = VECTOR('',#5451,1.);
#5451 = DIRECTION('',(1.,0.,0.));
#5452 = PCURVE('',#3911,#5453);
#5453 = DEFINITIONAL_REPRESENTATION('',(#5454),#5458);
#5454 = LINE('',#5455,#5456);
#5455 = CARTESIAN_POINT('',(0.,0.));
#5456 = VECTOR('',#5457,1.);
#5457 = DIRECTION('',(0.,1.));
#5458 = ( GEOMETRIC_REPRESENTATION_CONTEXT(2) 
PARAMETRIC_REPRESENTATION_CONTEXT() REPRESENTATION_CONTEXT('2D SPACE',''
  ) );
#5459 = PCURVE('',#3938,#5460);
#5460 = DEFINITIONAL_REPRESENTATION('',(#5461),#5465);
#5461 = LINE('',#5462,#5463);
#5462 = CARTESIAN_POINT('',(124.,0.));
#5463 = VECTOR('',#5464,1.);
#5464 = DIRECTION('',(0.,-1.));
#5465 = ( GEOMETRIC_REPRESENTATION_CONTEXT(2) 
PARAMETRIC_REPRESENTATION_CONTEXT() REPRESENTATION_CONTEXT('2D SPACE',''
  ) );
#5466 = ORIENTED_EDGE('',*,*,#5467,.T.);
#5467 = EDGE_CURVE('',#5445,#5468,#5470,.T.);
#5468 = VERTEX_POINT('',#5469);
#5469 = CARTESIAN_POINT('',(465.,66.,46.));
#5470 = SURFACE_CURVE('',#5471,(#5476,#5483),.PCURVE_S1.);
#5471 = CIRCLE('',#5472,8.);
#5472 = AXIS2_PLACEMENT_3D('',#5473,#5474,#5475);
#5473 = CARTESIAN_POINT('',(465.,58.,46.));
#5474 = DIRECTION('',(1.,0.,0.));
#5475 = DIRECTION('',(-0.,0.,1.));
#5476 = PCURVE('',#3911,#5477);
#5477 = DEFINITIONAL_REPRESENTATION('',(#5478),#5482);
#5478 = LINE('',#5479,#5480);
#5479 = CARTESIAN_POINT('',(-3.14159265359,0.));
#5480 = VECTOR('',#5481,1.);
#5481 = DIRECTION('',(1.,0.));
#5482 = ( GEOMETRIC_REPRESENTATION_CONTEXT(2) 
PARAMETRIC_REPRESENTATION_CONTEXT() REPRESENTATION_CONTEXT('2D SPACE',''
  ) );
#5483 = PCURVE('',#5484,#5489);
#5484 = PLANE('',#5485);
#5485 = AXIS2_PLACEMENT_3D('',#5486,#5487,#5488);
#5486 = CARTESIAN_POINT('',(465.,0.,77.));
#5487 = DIRECTION('',(1.,0.,0.));
#5488 = DIRECTION('',(-0.,0.,1.));
#5489 = DEFINITIONAL_REPRESENTATION('',(#5490),#5494);
#5490 = CIRCLE('',#5491,8.);
#5491 = AXIS2_PLACEMENT_2D('',#5492,#5493);
#5492 = CARTESIAN_POINT('',(-31.,-58.));
#5493 = DIRECTION('',(1.,0.));
#5494 = ( GEOMETRIC_REPRESENTATION_CONTEXT(2) 
PARAMETRIC_REPRESENTATION_CONTEXT() REPRESENTATION_CONTEXT('2D SPACE',''
  ) );
#5495 = ORIENTED_EDGE('',*,*,#5496,.T.);
#5496 = EDGE_CURVE('',#5468,#3895,#5497,.T.);
#5497 = SURFACE_CURVE('',#5498,(#5502,#5509),.PCURVE_S1.);
#5498 = LINE('',#5499,#5500);
#5499 = CARTESIAN_POINT('',(465.,66.,46.));
#5500 = VECTOR('',#5501,1.);
#5501 = DIRECTION('',(1.,0.,0.));
#5502 = PCURVE('',#3911,#5503);
#5503 = DEFINITIONAL_REPRESENTATION('',(#5504),#5508);
#5504 = LINE('',#5505,#5506);
#5505 = CARTESIAN_POINT('',(1.570796326795,0.));
#5506 = VECTOR('',#5507,1.);
#5507 = DIRECTION('',(0.,1.));
#5508 = ( GEOMETRIC_REPRESENTATION_CONTEXT(2) 
PARAMETRIC_REPRESENTATION_CONTEXT() REPRESENTATION_CONTEXT('2D SPACE',''
  ) );
#5509 = PCURVE('',#4101,#5510);
#5510 = DEFINITIONAL_REPRESENTATION('',(#5511),#5515);
#5511 = LINE('',#5512,#5513);
#5512 = CARTESIAN_POINT('',(8.,0.));
#5513 = VECTOR('',#5514,1.);
#5514 = DIRECTION('',(0.,-1.));
#5515 = ( GEOMETRIC_REPRESENTATION_CONTEXT(2) 
PARAMETRIC_REPRESENTATION_CONTEXT() REPRESENTATION_CONTEXT('2D SPACE',''
  ) );
#5516 = ORIENTED_EDGE('',*,*,#3892,.F.);
#5517 = ADVANCED_FACE('',(#5518),#3938,.T.);
#5518 = FACE_BOUND('',#5519,.T.);
#5519 = EDGE_LOOP('',(#5520,#5543,#5564,#5565));
#5520 = ORIENTED_EDGE('',*,*,#5521,.F.);
#5521 = EDGE_CURVE('',#5522,#5445,#5524,.T.);
#5522 = VERTEX_POINT('',#5523);
#5523 = CARTESIAN_POINT('',(465.,-58.,38.));
#5524 = SURFACE_CURVE('',#5525,(#5529,#5536),.PCURVE_S1.);
#5525 = LINE('',#5526,#5527);
#5526 = CARTESIAN_POINT('',(465.,-66.,38.));
#5527 = VECTOR('',#5528,1.);
#5528 = DIRECTION('',(0.,1.,0.));
#5529 = PCURVE('',#3938,#5530);
#5530 = DEFINITIONAL_REPRESENTATION('',(#5531),#5535);
#5531 = LINE('',#5532,#5533);
#5532 = CARTESIAN_POINT('',(0.,0.));
#5533 = VECTOR('',#5534,1.);
#5534 = DIRECTION('',(1.,0.));
#5535 = ( GEOMETRIC_REPRESENTATION_CONTEXT(2) 
PARAMETRIC_REPRESENTATION_CONTEXT() REPRESENTATION_CONTEXT('2D SPACE',''
  ) );
#5536 = PCURVE('',#5484,#5537);
#5537 = DEFINITIONAL_REPRESENTATION('',(#5538),#5542);
#5538 = LINE('',#5539,#5540);
#5539 = CARTESIAN_POINT('',(-39.,66.));
#5540 = VECTOR('',#5541,1.);
#5541 = DIRECTION('',(0.,-1.));
#5542 = ( GEOMETRIC_REPRESENTATION_CONTEXT(2) 
PARAMETRIC_REPRESENTATION_CONTEXT() REPRESENTATION_CONTEXT('2D SPACE',''
  ) );
#5543 = ORIENTED_EDGE('',*,*,#5544,.T.);
#5544 = EDGE_CURVE('',#5522,#3924,#5545,.T.);
#5545 = SURFACE_CURVE('',#5546,(#5550,#5557),.PCURVE_S1.);
#5546 = LINE('',#5547,#5548);
#5547 = CARTESIAN_POINT('',(465.,-58.,38.));
#5548 = VECTOR('',#5549,1.);
#5549 = DIRECTION('',(1.,0.,0.));
#5550 = PCURVE('',#3938,#5551);
#5551 = DEFINITIONAL_REPRESENTATION('',(#5552),#5556);
#5552 = LINE('',#5553,#5554);
#5553 = CARTESIAN_POINT('',(8.,0.));
#5554 = VECTOR('',#5555,1.);
#5555 = DIRECTION('',(0.,-1.));
#5556 = ( GEOMETRIC_REPRESENTATION_CONTEXT(2) 
PARAMETRIC_REPRESENTATION_CONTEXT() REPRESENTATION_CONTEXT('2D SPACE',''
  ) );
#5557 = PCURVE('',#3966,#5558);
#5558 = DEFINITIONAL_REPRESENTATION('',(#5559),#5563);
#5559 = LINE('',#5560,#5561);
#5560 = CARTESIAN_POINT('',(-0.,0.));
#5561 = VECTOR('',#5562,1.);
#5562 = DIRECTION('',(-0.,1.));
#5563 = ( GEOMETRIC_REPRESENTATION_CONTEXT(2) 
PARAMETRIC_REPRESENTATION_CONTEXT() REPRESENTATION_CONTEXT('2D SPACE',''
  ) );
#5564 = ORIENTED_EDGE('',*,*,#3923,.F.);
#5565 = ORIENTED_EDGE('',*,*,#5444,.F.);
#5566 = ADVANCED_FACE('',(#5567),#4101,.T.);
#5567 = FACE_BOUND('',#5568,.T.);
#5568 = EDGE_LOOP('',(#5569,#5592,#5593,#5594));
#5569 = ORIENTED_EDGE('',*,*,#5570,.F.);
#5570 = EDGE_CURVE('',#5468,#5571,#5573,.T.);
#5571 = VERTEX_POINT('',#5572);
#5572 = CARTESIAN_POINT('',(465.,66.,108.));
#5573 = SURFACE_CURVE('',#5574,(#5578,#5585),.PCURVE_S1.);
#5574 = LINE('',#5575,#5576);
#5575 = CARTESIAN_POINT('',(465.,66.,38.));
#5576 = VECTOR('',#5577,1.);
#5577 = DIRECTION('',(0.,0.,1.));
#5578 = PCURVE('',#4101,#5579);
#5579 = DEFINITIONAL_REPRESENTATION('',(#5580),#5584);
#5580 = LINE('',#5581,#5582);
#5581 = CARTESIAN_POINT('',(0.,0.));
#5582 = VECTOR('',#5583,1.);
#5583 = DIRECTION('',(1.,0.));
#5584 = ( GEOMETRIC_REPRESENTATION_CONTEXT(2) 
PARAMETRIC_REPRESENTATION_CONTEXT() REPRESENTATION_CONTEXT('2D SPACE',''
  ) );
#5585 = PCURVE('',#5484,#5586);
#5586 = DEFINITIONAL_REPRESENTATION('',(#5587),#5591);
#5587 = LINE('',#5588,#5589);
#5588 = CARTESIAN_POINT('',(-39.,-66.));
#5589 = VECTOR('',#5590,1.);
#5590 = DIRECTION('',(1.,0.));
#5591 = ( GEOMETRIC_REPRESENTATION_CONTEXT(2) 
PARAMETRIC_REPRESENTATION_CONTEXT() REPRESENTATION_CONTEXT('2D SPACE',''
  ) );
#5592 = ORIENTED_EDGE('',*,*,#5496,.T.);
#5593 = ORIENTED_EDGE('',*,*,#4088,.F.);
#5594 = ORIENTED_EDGE('',*,*,#5595,.F.);
#5595 = EDGE_CURVE('',#5571,#4060,#5596,.T.);
#5596 = SURFACE_CURVE('',#5597,(#5601,#5608),.PCURVE_S1.);
#5597 = LINE('',#5598,#5599);
#5598 = CARTESIAN_POINT('',(465.,66.,108.));
#5599 = VECTOR('',#5600,1.);
#5600 = DIRECTION('',(1.,0.,0.));
#5601 = PCURVE('',#4101,#5602);
#5602 = DEFINITIONAL_REPRESENTATION('',(#5603),#5607);
#5603 = LINE('',#5604,#5605);
#5604 = CARTESIAN_POINT('',(70.,0.));
#5605 = VECTOR('',#5606,1.);
#5606 = DIRECTION('',(0.,-1.));
#5607 = ( GEOMETRIC_REPRESENTATION_CONTEXT(2) 
PARAMETRIC_REPRESENTATION_CONTEXT() REPRESENTATION_CONTEXT('2D SPACE',''
  ) );
#5608 = PCURVE('',#4076,#5609);
#5609 = DEFINITIONAL_REPRESENTATION('',(#5610),#5614);
#5610 = LINE('',#5611,#5612);
#5611 = CARTESIAN_POINT('',(0.,0.));
#5612 = VECTOR('',#5613,1.);
#5613 = DIRECTION('',(0.,1.));
#5614 = ( GEOMETRIC_REPRESENTATION_CONTEXT(2) 
PARAMETRIC_REPRESENTATION_CONTEXT() REPRESENTATION_CONTEXT('2D SPACE',''
  ) );
#5615 = ADVANCED_FACE('',(#5616),#3966,.F.);
#5616 = FACE_BOUND('',#5617,.T.);
#5617 = EDGE_LOOP('',(#5618,#5619,#5647,#5668));
#5618 = ORIENTED_EDGE('',*,*,#5544,.F.);
#5619 = ORIENTED_EDGE('',*,*,#5620,.T.);
#5620 = EDGE_CURVE('',#5522,#5621,#5623,.T.);
#5621 = VERTEX_POINT('',#5622);
#5622 = CARTESIAN_POINT('',(465.,-66.,46.));
#5623 = SURFACE_CURVE('',#5624,(#5629,#5636),.PCURVE_S1.);
#5624 = CIRCLE('',#5625,8.);
#5625 = AXIS2_PLACEMENT_3D('',#5626,#5627,#5628);
#5626 = CARTESIAN_POINT('',(465.,-58.,46.));
#5627 = DIRECTION('',(-1.,0.,-0.));
#5628 = DIRECTION('',(-0.,0.,1.));
#5629 = PCURVE('',#3966,#5630);
#5630 = DEFINITIONAL_REPRESENTATION('',(#5631),#5635);
#5631 = LINE('',#5632,#5633);
#5632 = CARTESIAN_POINT('',(3.14159265359,-0.));
#5633 = VECTOR('',#5634,1.);
#5634 = DIRECTION('',(-1.,0.));
#5635 = ( GEOMETRIC_REPRESENTATION_CONTEXT(2) 
PARAMETRIC_REPRESENTATION_CONTEXT() REPRESENTATION_CONTEXT('2D SPACE',''
  ) );
#5636 = PCURVE('',#5484,#5637);
#5637 = DEFINITIONAL_REPRESENTATION('',(#5638),#5646);
#5638 = ( BOUNDED_CURVE() B_SPLINE_CURVE(2,(#5639,#5640,#5641,#5642,
#5643,#5644,#5645),.UNSPECIFIED.,.T.,.F.) B_SPLINE_CURVE_WITH_KNOTS((1,2
    ,2,2,2,1),(-2.094395102393,0.,2.094395102393,4.188790204786,
6.28318530718,8.377580409573),.UNSPECIFIED.) CURVE() 
GEOMETRIC_REPRESENTATION_ITEM() RATIONAL_B_SPLINE_CURVE((1.,0.5,1.,0.5,
1.,0.5,1.)) REPRESENTATION_ITEM('') );
#5639 = CARTESIAN_POINT('',(-23.,58.));
#5640 = CARTESIAN_POINT('',(-23.,44.143593539449));
#5641 = CARTESIAN_POINT('',(-35.,51.071796769724));
#5642 = CARTESIAN_POINT('',(-47.,58.));
#5643 = CARTESIAN_POINT('',(-35.,64.928203230275));
#5644 = CARTESIAN_POINT('',(-23.,71.856406460551));
#5645 = CARTESIAN_POINT('',(-23.,58.));
#5646 = ( GEOMETRIC_REPRESENTATION_CONTEXT(2) 
PARAMETRIC_REPRESENTATION_CONTEXT() REPRESENTATION_CONTEXT('2D SPACE',''
  ) );
#5647 = ORIENTED_EDGE('',*,*,#5648,.T.);
#5648 = EDGE_CURVE('',#5621,#3950,#5649,.T.);
#5649 = SURFACE_CURVE('',#5650,(#5654,#5661),.PCURVE_S1.);
#5650 = LINE('',#5651,#5652);
#5651 = CARTESIAN_POINT('',(465.,-66.,46.));
#5652 = VECTOR('',#5653,1.);
#5653 = DIRECTION('',(1.,0.,0.));
#5654 = PCURVE('',#3966,#5655);
#5655 = DEFINITIONAL_REPRESENTATION('',(#5656),#5660);
#5656 = LINE('',#5657,#5658);
#5657 = CARTESIAN_POINT('',(-1.570796326795,0.));
#5658 = VECTOR('',#5659,1.);
#5659 = DIRECTION('',(-0.,1.));
#5660 = ( GEOMETRIC_REPRESENTATION_CONTEXT(2) 
PARAMETRIC_REPRESENTATION_CONTEXT() REPRESENTATION_CONTEXT('2D SPACE',''
  ) );
#5661 = PCURVE('',#3993,#5662);
#5662 = DEFINITIONAL_REPRESENTATION('',(#5663),#5667);
#5663 = LINE('',#5664,#5665);
#5664 = CARTESIAN_POINT('',(70.,0.));
#5665 = VECTOR('',#5666,1.);
#5666 = DIRECTION('',(0.,-1.));
#5667 = ( GEOMETRIC_REPRESENTATION_CONTEXT(2) 
PARAMETRIC_REPRESENTATION_CONTEXT() REPRESENTATION_CONTEXT('2D SPACE',''
  ) );
#5668 = ORIENTED_EDGE('',*,*,#3949,.T.);
#5669 = ADVANCED_FACE('',(#5670),#4076,.F.);
#5670 = FACE_BOUND('',#5671,.F.);
#5671 = EDGE_LOOP('',(#5672,#5673,#5697,#5718));
#5672 = ORIENTED_EDGE('',*,*,#5595,.F.);
#5673 = ORIENTED_EDGE('',*,*,#5674,.T.);
#5674 = EDGE_CURVE('',#5571,#5675,#5677,.T.);
#5675 = VERTEX_POINT('',#5676);
#5676 = CARTESIAN_POINT('',(465.,58.,116.));
#5677 = SURFACE_CURVE('',#5678,(#5683,#5690),.PCURVE_S1.);
#5678 = CIRCLE('',#5679,8.);
#5679 = AXIS2_PLACEMENT_3D('',#5680,#5681,#5682);
#5680 = CARTESIAN_POINT('',(465.,58.,108.));
#5681 = DIRECTION('',(1.,0.,0.));
#5682 = DIRECTION('',(-0.,0.,1.));
#5683 = PCURVE('',#4076,#5684);
#5684 = DEFINITIONAL_REPRESENTATION('',(#5685),#5689);
#5685 = LINE('',#5686,#5687);
#5686 = CARTESIAN_POINT('',(-4.712388980385,0.));
#5687 = VECTOR('',#5688,1.);
#5688 = DIRECTION('',(1.,0.));
#5689 = ( GEOMETRIC_REPRESENTATION_CONTEXT(2) 
PARAMETRIC_REPRESENTATION_CONTEXT() REPRESENTATION_CONTEXT('2D SPACE',''
  ) );
#5690 = PCURVE('',#5484,#5691);
#5691 = DEFINITIONAL_REPRESENTATION('',(#5692),#5696);
#5692 = CIRCLE('',#5693,8.);
#5693 = AXIS2_PLACEMENT_2D('',#5694,#5695);
#5694 = CARTESIAN_POINT('',(31.,-58.));
#5695 = DIRECTION('',(1.,0.));
#5696 = ( GEOMETRIC_REPRESENTATION_CONTEXT(2) 
PARAMETRIC_REPRESENTATION_CONTEXT() REPRESENTATION_CONTEXT('2D SPACE',''
  ) );
#5697 = ORIENTED_EDGE('',*,*,#5698,.T.);
#5698 = EDGE_CURVE('',#5675,#4034,#5699,.T.);
#5699 = SURFACE_CURVE('',#5700,(#5704,#5711),.PCURVE_S1.);
#5700 = LINE('',#5701,#5702);
#5701 = CARTESIAN_POINT('',(465.,58.,116.));
#5702 = VECTOR('',#5703,1.);
#5703 = DIRECTION('',(1.,0.,0.));
#5704 = PCURVE('',#4076,#5705);
#5705 = DEFINITIONAL_REPRESENTATION('',(#5706),#5710);
#5706 = LINE('',#5707,#5708);
#5707 = CARTESIAN_POINT('',(1.570796326795,0.));
#5708 = VECTOR('',#5709,1.);
#5709 = DIRECTION('',(0.,1.));
#5710 = ( GEOMETRIC_REPRESENTATION_CONTEXT(2) 
PARAMETRIC_REPRESENTATION_CONTEXT() REPRESENTATION_CONTEXT('2D SPACE',''
  ) );
#5711 = PCURVE('',#4048,#5712);
#5712 = DEFINITIONAL_REPRESENTATION('',(#5713),#5717);
#5713 = LINE('',#5714,#5715);
#5714 = CARTESIAN_POINT('',(8.,0.));
#5715 = VECTOR('',#5716,1.);
#5716 = DIRECTION('',(0.,-1.));
#5717 = ( GEOMETRIC_REPRESENTATION_CONTEXT(2) 
PARAMETRIC_REPRESENTATION_CONTEXT() REPRESENTATION_CONTEXT('2D SPACE',''
  ) );
#5718 = ORIENTED_EDGE('',*,*,#4059,.F.);
#5719 = ADVANCED_FACE('',(#5720),#3993,.T.);
#5720 = FACE_BOUND('',#5721,.T.);
#5721 = EDGE_LOOP('',(#5722,#5745,#5766,#5767));
#5722 = ORIENTED_EDGE('',*,*,#5723,.F.);
#5723 = EDGE_CURVE('',#5724,#5621,#5726,.T.);
#5724 = VERTEX_POINT('',#5725);
#5725 = CARTESIAN_POINT('',(465.,-66.,108.));
#5726 = SURFACE_CURVE('',#5727,(#5731,#5738),.PCURVE_S1.);
#5727 = LINE('',#5728,#5729);
#5728 = CARTESIAN_POINT('',(465.,-66.,116.));
#5729 = VECTOR('',#5730,1.);
#5730 = DIRECTION('',(0.,0.,-1.));
#5731 = PCURVE('',#3993,#5732);
#5732 = DEFINITIONAL_REPRESENTATION('',(#5733),#5737);
#5733 = LINE('',#5734,#5735);
#5734 = CARTESIAN_POINT('',(0.,0.));
#5735 = VECTOR('',#5736,1.);
#5736 = DIRECTION('',(1.,0.));
#5737 = ( GEOMETRIC_REPRESENTATION_CONTEXT(2) 
PARAMETRIC_REPRESENTATION_CONTEXT() REPRESENTATION_CONTEXT('2D SPACE',''
  ) );
#5738 = PCURVE('',#5484,#5739);
#5739 = DEFINITIONAL_REPRESENTATION('',(#5740),#5744);
#5740 = LINE('',#5741,#5742);
#5741 = CARTESIAN_POINT('',(39.,66.));
#5742 = VECTOR('',#5743,1.);
#5743 = DIRECTION('',(-1.,0.));
#5744 = ( GEOMETRIC_REPRESENTATION_CONTEXT(2) 
PARAMETRIC_REPRESENTATION_CONTEXT() REPRESENTATION_CONTEXT('2D SPACE',''
  ) );
#5745 = ORIENTED_EDGE('',*,*,#5746,.T.);
#5746 = EDGE_CURVE('',#5724,#3979,#5747,.T.);
#5747 = SURFACE_CURVE('',#5748,(#5752,#5759),.PCURVE_S1.);
#5748 = LINE('',#5749,#5750);
#5749 = CARTESIAN_POINT('',(465.,-66.,108.));
#5750 = VECTOR('',#5751,1.);
#5751 = DIRECTION('',(1.,0.,0.));
#5752 = PCURVE('',#3993,#5753);
#5753 = DEFINITIONAL_REPRESENTATION('',(#5754),#5758);
#5754 = LINE('',#5755,#5756);
#5755 = CARTESIAN_POINT('',(8.,0.));
#5756 = VECTOR('',#5757,1.);
#5757 = DIRECTION('',(0.,-1.));
#5758 = ( GEOMETRIC_REPRESENTATION_CONTEXT(2) 
PARAMETRIC_REPRESENTATION_CONTEXT() REPRESENTATION_CONTEXT('2D SPACE',''
  ) );
#5759 = PCURVE('',#4021,#5760);
#5760 = DEFINITIONAL_REPRESENTATION('',(#5761),#5765);
#5761 = LINE('',#5762,#5763);
#5762 = CARTESIAN_POINT('',(1.570796326795,0.));
#5763 = VECTOR('',#5764,1.);
#5764 = DIRECTION('',(0.,1.));
#5765 = ( GEOMETRIC_REPRESENTATION_CONTEXT(2) 
PARAMETRIC_REPRESENTATION_CONTEXT() REPRESENTATION_CONTEXT('2D SPACE',''
  ) );
#5766 = ORIENTED_EDGE('',*,*,#3978,.F.);
#5767 = ORIENTED_EDGE('',*,*,#5648,.F.);
#5768 = ADVANCED_FACE('',(#5769),#4048,.T.);
#5769 = FACE_BOUND('',#5770,.T.);
#5770 = EDGE_LOOP('',(#5771,#5794,#5795,#5796));
#5771 = ORIENTED_EDGE('',*,*,#5772,.F.);
#5772 = EDGE_CURVE('',#5675,#5773,#5775,.T.);
#5773 = VERTEX_POINT('',#5774);
#5774 = CARTESIAN_POINT('',(465.,-58.,116.));
#5775 = SURFACE_CURVE('',#5776,(#5780,#5787),.PCURVE_S1.);
#5776 = LINE('',#5777,#5778);
#5777 = CARTESIAN_POINT('',(465.,66.,116.));
#5778 = VECTOR('',#5779,1.);
#5779 = DIRECTION('',(0.,-1.,0.));
#5780 = PCURVE('',#4048,#5781);
#5781 = DEFINITIONAL_REPRESENTATION('',(#5782),#5786);
#5782 = LINE('',#5783,#5784);
#5783 = CARTESIAN_POINT('',(0.,-0.));
#5784 = VECTOR('',#5785,1.);
#5785 = DIRECTION('',(1.,0.));
#5786 = ( GEOMETRIC_REPRESENTATION_CONTEXT(2) 
PARAMETRIC_REPRESENTATION_CONTEXT() REPRESENTATION_CONTEXT('2D SPACE',''
  ) );
#5787 = PCURVE('',#5484,#5788);
#5788 = DEFINITIONAL_REPRESENTATION('',(#5789),#5793);
#5789 = LINE('',#5790,#5791);
#5790 = CARTESIAN_POINT('',(39.,-66.));
#5791 = VECTOR('',#5792,1.);
#5792 = DIRECTION('',(0.,1.));
#5793 = ( GEOMETRIC_REPRESENTATION_CONTEXT(2) 
PARAMETRIC_REPRESENTATION_CONTEXT() REPRESENTATION_CONTEXT('2D SPACE',''
  ) );
#5794 = ORIENTED_EDGE('',*,*,#5698,.T.);
#5795 = ORIENTED_EDGE('',*,*,#4033,.F.);
#5796 = ORIENTED_EDGE('',*,*,#5797,.F.);
#5797 = EDGE_CURVE('',#5773,#4005,#5798,.T.);
#5798 = SURFACE_CURVE('',#5799,(#5803,#5810),.PCURVE_S1.);
#5799 = LINE('',#5800,#5801);
#5800 = CARTESIAN_POINT('',(465.,-58.,116.));
#5801 = VECTOR('',#5802,1.);
#5802 = DIRECTION('',(1.,0.,0.));
#5803 = PCURVE('',#4048,#5804);
#5804 = DEFINITIONAL_REPRESENTATION('',(#5805),#5809);
#5805 = LINE('',#5806,#5807);
#5806 = CARTESIAN_POINT('',(124.,0.));
#5807 = VECTOR('',#5808,1.);
#5808 = DIRECTION('',(0.,-1.));
#5809 = ( GEOMETRIC_REPRESENTATION_CONTEXT(2) 
PARAMETRIC_REPRESENTATION_CONTEXT() REPRESENTATION_CONTEXT('2D SPACE',''
  ) );
#5810 = PCURVE('',#4021,#5811);
#5811 = DEFINITIONAL_REPRESENTATION('',(#5812),#5816);
#5812 = LINE('',#5813,#5814);
#5813 = CARTESIAN_POINT('',(0.,0.));
#5814 = VECTOR('',#5815,1.);
#5815 = DIRECTION('',(0.,1.));
#5816 = ( GEOMETRIC_REPRESENTATION_CONTEXT(2) 
PARAMETRIC_REPRESENTATION_CONTEXT() REPRESENTATION_CONTEXT('2D SPACE',''
  ) );
#5817 = ADVANCED_FACE('',(#5818),#4021,.F.);
#5818 = FACE_BOUND('',#5819,.F.);
#5819 = EDGE_LOOP('',(#5820,#5821,#5843,#5844));
#5820 = ORIENTED_EDGE('',*,*,#5797,.F.);
#5821 = ORIENTED_EDGE('',*,*,#5822,.T.);
#5822 = EDGE_CURVE('',#5773,#5724,#5823,.T.);
#5823 = SURFACE_CURVE('',#5824,(#5829,#5836),.PCURVE_S1.);
#5824 = CIRCLE('',#5825,8.);
#5825 = AXIS2_PLACEMENT_3D('',#5826,#5827,#5828);
#5826 = CARTESIAN_POINT('',(465.,-58.,108.));
#5827 = DIRECTION('',(1.,0.,0.));
#5828 = DIRECTION('',(-0.,0.,1.));
#5829 = PCURVE('',#4021,#5830);
#5830 = DEFINITIONAL_REPRESENTATION('',(#5831),#5835);
#5831 = LINE('',#5832,#5833);
#5832 = CARTESIAN_POINT('',(0.,0.));
#5833 = VECTOR('',#5834,1.);
#5834 = DIRECTION('',(1.,0.));
#5835 = ( GEOMETRIC_REPRESENTATION_CONTEXT(2) 
PARAMETRIC_REPRESENTATION_CONTEXT() REPRESENTATION_CONTEXT('2D SPACE',''
  ) );
#5836 = PCURVE('',#5484,#5837);
#5837 = DEFINITIONAL_REPRESENTATION('',(#5838),#5842);
#5838 = CIRCLE('',#5839,8.);
#5839 = AXIS2_PLACEMENT_2D('',#5840,#5841);
#5840 = CARTESIAN_POINT('',(31.,58.));
#5841 = DIRECTION('',(1.,0.));
#5842 = ( GEOMETRIC_REPRESENTATION_CONTEXT(2) 
PARAMETRIC_REPRESENTATION_CONTEXT() REPRESENTATION_CONTEXT('2D SPACE',''
  ) );
#5843 = ORIENTED_EDGE('',*,*,#5746,.T.);
#5844 = ORIENTED_EDGE('',*,*,#4004,.F.);
#5845 = ADVANCED_FACE('',(#5846,#6143),#4172,.F.);
#5846 = FACE_BOUND('',#5847,.T.);
#5847 = EDGE_LOOP('',(#5848,#5879,#5900,#5923,#5952,#5973,#6001,#6002,
    #6003,#6004,#6025,#6047,#6048,#6049,#6073,#6092,#6093,#6094,#6124));
#5848 = ORIENTED_EDGE('',*,*,#5849,.F.);
#5849 = EDGE_CURVE('',#5850,#5852,#5854,.T.);
#5850 = VERTEX_POINT('',#5851);
#5851 = CARTESIAN_POINT('',(483.,70.,-110.));
#5852 = VERTEX_POINT('',#5853);
#5853 = CARTESIAN_POINT('',(481.,72.828427124746,-110.));
#5854 = SURFACE_CURVE('',#5855,(#5860,#5867),.PCURVE_S1.);
#5855 = CIRCLE('',#5856,3.);
#5856 = AXIS2_PLACEMENT_3D('',#5857,#5858,#5859);
#5857 = CARTESIAN_POINT('',(480.,70.,-110.));
#5858 = DIRECTION('',(0.,0.,1.));
#5859 = DIRECTION('',(1.,0.,0.));
#5860 = PCURVE('',#4172,#5861);
#5861 = DEFINITIONAL_REPRESENTATION('',(#5862),#5866);
#5862 = LINE('',#5863,#5864);
#5863 = CARTESIAN_POINT('',(-0.,0.));
#5864 = VECTOR('',#5865,1.);
#5865 = DIRECTION('',(-1.,0.));
#5866 = ( GEOMETRIC_REPRESENTATION_CONTEXT(2) 
PARAMETRIC_REPRESENTATION_CONTEXT() REPRESENTATION_CONTEXT('2D SPACE',''
  ) );
#5867 = PCURVE('',#5868,#5873);
#5868 = PLANE('',#5869);
#5869 = AXIS2_PLACEMENT_3D('',#5870,#5871,#5872);
#5870 = CARTESIAN_POINT('',(480.,70.,-110.));
#5871 = DIRECTION('',(0.,0.,1.));
#5872 = DIRECTION('',(1.,0.,-0.));
#5873 = DEFINITIONAL_REPRESENTATION('',(#5874),#5878);
#5874 = CIRCLE('',#5875,3.);
#5875 = AXIS2_PLACEMENT_2D('',#5876,#5877);
#5876 = CARTESIAN_POINT('',(0.,0.));
#5877 = DIRECTION('',(1.,0.));
#5878 = ( GEOMETRIC_REPRESENTATION_CONTEXT(2) 
PARAMETRIC_REPRESENTATION_CONTEXT() REPRESENTATION_CONTEXT('2D SPACE',''
  ) );
#5879 = ORIENTED_EDGE('',*,*,#5880,.T.);
#5880 = EDGE_CURVE('',#5850,#4123,#5881,.T.);
#5881 = SEAM_CURVE('',#5882,(#5886,#5893),.PCURVE_S1.);
#5882 = LINE('',#5883,#5884);
#5883 = CARTESIAN_POINT('',(483.,70.,-110.));
#5884 = VECTOR('',#5885,1.);
#5885 = DIRECTION('',(0.,0.,1.));
#5886 = PCURVE('',#4172,#5887);
#5887 = DEFINITIONAL_REPRESENTATION('',(#5888),#5892);
#5888 = LINE('',#5889,#5890);
#5889 = CARTESIAN_POINT('',(-6.28318530718,0.));
#5890 = VECTOR('',#5891,1.);
#5891 = DIRECTION('',(-0.,-1.));
#5892 = ( GEOMETRIC_REPRESENTATION_CONTEXT(2) 
PARAMETRIC_REPRESENTATION_CONTEXT() REPRESENTATION_CONTEXT('2D SPACE',''
  ) );
#5893 = PCURVE('',#4172,#5894);
#5894 = DEFINITIONAL_REPRESENTATION('',(#5895),#5899);
#5895 = LINE('',#5896,#5897);
#5896 = CARTESIAN_POINT('',(-0.,0.));
#5897 = VECTOR('',#5898,1.);
#5898 = DIRECTION('',(-0.,-1.));
#5899 = ( GEOMETRIC_REPRESENTATION_CONTEXT(2) 
PARAMETRIC_REPRESENTATION_CONTEXT() REPRESENTATION_CONTEXT('2D SPACE',''
  ) );
#5900 = ORIENTED_EDGE('',*,*,#5901,.T.);
#5901 = EDGE_CURVE('',#4123,#5902,#5904,.T.);
#5902 = VERTEX_POINT('',#5903);
#5903 = CARTESIAN_POINT('',(483.,70.,110.));
#5904 = SEAM_CURVE('',#5905,(#5909,#5916),.PCURVE_S1.);
#5905 = LINE('',#5906,#5907);
#5906 = CARTESIAN_POINT('',(483.,70.,-110.));
#5907 = VECTOR('',#5908,1.);
#5908 = DIRECTION('',(0.,0.,1.));
#5909 = PCURVE('',#4172,#5910);
#5910 = DEFINITIONAL_REPRESENTATION('',(#5911),#5915);
#5911 = LINE('',#5912,#5913);
#5912 = CARTESIAN_POINT('',(-6.28318530718,0.));
#5913 = VECTOR('',#5914,1.);
#5914 = DIRECTION('',(-0.,-1.));
#5915 = ( GEOMETRIC_REPRESENTATION_CONTEXT(2) 
PARAMETRIC_REPRESENTATION_CONTEXT() REPRESENTATION_CONTEXT('2D SPACE',''
  ) );
#5916 = PCURVE('',#4172,#5917);
#5917 = DEFINITIONAL_REPRESENTATION('',(#5918),#5922);
#5918 = LINE('',#5919,#5920);
#5919 = CARTESIAN_POINT('',(-0.,0.));
#5920 = VECTOR('',#5921,1.);
#5921 = DIRECTION('',(-0.,-1.));
#5922 = ( GEOMETRIC_REPRESENTATION_CONTEXT(2) 
PARAMETRIC_REPRESENTATION_CONTEXT() REPRESENTATION_CONTEXT('2D SPACE',''
  ) );
#5923 = ORIENTED_EDGE('',*,*,#5924,.T.);
#5924 = EDGE_CURVE('',#5902,#5925,#5927,.T.);
#5925 = VERTEX_POINT('',#5926);
#5926 = CARTESIAN_POINT('',(481.,72.828427124746,110.));
#5927 = SURFACE_CURVE('',#5928,(#5933,#5940),.PCURVE_S1.);
#5928 = CIRCLE('',#5929,3.);
#5929 = AXIS2_PLACEMENT_3D('',#5930,#5931,#5932);
#5930 = CARTESIAN_POINT('',(480.,70.,110.));
#5931 = DIRECTION('',(0.,0.,1.));
#5932 = DIRECTION('',(1.,0.,0.));
#5933 = PCURVE('',#4172,#5934);
#5934 = DEFINITIONAL_REPRESENTATION('',(#5935),#5939);
#5935 = LINE('',#5936,#5937);
#5936 = CARTESIAN_POINT('',(-0.,-220.));
#5937 = VECTOR('',#5938,1.);
#5938 = DIRECTION('',(-1.,0.));
#5939 = ( GEOMETRIC_REPRESENTATION_CONTEXT(2) 
PARAMETRIC_REPRESENTATION_CONTEXT() REPRESENTATION_CONTEXT('2D SPACE',''
  ) );
#5940 = PCURVE('',#5941,#5946);
#5941 = PLANE('',#5942);
#5942 = AXIS2_PLACEMENT_3D('',#5943,#5944,#5945);
#5943 = CARTESIAN_POINT('',(480.,70.,110.));
#5944 = DIRECTION('',(0.,0.,1.));
#5945 = DIRECTION('',(1.,0.,-0.));
#5946 = DEFINITIONAL_REPRESENTATION('',(#5947),#5951);
#5947 = CIRCLE('',#5948,3.);
#5948 = AXIS2_PLACEMENT_2D('',#5949,#5950);
#5949 = CARTESIAN_POINT('',(0.,0.));
#5950 = DIRECTION('',(1.,0.));
#5951 = ( GEOMETRIC_REPRESENTATION_CONTEXT(2) 
PARAMETRIC_REPRESENTATION_CONTEXT() REPRESENTATION_CONTEXT('2D SPACE',''
  ) );
#5952 = ORIENTED_EDGE('',*,*,#5953,.T.);
#5953 = EDGE_CURVE('',#5925,#5954,#5956,.T.);
#5954 = VERTEX_POINT('',#5955);
#5955 = CARTESIAN_POINT('',(481.,72.828427124746,109.));
#5956 = SURFACE_CURVE('',#5957,(#5961,#5967),.PCURVE_S1.);
#5957 = LINE('',#5958,#5959);
#5958 = CARTESIAN_POINT('',(481.,72.828427124746,-110.));
#5959 = VECTOR('',#5960,1.);
#5960 = DIRECTION('',(-0.,-0.,-1.));
#5961 = PCURVE('',#4172,#5962);
#5962 = DEFINITIONAL_REPRESENTATION('',(#5963),#5966);
#5963 = B_SPLINE_CURVE_WITH_KNOTS('',1,(#5964,#5965),.UNSPECIFIED.,.F.,
  .F.,(2,2),(-220.0000006,-216.4),.PIECEWISE_BEZIER_KNOTS.);
#5964 = CARTESIAN_POINT('',(-1.230959417341,-220.0000006));
#5965 = CARTESIAN_POINT('',(-1.230959417341,-216.4));
#5966 = ( GEOMETRIC_REPRESENTATION_CONTEXT(2) 
PARAMETRIC_REPRESENTATION_CONTEXT() REPRESENTATION_CONTEXT('2D SPACE',''
  ) );
#5967 = PCURVE('',#4707,#5968);
#5968 = DEFINITIONAL_REPRESENTATION('',(#5969),#5972);
#5969 = B_SPLINE_CURVE_WITH_KNOTS('',1,(#5970,#5971),.UNSPECIFIED.,.F.,
  .F.,(2,2),(-220.0000006,-216.4),.PIECEWISE_BEZIER_KNOTS.);
#5970 = CARTESIAN_POINT('',(5.999999928008E-07,-2.828427124746));
#5971 = CARTESIAN_POINT('',(-3.6,-2.828427124746));
#5972 = ( GEOMETRIC_REPRESENTATION_CONTEXT(2) 
PARAMETRIC_REPRESENTATION_CONTEXT() REPRESENTATION_CONTEXT('2D SPACE',''
  ) );
#5973 = ORIENTED_EDGE('',*,*,#5974,.F.);
#5974 = EDGE_CURVE('',#4640,#5954,#5975,.T.);
#5975 = SURFACE_CURVE('',#5976,(#5981,#5991),.PCURVE_S1.);
#5976 = ELLIPSE('',#5977,4.242640687119,3.);
#5977 = AXIS2_PLACEMENT_3D('',#5978,#5979,#5980);
#5978 = CARTESIAN_POINT('',(480.,70.,110.));
#5979 = DIRECTION('',(-0.707106781187,-0.,-0.707106781187));
#5980 = DIRECTION('',(0.707106781187,0.,-0.707106781187));
#5981 = PCURVE('',#4172,#5982);
#5982 = DEFINITIONAL_REPRESENTATION('',(#5983),#5990);
#5983 = B_SPLINE_CURVE_WITH_KNOTS('',5,(#5984,#5985,#5986,#5987,#5988,
    #5989),.UNSPECIFIED.,.F.,.F.,(6,6),(4.712388880385,5.052226101972),
  .PIECEWISE_BEZIER_KNOTS.);
#5984 = CARTESIAN_POINT('',(-1.570796426795,-220.0000003));
#5985 = CARTESIAN_POINT('',(-1.502828982477,-219.796097967));
#5986 = CARTESIAN_POINT('',(-1.43486153816,-219.5921956112));
#5987 = CARTESIAN_POINT('',(-1.366894093843,-219.3902557413));
#5988 = CARTESIAN_POINT('',(-1.298926649525,-219.1922403486));
#5989 = CARTESIAN_POINT('',(-1.230959205208,-218.9999993999));
#5990 = ( GEOMETRIC_REPRESENTATION_CONTEXT(2) 
PARAMETRIC_REPRESENTATION_CONTEXT() REPRESENTATION_CONTEXT('2D SPACE',''
  ) );
#5991 = PCURVE('',#4678,#5992);
#5992 = DEFINITIONAL_REPRESENTATION('',(#5993),#6000);
#5993 = B_SPLINE_CURVE_WITH_KNOTS('',5,(#5994,#5995,#5996,#5997,#5998,
    #5999),.UNSPECIFIED.,.F.,.F.,(6,6),(4.712388880385,5.052226101972),
  .PIECEWISE_BEZIER_KNOTS.);
#5994 = CARTESIAN_POINT('',(-6.28318540718,-60.9999997));
#5995 = CARTESIAN_POINT('',(-6.215217962862,-61.20390203295));
#5996 = CARTESIAN_POINT('',(-6.147250518545,-61.40780438871));
#5997 = CARTESIAN_POINT('',(-6.079283074227,-61.60974425866));
#5998 = CARTESIAN_POINT('',(-6.01131562991,-61.80775965131));
#5999 = CARTESIAN_POINT('',(-5.943348185593,-62.0000006));
#6000 = ( GEOMETRIC_REPRESENTATION_CONTEXT(2) 
PARAMETRIC_REPRESENTATION_CONTEXT() REPRESENTATION_CONTEXT('2D SPACE',''
  ) );
#6001 = ORIENTED_EDGE('',*,*,#4785,.F.);
#6002 = ORIENTED_EDGE('',*,*,#4749,.F.);
#6003 = ORIENTED_EDGE('',*,*,#4719,.F.);
#6004 = ORIENTED_EDGE('',*,*,#6005,.F.);
#6005 = EDGE_CURVE('',#6006,#4691,#6008,.T.);
#6006 = VERTEX_POINT('',#6007);
#6007 = CARTESIAN_POINT('',(481.,67.171572875254,110.));
#6008 = SURFACE_CURVE('',#6009,(#6013,#6019),.PCURVE_S1.);
#6009 = LINE('',#6010,#6011);
#6010 = CARTESIAN_POINT('',(481.,67.171572875254,-110.));
#6011 = VECTOR('',#6012,1.);
#6012 = DIRECTION('',(-0.,-0.,-1.));
#6013 = PCURVE('',#4172,#6014);
#6014 = DEFINITIONAL_REPRESENTATION('',(#6015),#6018);
#6015 = B_SPLINE_CURVE_WITH_KNOTS('',1,(#6016,#6017),.UNSPECIFIED.,.F.,
  .F.,(2,2),(-220.0000006,-216.4),.PIECEWISE_BEZIER_KNOTS.);
#6016 = CARTESIAN_POINT('',(-5.052225889839,-220.0000006));
#6017 = CARTESIAN_POINT('',(-5.052225889839,-216.4));
#6018 = ( GEOMETRIC_REPRESENTATION_CONTEXT(2) 
PARAMETRIC_REPRESENTATION_CONTEXT() REPRESENTATION_CONTEXT('2D SPACE',''
  ) );
#6019 = PCURVE('',#4707,#6020);
#6020 = DEFINITIONAL_REPRESENTATION('',(#6021),#6024);
#6021 = B_SPLINE_CURVE_WITH_KNOTS('',1,(#6022,#6023),.UNSPECIFIED.,.F.,
  .F.,(2,2),(-220.0000006,-216.4),.PIECEWISE_BEZIER_KNOTS.);
#6022 = CARTESIAN_POINT('',(5.999999928008E-07,2.828427124746));
#6023 = CARTESIAN_POINT('',(-3.6,2.828427124746));
#6024 = ( GEOMETRIC_REPRESENTATION_CONTEXT(2) 
PARAMETRIC_REPRESENTATION_CONTEXT() REPRESENTATION_CONTEXT('2D SPACE',''
  ) );
#6025 = ORIENTED_EDGE('',*,*,#6026,.T.);
#6026 = EDGE_CURVE('',#6006,#5902,#6027,.T.);
#6027 = SURFACE_CURVE('',#6028,(#6033,#6040),.PCURVE_S1.);
#6028 = CIRCLE('',#6029,3.);
#6029 = AXIS2_PLACEMENT_3D('',#6030,#6031,#6032);
#6030 = CARTESIAN_POINT('',(480.,70.,110.));
#6031 = DIRECTION('',(0.,0.,1.));
#6032 = DIRECTION('',(1.,0.,0.));
#6033 = PCURVE('',#4172,#6034);
#6034 = DEFINITIONAL_REPRESENTATION('',(#6035),#6039);
#6035 = LINE('',#6036,#6037);
#6036 = CARTESIAN_POINT('',(-0.,-220.));
#6037 = VECTOR('',#6038,1.);
#6038 = DIRECTION('',(-1.,0.));
#6039 = ( GEOMETRIC_REPRESENTATION_CONTEXT(2) 
PARAMETRIC_REPRESENTATION_CONTEXT() REPRESENTATION_CONTEXT('2D SPACE',''
  ) );
#6040 = PCURVE('',#5941,#6041);
#6041 = DEFINITIONAL_REPRESENTATION('',(#6042),#6046);
#6042 = CIRCLE('',#6043,3.);
#6043 = AXIS2_PLACEMENT_2D('',#6044,#6045);
#6044 = CARTESIAN_POINT('',(0.,0.));
#6045 = DIRECTION('',(1.,0.));
#6046 = ( GEOMETRIC_REPRESENTATION_CONTEXT(2) 
PARAMETRIC_REPRESENTATION_CONTEXT() REPRESENTATION_CONTEXT('2D SPACE',''
  ) );
#6047 = ORIENTED_EDGE('',*,*,#5901,.F.);
#6048 = ORIENTED_EDGE('',*,*,#5880,.F.);
#6049 = ORIENTED_EDGE('',*,*,#6050,.F.);
#6050 = EDGE_CURVE('',#6051,#5850,#6053,.T.);
#6051 = VERTEX_POINT('',#6052);
#6052 = CARTESIAN_POINT('',(481.,67.171572875254,-110.));
#6053 = SURFACE_CURVE('',#6054,(#6059,#6066),.PCURVE_S1.);
#6054 = CIRCLE('',#6055,3.);
#6055 = AXIS2_PLACEMENT_3D('',#6056,#6057,#6058);
#6056 = CARTESIAN_POINT('',(480.,70.,-110.));
#6057 = DIRECTION('',(0.,0.,1.));
#6058 = DIRECTION('',(1.,0.,0.));
#6059 = PCURVE('',#4172,#6060);
#6060 = DEFINITIONAL_REPRESENTATION('',(#6061),#6065);
#6061 = LINE('',#6062,#6063);
#6062 = CARTESIAN_POINT('',(-0.,0.));
#6063 = VECTOR('',#6064,1.);
#6064 = DIRECTION('',(-1.,0.));
#6065 = ( GEOMETRIC_REPRESENTATION_CONTEXT(2) 
PARAMETRIC_REPRESENTATION_CONTEXT() REPRESENTATION_CONTEXT('2D SPACE',''
  ) );
#6066 = PCURVE('',#5868,#6067);
#6067 = DEFINITIONAL_REPRESENTATION('',(#6068),#6072);
#6068 = CIRCLE('',#6069,3.);
#6069 = AXIS2_PLACEMENT_2D('',#6070,#6071);
#6070 = CARTESIAN_POINT('',(0.,0.));
#6071 = DIRECTION('',(1.,0.));
#6072 = ( GEOMETRIC_REPRESENTATION_CONTEXT(2) 
PARAMETRIC_REPRESENTATION_CONTEXT() REPRESENTATION_CONTEXT('2D SPACE',''
  ) );
#6073 = ORIENTED_EDGE('',*,*,#6074,.F.);
#6074 = EDGE_CURVE('',#4580,#6051,#6075,.T.);
#6075 = SURFACE_CURVE('',#6076,(#6080,#6086),.PCURVE_S1.);
#6076 = LINE('',#6077,#6078);
#6077 = CARTESIAN_POINT('',(481.,67.171572875254,-110.));
#6078 = VECTOR('',#6079,1.);
#6079 = DIRECTION('',(-0.,-0.,-1.));
#6080 = PCURVE('',#4172,#6081);
#6081 = DEFINITIONAL_REPRESENTATION('',(#6082),#6085);
#6082 = B_SPLINE_CURVE_WITH_KNOTS('',1,(#6083,#6084),.UNSPECIFIED.,.F.,
  .F.,(2,2),(-3.6,6.000000070117E-07),.PIECEWISE_BEZIER_KNOTS.);
#6083 = CARTESIAN_POINT('',(-5.052225889839,-3.6));
#6084 = CARTESIAN_POINT('',(-5.052225889839,6.000000070117E-07));
#6085 = ( GEOMETRIC_REPRESENTATION_CONTEXT(2) 
PARAMETRIC_REPRESENTATION_CONTEXT() REPRESENTATION_CONTEXT('2D SPACE',''
  ) );
#6086 = PCURVE('',#4624,#6087);
#6087 = DEFINITIONAL_REPRESENTATION('',(#6088),#6091);
#6088 = B_SPLINE_CURVE_WITH_KNOTS('',1,(#6089,#6090),.UNSPECIFIED.,.F.,
  .F.,(2,2),(-3.6,6.000000070117E-07),.PIECEWISE_BEZIER_KNOTS.);
#6089 = CARTESIAN_POINT('',(3.6,2.828427124746));
#6090 = CARTESIAN_POINT('',(-6.000000212225E-07,2.828427124746));
#6091 = ( GEOMETRIC_REPRESENTATION_CONTEXT(2) 
PARAMETRIC_REPRESENTATION_CONTEXT() REPRESENTATION_CONTEXT('2D SPACE',''
  ) );
#6092 = ORIENTED_EDGE('',*,*,#4579,.T.);
#6093 = ORIENTED_EDGE('',*,*,#4529,.T.);
#6094 = ORIENTED_EDGE('',*,*,#6095,.T.);
#6095 = EDGE_CURVE('',#4477,#6096,#6098,.T.);
#6096 = VERTEX_POINT('',#6097);
#6097 = CARTESIAN_POINT('',(481.,72.828427124746,-109.));
#6098 = SURFACE_CURVE('',#6099,(#6104,#6114),.PCURVE_S1.);
#6099 = ELLIPSE('',#6100,4.242640687119,3.);
#6100 = AXIS2_PLACEMENT_3D('',#6101,#6102,#6103);
#6101 = CARTESIAN_POINT('',(480.,70.,-110.));
#6102 = DIRECTION('',(0.707106781187,0.,-0.707106781187));
#6103 = DIRECTION('',(-0.707106781187,-0.,-0.707106781187));
#6104 = PCURVE('',#4172,#6105);
#6105 = DEFINITIONAL_REPRESENTATION('',(#6106),#6113);
#6106 = B_SPLINE_CURVE_WITH_KNOTS('',5,(#6107,#6108,#6109,#6110,#6111,
    #6112),.UNSPECIFIED.,.F.,.F.,(6,6),(1.570796226795,1.910633448382),
  .PIECEWISE_BEZIER_KNOTS.);
#6107 = CARTESIAN_POINT('',(-1.570796426795,3.000000106113E-07));
#6108 = CARTESIAN_POINT('',(-1.502828982477,-0.203902032952));
#6109 = CARTESIAN_POINT('',(-1.43486153816,-0.407804388716));
#6110 = CARTESIAN_POINT('',(-1.366894093843,-0.609744258664));
#6111 = CARTESIAN_POINT('',(-1.298926649525,-0.807759651314));
#6112 = CARTESIAN_POINT('',(-1.230959205208,-1.000000600002));
#6113 = ( GEOMETRIC_REPRESENTATION_CONTEXT(2) 
PARAMETRIC_REPRESENTATION_CONTEXT() REPRESENTATION_CONTEXT('2D SPACE',''
  ) );
#6114 = PCURVE('',#4494,#6115);
#6115 = DEFINITIONAL_REPRESENTATION('',(#6116),#6123);
#6116 = B_SPLINE_CURVE_WITH_KNOTS('',5,(#6117,#6118,#6119,#6120,#6121,
    #6122),.UNSPECIFIED.,.F.,.F.,(6,6),(1.570796226795,1.910633448382),
  .PIECEWISE_BEZIER_KNOTS.);
#6117 = CARTESIAN_POINT('',(1.000000038331E-07,-60.9999997));
#6118 = CARTESIAN_POINT('',(-6.79673443174E-02,-61.20390203295));
#6119 = CARTESIAN_POINT('',(-0.135934788635,-61.40780438871));
#6120 = CARTESIAN_POINT('',(-0.203902232952,-61.60974425866));
#6121 = CARTESIAN_POINT('',(-0.27186967727,-61.80775965131));
#6122 = CARTESIAN_POINT('',(-0.339837121587,-62.0000006));
#6123 = ( GEOMETRIC_REPRESENTATION_CONTEXT(2) 
PARAMETRIC_REPRESENTATION_CONTEXT() REPRESENTATION_CONTEXT('2D SPACE',''
  ) );
#6124 = ORIENTED_EDGE('',*,*,#6125,.T.);
#6125 = EDGE_CURVE('',#6096,#5852,#6126,.T.);
#6126 = SURFACE_CURVE('',#6127,(#6131,#6137),.PCURVE_S1.);
#6127 = LINE('',#6128,#6129);
#6128 = CARTESIAN_POINT('',(481.,72.828427124746,-110.));
#6129 = VECTOR('',#6130,1.);
#6130 = DIRECTION('',(-0.,-0.,-1.));
#6131 = PCURVE('',#4172,#6132);
#6132 = DEFINITIONAL_REPRESENTATION('',(#6133),#6136);
#6133 = B_SPLINE_CURVE_WITH_KNOTS('',1,(#6134,#6135),.UNSPECIFIED.,.F.,
  .F.,(2,2),(-3.6,6.000000070117E-07),.PIECEWISE_BEZIER_KNOTS.);
#6134 = CARTESIAN_POINT('',(-1.230959417341,-3.6));
#6135 = CARTESIAN_POINT('',(-1.230959417341,6.000000070117E-07));
#6136 = ( GEOMETRIC_REPRESENTATION_CONTEXT(2) 
PARAMETRIC_REPRESENTATION_CONTEXT() REPRESENTATION_CONTEXT('2D SPACE',''
  ) );
#6137 = PCURVE('',#4624,#6138);
#6138 = DEFINITIONAL_REPRESENTATION('',(#6139),#6142);
#6139 = B_SPLINE_CURVE_WITH_KNOTS('',1,(#6140,#6141),.UNSPECIFIED.,.F.,
  .F.,(2,2),(-3.6,6.000000070117E-07),.PIECEWISE_BEZIER_KNOTS.);
#6140 = CARTESIAN_POINT('',(3.6,-2.828427124746));
#6141 = CARTESIAN_POINT('',(-6.000000212225E-07,-2.828427124746));
#6142 = ( GEOMETRIC_REPRESENTATION_CONTEXT(2) 
PARAMETRIC_REPRESENTATION_CONTEXT() REPRESENTATION_CONTEXT('2D SPACE',''
  ) );
#6143 = FACE_BOUND('',#6144,.T.);
#6144 = EDGE_LOOP('',(#6145,#6146,#6147,#6148));
#6145 = ORIENTED_EDGE('',*,*,#4147,.T.);
#6146 = ORIENTED_EDGE('',*,*,#4262,.T.);
#6147 = ORIENTED_EDGE('',*,*,#4226,.T.);
#6148 = ORIENTED_EDGE('',*,*,#4190,.T.);
#6149 = ADVANCED_FACE('',(#6150,#6605),#4349,.F.);
#6150 = FACE_BOUND('',#6151,.T.);
#6151 = EDGE_LOOP('',(#6152,#6180,#6215,#6236,#6259,#6294,#6320,#6349,
    #6370,#6405,#6441,#6475,#6476,#6477,#6527,#6557,#6578));
#6152 = ORIENTED_EDGE('',*,*,#6153,.F.);
#6153 = EDGE_CURVE('',#6154,#6156,#6158,.T.);
#6154 = VERTEX_POINT('',#6155);
#6155 = CARTESIAN_POINT('',(457.82842712474,56.,-79.));
#6156 = VERTEX_POINT('',#6157);
#6157 = CARTESIAN_POINT('',(457.82842712474,56.,-80.));
#6158 = SURFACE_CURVE('',#6159,(#6163,#6169),.PCURVE_S1.);
#6159 = LINE('',#6160,#6161);
#6160 = CARTESIAN_POINT('',(457.82842712474,56.,-80.));
#6161 = VECTOR('',#6162,1.);
#6162 = DIRECTION('',(-0.,-0.,-1.));
#6163 = PCURVE('',#4349,#6164);
#6164 = DEFINITIONAL_REPRESENTATION('',(#6165),#6168);
#6165 = B_SPLINE_CURVE_WITH_KNOTS('',1,(#6166,#6167),.UNSPECIFIED.,.F.,
  .F.,(2,2),(-3.6,6.000000070117E-07),.PIECEWISE_BEZIER_KNOTS.);
#6166 = CARTESIAN_POINT('',(-0.339836909454,-3.6));
#6167 = CARTESIAN_POINT('',(-0.339836909454,6.000000070117E-07));
#6168 = ( GEOMETRIC_REPRESENTATION_CONTEXT(2) 
PARAMETRIC_REPRESENTATION_CONTEXT() REPRESENTATION_CONTEXT('2D SPACE',''
  ) );
#6169 = PCURVE('',#6170,#6175);
#6170 = PLANE('',#6171);
#6171 = AXIS2_PLACEMENT_3D('',#6172,#6173,#6174);
#6172 = CARTESIAN_POINT('',(455.,56.,-80.));
#6173 = DIRECTION('',(-0.,-1.,-0.));
#6174 = DIRECTION('',(0.,0.,-1.));
#6175 = DEFINITIONAL_REPRESENTATION('',(#6176),#6179);
#6176 = B_SPLINE_CURVE_WITH_KNOTS('',1,(#6177,#6178),.UNSPECIFIED.,.F.,
  .F.,(2,2),(-3.6,6.000000070117E-07),.PIECEWISE_BEZIER_KNOTS.);
#6177 = CARTESIAN_POINT('',(-3.6,2.828427124746));
#6178 = CARTESIAN_POINT('',(6.000000070117E-07,2.828427124746));
#6179 = ( GEOMETRIC_REPRESENTATION_CONTEXT(2) 
PARAMETRIC_REPRESENTATION_CONTEXT() REPRESENTATION_CONTEXT('2D SPACE',''
  ) );
#6180 = ORIENTED_EDGE('',*,*,#6181,.T.);
#6181 = EDGE_CURVE('',#6154,#6182,#6184,.T.);
#6182 = VERTEX_POINT('',#6183);
#6183 = CARTESIAN_POINT('',(458.,55.,-80.));
#6184 = SURFACE_CURVE('',#6185,(#6190,#6200),.PCURVE_S1.);
#6185 = ELLIPSE('',#6186,4.242640687119,3.);
#6186 = AXIS2_PLACEMENT_3D('',#6187,#6188,#6189);
#6187 = CARTESIAN_POINT('',(455.,55.,-80.));
#6188 = DIRECTION('',(-0.,0.707106781187,-0.707106781187));
#6189 = DIRECTION('',(0.,-0.707106781187,-0.707106781187));
#6190 = PCURVE('',#4349,#6191);
#6191 = DEFINITIONAL_REPRESENTATION('',(#6192),#6199);
#6192 = B_SPLINE_CURVE_WITH_KNOTS('',5,(#6193,#6194,#6195,#6196,#6197,
    #6198),.UNSPECIFIED.,.F.,.F.,(6,6),(4.372551858798,4.712388980385),
  .PIECEWISE_BEZIER_KNOTS.);
#6193 = CARTESIAN_POINT('',(-0.339837121587,-1.000000600002));
#6194 = CARTESIAN_POINT('',(-0.27186969727,-0.807759707882));
#6195 = CARTESIAN_POINT('',(-0.203902272952,-0.6097443752));
#6196 = CARTESIAN_POINT('',(-0.135934848635,-0.407804566983));
#6197 = CARTESIAN_POINT('',(-6.79674243174E-02,-0.203902272952));
#6198 = CARTESIAN_POINT('',(0.,0.));
#6199 = ( GEOMETRIC_REPRESENTATION_CONTEXT(2) 
PARAMETRIC_REPRESENTATION_CONTEXT() REPRESENTATION_CONTEXT('2D SPACE',''
  ) );
#6200 = PCURVE('',#6201,#6206);
#6201 = CYLINDRICAL_SURFACE('',#6202,3.);
#6202 = AXIS2_PLACEMENT_3D('',#6203,#6204,#6205);
#6203 = CARTESIAN_POINT('',(455.,56.,-80.));
#6204 = DIRECTION('',(-0.,1.,-0.));
#6205 = DIRECTION('',(1.,0.,0.));
#6206 = DEFINITIONAL_REPRESENTATION('',(#6207),#6214);
#6207 = B_SPLINE_CURVE_WITH_KNOTS('',5,(#6208,#6209,#6210,#6211,#6212,
    #6213),.UNSPECIFIED.,.F.,.F.,(6,6),(4.372551858798,4.712388980385),
  .PIECEWISE_BEZIER_KNOTS.);
#6208 = CARTESIAN_POINT('',(-0.339837121587,6.000024299624E-07));
#6209 = CARTESIAN_POINT('',(-0.27186969727,-0.192240292118));
#6210 = CARTESIAN_POINT('',(-0.203902272952,-0.3902556248));
#6211 = CARTESIAN_POINT('',(-0.135934848635,-0.592195433017));
#6212 = CARTESIAN_POINT('',(-6.79674243174E-02,-0.796097727048));
#6213 = CARTESIAN_POINT('',(0.,-1.));
#6214 = ( GEOMETRIC_REPRESENTATION_CONTEXT(2) 
PARAMETRIC_REPRESENTATION_CONTEXT() REPRESENTATION_CONTEXT('2D SPACE',''
  ) );
#6215 = ORIENTED_EDGE('',*,*,#6216,.T.);
#6216 = EDGE_CURVE('',#6182,#4300,#6217,.T.);
#6217 = SEAM_CURVE('',#6218,(#6222,#6229),.PCURVE_S1.);
#6218 = LINE('',#6219,#6220);
#6219 = CARTESIAN_POINT('',(458.,55.,-80.));
#6220 = VECTOR('',#6221,1.);
#6221 = DIRECTION('',(0.,0.,1.));
#6222 = PCURVE('',#4349,#6223);
#6223 = DEFINITIONAL_REPRESENTATION('',(#6224),#6228);
#6224 = LINE('',#6225,#6226);
#6225 = CARTESIAN_POINT('',(-6.28318530718,0.));
#6226 = VECTOR('',#6227,1.);
#6227 = DIRECTION('',(-0.,-1.));
#6228 = ( GEOMETRIC_REPRESENTATION_CONTEXT(2) 
PARAMETRIC_REPRESENTATION_CONTEXT() REPRESENTATION_CONTEXT('2D SPACE',''
  ) );
#6229 = PCURVE('',#4349,#6230);
#6230 = DEFINITIONAL_REPRESENTATION('',(#6231),#6235);
#6231 = LINE('',#6232,#6233);
#6232 = CARTESIAN_POINT('',(-0.,0.));
#6233 = VECTOR('',#6234,1.);
#6234 = DIRECTION('',(-0.,-1.));
#6235 = ( GEOMETRIC_REPRESENTATION_CONTEXT(2) 
PARAMETRIC_REPRESENTATION_CONTEXT() REPRESENTATION_CONTEXT('2D SPACE',''
  ) );
#6236 = ORIENTED_EDGE('',*,*,#6237,.T.);
#6237 = EDGE_CURVE('',#4300,#6238,#6240,.T.);
#6238 = VERTEX_POINT('',#6239);
#6239 = CARTESIAN_POINT('',(458.,55.,80.));
#6240 = SEAM_CURVE('',#6241,(#6245,#6252),.PCURVE_S1.);
#6241 = LINE('',#6242,#6243);
#6242 = CARTESIAN_POINT('',(458.,55.,-80.));
#6243 = VECTOR('',#6244,1.);
#6244 = DIRECTION('',(0.,0.,1.));
#6245 = PCURVE('',#4349,#6246);
#6246 = DEFINITIONAL_REPRESENTATION('',(#6247),#6251);
#6247 = LINE('',#6248,#6249);
#6248 = CARTESIAN_POINT('',(-6.28318530718,0.));
#6249 = VECTOR('',#6250,1.);
#6250 = DIRECTION('',(-0.,-1.));
#6251 = ( GEOMETRIC_REPRESENTATION_CONTEXT(2) 
PARAMETRIC_REPRESENTATION_CONTEXT() REPRESENTATION_CONTEXT('2D SPACE',''
  ) );
#6252 = PCURVE('',#4349,#6253);
#6253 = DEFINITIONAL_REPRESENTATION('',(#6254),#6258);
#6254 = LINE('',#6255,#6256);
#6255 = CARTESIAN_POINT('',(-0.,0.));
#6256 = VECTOR('',#6257,1.);
#6257 = DIRECTION('',(-0.,-1.));
#6258 = ( GEOMETRIC_REPRESENTATION_CONTEXT(2) 
PARAMETRIC_REPRESENTATION_CONTEXT() REPRESENTATION_CONTEXT('2D SPACE',''
  ) );
#6259 = ORIENTED_EDGE('',*,*,#6260,.F.);
#6260 = EDGE_CURVE('',#6261,#6238,#6263,.T.);
#6261 = VERTEX_POINT('',#6262);
#6262 = CARTESIAN_POINT('',(457.82842712474,56.,79.));
#6263 = SURFACE_CURVE('',#6264,(#6269,#6279),.PCURVE_S1.);
#6264 = ELLIPSE('',#6265,4.242640687119,3.);
#6265 = AXIS2_PLACEMENT_3D('',#6266,#6267,#6268);
#6266 = CARTESIAN_POINT('',(455.,55.,80.));
#6267 = DIRECTION('',(0.,-0.707106781187,-0.707106781187));
#6268 = DIRECTION('',(-0.,0.707106781187,-0.707106781187));
#6269 = PCURVE('',#4349,#6270);
#6270 = DEFINITIONAL_REPRESENTATION('',(#6271),#6278);
#6271 = B_SPLINE_CURVE_WITH_KNOTS('',5,(#6272,#6273,#6274,#6275,#6276,
    #6277),.UNSPECIFIED.,.F.,.F.,(6,6),(1.230959205208,1.570796326795),
  .PIECEWISE_BEZIER_KNOTS.);
#6272 = CARTESIAN_POINT('',(-0.339837121587,-158.9999993999));
#6273 = CARTESIAN_POINT('',(-0.27186969727,-159.1922402921));
#6274 = CARTESIAN_POINT('',(-0.203902272952,-159.3902556248));
#6275 = CARTESIAN_POINT('',(-0.135934848635,-159.592195433));
#6276 = CARTESIAN_POINT('',(-6.79674243174E-02,-159.796097727));
#6277 = CARTESIAN_POINT('',(0.,-160.));
#6278 = ( GEOMETRIC_REPRESENTATION_CONTEXT(2) 
PARAMETRIC_REPRESENTATION_CONTEXT() REPRESENTATION_CONTEXT('2D SPACE',''
  ) );
#6279 = PCURVE('',#6280,#6285);
#6280 = CYLINDRICAL_SURFACE('',#6281,3.);
#6281 = AXIS2_PLACEMENT_3D('',#6282,#6283,#6284);
#6282 = CARTESIAN_POINT('',(455.,56.,80.));
#6283 = DIRECTION('',(-0.,1.,-0.));
#6284 = DIRECTION('',(1.,0.,0.));
#6285 = DEFINITIONAL_REPRESENTATION('',(#6286),#6293);
#6286 = B_SPLINE_CURVE_WITH_KNOTS('',5,(#6287,#6288,#6289,#6290,#6291,
    #6292),.UNSPECIFIED.,.F.,.F.,(6,6),(1.230959205208,1.570796326795),
  .PIECEWISE_BEZIER_KNOTS.);
#6287 = CARTESIAN_POINT('',(-5.943348185593,6.000024299624E-07));
#6288 = CARTESIAN_POINT('',(-6.01131560991,-0.192240292118));
#6289 = CARTESIAN_POINT('',(-6.079283034227,-0.3902556248));
#6290 = CARTESIAN_POINT('',(-6.147250458545,-0.592195433017));
#6291 = CARTESIAN_POINT('',(-6.215217882862,-0.796097727048));
#6292 = CARTESIAN_POINT('',(-6.28318530718,-1.));
#6293 = ( GEOMETRIC_REPRESENTATION_CONTEXT(2) 
PARAMETRIC_REPRESENTATION_CONTEXT() REPRESENTATION_CONTEXT('2D SPACE',''
  ) );
#6294 = ORIENTED_EDGE('',*,*,#6295,.F.);
#6295 = EDGE_CURVE('',#6296,#6261,#6298,.T.);
#6296 = VERTEX_POINT('',#6297);
#6297 = CARTESIAN_POINT('',(457.82842712474,56.,80.));
#6298 = SURFACE_CURVE('',#6299,(#6303,#6309),.PCURVE_S1.);
#6299 = LINE('',#6300,#6301);
#6300 = CARTESIAN_POINT('',(457.82842712474,56.,-80.));
#6301 = VECTOR('',#6302,1.);
#6302 = DIRECTION('',(-0.,-0.,-1.));
#6303 = PCURVE('',#4349,#6304);
#6304 = DEFINITIONAL_REPRESENTATION('',(#6305),#6308);
#6305 = B_SPLINE_CURVE_WITH_KNOTS('',1,(#6306,#6307),.UNSPECIFIED.,.F.,
  .F.,(2,2),(-160.0000006,-156.4),.PIECEWISE_BEZIER_KNOTS.);
#6306 = CARTESIAN_POINT('',(-0.339836909454,-160.0000006));
#6307 = CARTESIAN_POINT('',(-0.339836909454,-156.4));
#6308 = ( GEOMETRIC_REPRESENTATION_CONTEXT(2) 
PARAMETRIC_REPRESENTATION_CONTEXT() REPRESENTATION_CONTEXT('2D SPACE',''
  ) );
#6309 = PCURVE('',#6310,#6315);
#6310 = PLANE('',#6311);
#6311 = AXIS2_PLACEMENT_3D('',#6312,#6313,#6314);
#6312 = CARTESIAN_POINT('',(455.,56.,80.));
#6313 = DIRECTION('',(-0.,-1.,-0.));
#6314 = DIRECTION('',(0.,0.,-1.));
#6315 = DEFINITIONAL_REPRESENTATION('',(#6316),#6319);
#6316 = B_SPLINE_CURVE_WITH_KNOTS('',1,(#6317,#6318),.UNSPECIFIED.,.F.,
  .F.,(2,2),(-160.0000006,-156.4),.PIECEWISE_BEZIER_KNOTS.);
#6317 = CARTESIAN_POINT('',(-5.999999928008E-07,2.828427124746));
#6318 = CARTESIAN_POINT('',(3.6,2.828427124746));
#6319 = ( GEOMETRIC_REPRESENTATION_CONTEXT(2) 
PARAMETRIC_REPRESENTATION_CONTEXT() REPRESENTATION_CONTEXT('2D SPACE',''
  ) );
#6320 = ORIENTED_EDGE('',*,*,#6321,.T.);
#6321 = EDGE_CURVE('',#6296,#6322,#6324,.T.);
#6322 = VERTEX_POINT('',#6323);
#6323 = CARTESIAN_POINT('',(452.17157287525,56.,80.));
#6324 = SURFACE_CURVE('',#6325,(#6330,#6337),.PCURVE_S1.);
#6325 = CIRCLE('',#6326,3.);
#6326 = AXIS2_PLACEMENT_3D('',#6327,#6328,#6329);
#6327 = CARTESIAN_POINT('',(455.,55.,80.));
#6328 = DIRECTION('',(0.,0.,1.));
#6329 = DIRECTION('',(1.,0.,0.));
#6330 = PCURVE('',#4349,#6331);
#6331 = DEFINITIONAL_REPRESENTATION('',(#6332),#6336);
#6332 = LINE('',#6333,#6334);
#6333 = CARTESIAN_POINT('',(-0.,-160.));
#6334 = VECTOR('',#6335,1.);
#6335 = DIRECTION('',(-1.,0.));
#6336 = ( GEOMETRIC_REPRESENTATION_CONTEXT(2) 
PARAMETRIC_REPRESENTATION_CONTEXT() REPRESENTATION_CONTEXT('2D SPACE',''
  ) );
#6337 = PCURVE('',#6338,#6343);
#6338 = PLANE('',#6339);
#6339 = AXIS2_PLACEMENT_3D('',#6340,#6341,#6342);
#6340 = CARTESIAN_POINT('',(455.,55.,80.));
#6341 = DIRECTION('',(0.,0.,1.));
#6342 = DIRECTION('',(1.,0.,-0.));
#6343 = DEFINITIONAL_REPRESENTATION('',(#6344),#6348);
#6344 = CIRCLE('',#6345,3.);
#6345 = AXIS2_PLACEMENT_2D('',#6346,#6347);
#6346 = CARTESIAN_POINT('',(0.,7.105427357601E-15));
#6347 = DIRECTION('',(1.,0.));
#6348 = ( GEOMETRIC_REPRESENTATION_CONTEXT(2) 
PARAMETRIC_REPRESENTATION_CONTEXT() REPRESENTATION_CONTEXT('2D SPACE',''
  ) );
#6349 = ORIENTED_EDGE('',*,*,#6350,.T.);
#6350 = EDGE_CURVE('',#6322,#6351,#6353,.T.);
#6351 = VERTEX_POINT('',#6352);
#6352 = CARTESIAN_POINT('',(452.17157287525,56.,79.));
#6353 = SURFACE_CURVE('',#6354,(#6358,#6364),.PCURVE_S1.);
#6354 = LINE('',#6355,#6356);
#6355 = CARTESIAN_POINT('',(452.17157287525,56.,-80.));
#6356 = VECTOR('',#6357,1.);
#6357 = DIRECTION('',(-0.,-0.,-1.));
#6358 = PCURVE('',#4349,#6359);
#6359 = DEFINITIONAL_REPRESENTATION('',(#6360),#6363);
#6360 = B_SPLINE_CURVE_WITH_KNOTS('',1,(#6361,#6362),.UNSPECIFIED.,.F.,
  .F.,(2,2),(-160.0000006,-156.4),.PIECEWISE_BEZIER_KNOTS.);
#6361 = CARTESIAN_POINT('',(-2.801755744136,-160.0000006));
#6362 = CARTESIAN_POINT('',(-2.801755744136,-156.4));
#6363 = ( GEOMETRIC_REPRESENTATION_CONTEXT(2) 
PARAMETRIC_REPRESENTATION_CONTEXT() REPRESENTATION_CONTEXT('2D SPACE',''
  ) );
#6364 = PCURVE('',#6310,#6365);
#6365 = DEFINITIONAL_REPRESENTATION('',(#6366),#6369);
#6366 = B_SPLINE_CURVE_WITH_KNOTS('',1,(#6367,#6368),.UNSPECIFIED.,.F.,
  .F.,(2,2),(-160.0000006,-156.4),.PIECEWISE_BEZIER_KNOTS.);
#6367 = CARTESIAN_POINT('',(-5.999999928008E-07,-2.828427124746));
#6368 = CARTESIAN_POINT('',(3.6,-2.828427124746));
#6369 = ( GEOMETRIC_REPRESENTATION_CONTEXT(2) 
PARAMETRIC_REPRESENTATION_CONTEXT() REPRESENTATION_CONTEXT('2D SPACE',''
  ) );
#6370 = ORIENTED_EDGE('',*,*,#6371,.F.);
#6371 = EDGE_CURVE('',#6372,#6351,#6374,.T.);
#6372 = VERTEX_POINT('',#6373);
#6373 = CARTESIAN_POINT('',(452.,55.,80.));
#6374 = SURFACE_CURVE('',#6375,(#6380,#6390),.PCURVE_S1.);
#6375 = ELLIPSE('',#6376,4.242640687119,3.);
#6376 = AXIS2_PLACEMENT_3D('',#6377,#6378,#6379);
#6377 = CARTESIAN_POINT('',(455.,55.,80.));
#6378 = DIRECTION('',(0.,-0.707106781187,-0.707106781187));
#6379 = DIRECTION('',(-0.,0.707106781187,-0.707106781187));
#6380 = PCURVE('',#4349,#6381);
#6381 = DEFINITIONAL_REPRESENTATION('',(#6382),#6389);
#6382 = B_SPLINE_CURVE_WITH_KNOTS('',5,(#6383,#6384,#6385,#6386,#6387,
    #6388),.UNSPECIFIED.,.F.,.F.,(6,6),(4.712388880385,5.052226101972),
  .PIECEWISE_BEZIER_KNOTS.);
#6383 = CARTESIAN_POINT('',(-3.14159275359,-160.0000003));
#6384 = CARTESIAN_POINT('',(-3.073625309272,-159.796097967));
#6385 = CARTESIAN_POINT('',(-3.005657864955,-159.5921956112));
#6386 = CARTESIAN_POINT('',(-2.937690420638,-159.3902557413));
#6387 = CARTESIAN_POINT('',(-2.86972297632,-159.1922403486));
#6388 = CARTESIAN_POINT('',(-2.801755532003,-158.9999993999));
#6389 = ( GEOMETRIC_REPRESENTATION_CONTEXT(2) 
PARAMETRIC_REPRESENTATION_CONTEXT() REPRESENTATION_CONTEXT('2D SPACE',''
  ) );
#6390 = PCURVE('',#6391,#6396);
#6391 = CYLINDRICAL_SURFACE('',#6392,3.);
#6392 = AXIS2_PLACEMENT_3D('',#6393,#6394,#6395);
#6393 = CARTESIAN_POINT('',(455.,56.,80.));
#6394 = DIRECTION('',(-0.,1.,-0.));
#6395 = DIRECTION('',(1.,0.,0.));
#6396 = DEFINITIONAL_REPRESENTATION('',(#6397),#6404);
#6397 = B_SPLINE_CURVE_WITH_KNOTS('',5,(#6398,#6399,#6400,#6401,#6402,
    #6403),.UNSPECIFIED.,.F.,.F.,(6,6),(4.712388880385,5.052226101972),
  .PIECEWISE_BEZIER_KNOTS.);
#6398 = CARTESIAN_POINT('',(-3.14159255359,-1.0000003));
#6399 = CARTESIAN_POINT('',(-3.209559997907,-0.796097967048));
#6400 = CARTESIAN_POINT('',(-3.277527442225,-0.592195611284));
#6401 = CARTESIAN_POINT('',(-3.345494886542,-0.390255741336));
#6402 = CARTESIAN_POINT('',(-3.413462330859,-0.192240348686));
#6403 = CARTESIAN_POINT('',(-3.481429775177,6.000024299624E-07));
#6404 = ( GEOMETRIC_REPRESENTATION_CONTEXT(2) 
PARAMETRIC_REPRESENTATION_CONTEXT() REPRESENTATION_CONTEXT('2D SPACE',''
  ) );
#6405 = ORIENTED_EDGE('',*,*,#6406,.F.);
#6406 = EDGE_CURVE('',#6407,#6372,#6409,.T.);
#6407 = VERTEX_POINT('',#6408);
#6408 = CARTESIAN_POINT('',(455.,52.,77.));
#6409 = SURFACE_CURVE('',#6410,(#6415,#6428),.PCURVE_S1.);
#6410 = ELLIPSE('',#6411,4.242640687119,3.);
#6411 = AXIS2_PLACEMENT_3D('',#6412,#6413,#6414);
#6412 = CARTESIAN_POINT('',(455.,55.,80.));
#6413 = DIRECTION('',(-0.,0.707106781187,-0.707106781187));
#6414 = DIRECTION('',(0.,-0.707106781187,-0.707106781187));
#6415 = PCURVE('',#4349,#6416);
#6416 = DEFINITIONAL_REPRESENTATION('',(#6417),#6427);
#6417 = B_SPLINE_CURVE_WITH_KNOTS('',8,(#6418,#6419,#6420,#6421,#6422,
    #6423,#6424,#6425,#6426),.UNSPECIFIED.,.F.,.F.,(9,9),(0.,
    1.570796426795),.PIECEWISE_BEZIER_KNOTS.);
#6418 = CARTESIAN_POINT('',(-4.712388980385,-157.));
#6419 = CARTESIAN_POINT('',(-4.516039427035,-157.));
#6420 = CARTESIAN_POINT('',(-4.319689873681,-157.1321823445));
#6421 = CARTESIAN_POINT('',(-4.123340320344,-157.3965459113));
#6422 = CARTESIAN_POINT('',(-3.926990766977,-157.782223846));
#6423 = CARTESIAN_POINT('',(-3.730641213646,-158.2674603709));
#6424 = CARTESIAN_POINT('',(-3.534291660284,-158.8219028266));
#6425 = CARTESIAN_POINT('',(-3.337942106939,-159.4109516399));
#6426 = CARTESIAN_POINT('',(-3.14159255359,-160.0000003));
#6427 = ( GEOMETRIC_REPRESENTATION_CONTEXT(2) 
PARAMETRIC_REPRESENTATION_CONTEXT() REPRESENTATION_CONTEXT('2D SPACE',''
  ) );
#6428 = PCURVE('',#6391,#6429);
#6429 = DEFINITIONAL_REPRESENTATION('',(#6430),#6440);
#6430 = B_SPLINE_CURVE_WITH_KNOTS('',8,(#6431,#6432,#6433,#6434,#6435,
    #6436,#6437,#6438,#6439),.UNSPECIFIED.,.F.,.F.,(9,9),(0.,
    1.570796426795),.PIECEWISE_BEZIER_KNOTS.);
#6431 = CARTESIAN_POINT('',(-4.712388980385,-4.));
#6432 = CARTESIAN_POINT('',(-4.516039427035,-4.));
#6433 = CARTESIAN_POINT('',(-4.319689873676,-3.86781765521));
#6434 = CARTESIAN_POINT('',(-4.123340320366,-3.603454088525));
#6435 = CARTESIAN_POINT('',(-3.926990766926,-3.217776153517));
#6436 = CARTESIAN_POINT('',(-3.730641213668,-2.732539629164));
#6437 = CARTESIAN_POINT('',(-3.534291660276,-2.178097173172));
#6438 = CARTESIAN_POINT('',(-3.337942106939,-1.589048360048));
#6439 = CARTESIAN_POINT('',(-3.14159255359,-0.9999997));
#6440 = ( GEOMETRIC_REPRESENTATION_CONTEXT(2) 
PARAMETRIC_REPRESENTATION_CONTEXT() REPRESENTATION_CONTEXT('2D SPACE',''
  ) );
#6441 = ORIENTED_EDGE('',*,*,#6442,.F.);
#6442 = EDGE_CURVE('',#6238,#6407,#6443,.T.);
#6443 = SURFACE_CURVE('',#6444,(#6449,#6462),.PCURVE_S1.);
#6444 = ELLIPSE('',#6445,4.242640687119,3.);
#6445 = AXIS2_PLACEMENT_3D('',#6446,#6447,#6448);
#6446 = CARTESIAN_POINT('',(455.,55.,80.));
#6447 = DIRECTION('',(-0.,0.707106781187,-0.707106781187));
#6448 = DIRECTION('',(0.,-0.707106781187,-0.707106781187));
#6449 = PCURVE('',#4349,#6450);
#6450 = DEFINITIONAL_REPRESENTATION('',(#6451),#6461);
#6451 = B_SPLINE_CURVE_WITH_KNOTS('',8,(#6452,#6453,#6454,#6455,#6456,
    #6457,#6458,#6459,#6460),.UNSPECIFIED.,.F.,.F.,(9,9),(4.712388980385
    ,6.28318530718),.PIECEWISE_BEZIER_KNOTS.);
#6452 = CARTESIAN_POINT('',(-6.28318530718,-160.));
#6453 = CARTESIAN_POINT('',(-6.08683576633,-159.4109513774));
#6454 = CARTESIAN_POINT('',(-5.890486225481,-158.821902615));
#6455 = CARTESIAN_POINT('',(-5.694136684632,-158.2674602157));
#6456 = CARTESIAN_POINT('',(-5.497787143779,-157.7822237482));
#6457 = CARTESIAN_POINT('',(-5.301437602934,-157.3965458605));
#6458 = CARTESIAN_POINT('',(-5.105088062084,-157.1321823279));
#6459 = CARTESIAN_POINT('',(-4.908738521234,-157.));
#6460 = CARTESIAN_POINT('',(-4.712388980385,-157.));
#6461 = ( GEOMETRIC_REPRESENTATION_CONTEXT(2) 
PARAMETRIC_REPRESENTATION_CONTEXT() REPRESENTATION_CONTEXT('2D SPACE',''
  ) );
#6462 = PCURVE('',#6391,#6463);
#6463 = DEFINITIONAL_REPRESENTATION('',(#6464),#6474);
#6464 = B_SPLINE_CURVE_WITH_KNOTS('',8,(#6465,#6466,#6467,#6468,#6469,
    #6470,#6471,#6472,#6473),.UNSPECIFIED.,.F.,.F.,(9,9),(4.712388980385
    ,6.28318530718),.PIECEWISE_BEZIER_KNOTS.);
#6465 = CARTESIAN_POINT('',(-6.28318530718,-1.));
#6466 = CARTESIAN_POINT('',(-6.08683576633,-1.589048622548));
#6467 = CARTESIAN_POINT('',(-5.890486225482,-2.178097384952));
#6468 = CARTESIAN_POINT('',(-5.694136684629,-2.732539783634));
#6469 = CARTESIAN_POINT('',(-5.497787143787,-3.21777625172));
#6470 = CARTESIAN_POINT('',(-5.301437602931,-3.603454139033));
#6471 = CARTESIAN_POINT('',(-5.105088062084,-3.867817672038));
#6472 = CARTESIAN_POINT('',(-4.908738521234,-4.));
#6473 = CARTESIAN_POINT('',(-4.712388980385,-4.));
#6474 = ( GEOMETRIC_REPRESENTATION_CONTEXT(2) 
PARAMETRIC_REPRESENTATION_CONTEXT() REPRESENTATION_CONTEXT('2D SPACE',''
  ) );
#6475 = ORIENTED_EDGE('',*,*,#6237,.F.);
#6476 = ORIENTED_EDGE('',*,*,#6216,.F.);
#6477 = ORIENTED_EDGE('',*,*,#6478,.T.);
#6478 = EDGE_CURVE('',#6182,#6479,#6481,.T.);
#6479 = VERTEX_POINT('',#6480);
#6480 = CARTESIAN_POINT('',(452.,55.,-80.));
#6481 = SURFACE_CURVE('',#6482,(#6487,#6507),.PCURVE_S1.);
#6482 = ELLIPSE('',#6483,4.242640687119,3.);
#6483 = AXIS2_PLACEMENT_3D('',#6484,#6485,#6486);
#6484 = CARTESIAN_POINT('',(455.,55.,-80.));
#6485 = DIRECTION('',(0.,-0.707106781187,-0.707106781187));
#6486 = DIRECTION('',(-0.,0.707106781187,-0.707106781187));
#6487 = PCURVE('',#4349,#6488);
#6488 = DEFINITIONAL_REPRESENTATION('',(#6489),#6506);
#6489 = B_SPLINE_CURVE_WITH_KNOTS('',8,(#6490,#6491,#6492,#6493,#6494,
    #6495,#6496,#6497,#6498,#6499,#6500,#6501,#6502,#6503,#6504,#6505),
  .UNSPECIFIED.,.F.,.F.,(9,7,9),(1.570796326795,3.14159270359,
    4.712389080385),.UNSPECIFIED.);
#6490 = CARTESIAN_POINT('',(-6.28318530718,0.));
#6491 = CARTESIAN_POINT('',(-6.08683576008,-0.589048641298));
#6492 = CARTESIAN_POINT('',(-5.890486212982,-1.178097422456));
#6493 = CARTESIAN_POINT('',(-5.69413666588,-1.732539836579));
#6494 = CARTESIAN_POINT('',(-5.497787118786,-2.217776313515));
#6495 = CARTESIAN_POINT('',(-5.301437571682,-2.603454200397));
#6496 = CARTESIAN_POINT('',(-5.105088024584,-2.867817722532));
#6497 = CARTESIAN_POINT('',(-4.908738477484,-3.000000029452));
#6498 = CARTESIAN_POINT('',(-4.516039383285,-2.999999970548));
#6499 = CARTESIAN_POINT('',(-4.31968983619,-2.867817604717));
#6500 = CARTESIAN_POINT('',(-4.123340289083,-2.603454027161));
#6501 = CARTESIAN_POINT('',(-3.926990742,-2.217776091707));
#6502 = CARTESIAN_POINT('',(-3.730641194882,-1.732539576248));
#6503 = CARTESIAN_POINT('',(-3.534291647792,-1.178097135668));
#6504 = CARTESIAN_POINT('',(-3.337942100689,-0.589048341298));
#6505 = CARTESIAN_POINT('',(-3.14159255359,2.999999964004E-07));
#6506 = ( GEOMETRIC_REPRESENTATION_CONTEXT(2) 
PARAMETRIC_REPRESENTATION_CONTEXT() REPRESENTATION_CONTEXT('2D SPACE',''
  ) );
#6507 = PCURVE('',#6201,#6508);
#6508 = DEFINITIONAL_REPRESENTATION('',(#6509),#6526);
#6509 = B_SPLINE_CURVE_WITH_KNOTS('',8,(#6510,#6511,#6512,#6513,#6514,
    #6515,#6516,#6517,#6518,#6519,#6520,#6521,#6522,#6523,#6524,#6525),
  .UNSPECIFIED.,.F.,.F.,(9,7,9),(1.570796326795,3.14159270359,
    4.712389080385),.UNSPECIFIED.);
#6510 = CARTESIAN_POINT('',(0.,-1.));
#6511 = CARTESIAN_POINT('',(-0.196349547099,-1.589048641298));
#6512 = CARTESIAN_POINT('',(-0.392699094198,-2.178097422454));
#6513 = CARTESIAN_POINT('',(-0.589048641297,-2.732539836572));
#6514 = CARTESIAN_POINT('',(-0.785398188394,-3.217776313528));
#6515 = CARTESIAN_POINT('',(-0.981747735499,-3.603454200385));
#6516 = CARTESIAN_POINT('',(-1.178097282596,-3.867817722529));
#6517 = CARTESIAN_POINT('',(-1.374446829696,-4.000000029452));
#6518 = CARTESIAN_POINT('',(-1.767145923894,-3.999999970548));
#6519 = CARTESIAN_POINT('',(-1.963495470991,-3.86781760472));
#6520 = CARTESIAN_POINT('',(-2.159845018096,-3.603454027145));
#6521 = CARTESIAN_POINT('',(-2.356194565176,-3.217776091735));
#6522 = CARTESIAN_POINT('',(-2.552544112303,-2.732539576225));
#6523 = CARTESIAN_POINT('',(-2.74889365939,-2.178097135672));
#6524 = CARTESIAN_POINT('',(-2.94524320649,-1.589048341298));
#6525 = CARTESIAN_POINT('',(-3.14159275359,-0.9999997));
#6526 = ( GEOMETRIC_REPRESENTATION_CONTEXT(2) 
PARAMETRIC_REPRESENTATION_CONTEXT() REPRESENTATION_CONTEXT('2D SPACE',''
  ) );
#6527 = ORIENTED_EDGE('',*,*,#6528,.T.);
#6528 = EDGE_CURVE('',#6479,#6529,#6531,.T.);
#6529 = VERTEX_POINT('',#6530);
#6530 = CARTESIAN_POINT('',(452.17157287525,56.,-79.));
#6531 = SURFACE_CURVE('',#6532,(#6537,#6547),.PCURVE_S1.);
#6532 = ELLIPSE('',#6533,4.242640687119,3.);
#6533 = AXIS2_PLACEMENT_3D('',#6534,#6535,#6536);
#6534 = CARTESIAN_POINT('',(455.,55.,-80.));
#6535 = DIRECTION('',(-0.,0.707106781187,-0.707106781187));
#6536 = DIRECTION('',(0.,-0.707106781187,-0.707106781187));
#6537 = PCURVE('',#4349,#6538);
#6538 = DEFINITIONAL_REPRESENTATION('',(#6539),#6546);
#6539 = B_SPLINE_CURVE_WITH_KNOTS('',5,(#6540,#6541,#6542,#6543,#6544,
    #6545),.UNSPECIFIED.,.F.,.F.,(6,6),(1.570796226795,1.910633448382),
  .PIECEWISE_BEZIER_KNOTS.);
#6540 = CARTESIAN_POINT('',(-3.14159275359,3.000000106113E-07));
#6541 = CARTESIAN_POINT('',(-3.073625309272,-0.203902032952));
#6542 = CARTESIAN_POINT('',(-3.005657864955,-0.407804388716));
#6543 = CARTESIAN_POINT('',(-2.937690420638,-0.609744258664));
#6544 = CARTESIAN_POINT('',(-2.86972297632,-0.807759651314));
#6545 = CARTESIAN_POINT('',(-2.801755532003,-1.000000600002));
#6546 = ( GEOMETRIC_REPRESENTATION_CONTEXT(2) 
PARAMETRIC_REPRESENTATION_CONTEXT() REPRESENTATION_CONTEXT('2D SPACE',''
  ) );
#6547 = PCURVE('',#6201,#6548);
#6548 = DEFINITIONAL_REPRESENTATION('',(#6549),#6556);
#6549 = B_SPLINE_CURVE_WITH_KNOTS('',5,(#6550,#6551,#6552,#6553,#6554,
    #6555),.UNSPECIFIED.,.F.,.F.,(6,6),(1.570796226795,1.910633448382),
  .PIECEWISE_BEZIER_KNOTS.);
#6550 = CARTESIAN_POINT('',(-3.14159275359,-1.0000003));
#6551 = CARTESIAN_POINT('',(-3.073625309272,-0.796097967048));
#6552 = CARTESIAN_POINT('',(-3.005657864955,-0.592195611284));
#6553 = CARTESIAN_POINT('',(-2.937690420638,-0.390255741336));
#6554 = CARTESIAN_POINT('',(-2.86972297632,-0.192240348686));
#6555 = CARTESIAN_POINT('',(-2.801755532003,6.000024299624E-07));
#6556 = ( GEOMETRIC_REPRESENTATION_CONTEXT(2) 
PARAMETRIC_REPRESENTATION_CONTEXT() REPRESENTATION_CONTEXT('2D SPACE',''
  ) );
#6557 = ORIENTED_EDGE('',*,*,#6558,.T.);
#6558 = EDGE_CURVE('',#6529,#6559,#6561,.T.);
#6559 = VERTEX_POINT('',#6560);
#6560 = CARTESIAN_POINT('',(452.17157287525,56.,-80.));
#6561 = SURFACE_CURVE('',#6562,(#6566,#6572),.PCURVE_S1.);
#6562 = LINE('',#6563,#6564);
#6563 = CARTESIAN_POINT('',(452.17157287525,56.,-80.));
#6564 = VECTOR('',#6565,1.);
#6565 = DIRECTION('',(-0.,-0.,-1.));
#6566 = PCURVE('',#4349,#6567);
#6567 = DEFINITIONAL_REPRESENTATION('',(#6568),#6571);
#6568 = B_SPLINE_CURVE_WITH_KNOTS('',1,(#6569,#6570),.UNSPECIFIED.,.F.,
  .F.,(2,2),(-3.6,6.000000070117E-07),.PIECEWISE_BEZIER_KNOTS.);
#6569 = CARTESIAN_POINT('',(-2.801755744136,-3.6));
#6570 = CARTESIAN_POINT('',(-2.801755744136,6.000000070117E-07));
#6571 = ( GEOMETRIC_REPRESENTATION_CONTEXT(2) 
PARAMETRIC_REPRESENTATION_CONTEXT() REPRESENTATION_CONTEXT('2D SPACE',''
  ) );
#6572 = PCURVE('',#6170,#6573);
#6573 = DEFINITIONAL_REPRESENTATION('',(#6574),#6577);
#6574 = B_SPLINE_CURVE_WITH_KNOTS('',1,(#6575,#6576),.UNSPECIFIED.,.F.,
  .F.,(2,2),(-3.6,6.000000070117E-07),.PIECEWISE_BEZIER_KNOTS.);
#6575 = CARTESIAN_POINT('',(-3.6,-2.828427124746));
#6576 = CARTESIAN_POINT('',(6.000000070117E-07,-2.828427124746));
#6577 = ( GEOMETRIC_REPRESENTATION_CONTEXT(2) 
PARAMETRIC_REPRESENTATION_CONTEXT() REPRESENTATION_CONTEXT('2D SPACE',''
  ) );
#6578 = ORIENTED_EDGE('',*,*,#6579,.F.);
#6579 = EDGE_CURVE('',#6156,#6559,#6580,.T.);
#6580 = SURFACE_CURVE('',#6581,(#6586,#6593),.PCURVE_S1.);
#6581 = CIRCLE('',#6582,3.);
#6582 = AXIS2_PLACEMENT_3D('',#6583,#6584,#6585);
#6583 = CARTESIAN_POINT('',(455.,55.,-80.));
#6584 = DIRECTION('',(0.,0.,1.));
#6585 = DIRECTION('',(1.,0.,0.));
#6586 = PCURVE('',#4349,#6587);
#6587 = DEFINITIONAL_REPRESENTATION('',(#6588),#6592);
#6588 = LINE('',#6589,#6590);
#6589 = CARTESIAN_POINT('',(-0.,0.));
#6590 = VECTOR('',#6591,1.);
#6591 = DIRECTION('',(-1.,0.));
#6592 = ( GEOMETRIC_REPRESENTATION_CONTEXT(2) 
PARAMETRIC_REPRESENTATION_CONTEXT() REPRESENTATION_CONTEXT('2D SPACE',''
  ) );
#6593 = PCURVE('',#6594,#6599);
#6594 = PLANE('',#6595);
#6595 = AXIS2_PLACEMENT_3D('',#6596,#6597,#6598);
#6596 = CARTESIAN_POINT('',(455.,55.,-80.));
#6597 = DIRECTION('',(0.,0.,1.));
#6598 = DIRECTION('',(1.,0.,-0.));
#6599 = DEFINITIONAL_REPRESENTATION('',(#6600),#6604);
#6600 = CIRCLE('',#6601,3.);
#6601 = AXIS2_PLACEMENT_2D('',#6602,#6603);
#6602 = CARTESIAN_POINT('',(0.,7.105427357601E-15));
#6603 = DIRECTION('',(1.,0.));
#6604 = ( GEOMETRIC_REPRESENTATION_CONTEXT(2) 
PARAMETRIC_REPRESENTATION_CONTEXT() REPRESENTATION_CONTEXT('2D SPACE',''
  ) );
#6605 = FACE_BOUND('',#6606,.T.);
#6606 = EDGE_LOOP('',(#6607,#6608,#6609,#6610));
#6607 = ORIENTED_EDGE('',*,*,#4324,.T.);
#6608 = ORIENTED_EDGE('',*,*,#4439,.T.);
#6609 = ORIENTED_EDGE('',*,*,#4403,.T.);
#6610 = ORIENTED_EDGE('',*,*,#4367,.T.);
#6611 = ADVANCED_FACE('',(#6612),#4494,.F.);
#6612 = FACE_BOUND('',#6613,.T.);
#6613 = EDGE_LOOP('',(#6614,#6615,#6616));
#6614 = ORIENTED_EDGE('',*,*,#6095,.F.);
#6615 = ORIENTED_EDGE('',*,*,#4476,.T.);
#6616 = ORIENTED_EDGE('',*,*,#6617,.T.);
#6617 = EDGE_CURVE('',#4479,#6096,#6618,.T.);
#6618 = SURFACE_CURVE('',#6619,(#6624,#6631),.PCURVE_S1.);
#6619 = CIRCLE('',#6620,3.);
#6620 = AXIS2_PLACEMENT_3D('',#6621,#6622,#6623);
#6621 = CARTESIAN_POINT('',(481.,70.,-110.));
#6622 = DIRECTION('',(1.,0.,0.));
#6623 = DIRECTION('',(0.,1.,0.));
#6624 = PCURVE('',#4494,#6625);
#6625 = DEFINITIONAL_REPRESENTATION('',(#6626),#6630);
#6626 = LINE('',#6627,#6628);
#6627 = CARTESIAN_POINT('',(-0.,-62.));
#6628 = VECTOR('',#6629,1.);
#6629 = DIRECTION('',(-1.,0.));
#6630 = ( GEOMETRIC_REPRESENTATION_CONTEXT(2) 
PARAMETRIC_REPRESENTATION_CONTEXT() REPRESENTATION_CONTEXT('2D SPACE',''
  ) );
#6631 = PCURVE('',#4624,#6632);
#6632 = DEFINITIONAL_REPRESENTATION('',(#6633),#6637);
#6633 = CIRCLE('',#6634,3.);
#6634 = AXIS2_PLACEMENT_2D('',#6635,#6636);
#6635 = CARTESIAN_POINT('',(-1.42108547152E-14,0.));
#6636 = DIRECTION('',(0.,-1.));
#6637 = ( GEOMETRIC_REPRESENTATION_CONTEXT(2) 
PARAMETRIC_REPRESENTATION_CONTEXT() REPRESENTATION_CONTEXT('2D SPACE',''
  ) );
#6638 = ADVANCED_FACE('',(#6639),#4624,.F.);
#6639 = FACE_BOUND('',#6640,.F.);
#6640 = EDGE_LOOP('',(#6641,#6642,#6643,#6644,#6663));
#6641 = ORIENTED_EDGE('',*,*,#4609,.T.);
#6642 = ORIENTED_EDGE('',*,*,#6617,.T.);
#6643 = ORIENTED_EDGE('',*,*,#6125,.T.);
#6644 = ORIENTED_EDGE('',*,*,#6645,.F.);
#6645 = EDGE_CURVE('',#6051,#5852,#6646,.T.);
#6646 = SURFACE_CURVE('',#6647,(#6651,#6657),.PCURVE_S1.);
#6647 = LINE('',#6648,#6649);
#6648 = CARTESIAN_POINT('',(481.,70.,-110.));
#6649 = VECTOR('',#6650,1.);
#6650 = DIRECTION('',(0.,1.,0.));
#6651 = PCURVE('',#4624,#6652);
#6652 = DEFINITIONAL_REPRESENTATION('',(#6653),#6656);
#6653 = B_SPLINE_CURVE_WITH_KNOTS('',1,(#6654,#6655),.UNSPECIFIED.,.F.,
  .F.,(2,2),(-3.,3.),.PIECEWISE_BEZIER_KNOTS.);
#6654 = CARTESIAN_POINT('',(0.,3.));
#6655 = CARTESIAN_POINT('',(0.,-3.));
#6656 = ( GEOMETRIC_REPRESENTATION_CONTEXT(2) 
PARAMETRIC_REPRESENTATION_CONTEXT() REPRESENTATION_CONTEXT('2D SPACE',''
  ) );
#6657 = PCURVE('',#5868,#6658);
#6658 = DEFINITIONAL_REPRESENTATION('',(#6659),#6662);
#6659 = B_SPLINE_CURVE_WITH_KNOTS('',1,(#6660,#6661),.UNSPECIFIED.,.F.,
  .F.,(2,2),(-3.,3.),.PIECEWISE_BEZIER_KNOTS.);
#6660 = CARTESIAN_POINT('',(1.,-3.));
#6661 = CARTESIAN_POINT('',(1.,3.));
#6662 = ( GEOMETRIC_REPRESENTATION_CONTEXT(2) 
PARAMETRIC_REPRESENTATION_CONTEXT() REPRESENTATION_CONTEXT('2D SPACE',''
  ) );
#6663 = ORIENTED_EDGE('',*,*,#6074,.F.);
#6664 = ADVANCED_FACE('',(#6665),#4707,.F.);
#6665 = FACE_BOUND('',#6666,.F.);
#6666 = EDGE_LOOP('',(#6667,#6689,#6690,#6691,#6710));
#6667 = ORIENTED_EDGE('',*,*,#6668,.T.);
#6668 = EDGE_CURVE('',#5954,#4663,#6669,.T.);
#6669 = SURFACE_CURVE('',#6670,(#6675,#6682),.PCURVE_S1.);
#6670 = CIRCLE('',#6671,3.);
#6671 = AXIS2_PLACEMENT_3D('',#6672,#6673,#6674);
#6672 = CARTESIAN_POINT('',(481.,70.,110.));
#6673 = DIRECTION('',(1.,0.,0.));
#6674 = DIRECTION('',(0.,1.,0.));
#6675 = PCURVE('',#4707,#6676);
#6676 = DEFINITIONAL_REPRESENTATION('',(#6677),#6681);
#6677 = CIRCLE('',#6678,3.);
#6678 = AXIS2_PLACEMENT_2D('',#6679,#6680);
#6679 = CARTESIAN_POINT('',(1.42108547152E-14,0.));
#6680 = DIRECTION('',(0.,-1.));
#6681 = ( GEOMETRIC_REPRESENTATION_CONTEXT(2) 
PARAMETRIC_REPRESENTATION_CONTEXT() REPRESENTATION_CONTEXT('2D SPACE',''
  ) );
#6682 = PCURVE('',#4678,#6683);
#6683 = DEFINITIONAL_REPRESENTATION('',(#6684),#6688);
#6684 = LINE('',#6685,#6686);
#6685 = CARTESIAN_POINT('',(-0.,-62.));
#6686 = VECTOR('',#6687,1.);
#6687 = DIRECTION('',(-1.,0.));
#6688 = ( GEOMETRIC_REPRESENTATION_CONTEXT(2) 
PARAMETRIC_REPRESENTATION_CONTEXT() REPRESENTATION_CONTEXT('2D SPACE',''
  ) );
#6689 = ORIENTED_EDGE('',*,*,#4690,.T.);
#6690 = ORIENTED_EDGE('',*,*,#6005,.F.);
#6691 = ORIENTED_EDGE('',*,*,#6692,.T.);
#6692 = EDGE_CURVE('',#6006,#5925,#6693,.T.);
#6693 = SURFACE_CURVE('',#6694,(#6698,#6704),.PCURVE_S1.);
#6694 = LINE('',#6695,#6696);
#6695 = CARTESIAN_POINT('',(481.,70.,110.));
#6696 = VECTOR('',#6697,1.);
#6697 = DIRECTION('',(0.,1.,0.));
#6698 = PCURVE('',#4707,#6699);
#6699 = DEFINITIONAL_REPRESENTATION('',(#6700),#6703);
#6700 = B_SPLINE_CURVE_WITH_KNOTS('',1,(#6701,#6702),.UNSPECIFIED.,.F.,
  .F.,(2,2),(-3.,3.),.PIECEWISE_BEZIER_KNOTS.);
#6701 = CARTESIAN_POINT('',(2.84217094304E-14,3.));
#6702 = CARTESIAN_POINT('',(2.84217094304E-14,-3.));
#6703 = ( GEOMETRIC_REPRESENTATION_CONTEXT(2) 
PARAMETRIC_REPRESENTATION_CONTEXT() REPRESENTATION_CONTEXT('2D SPACE',''
  ) );
#6704 = PCURVE('',#5941,#6705);
#6705 = DEFINITIONAL_REPRESENTATION('',(#6706),#6709);
#6706 = B_SPLINE_CURVE_WITH_KNOTS('',1,(#6707,#6708),.UNSPECIFIED.,.F.,
  .F.,(2,2),(-3.,3.),.PIECEWISE_BEZIER_KNOTS.);
#6707 = CARTESIAN_POINT('',(1.,-3.));
#6708 = CARTESIAN_POINT('',(1.,3.));
#6709 = ( GEOMETRIC_REPRESENTATION_CONTEXT(2) 
PARAMETRIC_REPRESENTATION_CONTEXT() REPRESENTATION_CONTEXT('2D SPACE',''
  ) );
#6710 = ORIENTED_EDGE('',*,*,#5953,.T.);
#6711 = ADVANCED_FACE('',(#6712),#4678,.F.);
#6712 = FACE_BOUND('',#6713,.T.);
#6713 = EDGE_LOOP('',(#6714,#6715,#6716));
#6714 = ORIENTED_EDGE('',*,*,#4662,.F.);
#6715 = ORIENTED_EDGE('',*,*,#5974,.T.);
#6716 = ORIENTED_EDGE('',*,*,#6668,.T.);
#6717 = ADVANCED_FACE('',(#6718,#6721),#4863,.F.);
#6718 = FACE_BOUND('',#6719,.F.);
#6719 = EDGE_LOOP('',(#6720));
#6720 = ORIENTED_EDGE('',*,*,#4848,.T.);
#6721 = FACE_BOUND('',#6722,.F.);
#6722 = EDGE_LOOP('',(#6723));
#6723 = ORIENTED_EDGE('',*,*,#6724,.F.);
#6724 = EDGE_CURVE('',#6725,#6725,#6727,.T.);
#6725 = VERTEX_POINT('',#6726);
#6726 = CARTESIAN_POINT('',(450.,25.,-80.));
#6727 = SURFACE_CURVE('',#6728,(#6733,#6740),.PCURVE_S1.);
#6728 = CIRCLE('',#6729,25.);
#6729 = AXIS2_PLACEMENT_3D('',#6730,#6731,#6732);
#6730 = CARTESIAN_POINT('',(450.,0.,-80.));
#6731 = DIRECTION('',(1.,0.,0.));
#6732 = DIRECTION('',(0.,1.,0.));
#6733 = PCURVE('',#4863,#6734);
#6734 = DEFINITIONAL_REPRESENTATION('',(#6735),#6739);
#6735 = CIRCLE('',#6736,25.);
#6736 = AXIS2_PLACEMENT_2D('',#6737,#6738);
#6737 = CARTESIAN_POINT('',(0.,-2.500461956644E-15));
#6738 = DIRECTION('',(0.,-1.));
#6739 = ( GEOMETRIC_REPRESENTATION_CONTEXT(2) 
PARAMETRIC_REPRESENTATION_CONTEXT() REPRESENTATION_CONTEXT('2D SPACE',''
  ) );
#6740 = PCURVE('',#6741,#6746);
#6741 = CYLINDRICAL_SURFACE('',#6742,25.);
#6742 = AXIS2_PLACEMENT_3D('',#6743,#6744,#6745);
#6743 = CARTESIAN_POINT('',(450.,0.,-80.));
#6744 = DIRECTION('',(-1.,-0.,-0.));
#6745 = DIRECTION('',(0.,1.,0.));
#6746 = DEFINITIONAL_REPRESENTATION('',(#6747),#6751);
#6747 = LINE('',#6748,#6749);
#6748 = CARTESIAN_POINT('',(-0.,0.));
#6749 = VECTOR('',#6750,1.);
#6750 = DIRECTION('',(-1.,0.));
#6751 = ( GEOMETRIC_REPRESENTATION_CONTEXT(2) 
PARAMETRIC_REPRESENTATION_CONTEXT() REPRESENTATION_CONTEXT('2D SPACE',''
  ) );
#6752 = ADVANCED_FACE('',(#6753,#6756),#4918,.T.);
#6753 = FACE_BOUND('',#6754,.T.);
#6754 = EDGE_LOOP('',(#6755));
#6755 = ORIENTED_EDGE('',*,*,#5394,.T.);
#6756 = FACE_BOUND('',#6757,.T.);
#6757 = EDGE_LOOP('',(#6758));
#6758 = ORIENTED_EDGE('',*,*,#4903,.F.);
#6759 = ADVANCED_FACE('',(#6760,#6763),#4973,.F.);
#6760 = FACE_BOUND('',#6761,.F.);
#6761 = EDGE_LOOP('',(#6762));
#6762 = ORIENTED_EDGE('',*,*,#4958,.T.);
#6763 = FACE_BOUND('',#6764,.F.);
#6764 = EDGE_LOOP('',(#6765));
#6765 = ORIENTED_EDGE('',*,*,#6766,.F.);
#6766 = EDGE_CURVE('',#6767,#6767,#6769,.T.);
#6767 = VERTEX_POINT('',#6768);
#6768 = CARTESIAN_POINT('',(450.,25.,80.));
#6769 = SURFACE_CURVE('',#6770,(#6775,#6782),.PCURVE_S1.);
#6770 = CIRCLE('',#6771,25.);
#6771 = AXIS2_PLACEMENT_3D('',#6772,#6773,#6774);
#6772 = CARTESIAN_POINT('',(450.,0.,80.));
#6773 = DIRECTION('',(1.,0.,0.));
#6774 = DIRECTION('',(0.,1.,0.));
#6775 = PCURVE('',#4973,#6776);
#6776 = DEFINITIONAL_REPRESENTATION('',(#6777),#6781);
#6777 = CIRCLE('',#6778,25.);
#6778 = AXIS2_PLACEMENT_2D('',#6779,#6780);
#6779 = CARTESIAN_POINT('',(0.,-2.500461956644E-15));
#6780 = DIRECTION('',(0.,-1.));
#6781 = ( GEOMETRIC_REPRESENTATION_CONTEXT(2) 
PARAMETRIC_REPRESENTATION_CONTEXT() REPRESENTATION_CONTEXT('2D SPACE',''
  ) );
#6782 = PCURVE('',#6783,#6788);
#6783 = CYLINDRICAL_SURFACE('',#6784,25.);
#6784 = AXIS2_PLACEMENT_3D('',#6785,#6786,#6787);
#6785 = CARTESIAN_POINT('',(450.,0.,80.));
#6786 = DIRECTION('',(-1.,-0.,-0.));
#6787 = DIRECTION('',(0.,1.,0.));
#6788 = DEFINITIONAL_REPRESENTATION('',(#6789),#6793);
#6789 = LINE('',#6790,#6791);
#6790 = CARTESIAN_POINT('',(-0.,0.));
#6791 = VECTOR('',#6792,1.);
#6792 = DIRECTION('',(-1.,0.));
#6793 = ( GEOMETRIC_REPRESENTATION_CONTEXT(2) 
PARAMETRIC_REPRESENTATION_CONTEXT() REPRESENTATION_CONTEXT('2D SPACE',''
  ) );
#6794 = ADVANCED_FACE('',(#6795),#5029,.T.);
#6795 = FACE_BOUND('',#6796,.T.);
#6796 = EDGE_LOOP('',(#6797,#6798,#6799,#6800,#6801,#6802,#6803,#6804));
#6797 = ORIENTED_EDGE('',*,*,#5367,.T.);
#6798 = ORIENTED_EDGE('',*,*,#5012,.T.);
#6799 = ORIENTED_EDGE('',*,*,#5066,.T.);
#6800 = ORIENTED_EDGE('',*,*,#5116,.T.);
#6801 = ORIENTED_EDGE('',*,*,#5165,.T.);
#6802 = ORIENTED_EDGE('',*,*,#5215,.T.);
#6803 = ORIENTED_EDGE('',*,*,#5264,.T.);
#6804 = ORIENTED_EDGE('',*,*,#5336,.F.);
#6805 = ADVANCED_FACE('',(#6806),#5484,.T.);
#6806 = FACE_BOUND('',#6807,.T.);
#6807 = EDGE_LOOP('',(#6808,#6809,#6810,#6811,#6812,#6813,#6814,#6815));
#6808 = ORIENTED_EDGE('',*,*,#5521,.T.);
#6809 = ORIENTED_EDGE('',*,*,#5467,.T.);
#6810 = ORIENTED_EDGE('',*,*,#5570,.T.);
#6811 = ORIENTED_EDGE('',*,*,#5674,.T.);
#6812 = ORIENTED_EDGE('',*,*,#5772,.T.);
#6813 = ORIENTED_EDGE('',*,*,#5822,.T.);
#6814 = ORIENTED_EDGE('',*,*,#5723,.T.);
#6815 = ORIENTED_EDGE('',*,*,#5620,.F.);
#6816 = ADVANCED_FACE('',(#6817),#5868,.T.);
#6817 = FACE_BOUND('',#6818,.T.);
#6818 = EDGE_LOOP('',(#6819,#6820,#6821));
#6819 = ORIENTED_EDGE('',*,*,#6050,.T.);
#6820 = ORIENTED_EDGE('',*,*,#5849,.T.);
#6821 = ORIENTED_EDGE('',*,*,#6645,.F.);
#6822 = ADVANCED_FACE('',(#6823),#5941,.F.);
#6823 = FACE_BOUND('',#6824,.F.);
#6824 = EDGE_LOOP('',(#6825,#6826,#6827));
#6825 = ORIENTED_EDGE('',*,*,#6026,.T.);
#6826 = ORIENTED_EDGE('',*,*,#5924,.T.);
#6827 = ORIENTED_EDGE('',*,*,#6692,.F.);
#6828 = ADVANCED_FACE('',(#6829),#6170,.T.);
#6829 = FACE_BOUND('',#6830,.T.);
#6830 = EDGE_LOOP('',(#6831,#6855,#6877,#6878,#6897));
#6831 = ORIENTED_EDGE('',*,*,#6832,.T.);
#6832 = EDGE_CURVE('',#6529,#6833,#6835,.T.);
#6833 = VERTEX_POINT('',#6834);
#6834 = CARTESIAN_POINT('',(458.,56.,-80.));
#6835 = SURFACE_CURVE('',#6836,(#6841,#6848),.PCURVE_S1.);
#6836 = CIRCLE('',#6837,3.);
#6837 = AXIS2_PLACEMENT_3D('',#6838,#6839,#6840);
#6838 = CARTESIAN_POINT('',(455.,56.,-80.));
#6839 = DIRECTION('',(0.,-1.,0.));
#6840 = DIRECTION('',(1.,0.,0.));
#6841 = PCURVE('',#6170,#6842);
#6842 = DEFINITIONAL_REPRESENTATION('',(#6843),#6847);
#6843 = CIRCLE('',#6844,3.);
#6844 = AXIS2_PLACEMENT_2D('',#6845,#6846);
#6845 = CARTESIAN_POINT('',(0.,0.));
#6846 = DIRECTION('',(0.,1.));
#6847 = ( GEOMETRIC_REPRESENTATION_CONTEXT(2) 
PARAMETRIC_REPRESENTATION_CONTEXT() REPRESENTATION_CONTEXT('2D SPACE',''
  ) );
#6848 = PCURVE('',#6201,#6849);
#6849 = DEFINITIONAL_REPRESENTATION('',(#6850),#6854);
#6850 = LINE('',#6851,#6852);
#6851 = CARTESIAN_POINT('',(-0.,0.));
#6852 = VECTOR('',#6853,1.);
#6853 = DIRECTION('',(-1.,0.));
#6854 = ( GEOMETRIC_REPRESENTATION_CONTEXT(2) 
PARAMETRIC_REPRESENTATION_CONTEXT() REPRESENTATION_CONTEXT('2D SPACE',''
  ) );
#6855 = ORIENTED_EDGE('',*,*,#6856,.T.);
#6856 = EDGE_CURVE('',#6833,#6154,#6857,.T.);
#6857 = SURFACE_CURVE('',#6858,(#6863,#6870),.PCURVE_S1.);
#6858 = CIRCLE('',#6859,3.);
#6859 = AXIS2_PLACEMENT_3D('',#6860,#6861,#6862);
#6860 = CARTESIAN_POINT('',(455.,56.,-80.));
#6861 = DIRECTION('',(0.,-1.,0.));
#6862 = DIRECTION('',(1.,0.,0.));
#6863 = PCURVE('',#6170,#6864);
#6864 = DEFINITIONAL_REPRESENTATION('',(#6865),#6869);
#6865 = CIRCLE('',#6866,3.);
#6866 = AXIS2_PLACEMENT_2D('',#6867,#6868);
#6867 = CARTESIAN_POINT('',(0.,0.));
#6868 = DIRECTION('',(0.,1.));
#6869 = ( GEOMETRIC_REPRESENTATION_CONTEXT(2) 
PARAMETRIC_REPRESENTATION_CONTEXT() REPRESENTATION_CONTEXT('2D SPACE',''
  ) );
#6870 = PCURVE('',#6201,#6871);
#6871 = DEFINITIONAL_REPRESENTATION('',(#6872),#6876);
#6872 = LINE('',#6873,#6874);
#6873 = CARTESIAN_POINT('',(-0.,0.));
#6874 = VECTOR('',#6875,1.);
#6875 = DIRECTION('',(-1.,0.));
#6876 = ( GEOMETRIC_REPRESENTATION_CONTEXT(2) 
PARAMETRIC_REPRESENTATION_CONTEXT() REPRESENTATION_CONTEXT('2D SPACE',''
  ) );
#6877 = ORIENTED_EDGE('',*,*,#6153,.T.);
#6878 = ORIENTED_EDGE('',*,*,#6879,.F.);
#6879 = EDGE_CURVE('',#6559,#6156,#6880,.T.);
#6880 = SURFACE_CURVE('',#6881,(#6885,#6891),.PCURVE_S1.);
#6881 = LINE('',#6882,#6883);
#6882 = CARTESIAN_POINT('',(455.,56.,-80.));
#6883 = VECTOR('',#6884,1.);
#6884 = DIRECTION('',(1.,0.,0.));
#6885 = PCURVE('',#6170,#6886);
#6886 = DEFINITIONAL_REPRESENTATION('',(#6887),#6890);
#6887 = B_SPLINE_CURVE_WITH_KNOTS('',1,(#6888,#6889),.UNSPECIFIED.,.F.,
  .F.,(2,2),(-3.,3.),.PIECEWISE_BEZIER_KNOTS.);
#6888 = CARTESIAN_POINT('',(0.,-3.));
#6889 = CARTESIAN_POINT('',(0.,3.));
#6890 = ( GEOMETRIC_REPRESENTATION_CONTEXT(2) 
PARAMETRIC_REPRESENTATION_CONTEXT() REPRESENTATION_CONTEXT('2D SPACE',''
  ) );
#6891 = PCURVE('',#6594,#6892);
#6892 = DEFINITIONAL_REPRESENTATION('',(#6893),#6896);
#6893 = B_SPLINE_CURVE_WITH_KNOTS('',1,(#6894,#6895),.UNSPECIFIED.,.F.,
  .F.,(2,2),(-3.,3.),.PIECEWISE_BEZIER_KNOTS.);
#6894 = CARTESIAN_POINT('',(-3.,1.));
#6895 = CARTESIAN_POINT('',(3.,1.));
#6896 = ( GEOMETRIC_REPRESENTATION_CONTEXT(2) 
PARAMETRIC_REPRESENTATION_CONTEXT() REPRESENTATION_CONTEXT('2D SPACE',''
  ) );
#6897 = ORIENTED_EDGE('',*,*,#6558,.F.);
#6898 = ADVANCED_FACE('',(#6899),#6594,.T.);
#6899 = FACE_BOUND('',#6900,.T.);
#6900 = EDGE_LOOP('',(#6901,#6902));
#6901 = ORIENTED_EDGE('',*,*,#6879,.T.);
#6902 = ORIENTED_EDGE('',*,*,#6579,.T.);
#6903 = ADVANCED_FACE('',(#6904),#6201,.F.);
#6904 = FACE_BOUND('',#6905,.T.);
#6905 = EDGE_LOOP('',(#6906,#6907,#6908,#6909,#6910,#6911,#6932,#6955,
    #7059,#7161,#7162));
#6906 = ORIENTED_EDGE('',*,*,#6832,.F.);
#6907 = ORIENTED_EDGE('',*,*,#6528,.F.);
#6908 = ORIENTED_EDGE('',*,*,#6478,.F.);
#6909 = ORIENTED_EDGE('',*,*,#6181,.F.);
#6910 = ORIENTED_EDGE('',*,*,#6856,.F.);
#6911 = ORIENTED_EDGE('',*,*,#6912,.T.);
#6912 = EDGE_CURVE('',#6833,#6182,#6913,.T.);
#6913 = SEAM_CURVE('',#6914,(#6918,#6925),.PCURVE_S1.);
#6914 = LINE('',#6915,#6916);
#6915 = CARTESIAN_POINT('',(458.,56.,-80.));
#6916 = VECTOR('',#6917,1.);
#6917 = DIRECTION('',(0.,-1.,0.));
#6918 = PCURVE('',#6201,#6919);
#6919 = DEFINITIONAL_REPRESENTATION('',(#6920),#6924);
#6920 = LINE('',#6921,#6922);
#6921 = CARTESIAN_POINT('',(-0.,0.));
#6922 = VECTOR('',#6923,1.);
#6923 = DIRECTION('',(-0.,-1.));
#6924 = ( GEOMETRIC_REPRESENTATION_CONTEXT(2) 
PARAMETRIC_REPRESENTATION_CONTEXT() REPRESENTATION_CONTEXT('2D SPACE',''
  ) );
#6925 = PCURVE('',#6201,#6926);
#6926 = DEFINITIONAL_REPRESENTATION('',(#6927),#6931);
#6927 = LINE('',#6928,#6929);
#6928 = CARTESIAN_POINT('',(-6.28318530718,0.));
#6929 = VECTOR('',#6930,1.);
#6930 = DIRECTION('',(-0.,-1.));
#6931 = ( GEOMETRIC_REPRESENTATION_CONTEXT(2) 
PARAMETRIC_REPRESENTATION_CONTEXT() REPRESENTATION_CONTEXT('2D SPACE',''
  ) );
#6932 = ORIENTED_EDGE('',*,*,#6933,.T.);
#6933 = EDGE_CURVE('',#6182,#6934,#6936,.T.);
#6934 = VERTEX_POINT('',#6935);
#6935 = CARTESIAN_POINT('',(458.,25.,-80.));
#6936 = SEAM_CURVE('',#6937,(#6941,#6948),.PCURVE_S1.);
#6937 = LINE('',#6938,#6939);
#6938 = CARTESIAN_POINT('',(458.,56.,-80.));
#6939 = VECTOR('',#6940,1.);
#6940 = DIRECTION('',(0.,-1.,0.));
#6941 = PCURVE('',#6201,#6942);
#6942 = DEFINITIONAL_REPRESENTATION('',(#6943),#6947);
#6943 = LINE('',#6944,#6945);
#6944 = CARTESIAN_POINT('',(-0.,0.));
#6945 = VECTOR('',#6946,1.);
#6946 = DIRECTION('',(-0.,-1.));
#6947 = ( GEOMETRIC_REPRESENTATION_CONTEXT(2) 
PARAMETRIC_REPRESENTATION_CONTEXT() REPRESENTATION_CONTEXT('2D SPACE',''
  ) );
#6948 = PCURVE('',#6201,#6949);
#6949 = DEFINITIONAL_REPRESENTATION('',(#6950),#6954);
#6950 = LINE('',#6951,#6952);
#6951 = CARTESIAN_POINT('',(-6.28318530718,0.));
#6952 = VECTOR('',#6953,1.);
#6953 = DIRECTION('',(-0.,-1.));
#6954 = ( GEOMETRIC_REPRESENTATION_CONTEXT(2) 
PARAMETRIC_REPRESENTATION_CONTEXT() REPRESENTATION_CONTEXT('2D SPACE',''
  ) );
#6955 = ORIENTED_EDGE('',*,*,#6956,.T.);
#6956 = EDGE_CURVE('',#6934,#6957,#6959,.T.);
#6957 = VERTEX_POINT('',#6958);
#6958 = CARTESIAN_POINT('',(452.,25.,-80.));
#6959 = SURFACE_CURVE('',#6960,(#6991,#7025),.PCURVE_S1.);
#6960 = B_SPLINE_CURVE_WITH_KNOTS('',8,(#6961,#6962,#6963,#6964,#6965,
    #6966,#6967,#6968,#6969,#6970,#6971,#6972,#6973,#6974,#6975,#6976,
    #6977,#6978,#6979,#6980,#6981,#6982,#6983,#6984,#6985,#6986,#6987,
    #6988,#6989,#6990),.UNSPECIFIED.,.F.,.F.,(9,7,7,7,9),(0.,
    0.160071071178,0.368613448189,0.6916914104,1.),.UNSPECIFIED.);
#6961 = CARTESIAN_POINT('',(458.,25.,-80.));
#6962 = CARTESIAN_POINT('',(458.,25.,-79.77295417403));
#6963 = CARTESIAN_POINT('',(457.98036199064,24.997643889701,
    -79.5476975612));
#6964 = CARTESIAN_POINT('',(457.94162748954,24.992994610892,
    -79.326807269));
#6965 = CARTESIAN_POINT('',(457.88486098304,24.9862683524,
    -79.11276077702));
#6966 = CARTESIAN_POINT('',(457.81162914757,24.97781032035,
    -78.90784245101));
#6967 = CARTESIAN_POINT('',(457.72398388431,24.968057118389,
    -78.71405872417));
#6968 = CARTESIAN_POINT('',(457.62444916713,24.957485737875,
    -78.53306194545));
#6969 = CARTESIAN_POINT('',(457.3747381671,24.932300859811,
    -78.14854072542));
#6970 = CARTESIAN_POINT('',(457.21685260104,24.917282093216,
    -77.95247927612));
#6971 = CARTESIAN_POINT('',(457.04586332448,24.902221702705,
    -77.77760975551));
#6972 = CARTESIAN_POINT('',(456.86457078907,24.887712624303,
    -77.62337129964));
#6973 = CARTESIAN_POINT('',(456.67521981402,24.874207445288,
    -77.48907993147));
#6974 = CARTESIAN_POINT('',(456.47961294096,24.862039901209,
    -77.37403592615));
#6975 = CARTESIAN_POINT('',(456.2791931088,24.851453892937,
    -77.27760124742));
#6976 = CARTESIAN_POINT('',(455.75892474284,24.828938454292,
    -77.07788893316));
#6977 = CARTESIAN_POINT('',(455.433952569,24.819465223237,-76.9999476527
    ));
#6978 = CARTESIAN_POINT('',(455.10439326674,24.8148402618,
    -76.96349250977));
#6979 = CARTESIAN_POINT('',(454.7733770049,24.81533063911,
    -76.96759090913));
#6980 = CARTESIAN_POINT('',(454.44380876591,24.820953234616,
    -77.01222790454));
#6981 = CARTESIAN_POINT('',(454.11883648009,24.831487957062,
    -77.09825807003));
#6982 = CARTESIAN_POINT('',(453.80235947434,24.846393184661,
    -77.22735646474));
#6983 = CARTESIAN_POINT('',(453.21146276134,24.882040002815,
    -77.56851084105));
#6984 = CARTESIAN_POINT('',(452.92668460178,24.903032521486,
    -77.78175717148));
#6985 = CARTESIAN_POINT('',(452.65841038376,24.926656688713,
    -78.04460174906));
#6986 = CARTESIAN_POINT('',(452.41927522179,24.951027603451,
    -78.35691384285));
#6987 = CARTESIAN_POINT('',(452.22173297306,24.973392749946,
    -78.71571224434));
#6988 = CARTESIAN_POINT('',(452.07798400301,24.990641782564,
    -79.1153671715));
#6989 = CARTESIAN_POINT('',(452.,25.,-79.547551553));
#6990 = CARTESIAN_POINT('',(452.,25.,-80.));
#6991 = PCURVE('',#6201,#6992);
#6992 = DEFINITIONAL_REPRESENTATION('',(#6993),#7024);
#6993 = B_SPLINE_CURVE_WITH_KNOTS('',8,(#6994,#6995,#6996,#6997,#6998,
    #6999,#7000,#7001,#7002,#7003,#7004,#7005,#7006,#7007,#7008,#7009,
    #7010,#7011,#7012,#7013,#7014,#7015,#7016,#7017,#7018,#7019,#7020,
    #7021,#7022,#7023),.UNSPECIFIED.,.F.,.F.,(9,7,7,7,9),(0.,
    0.160071071178,0.368613448189,0.6916914104,1.),.UNSPECIFIED.);
#6994 = CARTESIAN_POINT('',(0.,-31.));
#6995 = CARTESIAN_POINT('',(-7.568194198774E-02,-31.));
#6996 = CARTESIAN_POINT('',(-0.150767405695,-31.00235611029));
#6997 = CARTESIAN_POINT('',(-0.225058285419,-31.0070053891));
#6998 = CARTESIAN_POINT('',(-0.29834480602,-31.0137316476));
#6999 = CARTESIAN_POINT('',(-0.370392358243,-31.02218967965));
#7000 = CARTESIAN_POINT('',(-0.440923066582,-31.03194288161));
#7001 = CARTESIAN_POINT('',(-0.509592089662,-31.04251426212));
#7002 = CARTESIAN_POINT('',(-0.662421752354,-31.06769914018));
#7003 = CARTESIAN_POINT('',(-0.745895692613,-31.08271790678));
#7004 = CARTESIAN_POINT('',(-0.826808774523,-31.09777829729));
#7005 = CARTESIAN_POINT('',(-0.905509882264,-31.11228737569));
#7006 = CARTESIAN_POINT('',(-0.982314282349,-31.12579255471));
#7007 = CARTESIAN_POINT('',(-1.057518494569,-31.13796009879));
#7008 = CARTESIAN_POINT('',(-1.131407454116,-31.14854610706));
#7009 = CARTESIAN_POINT('',(-1.317168405963,-31.1710615457));
#7010 = CARTESIAN_POINT('',(-1.427608192515,-31.18053477676));
#7011 = CARTESIAN_POINT('',(-1.536711721332,-31.1851597382));
#7012 = CARTESIAN_POINT('',(-1.645411114144,-31.18466936089));
#7013 = CARTESIAN_POINT('',(-1.754590961579,-31.17904676538));
#7014 = CARTESIAN_POINT('',(-1.865141175558,-31.16851204293));
#7015 = CARTESIAN_POINT('',(-1.978016886458,-31.15360681533));
#7016 = CARTESIAN_POINT('',(-2.205453137333,-31.11795999718));
#7017 = CARTESIAN_POINT('',(-2.323202934875,-31.09696747851));
#7018 = CARTESIAN_POINT('',(-2.446539659152,-31.07334331128));
#7019 = CARTESIAN_POINT('',(-2.574948218671,-31.04897239654));
#7020 = CARTESIAN_POINT('',(-2.708271483015,-31.02660725005));
#7021 = CARTESIAN_POINT('',(-2.846714679887,-31.00935821743));
#7022 = CARTESIAN_POINT('',(-2.990776504592,-31.));
#7023 = CARTESIAN_POINT('',(-3.14159265359,-31.));
#7024 = ( GEOMETRIC_REPRESENTATION_CONTEXT(2) 
PARAMETRIC_REPRESENTATION_CONTEXT() REPRESENTATION_CONTEXT('2D SPACE',''
  ) );
#7025 = PCURVE('',#6741,#7026);
#7026 = DEFINITIONAL_REPRESENTATION('',(#7027),#7058);
#7027 = B_SPLINE_CURVE_WITH_KNOTS('',8,(#7028,#7029,#7030,#7031,#7032,
    #7033,#7034,#7035,#7036,#7037,#7038,#7039,#7040,#7041,#7042,#7043,
    #7044,#7045,#7046,#7047,#7048,#7049,#7050,#7051,#7052,#7053,#7054,
    #7055,#7056,#7057),.UNSPECIFIED.,.F.,.F.,(9,7,7,7,9),(0.,
    0.160071071178,0.368613448189,0.6916914104,1.),.UNSPECIFIED.);
#7028 = CARTESIAN_POINT('',(0.,-8.));
#7029 = CARTESIAN_POINT('',(-9.081833038528E-03,-8.));
#7030 = CARTESIAN_POINT('',(-1.809209885184E-02,-7.980361990645));
#7031 = CARTESIAN_POINT('',(-2.692884765985E-02,-7.941627489542));
#7032 = CARTESIAN_POINT('',(-3.549406163433E-02,-7.88486098304));
#7033 = CARTESIAN_POINT('',(-4.369707147701E-02,-7.811629147574));
#7034 = CARTESIAN_POINT('',(-5.145779953395E-02,-7.723983884318));
#7035 = CARTESIAN_POINT('',(-5.870982944619E-02,-7.624449167136));
#7036 = CARTESIAN_POINT('',(-7.412363347939E-02,-7.374738167106));
#7037 = CARTESIAN_POINT('',(-8.198858671413E-02,-7.216852601047));
#7038 = CARTESIAN_POINT('',(-8.900879650532E-02,-7.045863324485));
#7039 = CARTESIAN_POINT('',(-9.520526997589E-02,-6.864570789073));
#7040 = CARTESIAN_POINT('',(-0.100603866674,-6.675219814025));
#7041 = CARTESIAN_POINT('',(-0.105231229631,-6.479612940963));
#7042 = CARTESIAN_POINT('',(-0.109111772226,-6.2791931088));
#7043 = CARTESIAN_POINT('',(-0.11715087202,-5.758924742845));
#7044 = CARTESIAN_POINT('',(-0.12029135207,-5.433952569));
#7045 = CARTESIAN_POINT('',(-0.121761266104,-5.104393266742));
#7046 = CARTESIAN_POINT('',(-0.121596192905,-4.773377004903));
#7047 = CARTESIAN_POINT('',(-0.119796549197,-4.443808765918));
#7048 = CARTESIAN_POINT('',(-0.116329670805,-4.118836480094));
#7049 = CARTESIAN_POINT('',(-0.111131732644,-3.802359474342));
#7050 = CARTESIAN_POINT('',(-9.741126593925E-02,-3.211462761344));
#7051 = CARTESIAN_POINT('',(-8.884033335233E-02,-2.926684601787));
#7052 = CARTESIAN_POINT('',(-7.828482476604E-02,-2.658410383764));
#7053 = CARTESIAN_POINT('',(-6.575620111115E-02,-2.419275221804));
#7054 = CARTESIAN_POINT('',(-5.138053487495E-02,-2.221732973064));
#7055 = CARTESIAN_POINT('',(-3.538531473867E-02,-2.077984003018));
#7056 = CARTESIAN_POINT('',(-1.809793787976E-02,-2.));
#7057 = CARTESIAN_POINT('',(0.,-2.));
#7058 = ( GEOMETRIC_REPRESENTATION_CONTEXT(2) 
PARAMETRIC_REPRESENTATION_CONTEXT() REPRESENTATION_CONTEXT('2D SPACE',''
  ) );
#7059 = ORIENTED_EDGE('',*,*,#7060,.T.);
#7060 = EDGE_CURVE('',#6957,#6934,#7061,.T.);
#7061 = SURFACE_CURVE('',#7062,(#7093,#7127),.PCURVE_S1.);
#7062 = B_SPLINE_CURVE_WITH_KNOTS('',8,(#7063,#7064,#7065,#7066,#7067,
    #7068,#7069,#7070,#7071,#7072,#7073,#7074,#7075,#7076,#7077,#7078,
    #7079,#7080,#7081,#7082,#7083,#7084,#7085,#7086,#7087,#7088,#7089,
    #7090,#7091,#7092),.UNSPECIFIED.,.F.,.F.,(9,7,7,7,9),(0.,
    0.160071072234,0.368613448984,0.691691410788,1.),.UNSPECIFIED.);
#7063 = CARTESIAN_POINT('',(452.,25.,-80.));
#7064 = CARTESIAN_POINT('',(452.,25.,-80.2270458242));
#7065 = CARTESIAN_POINT('',(452.01963800981,24.997643889654,
    -80.45230244122));
#7066 = CARTESIAN_POINT('',(452.0583725101,24.992994610928,
    -80.67319273126));
#7067 = CARTESIAN_POINT('',(452.11513901638,24.98626835246,
    -80.88723922088));
#7068 = CARTESIAN_POINT('',(452.18837085282,24.97781032031,
    -81.09215754887));
#7069 = CARTESIAN_POINT('',(452.27601611652,24.968057118303,
    -81.28594127806));
#7070 = CARTESIAN_POINT('',(452.37555083201,24.95748573796,
    -81.46693805323));
#7071 = CARTESIAN_POINT('',(452.62526183289,24.932300859811,
    -81.85145927457));
#7072 = CARTESIAN_POINT('',(452.78314739895,24.917282093216,
    -82.04752072387));
#7073 = CARTESIAN_POINT('',(452.95413667551,24.902221702705,
    -82.22239024448));
#7074 = CARTESIAN_POINT('',(453.13542921092,24.887712624303,
    -82.37662870035));
#7075 = CARTESIAN_POINT('',(453.32478018597,24.874207445288,
    -82.51092006852));
#7076 = CARTESIAN_POINT('',(453.52038705903,24.862039901209,
    -82.62596407384));
#7077 = CARTESIAN_POINT('',(453.7208068912,24.851453892937,
    -82.72239875257));
#7078 = CARTESIAN_POINT('',(454.24107525715,24.828938454292,
    -82.92211106683));
#7079 = CARTESIAN_POINT('',(454.566047431,24.819465223237,
    -83.00005234729));
#7080 = CARTESIAN_POINT('',(454.89560673325,24.8148402618,
    -83.03650749022));
#7081 = CARTESIAN_POINT('',(455.22662299509,24.81533063911,
    -83.03240909087));
#7082 = CARTESIAN_POINT('',(455.55619123408,24.820953234616,
    -82.98777209545));
#7083 = CARTESIAN_POINT('',(455.8811635199,24.831487957062,
    -82.90174192996));
#7084 = CARTESIAN_POINT('',(456.19764052565,24.846393184661,
    -82.77264353525));
#7085 = CARTESIAN_POINT('',(456.78853723865,24.882040002815,
    -82.43148915894));
#7086 = CARTESIAN_POINT('',(457.07331539821,24.903032521486,
    -82.21824282851));
#7087 = CARTESIAN_POINT('',(457.34158961622,24.926656688713,
    -81.95539825093));
#7088 = CARTESIAN_POINT('',(457.5807247782,24.951027603451,
    -81.64308615714));
#7089 = CARTESIAN_POINT('',(457.77826702693,24.973392749946,
    -81.28428775565));
#7090 = CARTESIAN_POINT('',(457.92201599698,24.990641782564,
    -80.88463282849));
#7091 = CARTESIAN_POINT('',(458.,25.,-80.45244844699));
#7092 = CARTESIAN_POINT('',(458.,25.,-80.));
#7093 = PCURVE('',#6201,#7094);
#7094 = DEFINITIONAL_REPRESENTATION('',(#7095),#7126);
#7095 = B_SPLINE_CURVE_WITH_KNOTS('',8,(#7096,#7097,#7098,#7099,#7100,
    #7101,#7102,#7103,#7104,#7105,#7106,#7107,#7108,#7109,#7110,#7111,
    #7112,#7113,#7114,#7115,#7116,#7117,#7118,#7119,#7120,#7121,#7122,
    #7123,#7124,#7125),.UNSPECIFIED.,.F.,.F.,(9,7,7,7,9),(0.,
    0.160071072234,0.368613448984,0.691691410788,1.),.UNSPECIFIED.);
#7096 = CARTESIAN_POINT('',(-3.14159265359,-31.));
#7097 = CARTESIAN_POINT('',(-3.217274594993,-31.));
#7098 = CARTESIAN_POINT('',(-3.292360060134,-31.00235611034));
#7099 = CARTESIAN_POINT('',(-3.366650939064,-31.00700538907));
#7100 = CARTESIAN_POINT('',(-3.43993745886,-31.01373164754));
#7101 = CARTESIAN_POINT('',(-3.511985011836,-31.02218967969));
#7102 = CARTESIAN_POINT('',(-3.582515720996,-31.03194288169));
#7103 = CARTESIAN_POINT('',(-3.65118474273,-31.04251426204));
#7104 = CARTESIAN_POINT('',(-3.804014405943,-31.06769914018));
#7105 = CARTESIAN_POINT('',(-3.887488346203,-31.08271790678));
#7106 = CARTESIAN_POINT('',(-3.968401428113,-31.09777829729));
#7107 = CARTESIAN_POINT('',(-4.047102535854,-31.11228737569));
#7108 = CARTESIAN_POINT('',(-4.123906935939,-31.12579255471));
#7109 = CARTESIAN_POINT('',(-4.199111148159,-31.13796009879));
#7110 = CARTESIAN_POINT('',(-4.273000107706,-31.14854610706));
#7111 = CARTESIAN_POINT('',(-4.458761059553,-31.1710615457));
#7112 = CARTESIAN_POINT('',(-4.569200846105,-31.18053477676));
#7113 = CARTESIAN_POINT('',(-4.678304374921,-31.1851597382));
#7114 = CARTESIAN_POINT('',(-4.787003767733,-31.18466936089));
#7115 = CARTESIAN_POINT('',(-4.896183615169,-31.17904676538));
#7116 = CARTESIAN_POINT('',(-5.006733829148,-31.16851204293));
#7117 = CARTESIAN_POINT('',(-5.119609540047,-31.15360681533));
#7118 = CARTESIAN_POINT('',(-5.347045790922,-31.11795999718));
#7119 = CARTESIAN_POINT('',(-5.464795588466,-31.09696747851));
#7120 = CARTESIAN_POINT('',(-5.588132312739,-31.07334331128));
#7121 = CARTESIAN_POINT('',(-5.716540872264,-31.04897239654));
#7122 = CARTESIAN_POINT('',(-5.849864136602,-31.02660725005));
#7123 = CARTESIAN_POINT('',(-5.988307333477,-31.00935821743));
#7124 = CARTESIAN_POINT('',(-6.132369158181,-31.));
#7125 = CARTESIAN_POINT('',(-6.28318530718,-31.));
#7126 = ( GEOMETRIC_REPRESENTATION_CONTEXT(2) 
PARAMETRIC_REPRESENTATION_CONTEXT() REPRESENTATION_CONTEXT('2D SPACE',''
  ) );
#7127 = PCURVE('',#6741,#7128);
#7128 = DEFINITIONAL_REPRESENTATION('',(#7129),#7160);
#7129 = B_SPLINE_CURVE_WITH_KNOTS('',8,(#7130,#7131,#7132,#7133,#7134,
    #7135,#7136,#7137,#7138,#7139,#7140,#7141,#7142,#7143,#7144,#7145,
    #7146,#7147,#7148,#7149,#7150,#7151,#7152,#7153,#7154,#7155,#7156,
    #7157,#7158,#7159),.UNSPECIFIED.,.F.,.F.,(9,7,7,7,9),(0.,
    0.160071072234,0.368613448984,0.691691410788,1.),.UNSPECIFIED.);
#7130 = CARTESIAN_POINT('',(-6.28318530718,-2.));
#7131 = CARTESIAN_POINT('',(-6.274103474211,-2.));
#7132 = CARTESIAN_POINT('',(-6.265093208231,-2.019638009811));
#7133 = CARTESIAN_POINT('',(-6.256256459509,-2.058372510107));
#7134 = CARTESIAN_POINT('',(-6.247691245629,-2.115139016381));
#7135 = CARTESIAN_POINT('',(-6.239488235707,-2.188370852822));
#7136 = CARTESIAN_POINT('',(-6.231727507556,-2.27601611652));
#7137 = CARTESIAN_POINT('',(-6.224475477786,-2.375550832012));
#7138 = CARTESIAN_POINT('',(-6.2090616737,-2.625261832894));
#7139 = CARTESIAN_POINT('',(-6.201196720465,-2.783147398954));
#7140 = CARTESIAN_POINT('',(-6.194176510674,-2.954136675514));
#7141 = CARTESIAN_POINT('',(-6.187980037204,-3.135429210927));
#7142 = CARTESIAN_POINT('',(-6.182581440506,-3.324780185975));
#7143 = CARTESIAN_POINT('',(-6.177954077549,-3.520387059038));
#7144 = CARTESIAN_POINT('',(-6.174073534954,-3.7208068912));
#7145 = CARTESIAN_POINT('',(-6.166034435159,-4.241075257155));
#7146 = CARTESIAN_POINT('',(-6.16289395511,-4.566047431001));
#7147 = CARTESIAN_POINT('',(-6.161424041076,-4.895606733257));
#7148 = CARTESIAN_POINT('',(-6.161589114275,-5.226622995096));
#7149 = CARTESIAN_POINT('',(-6.163388757983,-5.556191234082));
#7150 = CARTESIAN_POINT('',(-6.166855636375,-5.881163519906));
#7151 = CARTESIAN_POINT('',(-6.172053574536,-6.197640525658));
#7152 = CARTESIAN_POINT('',(-6.18577404124,-6.788537238654));
#7153 = CARTESIAN_POINT('',(-6.194344973827,-7.073315398218));
#7154 = CARTESIAN_POINT('',(-6.204900482413,-7.341589616228));
#7155 = CARTESIAN_POINT('',(-6.217429106069,-7.580724778204));
#7156 = CARTESIAN_POINT('',(-6.231804772305,-7.778267026931));
#7157 = CARTESIAN_POINT('',(-6.247799992441,-7.922015996984));
#7158 = CARTESIAN_POINT('',(-6.2650873693,-8.));
#7159 = CARTESIAN_POINT('',(-6.28318530718,-8.));
#7160 = ( GEOMETRIC_REPRESENTATION_CONTEXT(2) 
PARAMETRIC_REPRESENTATION_CONTEXT() REPRESENTATION_CONTEXT('2D SPACE',''
  ) );
#7161 = ORIENTED_EDGE('',*,*,#6933,.F.);
#7162 = ORIENTED_EDGE('',*,*,#6912,.F.);
#7163 = ADVANCED_FACE('',(#7164),#6391,.F.);
#7164 = FACE_BOUND('',#7165,.T.);
#7165 = EDGE_LOOP('',(#7166,#7190,#7211,#7234,#7338,#7440,#7441,#7442,
    #7443));
#7166 = ORIENTED_EDGE('',*,*,#7167,.F.);
#7167 = EDGE_CURVE('',#7168,#6351,#7170,.T.);
#7168 = VERTEX_POINT('',#7169);
#7169 = CARTESIAN_POINT('',(458.,56.,80.));
#7170 = SURFACE_CURVE('',#7171,(#7176,#7183),.PCURVE_S1.);
#7171 = CIRCLE('',#7172,3.);
#7172 = AXIS2_PLACEMENT_3D('',#7173,#7174,#7175);
#7173 = CARTESIAN_POINT('',(455.,56.,80.));
#7174 = DIRECTION('',(0.,-1.,0.));
#7175 = DIRECTION('',(1.,0.,0.));
#7176 = PCURVE('',#6391,#7177);
#7177 = DEFINITIONAL_REPRESENTATION('',(#7178),#7182);
#7178 = LINE('',#7179,#7180);
#7179 = CARTESIAN_POINT('',(-0.,0.));
#7180 = VECTOR('',#7181,1.);
#7181 = DIRECTION('',(-1.,0.));
#7182 = ( GEOMETRIC_REPRESENTATION_CONTEXT(2) 
PARAMETRIC_REPRESENTATION_CONTEXT() REPRESENTATION_CONTEXT('2D SPACE',''
  ) );
#7183 = PCURVE('',#6310,#7184);
#7184 = DEFINITIONAL_REPRESENTATION('',(#7185),#7189);
#7185 = CIRCLE('',#7186,3.);
#7186 = AXIS2_PLACEMENT_2D('',#7187,#7188);
#7187 = CARTESIAN_POINT('',(0.,0.));
#7188 = DIRECTION('',(0.,1.));
#7189 = ( GEOMETRIC_REPRESENTATION_CONTEXT(2) 
PARAMETRIC_REPRESENTATION_CONTEXT() REPRESENTATION_CONTEXT('2D SPACE',''
  ) );
#7190 = ORIENTED_EDGE('',*,*,#7191,.T.);
#7191 = EDGE_CURVE('',#7168,#6238,#7192,.T.);
#7192 = SURFACE_CURVE('',#7193,(#7197,#7204),.PCURVE_S1.);
#7193 = LINE('',#7194,#7195);
#7194 = CARTESIAN_POINT('',(458.,56.,80.));
#7195 = VECTOR('',#7196,1.);
#7196 = DIRECTION('',(0.,-1.,0.));
#7197 = PCURVE('',#6391,#7198);
#7198 = DEFINITIONAL_REPRESENTATION('',(#7199),#7203);
#7199 = LINE('',#7200,#7201);
#7200 = CARTESIAN_POINT('',(-0.,0.));
#7201 = VECTOR('',#7202,1.);
#7202 = DIRECTION('',(-0.,-1.));
#7203 = ( GEOMETRIC_REPRESENTATION_CONTEXT(2) 
PARAMETRIC_REPRESENTATION_CONTEXT() REPRESENTATION_CONTEXT('2D SPACE',''
  ) );
#7204 = PCURVE('',#6280,#7205);
#7205 = DEFINITIONAL_REPRESENTATION('',(#7206),#7210);
#7206 = LINE('',#7207,#7208);
#7207 = CARTESIAN_POINT('',(-6.28318530718,0.));
#7208 = VECTOR('',#7209,1.);
#7209 = DIRECTION('',(-0.,-1.));
#7210 = ( GEOMETRIC_REPRESENTATION_CONTEXT(2) 
PARAMETRIC_REPRESENTATION_CONTEXT() REPRESENTATION_CONTEXT('2D SPACE',''
  ) );
#7211 = ORIENTED_EDGE('',*,*,#7212,.T.);
#7212 = EDGE_CURVE('',#6238,#7213,#7215,.T.);
#7213 = VERTEX_POINT('',#7214);
#7214 = CARTESIAN_POINT('',(458.,25.,80.));
#7215 = SEAM_CURVE('',#7216,(#7220,#7227),.PCURVE_S1.);
#7216 = LINE('',#7217,#7218);
#7217 = CARTESIAN_POINT('',(458.,56.,80.));
#7218 = VECTOR('',#7219,1.);
#7219 = DIRECTION('',(0.,-1.,0.));
#7220 = PCURVE('',#6391,#7221);
#7221 = DEFINITIONAL_REPRESENTATION('',(#7222),#7226);
#7222 = LINE('',#7223,#7224);
#7223 = CARTESIAN_POINT('',(-0.,0.));
#7224 = VECTOR('',#7225,1.);
#7225 = DIRECTION('',(-0.,-1.));
#7226 = ( GEOMETRIC_REPRESENTATION_CONTEXT(2) 
PARAMETRIC_REPRESENTATION_CONTEXT() REPRESENTATION_CONTEXT('2D SPACE',''
  ) );
#7227 = PCURVE('',#6391,#7228);
#7228 = DEFINITIONAL_REPRESENTATION('',(#7229),#7233);
#7229 = LINE('',#7230,#7231);
#7230 = CARTESIAN_POINT('',(-6.28318530718,0.));
#7231 = VECTOR('',#7232,1.);
#7232 = DIRECTION('',(-0.,-1.));
#7233 = ( GEOMETRIC_REPRESENTATION_CONTEXT(2) 
PARAMETRIC_REPRESENTATION_CONTEXT() REPRESENTATION_CONTEXT('2D SPACE',''
  ) );
#7234 = ORIENTED_EDGE('',*,*,#7235,.T.);
#7235 = EDGE_CURVE('',#7213,#7236,#7238,.T.);
#7236 = VERTEX_POINT('',#7237);
#7237 = CARTESIAN_POINT('',(452.,25.,80.));
#7238 = SURFACE_CURVE('',#7239,(#7270,#7304),.PCURVE_S1.);
#7239 = B_SPLINE_CURVE_WITH_KNOTS('',8,(#7240,#7241,#7242,#7243,#7244,
    #7245,#7246,#7247,#7248,#7249,#7250,#7251,#7252,#7253,#7254,#7255,
    #7256,#7257,#7258,#7259,#7260,#7261,#7262,#7263,#7264,#7265,#7266,
    #7267,#7268,#7269),.UNSPECIFIED.,.F.,.F.,(9,7,7,7,9),(0.,
    0.160071071178,0.368613448189,0.6916914104,1.),.UNSPECIFIED.);
#7240 = CARTESIAN_POINT('',(458.,25.,80.));
#7241 = CARTESIAN_POINT('',(458.,25.,80.227045825963));
#7242 = CARTESIAN_POINT('',(457.98036199064,24.997643889701,
    80.452302438799));
#7243 = CARTESIAN_POINT('',(457.94162748954,24.992994610892,
    80.673192730992));
#7244 = CARTESIAN_POINT('',(457.88486098304,24.9862683524,
    80.887239222977));
#7245 = CARTESIAN_POINT('',(457.81162914757,24.97781032035,
    81.092157548986));
#7246 = CARTESIAN_POINT('',(457.72398388431,24.968057118389,
    81.285941275824));
#7247 = CARTESIAN_POINT('',(457.62444916713,24.957485737875,
    81.466938054544));
#7248 = CARTESIAN_POINT('',(457.3747381671,24.932300859811,
    81.851459274571));
#7249 = CARTESIAN_POINT('',(457.21685260104,24.917282093216,
    82.047520723878));
#7250 = CARTESIAN_POINT('',(457.04586332448,24.902221702705,
    82.222390244482));
#7251 = CARTESIAN_POINT('',(456.86457078907,24.887712624303,
    82.376628700353));
#7252 = CARTESIAN_POINT('',(456.67521981402,24.874207445288,
    82.510920068524));
#7253 = CARTESIAN_POINT('',(456.47961294096,24.862039901209,
    82.625964073845));
#7254 = CARTESIAN_POINT('',(456.2791931088,24.851453892937,
    82.722398752578));
#7255 = CARTESIAN_POINT('',(455.75892474284,24.828938454292,
    82.922111066834));
#7256 = CARTESIAN_POINT('',(455.433952569,24.819465223237,
    83.000052347293));
#7257 = CARTESIAN_POINT('',(455.10439326674,24.8148402618,
    83.036507490227));
#7258 = CARTESIAN_POINT('',(454.7733770049,24.81533063911,83.03240909087
    ));
#7259 = CARTESIAN_POINT('',(454.44380876591,24.820953234616,
    82.987772095455));
#7260 = CARTESIAN_POINT('',(454.11883648009,24.831487957062,
    82.901741929962));
#7261 = CARTESIAN_POINT('',(453.80235947434,24.846393184661,
    82.772643535257));
#7262 = CARTESIAN_POINT('',(453.21146276134,24.882040002815,
    82.431489158944));
#7263 = CARTESIAN_POINT('',(452.92668460178,24.903032521486,
    82.218242828515));
#7264 = CARTESIAN_POINT('',(452.65841038376,24.926656688713,
    81.955398250933));
#7265 = CARTESIAN_POINT('',(452.41927522179,24.951027603451,
    81.643086157144));
#7266 = CARTESIAN_POINT('',(452.22173297306,24.973392749946,
    81.284287755654));
#7267 = CARTESIAN_POINT('',(452.07798400301,24.990641782564,
    80.884632828493));
#7268 = CARTESIAN_POINT('',(452.,25.,80.452448446994));
#7269 = CARTESIAN_POINT('',(452.,25.,80.));
#7270 = PCURVE('',#6391,#7271);
#7271 = DEFINITIONAL_REPRESENTATION('',(#7272),#7303);
#7272 = B_SPLINE_CURVE_WITH_KNOTS('',8,(#7273,#7274,#7275,#7276,#7277,
    #7278,#7279,#7280,#7281,#7282,#7283,#7284,#7285,#7286,#7287,#7288,
    #7289,#7290,#7291,#7292,#7293,#7294,#7295,#7296,#7297,#7298,#7299,
    #7300,#7301,#7302),.UNSPECIFIED.,.F.,.F.,(9,7,7,7,9),(0.,
    0.160071071178,0.368613448189,0.6916914104,1.),.UNSPECIFIED.);
#7273 = CARTESIAN_POINT('',(0.,-31.));
#7274 = CARTESIAN_POINT('',(-7.568194198774E-02,-31.));
#7275 = CARTESIAN_POINT('',(-0.150767405695,-31.00235611029));
#7276 = CARTESIAN_POINT('',(-0.225058285419,-31.0070053891));
#7277 = CARTESIAN_POINT('',(-0.29834480602,-31.0137316476));
#7278 = CARTESIAN_POINT('',(-0.370392358243,-31.02218967965));
#7279 = CARTESIAN_POINT('',(-0.440923066582,-31.03194288161));
#7280 = CARTESIAN_POINT('',(-0.509592089662,-31.04251426212));
#7281 = CARTESIAN_POINT('',(-0.662421752354,-31.06769914018));
#7282 = CARTESIAN_POINT('',(-0.745895692613,-31.08271790678));
#7283 = CARTESIAN_POINT('',(-0.826808774523,-31.09777829729));
#7284 = CARTESIAN_POINT('',(-0.905509882264,-31.11228737569));
#7285 = CARTESIAN_POINT('',(-0.982314282349,-31.12579255471));
#7286 = CARTESIAN_POINT('',(-1.057518494569,-31.13796009879));
#7287 = CARTESIAN_POINT('',(-1.131407454116,-31.14854610706));
#7288 = CARTESIAN_POINT('',(-1.317168405963,-31.1710615457));
#7289 = CARTESIAN_POINT('',(-1.427608192515,-31.18053477676));
#7290 = CARTESIAN_POINT('',(-1.536711721332,-31.1851597382));
#7291 = CARTESIAN_POINT('',(-1.645411114144,-31.18466936089));
#7292 = CARTESIAN_POINT('',(-1.754590961579,-31.17904676538));
#7293 = CARTESIAN_POINT('',(-1.865141175558,-31.16851204293));
#7294 = CARTESIAN_POINT('',(-1.978016886458,-31.15360681533));
#7295 = CARTESIAN_POINT('',(-2.205453137333,-31.11795999718));
#7296 = CARTESIAN_POINT('',(-2.323202934875,-31.09696747851));
#7297 = CARTESIAN_POINT('',(-2.446539659152,-31.07334331128));
#7298 = CARTESIAN_POINT('',(-2.574948218671,-31.04897239654));
#7299 = CARTESIAN_POINT('',(-2.708271483015,-31.02660725005));
#7300 = CARTESIAN_POINT('',(-2.846714679887,-31.00935821743));
#7301 = CARTESIAN_POINT('',(-2.990776504592,-31.));
#7302 = CARTESIAN_POINT('',(-3.14159265359,-31.));
#7303 = ( GEOMETRIC_REPRESENTATION_CONTEXT(2) 
PARAMETRIC_REPRESENTATION_CONTEXT() REPRESENTATION_CONTEXT('2D SPACE',''
  ) );
#7304 = PCURVE('',#6783,#7305);
#7305 = DEFINITIONAL_REPRESENTATION('',(#7306),#7337);
#7306 = B_SPLINE_CURVE_WITH_KNOTS('',8,(#7307,#7308,#7309,#7310,#7311,
    #7312,#7313,#7314,#7315,#7316,#7317,#7318,#7319,#7320,#7321,#7322,
    #7323,#7324,#7325,#7326,#7327,#7328,#7329,#7330,#7331,#7332,#7333,
    #7334,#7335,#7336),.UNSPECIFIED.,.F.,.F.,(9,7,7,7,9),(0.,
    0.160071071178,0.368613448189,0.6916914104,1.),.UNSPECIFIED.);
#7307 = CARTESIAN_POINT('',(0.,-8.));
#7308 = CARTESIAN_POINT('',(-9.081833038528E-03,-8.));
#7309 = CARTESIAN_POINT('',(-1.809209885184E-02,-7.980361990645));
#7310 = CARTESIAN_POINT('',(-2.692884765985E-02,-7.941627489542));
#7311 = CARTESIAN_POINT('',(-3.549406163433E-02,-7.88486098304));
#7312 = CARTESIAN_POINT('',(-4.369707147701E-02,-7.811629147574));
#7313 = CARTESIAN_POINT('',(-5.145779953395E-02,-7.723983884318));
#7314 = CARTESIAN_POINT('',(-5.870982944619E-02,-7.624449167136));
#7315 = CARTESIAN_POINT('',(-7.412363347939E-02,-7.374738167106));
#7316 = CARTESIAN_POINT('',(-8.198858671413E-02,-7.216852601047));
#7317 = CARTESIAN_POINT('',(-8.900879650532E-02,-7.045863324485));
#7318 = CARTESIAN_POINT('',(-9.520526997589E-02,-6.864570789073));
#7319 = CARTESIAN_POINT('',(-0.100603866674,-6.675219814025));
#7320 = CARTESIAN_POINT('',(-0.105231229631,-6.479612940963));
#7321 = CARTESIAN_POINT('',(-0.109111772226,-6.2791931088));
#7322 = CARTESIAN_POINT('',(-0.11715087202,-5.758924742845));
#7323 = CARTESIAN_POINT('',(-0.12029135207,-5.433952569));
#7324 = CARTESIAN_POINT('',(-0.121761266104,-5.104393266742));
#7325 = CARTESIAN_POINT('',(-0.121596192905,-4.773377004903));
#7326 = CARTESIAN_POINT('',(-0.119796549197,-4.443808765918));
#7327 = CARTESIAN_POINT('',(-0.116329670805,-4.118836480094));
#7328 = CARTESIAN_POINT('',(-0.111131732644,-3.802359474342));
#7329 = CARTESIAN_POINT('',(-9.741126593925E-02,-3.211462761344));
#7330 = CARTESIAN_POINT('',(-8.884033335233E-02,-2.926684601787));
#7331 = CARTESIAN_POINT('',(-7.828482476604E-02,-2.658410383764));
#7332 = CARTESIAN_POINT('',(-6.575620111115E-02,-2.419275221804));
#7333 = CARTESIAN_POINT('',(-5.138053487495E-02,-2.221732973064));
#7334 = CARTESIAN_POINT('',(-3.538531473867E-02,-2.077984003018));
#7335 = CARTESIAN_POINT('',(-1.809793787976E-02,-2.));
#7336 = CARTESIAN_POINT('',(0.,-2.));
#7337 = ( GEOMETRIC_REPRESENTATION_CONTEXT(2) 
PARAMETRIC_REPRESENTATION_CONTEXT() REPRESENTATION_CONTEXT('2D SPACE',''
  ) );
#7338 = ORIENTED_EDGE('',*,*,#7339,.T.);
#7339 = EDGE_CURVE('',#7236,#7213,#7340,.T.);
#7340 = SURFACE_CURVE('',#7341,(#7372,#7406),.PCURVE_S1.);
#7341 = B_SPLINE_CURVE_WITH_KNOTS('',8,(#7342,#7343,#7344,#7345,#7346,
    #7347,#7348,#7349,#7350,#7351,#7352,#7353,#7354,#7355,#7356,#7357,
    #7358,#7359,#7360,#7361,#7362,#7363,#7364,#7365,#7366,#7367,#7368,
    #7369,#7370,#7371),.UNSPECIFIED.,.F.,.F.,(9,7,7,7,9),(0.,
    0.160071072234,0.368613448984,0.691691410788,1.),.UNSPECIFIED.);
#7342 = CARTESIAN_POINT('',(452.,25.,80.));
#7343 = CARTESIAN_POINT('',(452.,25.,79.772954175791));
#7344 = CARTESIAN_POINT('',(452.01963800981,24.997643889654,
    79.547697558774));
#7345 = CARTESIAN_POINT('',(452.0583725101,24.992994610928,
    79.326807268739));
#7346 = CARTESIAN_POINT('',(452.11513901638,24.98626835246,
    79.112760779114));
#7347 = CARTESIAN_POINT('',(452.18837085282,24.97781032031,
    78.907842451124));
#7348 = CARTESIAN_POINT('',(452.27601611652,24.968057118303,
    78.714058721937));
#7349 = CARTESIAN_POINT('',(452.37555083201,24.95748573796,
    78.533061946767));
#7350 = CARTESIAN_POINT('',(452.62526183289,24.932300859811,
    78.148540725429));
#7351 = CARTESIAN_POINT('',(452.78314739895,24.917282093216,
    77.952479276122));
#7352 = CARTESIAN_POINT('',(452.95413667551,24.902221702705,
    77.777609755518));
#7353 = CARTESIAN_POINT('',(453.13542921092,24.887712624303,
    77.623371299647));
#7354 = CARTESIAN_POINT('',(453.32478018597,24.874207445288,
    77.489079931476));
#7355 = CARTESIAN_POINT('',(453.52038705903,24.862039901209,
    77.374035926155));
#7356 = CARTESIAN_POINT('',(453.7208068912,24.851453892937,
    77.277601247422));
#7357 = CARTESIAN_POINT('',(454.24107525715,24.828938454292,
    77.077888933166));
#7358 = CARTESIAN_POINT('',(454.566047431,24.819465223237,
    76.999947652706));
#7359 = CARTESIAN_POINT('',(454.89560673325,24.8148402618,
    76.963492509774));
#7360 = CARTESIAN_POINT('',(455.22662299509,24.81533063911,
    76.96759090913));
#7361 = CARTESIAN_POINT('',(455.55619123408,24.820953234616,
    77.012227904545));
#7362 = CARTESIAN_POINT('',(455.8811635199,24.831487957062,
    77.098258070038));
#7363 = CARTESIAN_POINT('',(456.19764052565,24.846393184661,
    77.227356464743));
#7364 = CARTESIAN_POINT('',(456.78853723865,24.882040002815,
    77.568510841055));
#7365 = CARTESIAN_POINT('',(457.07331539821,24.903032521486,
    77.781757171487));
#7366 = CARTESIAN_POINT('',(457.34158961622,24.926656688713,
    78.044601749064));
#7367 = CARTESIAN_POINT('',(457.5807247782,24.951027603451,
    78.35691384286));
#7368 = CARTESIAN_POINT('',(457.77826702693,24.973392749946,
    78.715712244343));
#7369 = CARTESIAN_POINT('',(457.92201599698,24.990641782564,
    79.115367171509));
#7370 = CARTESIAN_POINT('',(458.,25.,79.547551553005));
#7371 = CARTESIAN_POINT('',(458.,25.,80.));
#7372 = PCURVE('',#6391,#7373);
#7373 = DEFINITIONAL_REPRESENTATION('',(#7374),#7405);
#7374 = B_SPLINE_CURVE_WITH_KNOTS('',8,(#7375,#7376,#7377,#7378,#7379,
    #7380,#7381,#7382,#7383,#7384,#7385,#7386,#7387,#7388,#7389,#7390,
    #7391,#7392,#7393,#7394,#7395,#7396,#7397,#7398,#7399,#7400,#7401,
    #7402,#7403,#7404),.UNSPECIFIED.,.F.,.F.,(9,7,7,7,9),(0.,
    0.160071072234,0.368613448984,0.691691410788,1.),.UNSPECIFIED.);
#7375 = CARTESIAN_POINT('',(-3.14159265359,-31.));
#7376 = CARTESIAN_POINT('',(-3.217274594993,-31.));
#7377 = CARTESIAN_POINT('',(-3.292360060134,-31.00235611034));
#7378 = CARTESIAN_POINT('',(-3.366650939064,-31.00700538907));
#7379 = CARTESIAN_POINT('',(-3.43993745886,-31.01373164754));
#7380 = CARTESIAN_POINT('',(-3.511985011836,-31.02218967969));
#7381 = CARTESIAN_POINT('',(-3.582515720996,-31.03194288169));
#7382 = CARTESIAN_POINT('',(-3.65118474273,-31.04251426204));
#7383 = CARTESIAN_POINT('',(-3.804014405943,-31.06769914018));
#7384 = CARTESIAN_POINT('',(-3.887488346203,-31.08271790678));
#7385 = CARTESIAN_POINT('',(-3.968401428113,-31.09777829729));
#7386 = CARTESIAN_POINT('',(-4.047102535854,-31.11228737569));
#7387 = CARTESIAN_POINT('',(-4.123906935939,-31.12579255471));
#7388 = CARTESIAN_POINT('',(-4.199111148159,-31.13796009879));
#7389 = CARTESIAN_POINT('',(-4.273000107706,-31.14854610706));
#7390 = CARTESIAN_POINT('',(-4.458761059553,-31.1710615457));
#7391 = CARTESIAN_POINT('',(-4.569200846105,-31.18053477676));
#7392 = CARTESIAN_POINT('',(-4.678304374921,-31.1851597382));
#7393 = CARTESIAN_POINT('',(-4.787003767733,-31.18466936089));
#7394 = CARTESIAN_POINT('',(-4.896183615169,-31.17904676538));
#7395 = CARTESIAN_POINT('',(-5.006733829148,-31.16851204293));
#7396 = CARTESIAN_POINT('',(-5.119609540047,-31.15360681533));
#7397 = CARTESIAN_POINT('',(-5.347045790922,-31.11795999718));
#7398 = CARTESIAN_POINT('',(-5.464795588466,-31.09696747851));
#7399 = CARTESIAN_POINT('',(-5.588132312739,-31.07334331128));
#7400 = CARTESIAN_POINT('',(-5.716540872264,-31.04897239654));
#7401 = CARTESIAN_POINT('',(-5.849864136602,-31.02660725005));
#7402 = CARTESIAN_POINT('',(-5.988307333477,-31.00935821743));
#7403 = CARTESIAN_POINT('',(-6.132369158181,-31.));
#7404 = CARTESIAN_POINT('',(-6.28318530718,-31.));
#7405 = ( GEOMETRIC_REPRESENTATION_CONTEXT(2) 
PARAMETRIC_REPRESENTATION_CONTEXT() REPRESENTATION_CONTEXT('2D SPACE',''
  ) );
#7406 = PCURVE('',#6783,#7407);
#7407 = DEFINITIONAL_REPRESENTATION('',(#7408),#7439);
#7408 = B_SPLINE_CURVE_WITH_KNOTS('',8,(#7409,#7410,#7411,#7412,#7413,
    #7414,#7415,#7416,#7417,#7418,#7419,#7420,#7421,#7422,#7423,#7424,
    #7425,#7426,#7427,#7428,#7429,#7430,#7431,#7432,#7433,#7434,#7435,
    #7436,#7437,#7438),.UNSPECIFIED.,.F.,.F.,(9,7,7,7,9),(0.,
    0.160071072234,0.368613448984,0.691691410788,1.),.UNSPECIFIED.);
#7409 = CARTESIAN_POINT('',(-6.28318530718,-2.));
#7410 = CARTESIAN_POINT('',(-6.274103474211,-2.));
#7411 = CARTESIAN_POINT('',(-6.265093208231,-2.019638009811));
#7412 = CARTESIAN_POINT('',(-6.256256459509,-2.058372510107));
#7413 = CARTESIAN_POINT('',(-6.247691245629,-2.115139016381));
#7414 = CARTESIAN_POINT('',(-6.239488235707,-2.188370852822));
#7415 = CARTESIAN_POINT('',(-6.231727507556,-2.27601611652));
#7416 = CARTESIAN_POINT('',(-6.224475477786,-2.375550832012));
#7417 = CARTESIAN_POINT('',(-6.2090616737,-2.625261832894));
#7418 = CARTESIAN_POINT('',(-6.201196720465,-2.783147398954));
#7419 = CARTESIAN_POINT('',(-6.194176510674,-2.954136675514));
#7420 = CARTESIAN_POINT('',(-6.187980037204,-3.135429210927));
#7421 = CARTESIAN_POINT('',(-6.182581440506,-3.324780185975));
#7422 = CARTESIAN_POINT('',(-6.177954077549,-3.520387059038));
#7423 = CARTESIAN_POINT('',(-6.174073534954,-3.7208068912));
#7424 = CARTESIAN_POINT('',(-6.166034435159,-4.241075257155));
#7425 = CARTESIAN_POINT('',(-6.16289395511,-4.566047431001));
#7426 = CARTESIAN_POINT('',(-6.161424041076,-4.895606733257));
#7427 = CARTESIAN_POINT('',(-6.161589114275,-5.226622995096));
#7428 = CARTESIAN_POINT('',(-6.163388757983,-5.556191234082));
#7429 = CARTESIAN_POINT('',(-6.166855636375,-5.881163519906));
#7430 = CARTESIAN_POINT('',(-6.172053574536,-6.197640525658));
#7431 = CARTESIAN_POINT('',(-6.18577404124,-6.788537238654));
#7432 = CARTESIAN_POINT('',(-6.194344973827,-7.073315398218));
#7433 = CARTESIAN_POINT('',(-6.204900482413,-7.341589616228));
#7434 = CARTESIAN_POINT('',(-6.217429106069,-7.580724778204));
#7435 = CARTESIAN_POINT('',(-6.231804772305,-7.778267026931));
#7436 = CARTESIAN_POINT('',(-6.247799992441,-7.922015996984));
#7437 = CARTESIAN_POINT('',(-6.2650873693,-8.));
#7438 = CARTESIAN_POINT('',(-6.28318530718,-8.));
#7439 = ( GEOMETRIC_REPRESENTATION_CONTEXT(2) 
PARAMETRIC_REPRESENTATION_CONTEXT() REPRESENTATION_CONTEXT('2D SPACE',''
  ) );
#7440 = ORIENTED_EDGE('',*,*,#7212,.F.);
#7441 = ORIENTED_EDGE('',*,*,#6442,.T.);
#7442 = ORIENTED_EDGE('',*,*,#6406,.T.);
#7443 = ORIENTED_EDGE('',*,*,#6371,.T.);
#7444 = ADVANCED_FACE('',(#7445),#6310,.T.);
#7445 = FACE_BOUND('',#7446,.T.);
#7446 = EDGE_LOOP('',(#7447,#7469,#7470,#7471,#7490));
#7447 = ORIENTED_EDGE('',*,*,#7448,.T.);
#7448 = EDGE_CURVE('',#6261,#7168,#7449,.T.);
#7449 = SURFACE_CURVE('',#7450,(#7455,#7462),.PCURVE_S1.);
#7450 = CIRCLE('',#7451,3.);
#7451 = AXIS2_PLACEMENT_3D('',#7452,#7453,#7454);
#7452 = CARTESIAN_POINT('',(455.,56.,80.));
#7453 = DIRECTION('',(0.,-1.,0.));
#7454 = DIRECTION('',(1.,0.,0.));
#7455 = PCURVE('',#6310,#7456);
#7456 = DEFINITIONAL_REPRESENTATION('',(#7457),#7461);
#7457 = CIRCLE('',#7458,3.);
#7458 = AXIS2_PLACEMENT_2D('',#7459,#7460);
#7459 = CARTESIAN_POINT('',(0.,0.));
#7460 = DIRECTION('',(0.,1.));
#7461 = ( GEOMETRIC_REPRESENTATION_CONTEXT(2) 
PARAMETRIC_REPRESENTATION_CONTEXT() REPRESENTATION_CONTEXT('2D SPACE',''
  ) );
#7462 = PCURVE('',#6280,#7463);
#7463 = DEFINITIONAL_REPRESENTATION('',(#7464),#7468);
#7464 = LINE('',#7465,#7466);
#7465 = CARTESIAN_POINT('',(-0.,0.));
#7466 = VECTOR('',#7467,1.);
#7467 = DIRECTION('',(-1.,0.));
#7468 = ( GEOMETRIC_REPRESENTATION_CONTEXT(2) 
PARAMETRIC_REPRESENTATION_CONTEXT() REPRESENTATION_CONTEXT('2D SPACE',''
  ) );
#7469 = ORIENTED_EDGE('',*,*,#7167,.T.);
#7470 = ORIENTED_EDGE('',*,*,#6350,.F.);
#7471 = ORIENTED_EDGE('',*,*,#7472,.T.);
#7472 = EDGE_CURVE('',#6322,#6296,#7473,.T.);
#7473 = SURFACE_CURVE('',#7474,(#7478,#7484),.PCURVE_S1.);
#7474 = LINE('',#7475,#7476);
#7475 = CARTESIAN_POINT('',(455.,56.,80.));
#7476 = VECTOR('',#7477,1.);
#7477 = DIRECTION('',(1.,0.,0.));
#7478 = PCURVE('',#6310,#7479);
#7479 = DEFINITIONAL_REPRESENTATION('',(#7480),#7483);
#7480 = B_SPLINE_CURVE_WITH_KNOTS('',1,(#7481,#7482),.UNSPECIFIED.,.F.,
  .F.,(2,2),(-3.,3.),.PIECEWISE_BEZIER_KNOTS.);
#7481 = CARTESIAN_POINT('',(0.,-3.));
#7482 = CARTESIAN_POINT('',(0.,3.));
#7483 = ( GEOMETRIC_REPRESENTATION_CONTEXT(2) 
PARAMETRIC_REPRESENTATION_CONTEXT() REPRESENTATION_CONTEXT('2D SPACE',''
  ) );
#7484 = PCURVE('',#6338,#7485);
#7485 = DEFINITIONAL_REPRESENTATION('',(#7486),#7489);
#7486 = B_SPLINE_CURVE_WITH_KNOTS('',1,(#7487,#7488),.UNSPECIFIED.,.F.,
  .F.,(2,2),(-3.,3.),.PIECEWISE_BEZIER_KNOTS.);
#7487 = CARTESIAN_POINT('',(-3.,1.));
#7488 = CARTESIAN_POINT('',(3.,1.));
#7489 = ( GEOMETRIC_REPRESENTATION_CONTEXT(2) 
PARAMETRIC_REPRESENTATION_CONTEXT() REPRESENTATION_CONTEXT('2D SPACE',''
  ) );
#7490 = ORIENTED_EDGE('',*,*,#6295,.T.);
#7491 = ADVANCED_FACE('',(#7492),#6338,.F.);
#7492 = FACE_BOUND('',#7493,.F.);
#7493 = EDGE_LOOP('',(#7494,#7495));
#7494 = ORIENTED_EDGE('',*,*,#7472,.T.);
#7495 = ORIENTED_EDGE('',*,*,#6321,.T.);
#7496 = ADVANCED_FACE('',(#7497),#6280,.F.);
#7497 = FACE_BOUND('',#7498,.T.);
#7498 = EDGE_LOOP('',(#7499,#7500,#7501));
#7499 = ORIENTED_EDGE('',*,*,#7191,.F.);
#7500 = ORIENTED_EDGE('',*,*,#7448,.F.);
#7501 = ORIENTED_EDGE('',*,*,#6260,.T.);
#7502 = ADVANCED_FACE('',(#7503),#6741,.F.);
#7503 = FACE_BOUND('',#7504,.T.);
#7504 = EDGE_LOOP('',(#7505,#7506,#7529,#7556,#7557,#7558,#7579,#7580));
#7505 = ORIENTED_EDGE('',*,*,#6956,.F.);
#7506 = ORIENTED_EDGE('',*,*,#7507,.T.);
#7507 = EDGE_CURVE('',#6934,#7508,#7510,.T.);
#7508 = VERTEX_POINT('',#7509);
#7509 = CARTESIAN_POINT('',(460.,25.,-80.));
#7510 = SEAM_CURVE('',#7511,(#7515,#7522),.PCURVE_S1.);
#7511 = LINE('',#7512,#7513);
#7512 = CARTESIAN_POINT('',(450.,25.,-80.));
#7513 = VECTOR('',#7514,1.);
#7514 = DIRECTION('',(1.,0.,0.));
#7515 = PCURVE('',#6741,#7516);
#7516 = DEFINITIONAL_REPRESENTATION('',(#7517),#7521);
#7517 = LINE('',#7518,#7519);
#7518 = CARTESIAN_POINT('',(-6.28318530718,0.));
#7519 = VECTOR('',#7520,1.);
#7520 = DIRECTION('',(-0.,-1.));
#7521 = ( GEOMETRIC_REPRESENTATION_CONTEXT(2) 
PARAMETRIC_REPRESENTATION_CONTEXT() REPRESENTATION_CONTEXT('2D SPACE',''
  ) );
#7522 = PCURVE('',#6741,#7523);
#7523 = DEFINITIONAL_REPRESENTATION('',(#7524),#7528);
#7524 = LINE('',#7525,#7526);
#7525 = CARTESIAN_POINT('',(-0.,0.));
#7526 = VECTOR('',#7527,1.);
#7527 = DIRECTION('',(-0.,-1.));
#7528 = ( GEOMETRIC_REPRESENTATION_CONTEXT(2) 
PARAMETRIC_REPRESENTATION_CONTEXT() REPRESENTATION_CONTEXT('2D SPACE',''
  ) );
#7529 = ORIENTED_EDGE('',*,*,#7530,.T.);
#7530 = EDGE_CURVE('',#7508,#7508,#7531,.T.);
#7531 = SURFACE_CURVE('',#7532,(#7537,#7544),.PCURVE_S1.);
#7532 = CIRCLE('',#7533,25.);
#7533 = AXIS2_PLACEMENT_3D('',#7534,#7535,#7536);
#7534 = CARTESIAN_POINT('',(460.,0.,-80.));
#7535 = DIRECTION('',(1.,0.,0.));
#7536 = DIRECTION('',(0.,1.,0.));
#7537 = PCURVE('',#6741,#7538);
#7538 = DEFINITIONAL_REPRESENTATION('',(#7539),#7543);
#7539 = LINE('',#7540,#7541);
#7540 = CARTESIAN_POINT('',(-0.,-10.));
#7541 = VECTOR('',#7542,1.);
#7542 = DIRECTION('',(-1.,0.));
#7543 = ( GEOMETRIC_REPRESENTATION_CONTEXT(2) 
PARAMETRIC_REPRESENTATION_CONTEXT() REPRESENTATION_CONTEXT('2D SPACE',''
  ) );
#7544 = PCURVE('',#7545,#7550);
#7545 = PLANE('',#7546);
#7546 = AXIS2_PLACEMENT_3D('',#7547,#7548,#7549);
#7547 = CARTESIAN_POINT('',(460.,-1.75032336965E-15,-80.));
#7548 = DIRECTION('',(1.,0.,0.));
#7549 = DIRECTION('',(-0.,0.,1.));
#7550 = DEFINITIONAL_REPRESENTATION('',(#7551),#7555);
#7551 = CIRCLE('',#7552,25.);
#7552 = AXIS2_PLACEMENT_2D('',#7553,#7554);
#7553 = CARTESIAN_POINT('',(0.,-1.75032336965E-15));
#7554 = DIRECTION('',(0.,-1.));
#7555 = ( GEOMETRIC_REPRESENTATION_CONTEXT(2) 
PARAMETRIC_REPRESENTATION_CONTEXT() REPRESENTATION_CONTEXT('2D SPACE',''
  ) );
#7556 = ORIENTED_EDGE('',*,*,#7507,.F.);
#7557 = ORIENTED_EDGE('',*,*,#7060,.F.);
#7558 = ORIENTED_EDGE('',*,*,#7559,.F.);
#7559 = EDGE_CURVE('',#6725,#6957,#7560,.T.);
#7560 = SEAM_CURVE('',#7561,(#7565,#7572),.PCURVE_S1.);
#7561 = LINE('',#7562,#7563);
#7562 = CARTESIAN_POINT('',(450.,25.,-80.));
#7563 = VECTOR('',#7564,1.);
#7564 = DIRECTION('',(1.,0.,0.));
#7565 = PCURVE('',#6741,#7566);
#7566 = DEFINITIONAL_REPRESENTATION('',(#7567),#7571);
#7567 = LINE('',#7568,#7569);
#7568 = CARTESIAN_POINT('',(-0.,0.));
#7569 = VECTOR('',#7570,1.);
#7570 = DIRECTION('',(-0.,-1.));
#7571 = ( GEOMETRIC_REPRESENTATION_CONTEXT(2) 
PARAMETRIC_REPRESENTATION_CONTEXT() REPRESENTATION_CONTEXT('2D SPACE',''
  ) );
#7572 = PCURVE('',#6741,#7573);
#7573 = DEFINITIONAL_REPRESENTATION('',(#7574),#7578);
#7574 = LINE('',#7575,#7576);
#7575 = CARTESIAN_POINT('',(-6.28318530718,0.));
#7576 = VECTOR('',#7577,1.);
#7577 = DIRECTION('',(-0.,-1.));
#7578 = ( GEOMETRIC_REPRESENTATION_CONTEXT(2) 
PARAMETRIC_REPRESENTATION_CONTEXT() REPRESENTATION_CONTEXT('2D SPACE',''
  ) );
#7579 = ORIENTED_EDGE('',*,*,#6724,.F.);
#7580 = ORIENTED_EDGE('',*,*,#7559,.T.);
#7581 = ADVANCED_FACE('',(#7582),#6783,.F.);
#7582 = FACE_BOUND('',#7583,.T.);
#7583 = EDGE_LOOP('',(#7584,#7585,#7608,#7635,#7636,#7637,#7658,#7659));
#7584 = ORIENTED_EDGE('',*,*,#7235,.F.);
#7585 = ORIENTED_EDGE('',*,*,#7586,.T.);
#7586 = EDGE_CURVE('',#7213,#7587,#7589,.T.);
#7587 = VERTEX_POINT('',#7588);
#7588 = CARTESIAN_POINT('',(460.,25.,80.));
#7589 = SEAM_CURVE('',#7590,(#7594,#7601),.PCURVE_S1.);
#7590 = LINE('',#7591,#7592);
#7591 = CARTESIAN_POINT('',(450.,25.,80.));
#7592 = VECTOR('',#7593,1.);
#7593 = DIRECTION('',(1.,0.,0.));
#7594 = PCURVE('',#6783,#7595);
#7595 = DEFINITIONAL_REPRESENTATION('',(#7596),#7600);
#7596 = LINE('',#7597,#7598);
#7597 = CARTESIAN_POINT('',(-6.28318530718,0.));
#7598 = VECTOR('',#7599,1.);
#7599 = DIRECTION('',(-0.,-1.));
#7600 = ( GEOMETRIC_REPRESENTATION_CONTEXT(2) 
PARAMETRIC_REPRESENTATION_CONTEXT() REPRESENTATION_CONTEXT('2D SPACE',''
  ) );
#7601 = PCURVE('',#6783,#7602);
#7602 = DEFINITIONAL_REPRESENTATION('',(#7603),#7607);
#7603 = LINE('',#7604,#7605);
#7604 = CARTESIAN_POINT('',(-0.,0.));
#7605 = VECTOR('',#7606,1.);
#7606 = DIRECTION('',(-0.,-1.));
#7607 = ( GEOMETRIC_REPRESENTATION_CONTEXT(2) 
PARAMETRIC_REPRESENTATION_CONTEXT() REPRESENTATION_CONTEXT('2D SPACE',''
  ) );
#7608 = ORIENTED_EDGE('',*,*,#7609,.T.);
#7609 = EDGE_CURVE('',#7587,#7587,#7610,.T.);
#7610 = SURFACE_CURVE('',#7611,(#7616,#7623),.PCURVE_S1.);
#7611 = CIRCLE('',#7612,25.);
#7612 = AXIS2_PLACEMENT_3D('',#7613,#7614,#7615);
#7613 = CARTESIAN_POINT('',(460.,0.,80.));
#7614 = DIRECTION('',(1.,0.,0.));
#7615 = DIRECTION('',(0.,1.,0.));
#7616 = PCURVE('',#6783,#7617);
#7617 = DEFINITIONAL_REPRESENTATION('',(#7618),#7622);
#7618 = LINE('',#7619,#7620);
#7619 = CARTESIAN_POINT('',(-0.,-10.));
#7620 = VECTOR('',#7621,1.);
#7621 = DIRECTION('',(-1.,0.));
#7622 = ( GEOMETRIC_REPRESENTATION_CONTEXT(2) 
PARAMETRIC_REPRESENTATION_CONTEXT() REPRESENTATION_CONTEXT('2D SPACE',''
  ) );
#7623 = PCURVE('',#7624,#7629);
#7624 = PLANE('',#7625);
#7625 = AXIS2_PLACEMENT_3D('',#7626,#7627,#7628);
#7626 = CARTESIAN_POINT('',(460.,-2.625485054476E-15,80.));
#7627 = DIRECTION('',(1.,0.,0.));
#7628 = DIRECTION('',(-0.,0.,1.));
#7629 = DEFINITIONAL_REPRESENTATION('',(#7630),#7634);
#7630 = CIRCLE('',#7631,25.);
#7631 = AXIS2_PLACEMENT_2D('',#7632,#7633);
#7632 = CARTESIAN_POINT('',(-1.42108547152E-14,-2.625485054476E-15));
#7633 = DIRECTION('',(0.,-1.));
#7634 = ( GEOMETRIC_REPRESENTATION_CONTEXT(2) 
PARAMETRIC_REPRESENTATION_CONTEXT() REPRESENTATION_CONTEXT('2D SPACE',''
  ) );
#7635 = ORIENTED_EDGE('',*,*,#7586,.F.);
#7636 = ORIENTED_EDGE('',*,*,#7339,.F.);
#7637 = ORIENTED_EDGE('',*,*,#7638,.F.);
#7638 = EDGE_CURVE('',#6767,#7236,#7639,.T.);
#7639 = SEAM_CURVE('',#7640,(#7644,#7651),.PCURVE_S1.);
#7640 = LINE('',#7641,#7642);
#7641 = CARTESIAN_POINT('',(450.,25.,80.));
#7642 = VECTOR('',#7643,1.);
#7643 = DIRECTION('',(1.,0.,0.));
#7644 = PCURVE('',#6783,#7645);
#7645 = DEFINITIONAL_REPRESENTATION('',(#7646),#7650);
#7646 = LINE('',#7647,#7648);
#7647 = CARTESIAN_POINT('',(-0.,0.));
#7648 = VECTOR('',#7649,1.);
#7649 = DIRECTION('',(-0.,-1.));
#7650 = ( GEOMETRIC_REPRESENTATION_CONTEXT(2) 
PARAMETRIC_REPRESENTATION_CONTEXT() REPRESENTATION_CONTEXT('2D SPACE',''
  ) );
#7651 = PCURVE('',#6783,#7652);
#7652 = DEFINITIONAL_REPRESENTATION('',(#7653),#7657);
#7653 = LINE('',#7654,#7655);
#7654 = CARTESIAN_POINT('',(-6.28318530718,0.));
#7655 = VECTOR('',#7656,1.);
#7656 = DIRECTION('',(-0.,-1.));
#7657 = ( GEOMETRIC_REPRESENTATION_CONTEXT(2) 
PARAMETRIC_REPRESENTATION_CONTEXT() REPRESENTATION_CONTEXT('2D SPACE',''
  ) );
#7658 = ORIENTED_EDGE('',*,*,#6766,.F.);
#7659 = ORIENTED_EDGE('',*,*,#7638,.T.);
#7660 = ADVANCED_FACE('',(#7661),#7545,.F.);
#7661 = FACE_BOUND('',#7662,.F.);
#7662 = EDGE_LOOP('',(#7663));
#7663 = ORIENTED_EDGE('',*,*,#7530,.T.);
#7664 = ADVANCED_FACE('',(#7665),#7624,.F.);
#7665 = FACE_BOUND('',#7666,.F.);
#7666 = EDGE_LOOP('',(#7667));
#7667 = ORIENTED_EDGE('',*,*,#7609,.T.);
#7668 = ( GEOMETRIC_REPRESENTATION_CONTEXT(3) 
GLOBAL_UNCERTAINTY_ASSIGNED_CONTEXT((#7672)) 
GLOBAL_UNIT_ASSIGNED_CONTEXT((#7669,#7670,#7671)) REPRESENTATION_CONTEXT
('Context #1','3D Context with UNIT and UNCERTAINTY') );
#7669 = ( LENGTH_UNIT() NAMED_UNIT(*) SI_UNIT(.MILLI.,.METRE.) );
#7670 = ( NAMED_UNIT(*) PLANE_ANGLE_UNIT() SI_UNIT($,.RADIAN.) );
#7671 = ( NAMED_UNIT(*) SI_UNIT($,.STERADIAN.) SOLID_ANGLE_UNIT() );
#7672 = UNCERTAINTY_MEASURE_WITH_UNIT(LENGTH_MEASURE(1.E-07),#7669,
  'distance_accuracy_value','confusion accuracy');
#7673 = CONTEXT_DEPENDENT_SHAPE_REPRESENTATION(#7674,#7676);
#7674 = ( REPRESENTATION_RELATIONSHIP('','',#3063,#10) 
REPRESENTATION_RELATIONSHIP_WITH_TRANSFORMATION(#7675) 
SHAPE_REPRESENTATION_RELATIONSHIP() );
#7675 = ITEM_DEFINED_TRANSFORMATION('','',#11,#19);
#7676 = PRODUCT_DEFINITION_SHAPE('Placement','Placement of an item',
  #7677);
#7677 = NEXT_ASSEMBLY_USAGE_OCCURRENCE('2','P2-crossbeam','',#5,#3058,$
  );
#7678 = PRODUCT_RELATED_PRODUCT_CATEGORY('part',$,(#3060));
#7679 = SHAPE_DEFINITION_REPRESENTATION(#7680,#7686);
#7680 = PRODUCT_DEFINITION_SHAPE('','',#7681);
#7681 = PRODUCT_DEFINITION('design','',#7682,#7685);
#7682 = PRODUCT_DEFINITION_FORMATION('','',#7683);
#7683 = PRODUCT('P3-cylinder-tube','P3-cylinder-tube','',(#7684));
#7684 = PRODUCT_CONTEXT('',#2,'mechanical');
#7685 = PRODUCT_DEFINITION_CONTEXT('part definition',#2,'design');
#7686 = ADVANCED_BREP_SHAPE_REPRESENTATION('',(#11,#7687),#8081);
#7687 = MANIFOLD_SOLID_BREP('',#7688);
#7688 = CLOSED_SHELL('',(#7689,#7785,#7824,#7863,#7922,#7981,#8020,#8054
    ));
#7689 = ADVANCED_FACE('',(#7690),#7704,.T.);
#7690 = FACE_BOUND('',#7691,.F.);
#7691 = EDGE_LOOP('',(#7692,#7722,#7753,#7754));
#7692 = ORIENTED_EDGE('',*,*,#7693,.F.);
#7693 = EDGE_CURVE('',#7694,#7696,#7698,.T.);
#7694 = VERTEX_POINT('',#7695);
#7695 = CARTESIAN_POINT('',(170.,35.,80.));
#7696 = VERTEX_POINT('',#7697);
#7697 = CARTESIAN_POINT('',(420.,35.,80.));
#7698 = SEAM_CURVE('',#7699,(#7703,#7715),.PCURVE_S1.);
#7699 = LINE('',#7700,#7701);
#7700 = CARTESIAN_POINT('',(140.,35.,80.));
#7701 = VECTOR('',#7702,1.);
#7702 = DIRECTION('',(1.,0.,0.));
#7703 = PCURVE('',#7704,#7709);
#7704 = CYLINDRICAL_SURFACE('',#7705,35.);
#7705 = AXIS2_PLACEMENT_3D('',#7706,#7707,#7708);
#7706 = CARTESIAN_POINT('',(140.,0.,80.));
#7707 = DIRECTION('',(-1.,-0.,-0.));
#7708 = DIRECTION('',(0.,1.,0.));
#7709 = DEFINITIONAL_REPRESENTATION('',(#7710),#7714);
#7710 = LINE('',#7711,#7712);
#7711 = CARTESIAN_POINT('',(-6.28318530718,0.));
#7712 = VECTOR('',#7713,1.);
#7713 = DIRECTION('',(-0.,-1.));
#7714 = ( GEOMETRIC_REPRESENTATION_CONTEXT(2) 
PARAMETRIC_REPRESENTATION_CONTEXT() REPRESENTATION_CONTEXT('2D SPACE',''
  ) );
#7715 = PCURVE('',#7704,#7716);
#7716 = DEFINITIONAL_REPRESENTATION('',(#7717),#7721);
#7717 = LINE('',#7718,#7719);
#7718 = CARTESIAN_POINT('',(-0.,0.));
#7719 = VECTOR('',#7720,1.);
#7720 = DIRECTION('',(-0.,-1.));
#7721 = ( GEOMETRIC_REPRESENTATION_CONTEXT(2) 
PARAMETRIC_REPRESENTATION_CONTEXT() REPRESENTATION_CONTEXT('2D SPACE',''
  ) );
#7722 = ORIENTED_EDGE('',*,*,#7723,.T.);
#7723 = EDGE_CURVE('',#7694,#7694,#7724,.T.);
#7724 = SURFACE_CURVE('',#7725,(#7730,#7737),.PCURVE_S1.);
#7725 = CIRCLE('',#7726,35.);
#7726 = AXIS2_PLACEMENT_3D('',#7727,#7728,#7729);
#7727 = CARTESIAN_POINT('',(170.,0.,80.));
#7728 = DIRECTION('',(-1.,0.,0.));
#7729 = DIRECTION('',(0.,1.,0.));
#7730 = PCURVE('',#7704,#7731);
#7731 = DEFINITIONAL_REPRESENTATION('',(#7732),#7736);
#7732 = LINE('',#7733,#7734);
#7733 = CARTESIAN_POINT('',(-6.28318530718,-30.));
#7734 = VECTOR('',#7735,1.);
#7735 = DIRECTION('',(1.,-0.));
#7736 = ( GEOMETRIC_REPRESENTATION_CONTEXT(2) 
PARAMETRIC_REPRESENTATION_CONTEXT() REPRESENTATION_CONTEXT('2D SPACE',''
  ) );
#7737 = PCURVE('',#7738,#7743);
#7738 = PLANE('',#7739);
#7739 = AXIS2_PLACEMENT_3D('',#7740,#7741,#7742);
#7740 = CARTESIAN_POINT('',(170.,-2.43100468007E-15,80.));
#7741 = DIRECTION('',(1.,0.,0.));
#7742 = DIRECTION('',(-0.,0.,1.));
#7743 = DEFINITIONAL_REPRESENTATION('',(#7744),#7752);
#7744 = ( BOUNDED_CURVE() B_SPLINE_CURVE(2,(#7745,#7746,#7747,#7748,
#7749,#7750,#7751),.UNSPECIFIED.,.T.,.F.) B_SPLINE_CURVE_WITH_KNOTS((1,2
    ,2,2,2,1),(-2.094395102393,0.,2.094395102393,4.188790204786,
6.28318530718,8.377580409573),.UNSPECIFIED.) CURVE() 
GEOMETRIC_REPRESENTATION_ITEM() RATIONAL_B_SPLINE_CURVE((1.,0.5,1.,0.5,
1.,0.5,1.)) REPRESENTATION_ITEM('') );
#7745 = CARTESIAN_POINT('',(1.42108547152E-14,-35.));
#7746 = CARTESIAN_POINT('',(-60.62177826491,-35.));
#7747 = CARTESIAN_POINT('',(-30.31088913245,17.5));
#7748 = CARTESIAN_POINT('',(5.638327121171E-15,70.));
#7749 = CARTESIAN_POINT('',(30.310889132455,17.5));
#7750 = CARTESIAN_POINT('',(60.621778264911,-35.));
#7751 = CARTESIAN_POINT('',(1.42108547152E-14,-35.));
#7752 = ( GEOMETRIC_REPRESENTATION_CONTEXT(2) 
PARAMETRIC_REPRESENTATION_CONTEXT() REPRESENTATION_CONTEXT('2D SPACE',''
  ) );
#7753 = ORIENTED_EDGE('',*,*,#7693,.T.);
#7754 = ORIENTED_EDGE('',*,*,#7755,.F.);
#7755 = EDGE_CURVE('',#7696,#7696,#7756,.T.);
#7756 = SURFACE_CURVE('',#7757,(#7762,#7769),.PCURVE_S1.);
#7757 = CIRCLE('',#7758,35.);
#7758 = AXIS2_PLACEMENT_3D('',#7759,#7760,#7761);
#7759 = CARTESIAN_POINT('',(420.,0.,80.));
#7760 = DIRECTION('',(-1.,0.,0.));
#7761 = DIRECTION('',(0.,1.,0.));
#7762 = PCURVE('',#7704,#7763);
#7763 = DEFINITIONAL_REPRESENTATION('',(#7764),#7768);
#7764 = LINE('',#7765,#7766);
#7765 = CARTESIAN_POINT('',(-6.28318530718,-280.));
#7766 = VECTOR('',#7767,1.);
#7767 = DIRECTION('',(1.,-0.));
#7768 = ( GEOMETRIC_REPRESENTATION_CONTEXT(2) 
PARAMETRIC_REPRESENTATION_CONTEXT() REPRESENTATION_CONTEXT('2D SPACE',''
  ) );
#7769 = PCURVE('',#7770,#7775);
#7770 = PLANE('',#7771);
#7771 = AXIS2_PLACEMENT_3D('',#7772,#7773,#7774);
#7772 = CARTESIAN_POINT('',(420.,-2.43100468007E-15,80.));
#7773 = DIRECTION('',(1.,0.,0.));
#7774 = DIRECTION('',(-0.,0.,1.));
#7775 = DEFINITIONAL_REPRESENTATION('',(#7776),#7784);
#7776 = ( BOUNDED_CURVE() B_SPLINE_CURVE(2,(#7777,#7778,#7779,#7780,
#7781,#7782,#7783),.UNSPECIFIED.,.T.,.F.) B_SPLINE_CURVE_WITH_KNOTS((1,2
    ,2,2,2,1),(-2.094395102393,0.,2.094395102393,4.188790204786,
6.28318530718,8.377580409573),.UNSPECIFIED.) CURVE() 
GEOMETRIC_REPRESENTATION_ITEM() RATIONAL_B_SPLINE_CURVE((1.,0.5,1.,0.5,
1.,0.5,1.)) REPRESENTATION_ITEM('') );
#7777 = CARTESIAN_POINT('',(1.42108547152E-14,-35.));
#7778 = CARTESIAN_POINT('',(-60.62177826491,-35.));
#7779 = CARTESIAN_POINT('',(-30.31088913245,17.5));
#7780 = CARTESIAN_POINT('',(5.638327121171E-15,70.));
#7781 = CARTESIAN_POINT('',(30.310889132455,17.5));
#7782 = CARTESIAN_POINT('',(60.621778264911,-35.));
#7783 = CARTESIAN_POINT('',(1.42108547152E-14,-35.));
#7784 = ( GEOMETRIC_REPRESENTATION_CONTEXT(2) 
PARAMETRIC_REPRESENTATION_CONTEXT() REPRESENTATION_CONTEXT('2D SPACE',''
  ) );
#7785 = ADVANCED_FACE('',(#7786,#7789),#7770,.T.);
#7786 = FACE_BOUND('',#7787,.T.);
#7787 = EDGE_LOOP('',(#7788));
#7788 = ORIENTED_EDGE('',*,*,#7755,.F.);
#7789 = FACE_BOUND('',#7790,.T.);
#7790 = EDGE_LOOP('',(#7791));
#7791 = ORIENTED_EDGE('',*,*,#7792,.T.);
#7792 = EDGE_CURVE('',#7793,#7793,#7795,.T.);
#7793 = VERTEX_POINT('',#7794);
#7794 = CARTESIAN_POINT('',(420.,34.6,80.));
#7795 = SURFACE_CURVE('',#7796,(#7801,#7812),.PCURVE_S1.);
#7796 = CIRCLE('',#7797,34.6);
#7797 = AXIS2_PLACEMENT_3D('',#7798,#7799,#7800);
#7798 = CARTESIAN_POINT('',(420.,0.,80.));
#7799 = DIRECTION('',(-1.,0.,0.));
#7800 = DIRECTION('',(0.,1.,0.));
#7801 = PCURVE('',#7770,#7802);
#7802 = DEFINITIONAL_REPRESENTATION('',(#7803),#7811);
#7803 = ( BOUNDED_CURVE() B_SPLINE_CURVE(2,(#7804,#7805,#7806,#7807,
#7808,#7809,#7810),.UNSPECIFIED.,.T.,.F.) B_SPLINE_CURVE_WITH_KNOTS((1,2
    ,2,2,2,1),(-2.094395102393,0.,2.094395102393,4.188790204786,
6.28318530718,8.377580409573),.UNSPECIFIED.) CURVE() 
GEOMETRIC_REPRESENTATION_ITEM() RATIONAL_B_SPLINE_CURVE((1.,0.5,1.,0.5,
1.,0.5,1.)) REPRESENTATION_ITEM('') );
#7804 = CARTESIAN_POINT('',(1.42108547152E-14,-34.6));
#7805 = CARTESIAN_POINT('',(-59.92895794188,-34.6));
#7806 = CARTESIAN_POINT('',(-29.96447897094,17.3));
#7807 = CARTESIAN_POINT('',(5.736298865102E-15,69.2));
#7808 = CARTESIAN_POINT('',(29.964478970942,17.3));
#7809 = CARTESIAN_POINT('',(59.928957941883,-34.6));
#7810 = CARTESIAN_POINT('',(1.42108547152E-14,-34.6));
#7811 = ( GEOMETRIC_REPRESENTATION_CONTEXT(2) 
PARAMETRIC_REPRESENTATION_CONTEXT() REPRESENTATION_CONTEXT('2D SPACE',''
  ) );
#7812 = PCURVE('',#7813,#7818);
#7813 = CYLINDRICAL_SURFACE('',#7814,34.6);
#7814 = AXIS2_PLACEMENT_3D('',#7815,#7816,#7817);
#7815 = CARTESIAN_POINT('',(419.,0.,80.));
#7816 = DIRECTION('',(-1.,-0.,-0.));
#7817 = DIRECTION('',(0.,1.,0.));
#7818 = DEFINITIONAL_REPRESENTATION('',(#7819),#7823);
#7819 = LINE('',#7820,#7821);
#7820 = CARTESIAN_POINT('',(-6.28318530718,-1.));
#7821 = VECTOR('',#7822,1.);
#7822 = DIRECTION('',(1.,-0.));
#7823 = ( GEOMETRIC_REPRESENTATION_CONTEXT(2) 
PARAMETRIC_REPRESENTATION_CONTEXT() REPRESENTATION_CONTEXT('2D SPACE',''
  ) );
#7824 = ADVANCED_FACE('',(#7825,#7828),#7738,.F.);
#7825 = FACE_BOUND('',#7826,.F.);
#7826 = EDGE_LOOP('',(#7827));
#7827 = ORIENTED_EDGE('',*,*,#7723,.F.);
#7828 = FACE_BOUND('',#7829,.F.);
#7829 = EDGE_LOOP('',(#7830));
#7830 = ORIENTED_EDGE('',*,*,#7831,.T.);
#7831 = EDGE_CURVE('',#7832,#7832,#7834,.T.);
#7832 = VERTEX_POINT('',#7833);
#7833 = CARTESIAN_POINT('',(170.,34.6,80.));
#7834 = SURFACE_CURVE('',#7835,(#7840,#7851),.PCURVE_S1.);
#7835 = CIRCLE('',#7836,34.6);
#7836 = AXIS2_PLACEMENT_3D('',#7837,#7838,#7839);
#7837 = CARTESIAN_POINT('',(170.,0.,80.));
#7838 = DIRECTION('',(-1.,0.,0.));
#7839 = DIRECTION('',(0.,1.,0.));
#7840 = PCURVE('',#7738,#7841);
#7841 = DEFINITIONAL_REPRESENTATION('',(#7842),#7850);
#7842 = ( BOUNDED_CURVE() B_SPLINE_CURVE(2,(#7843,#7844,#7845,#7846,
#7847,#7848,#7849),.UNSPECIFIED.,.T.,.F.) B_SPLINE_CURVE_WITH_KNOTS((1,2
    ,2,2,2,1),(-2.094395102393,0.,2.094395102393,4.188790204786,
6.28318530718,8.377580409573),.UNSPECIFIED.) CURVE() 
GEOMETRIC_REPRESENTATION_ITEM() RATIONAL_B_SPLINE_CURVE((1.,0.5,1.,0.5,
1.,0.5,1.)) REPRESENTATION_ITEM('') );
#7843 = CARTESIAN_POINT('',(1.42108547152E-14,-34.6));
#7844 = CARTESIAN_POINT('',(-59.92895794188,-34.6));
#7845 = CARTESIAN_POINT('',(-29.96447897094,17.3));
#7846 = CARTESIAN_POINT('',(5.736298865102E-15,69.2));
#7847 = CARTESIAN_POINT('',(29.964478970942,17.3));
#7848 = CARTESIAN_POINT('',(59.928957941883,-34.6));
#7849 = CARTESIAN_POINT('',(1.42108547152E-14,-34.6));
#7850 = ( GEOMETRIC_REPRESENTATION_CONTEXT(2) 
PARAMETRIC_REPRESENTATION_CONTEXT() REPRESENTATION_CONTEXT('2D SPACE',''
  ) );
#7851 = PCURVE('',#7852,#7857);
#7852 = CYLINDRICAL_SURFACE('',#7853,34.6);
#7853 = AXIS2_PLACEMENT_3D('',#7854,#7855,#7856);
#7854 = CARTESIAN_POINT('',(139.,0.,80.));
#7855 = DIRECTION('',(-1.,-0.,-0.));
#7856 = DIRECTION('',(0.,1.,0.));
#7857 = DEFINITIONAL_REPRESENTATION('',(#7858),#7862);
#7858 = LINE('',#7859,#7860);
#7859 = CARTESIAN_POINT('',(-6.28318530718,-31.));
#7860 = VECTOR('',#7861,1.);
#7861 = DIRECTION('',(1.,-0.));
#7862 = ( GEOMETRIC_REPRESENTATION_CONTEXT(2) 
PARAMETRIC_REPRESENTATION_CONTEXT() REPRESENTATION_CONTEXT('2D SPACE',''
  ) );
#7863 = ADVANCED_FACE('',(#7864),#7813,.T.);
#7864 = FACE_BOUND('',#7865,.F.);
#7865 = EDGE_LOOP('',(#7866,#7867,#7890,#7921));
#7866 = ORIENTED_EDGE('',*,*,#7792,.T.);
#7867 = ORIENTED_EDGE('',*,*,#7868,.T.);
#7868 = EDGE_CURVE('',#7793,#7869,#7871,.T.);
#7869 = VERTEX_POINT('',#7870);
#7870 = CARTESIAN_POINT('',(450.,34.6,80.));
#7871 = SEAM_CURVE('',#7872,(#7876,#7883),.PCURVE_S1.);
#7872 = LINE('',#7873,#7874);
#7873 = CARTESIAN_POINT('',(419.,34.6,80.));
#7874 = VECTOR('',#7875,1.);
#7875 = DIRECTION('',(1.,0.,0.));
#7876 = PCURVE('',#7813,#7877);
#7877 = DEFINITIONAL_REPRESENTATION('',(#7878),#7882);
#7878 = LINE('',#7879,#7880);
#7879 = CARTESIAN_POINT('',(-6.28318530718,0.));
#7880 = VECTOR('',#7881,1.);
#7881 = DIRECTION('',(-0.,-1.));
#7882 = ( GEOMETRIC_REPRESENTATION_CONTEXT(2) 
PARAMETRIC_REPRESENTATION_CONTEXT() REPRESENTATION_CONTEXT('2D SPACE',''
  ) );
#7883 = PCURVE('',#7813,#7884);
#7884 = DEFINITIONAL_REPRESENTATION('',(#7885),#7889);
#7885 = LINE('',#7886,#7887);
#7886 = CARTESIAN_POINT('',(-0.,0.));
#7887 = VECTOR('',#7888,1.);
#7888 = DIRECTION('',(-0.,-1.));
#7889 = ( GEOMETRIC_REPRESENTATION_CONTEXT(2) 
PARAMETRIC_REPRESENTATION_CONTEXT() REPRESENTATION_CONTEXT('2D SPACE',''
  ) );
#7890 = ORIENTED_EDGE('',*,*,#7891,.F.);
#7891 = EDGE_CURVE('',#7869,#7869,#7892,.T.);
#7892 = SURFACE_CURVE('',#7893,(#7898,#7905),.PCURVE_S1.);
#7893 = CIRCLE('',#7894,34.6);
#7894 = AXIS2_PLACEMENT_3D('',#7895,#7896,#7897);
#7895 = CARTESIAN_POINT('',(450.,0.,80.));
#7896 = DIRECTION('',(-1.,0.,0.));
#7897 = DIRECTION('',(0.,1.,0.));
#7898 = PCURVE('',#7813,#7899);
#7899 = DEFINITIONAL_REPRESENTATION('',(#7900),#7904);
#7900 = LINE('',#7901,#7902);
#7901 = CARTESIAN_POINT('',(-6.28318530718,-31.));
#7902 = VECTOR('',#7903,1.);
#7903 = DIRECTION('',(1.,-0.));
#7904 = ( GEOMETRIC_REPRESENTATION_CONTEXT(2) 
PARAMETRIC_REPRESENTATION_CONTEXT() REPRESENTATION_CONTEXT('2D SPACE',''
  ) );
#7905 = PCURVE('',#7906,#7911);
#7906 = PLANE('',#7907);
#7907 = AXIS2_PLACEMENT_3D('',#7908,#7909,#7910);
#7908 = CARTESIAN_POINT('',(450.,-2.500461956644E-15,80.));
#7909 = DIRECTION('',(1.,0.,0.));
#7910 = DIRECTION('',(-0.,0.,1.));
#7911 = DEFINITIONAL_REPRESENTATION('',(#7912),#7920);
#7912 = ( BOUNDED_CURVE() B_SPLINE_CURVE(2,(#7913,#7914,#7915,#7916,
#7917,#7918,#7919),.UNSPECIFIED.,.T.,.F.) B_SPLINE_CURVE_WITH_KNOTS((1,2
    ,2,2,2,1),(-2.094395102393,0.,2.094395102393,4.188790204786,
6.28318530718,8.377580409573),.UNSPECIFIED.) CURVE() 
GEOMETRIC_REPRESENTATION_ITEM() RATIONAL_B_SPLINE_CURVE((1.,0.5,1.,0.5,
1.,0.5,1.)) REPRESENTATION_ITEM('') );
#7913 = CARTESIAN_POINT('',(0.,-34.6));
#7914 = CARTESIAN_POINT('',(-59.92895794188,-34.6));
#7915 = CARTESIAN_POINT('',(-29.96447897094,17.3));
#7916 = CARTESIAN_POINT('',(-8.4745558501E-15,69.2));
#7917 = CARTESIAN_POINT('',(29.964478970942,17.3));
#7918 = CARTESIAN_POINT('',(59.928957941883,-34.6));
#7919 = CARTESIAN_POINT('',(0.,-34.6));
#7920 = ( GEOMETRIC_REPRESENTATION_CONTEXT(2) 
PARAMETRIC_REPRESENTATION_CONTEXT() REPRESENTATION_CONTEXT('2D SPACE',''
  ) );
#7921 = ORIENTED_EDGE('',*,*,#7868,.F.);
#7922 = ADVANCED_FACE('',(#7923),#7852,.T.);
#7923 = FACE_BOUND('',#7924,.F.);
#7924 = EDGE_LOOP('',(#7925,#7958,#7979,#7980));
#7925 = ORIENTED_EDGE('',*,*,#7926,.T.);
#7926 = EDGE_CURVE('',#7927,#7927,#7929,.T.);
#7927 = VERTEX_POINT('',#7928);
#7928 = CARTESIAN_POINT('',(140.,34.6,80.));
#7929 = SURFACE_CURVE('',#7930,(#7935,#7942),.PCURVE_S1.);
#7930 = CIRCLE('',#7931,34.6);
#7931 = AXIS2_PLACEMENT_3D('',#7932,#7933,#7934);
#7932 = CARTESIAN_POINT('',(140.,0.,80.));
#7933 = DIRECTION('',(-1.,0.,0.));
#7934 = DIRECTION('',(0.,1.,0.));
#7935 = PCURVE('',#7852,#7936);
#7936 = DEFINITIONAL_REPRESENTATION('',(#7937),#7941);
#7937 = LINE('',#7938,#7939);
#7938 = CARTESIAN_POINT('',(-6.28318530718,-1.));
#7939 = VECTOR('',#7940,1.);
#7940 = DIRECTION('',(1.,-0.));
#7941 = ( GEOMETRIC_REPRESENTATION_CONTEXT(2) 
PARAMETRIC_REPRESENTATION_CONTEXT() REPRESENTATION_CONTEXT('2D SPACE',''
  ) );
#7942 = PCURVE('',#7943,#7948);
#7943 = PLANE('',#7944);
#7944 = AXIS2_PLACEMENT_3D('',#7945,#7946,#7947);
#7945 = CARTESIAN_POINT('',(140.,-2.500461956644E-15,80.));
#7946 = DIRECTION('',(1.,0.,0.));
#7947 = DIRECTION('',(-0.,0.,1.));
#7948 = DEFINITIONAL_REPRESENTATION('',(#7949),#7957);
#7949 = ( BOUNDED_CURVE() B_SPLINE_CURVE(2,(#7950,#7951,#7952,#7953,
#7954,#7955,#7956),.UNSPECIFIED.,.T.,.F.) B_SPLINE_CURVE_WITH_KNOTS((1,2
    ,2,2,2,1),(-2.094395102393,0.,2.094395102393,4.188790204786,
6.28318530718,8.377580409573),.UNSPECIFIED.) CURVE() 
GEOMETRIC_REPRESENTATION_ITEM() RATIONAL_B_SPLINE_CURVE((1.,0.5,1.,0.5,
1.,0.5,1.)) REPRESENTATION_ITEM('') );
#7950 = CARTESIAN_POINT('',(0.,-34.6));
#7951 = CARTESIAN_POINT('',(-59.92895794188,-34.6));
#7952 = CARTESIAN_POINT('',(-29.96447897094,17.3));
#7953 = CARTESIAN_POINT('',(-8.4745558501E-15,69.2));
#7954 = CARTESIAN_POINT('',(29.964478970942,17.3));
#7955 = CARTESIAN_POINT('',(59.928957941883,-34.6));
#7956 = CARTESIAN_POINT('',(0.,-34.6));
#7957 = ( GEOMETRIC_REPRESENTATION_CONTEXT(2) 
PARAMETRIC_REPRESENTATION_CONTEXT() REPRESENTATION_CONTEXT('2D SPACE',''
  ) );
#7958 = ORIENTED_EDGE('',*,*,#7959,.T.);
#7959 = EDGE_CURVE('',#7927,#7832,#7960,.T.);
#7960 = SEAM_CURVE('',#7961,(#7965,#7972),.PCURVE_S1.);
#7961 = LINE('',#7962,#7963);
#7962 = CARTESIAN_POINT('',(139.,34.6,80.));
#7963 = VECTOR('',#7964,1.);
#7964 = DIRECTION('',(1.,0.,0.));
#7965 = PCURVE('',#7852,#7966);
#7966 = DEFINITIONAL_REPRESENTATION('',(#7967),#7971);
#7967 = LINE('',#7968,#7969);
#7968 = CARTESIAN_POINT('',(-6.28318530718,0.));
#7969 = VECTOR('',#7970,1.);
#7970 = DIRECTION('',(-0.,-1.));
#7971 = ( GEOMETRIC_REPRESENTATION_CONTEXT(2) 
PARAMETRIC_REPRESENTATION_CONTEXT() REPRESENTATION_CONTEXT('2D SPACE',''
  ) );
#7972 = PCURVE('',#7852,#7973);
#7973 = DEFINITIONAL_REPRESENTATION('',(#7974),#7978);
#7974 = LINE('',#7975,#7976);
#7975 = CARTESIAN_POINT('',(-0.,0.));
#7976 = VECTOR('',#7977,1.);
#7977 = DIRECTION('',(-0.,-1.));
#7978 = ( GEOMETRIC_REPRESENTATION_CONTEXT(2) 
PARAMETRIC_REPRESENTATION_CONTEXT() REPRESENTATION_CONTEXT('2D SPACE',''
  ) );
#7979 = ORIENTED_EDGE('',*,*,#7831,.F.);
#7980 = ORIENTED_EDGE('',*,*,#7959,.F.);
#7981 = ADVANCED_FACE('',(#7982,#7985),#7906,.T.);
#7982 = FACE_BOUND('',#7983,.T.);
#7983 = EDGE_LOOP('',(#7984));
#7984 = ORIENTED_EDGE('',*,*,#7891,.F.);
#7985 = FACE_BOUND('',#7986,.T.);
#7986 = EDGE_LOOP('',(#7987));
#7987 = ORIENTED_EDGE('',*,*,#7988,.T.);
#7988 = EDGE_CURVE('',#7989,#7989,#7991,.T.);
#7989 = VERTEX_POINT('',#7990);
#7990 = CARTESIAN_POINT('',(450.,25.,80.));
#7991 = SURFACE_CURVE('',#7992,(#7997,#8008),.PCURVE_S1.);
#7992 = CIRCLE('',#7993,25.);
#7993 = AXIS2_PLACEMENT_3D('',#7994,#7995,#7996);
#7994 = CARTESIAN_POINT('',(450.,0.,80.));
#7995 = DIRECTION('',(-1.,0.,0.));
#7996 = DIRECTION('',(0.,1.,0.));
#7997 = PCURVE('',#7906,#7998);
#7998 = DEFINITIONAL_REPRESENTATION('',(#7999),#8007);
#7999 = ( BOUNDED_CURVE() B_SPLINE_CURVE(2,(#8000,#8001,#8002,#8003,
#8004,#8005,#8006),.UNSPECIFIED.,.T.,.F.) B_SPLINE_CURVE_WITH_KNOTS((1,2
    ,2,2,2,1),(-2.094395102393,0.,2.094395102393,4.188790204786,
6.28318530718,8.377580409573),.UNSPECIFIED.) CURVE() 
GEOMETRIC_REPRESENTATION_ITEM() RATIONAL_B_SPLINE_CURVE((1.,0.5,1.,0.5,
1.,0.5,1.)) REPRESENTATION_ITEM('') );
#8000 = CARTESIAN_POINT('',(0.,-25.));
#8001 = CARTESIAN_POINT('',(-43.30127018922,-25.));
#8002 = CARTESIAN_POINT('',(-21.65063509461,12.5));
#8003 = CARTESIAN_POINT('',(-6.123233995737E-15,50.));
#8004 = CARTESIAN_POINT('',(21.650635094611,12.5));
#8005 = CARTESIAN_POINT('',(43.301270189222,-25.));
#8006 = CARTESIAN_POINT('',(0.,-25.));
#8007 = ( GEOMETRIC_REPRESENTATION_CONTEXT(2) 
PARAMETRIC_REPRESENTATION_CONTEXT() REPRESENTATION_CONTEXT('2D SPACE',''
  ) );
#8008 = PCURVE('',#8009,#8014);
#8009 = CYLINDRICAL_SURFACE('',#8010,25.);
#8010 = AXIS2_PLACEMENT_3D('',#8011,#8012,#8013);
#8011 = CARTESIAN_POINT('',(139.,0.,80.));
#8012 = DIRECTION('',(-1.,-0.,-0.));
#8013 = DIRECTION('',(0.,1.,0.));
#8014 = DEFINITIONAL_REPRESENTATION('',(#8015),#8019);
#8015 = LINE('',#8016,#8017);
#8016 = CARTESIAN_POINT('',(-6.28318530718,-311.));
#8017 = VECTOR('',#8018,1.);
#8018 = DIRECTION('',(1.,-0.));
#8019 = ( GEOMETRIC_REPRESENTATION_CONTEXT(2) 
PARAMETRIC_REPRESENTATION_CONTEXT() REPRESENTATION_CONTEXT('2D SPACE',''
  ) );
#8020 = ADVANCED_FACE('',(#8021,#8024),#7943,.F.);
#8021 = FACE_BOUND('',#8022,.F.);
#8022 = EDGE_LOOP('',(#8023));
#8023 = ORIENTED_EDGE('',*,*,#7926,.F.);
#8024 = FACE_BOUND('',#8025,.F.);
#8025 = EDGE_LOOP('',(#8026));
#8026 = ORIENTED_EDGE('',*,*,#8027,.T.);
#8027 = EDGE_CURVE('',#8028,#8028,#8030,.T.);
#8028 = VERTEX_POINT('',#8029);
#8029 = CARTESIAN_POINT('',(140.,25.,80.));
#8030 = SURFACE_CURVE('',#8031,(#8036,#8047),.PCURVE_S1.);
#8031 = CIRCLE('',#8032,25.);
#8032 = AXIS2_PLACEMENT_3D('',#8033,#8034,#8035);
#8033 = CARTESIAN_POINT('',(140.,0.,80.));
#8034 = DIRECTION('',(-1.,0.,0.));
#8035 = DIRECTION('',(0.,1.,0.));
#8036 = PCURVE('',#7943,#8037);
#8037 = DEFINITIONAL_REPRESENTATION('',(#8038),#8046);
#8038 = ( BOUNDED_CURVE() B_SPLINE_CURVE(2,(#8039,#8040,#8041,#8042,
#8043,#8044,#8045),.UNSPECIFIED.,.T.,.F.) B_SPLINE_CURVE_WITH_KNOTS((1,2
    ,2,2,2,1),(-2.094395102393,0.,2.094395102393,4.188790204786,
6.28318530718,8.377580409573),.UNSPECIFIED.) CURVE() 
GEOMETRIC_REPRESENTATION_ITEM() RATIONAL_B_SPLINE_CURVE((1.,0.5,1.,0.5,
1.,0.5,1.)) REPRESENTATION_ITEM('') );
#8039 = CARTESIAN_POINT('',(0.,-25.));
#8040 = CARTESIAN_POINT('',(-43.30127018922,-25.));
#8041 = CARTESIAN_POINT('',(-21.65063509461,12.5));
#8042 = CARTESIAN_POINT('',(-6.123233995737E-15,50.));
#8043 = CARTESIAN_POINT('',(21.650635094611,12.5));
#8044 = CARTESIAN_POINT('',(43.301270189222,-25.));
#8045 = CARTESIAN_POINT('',(0.,-25.));
#8046 = ( GEOMETRIC_REPRESENTATION_CONTEXT(2) 
PARAMETRIC_REPRESENTATION_CONTEXT() REPRESENTATION_CONTEXT('2D SPACE',''
  ) );
#8047 = PCURVE('',#8009,#8048);
#8048 = DEFINITIONAL_REPRESENTATION('',(#8049),#8053);
#8049 = LINE('',#8050,#8051);
#8050 = CARTESIAN_POINT('',(-6.28318530718,-1.));
#8051 = VECTOR('',#8052,1.);
#8052 = DIRECTION('',(1.,-0.));
#8053 = ( GEOMETRIC_REPRESENTATION_CONTEXT(2) 
PARAMETRIC_REPRESENTATION_CONTEXT() REPRESENTATION_CONTEXT('2D SPACE',''
  ) );
#8054 = ADVANCED_FACE('',(#8055),#8009,.F.);
#8055 = FACE_BOUND('',#8056,.T.);
#8056 = EDGE_LOOP('',(#8057,#8058,#8079,#8080));
#8057 = ORIENTED_EDGE('',*,*,#8027,.T.);
#8058 = ORIENTED_EDGE('',*,*,#8059,.T.);
#8059 = EDGE_CURVE('',#8028,#7989,#8060,.T.);
#8060 = SEAM_CURVE('',#8061,(#8065,#8072),.PCURVE_S1.);
#8061 = LINE('',#8062,#8063);
#8062 = CARTESIAN_POINT('',(139.,25.,80.));
#8063 = VECTOR('',#8064,1.);
#8064 = DIRECTION('',(1.,0.,0.));
#8065 = PCURVE('',#8009,#8066);
#8066 = DEFINITIONAL_REPRESENTATION('',(#8067),#8071);
#8067 = LINE('',#8068,#8069);
#8068 = CARTESIAN_POINT('',(-6.28318530718,0.));
#8069 = VECTOR('',#8070,1.);
#8070 = DIRECTION('',(-0.,-1.));
#8071 = ( GEOMETRIC_REPRESENTATION_CONTEXT(2) 
PARAMETRIC_REPRESENTATION_CONTEXT() REPRESENTATION_CONTEXT('2D SPACE',''
  ) );
#8072 = PCURVE('',#8009,#8073);
#8073 = DEFINITIONAL_REPRESENTATION('',(#8074),#8078);
#8074 = LINE('',#8075,#8076);
#8075 = CARTESIAN_POINT('',(-0.,0.));
#8076 = VECTOR('',#8077,1.);
#8077 = DIRECTION('',(-0.,-1.));
#8078 = ( GEOMETRIC_REPRESENTATION_CONTEXT(2) 
PARAMETRIC_REPRESENTATION_CONTEXT() REPRESENTATION_CONTEXT('2D SPACE',''
  ) );
#8079 = ORIENTED_EDGE('',*,*,#7988,.F.);
#8080 = ORIENTED_EDGE('',*,*,#8059,.F.);
#8081 = ( GEOMETRIC_REPRESENTATION_CONTEXT(3) 
GLOBAL_UNCERTAINTY_ASSIGNED_CONTEXT((#8085)) 
GLOBAL_UNIT_ASSIGNED_CONTEXT((#8082,#8083,#8084)) REPRESENTATION_CONTEXT
('Context #1','3D Context with UNIT and UNCERTAINTY') );
#8082 = ( LENGTH_UNIT() NAMED_UNIT(*) SI_UNIT(.MILLI.,.METRE.) );
#8083 = ( NAMED_UNIT(*) PLANE_ANGLE_UNIT() SI_UNIT($,.RADIAN.) );
#8084 = ( NAMED_UNIT(*) SI_UNIT($,.STERADIAN.) SOLID_ANGLE_UNIT() );
#8085 = UNCERTAINTY_MEASURE_WITH_UNIT(LENGTH_MEASURE(1.E-07),#8082,
  'distance_accuracy_value','confusion accuracy');
#8086 = CONTEXT_DEPENDENT_SHAPE_REPRESENTATION(#8087,#8089);
#8087 = ( REPRESENTATION_RELATIONSHIP('','',#7686,#10) 
REPRESENTATION_RELATIONSHIP_WITH_TRANSFORMATION(#8088) 
SHAPE_REPRESENTATION_RELATIONSHIP() );
#8088 = ITEM_DEFINED_TRANSFORMATION('','',#11,#23);
#8089 = PRODUCT_DEFINITION_SHAPE('Placement','Placement of an item',
  #8090);
#8090 = NEXT_ASSEMBLY_USAGE_OCCURRENCE('3','P3-cylinder-tube','',#5,
  #7681,$);
#8091 = PRODUCT_RELATED_PRODUCT_CATEGORY('part',$,(#7683));
#8092 = SHAPE_DEFINITION_REPRESENTATION(#8093,#8099);
#8093 = PRODUCT_DEFINITION_SHAPE('','',#8094);
#8094 = PRODUCT_DEFINITION('design','',#8095,#8098);
#8095 = PRODUCT_DEFINITION_FORMATION('','',#8096);
#8096 = PRODUCT('P3-cylinder-tube-mirror','P3-cylinder-tube-mirror','',(
    #8097));
#8097 = PRODUCT_CONTEXT('',#2,'mechanical');
#8098 = PRODUCT_DEFINITION_CONTEXT('part definition',#2,'design');
#8099 = ADVANCED_BREP_SHAPE_REPRESENTATION('',(#11,#8100),#8462);
#8100 = MANIFOLD_SOLID_BREP('',#8101);
#8101 = CLOSED_SHELL('',(#8102,#8190,#8225,#8260,#8315,#8370,#8405,#8435
    ));
#8102 = ADVANCED_FACE('',(#8103),#8117,.T.);
#8103 = FACE_BOUND('',#8104,.T.);
#8104 = EDGE_LOOP('',(#8105,#8135,#8162,#8163));
#8105 = ORIENTED_EDGE('',*,*,#8106,.F.);
#8106 = EDGE_CURVE('',#8107,#8109,#8111,.T.);
#8107 = VERTEX_POINT('',#8108);
#8108 = CARTESIAN_POINT('',(170.,35.,-80.));
#8109 = VERTEX_POINT('',#8110);
#8110 = CARTESIAN_POINT('',(420.,35.,-80.));
#8111 = SEAM_CURVE('',#8112,(#8116,#8128),.PCURVE_S1.);
#8112 = LINE('',#8113,#8114);
#8113 = CARTESIAN_POINT('',(140.,35.,-80.));
#8114 = VECTOR('',#8115,1.);
#8115 = DIRECTION('',(1.,-0.,-0.));
#8116 = PCURVE('',#8117,#8122);
#8117 = CYLINDRICAL_SURFACE('',#8118,35.);
#8118 = AXIS2_PLACEMENT_3D('',#8119,#8120,#8121);
#8119 = CARTESIAN_POINT('',(140.,0.,-80.));
#8120 = DIRECTION('',(-1.,-0.,0.));
#8121 = DIRECTION('',(-0.,1.,-0.));
#8122 = DEFINITIONAL_REPRESENTATION('',(#8123),#8127);
#8123 = LINE('',#8124,#8125);
#8124 = CARTESIAN_POINT('',(6.28318530718,0.));
#8125 = VECTOR('',#8126,1.);
#8126 = DIRECTION('',(0.,-1.));
#8127 = ( GEOMETRIC_REPRESENTATION_CONTEXT(2) 
PARAMETRIC_REPRESENTATION_CONTEXT() REPRESENTATION_CONTEXT('2D SPACE',''
  ) );
#8128 = PCURVE('',#8117,#8129);
#8129 = DEFINITIONAL_REPRESENTATION('',(#8130),#8134);
#8130 = LINE('',#8131,#8132);
#8131 = CARTESIAN_POINT('',(0.,0.));
#8132 = VECTOR('',#8133,1.);
#8133 = DIRECTION('',(0.,-1.));
#8134 = ( GEOMETRIC_REPRESENTATION_CONTEXT(2) 
PARAMETRIC_REPRESENTATION_CONTEXT() REPRESENTATION_CONTEXT('2D SPACE',''
  ) );
#8135 = ORIENTED_EDGE('',*,*,#8136,.T.);
#8136 = EDGE_CURVE('',#8107,#8107,#8137,.T.);
#8137 = SURFACE_CURVE('',#8138,(#8143,#8150),.PCURVE_S1.);
#8138 = CIRCLE('',#8139,35.);
#8139 = AXIS2_PLACEMENT_3D('',#8140,#8141,#8142);
#8140 = CARTESIAN_POINT('',(170.,0.,-80.));
#8141 = DIRECTION('',(1.,0.,0.));
#8142 = DIRECTION('',(-0.,1.,-0.));
#8143 = PCURVE('',#8117,#8144);
#8144 = DEFINITIONAL_REPRESENTATION('',(#8145),#8149);
#8145 = LINE('',#8146,#8147);
#8146 = CARTESIAN_POINT('',(6.28318530718,-30.));
#8147 = VECTOR('',#8148,1.);
#8148 = DIRECTION('',(-1.,0.));
#8149 = ( GEOMETRIC_REPRESENTATION_CONTEXT(2) 
PARAMETRIC_REPRESENTATION_CONTEXT() REPRESENTATION_CONTEXT('2D SPACE',''
  ) );
#8150 = PCURVE('',#8151,#8156);
#8151 = PLANE('',#8152);
#8152 = AXIS2_PLACEMENT_3D('',#8153,#8154,#8155);
#8153 = CARTESIAN_POINT('',(170.,-2.43100468007E-15,-80.));
#8154 = DIRECTION('',(1.,-0.,-0.));
#8155 = DIRECTION('',(0.,0.,1.));
#8156 = DEFINITIONAL_REPRESENTATION('',(#8157),#8161);
#8157 = CIRCLE('',#8158,35.);
#8158 = AXIS2_PLACEMENT_2D('',#8159,#8160);
#8159 = CARTESIAN_POINT('',(-1.42108547152E-14,-2.43100468007E-15));
#8160 = DIRECTION('',(-0.,-1.));
#8161 = ( GEOMETRIC_REPRESENTATION_CONTEXT(2) 
PARAMETRIC_REPRESENTATION_CONTEXT() REPRESENTATION_CONTEXT('2D SPACE',''
  ) );
#8162 = ORIENTED_EDGE('',*,*,#8106,.T.);
#8163 = ORIENTED_EDGE('',*,*,#8164,.F.);
#8164 = EDGE_CURVE('',#8109,#8109,#8165,.T.);
#8165 = SURFACE_CURVE('',#8166,(#8171,#8178),.PCURVE_S1.);
#8166 = CIRCLE('',#8167,35.);
#8167 = AXIS2_PLACEMENT_3D('',#8168,#8169,#8170);
#8168 = CARTESIAN_POINT('',(420.,0.,-80.));
#8169 = DIRECTION('',(1.,0.,0.));
#8170 = DIRECTION('',(-0.,1.,-0.));
#8171 = PCURVE('',#8117,#8172);
#8172 = DEFINITIONAL_REPRESENTATION('',(#8173),#8177);
#8173 = LINE('',#8174,#8175);
#8174 = CARTESIAN_POINT('',(6.28318530718,-280.));
#8175 = VECTOR('',#8176,1.);
#8176 = DIRECTION('',(-1.,0.));
#8177 = ( GEOMETRIC_REPRESENTATION_CONTEXT(2) 
PARAMETRIC_REPRESENTATION_CONTEXT() REPRESENTATION_CONTEXT('2D SPACE',''
  ) );
#8178 = PCURVE('',#8179,#8184);
#8179 = PLANE('',#8180);
#8180 = AXIS2_PLACEMENT_3D('',#8181,#8182,#8183);
#8181 = CARTESIAN_POINT('',(420.,-2.43100468007E-15,-80.));
#8182 = DIRECTION('',(1.,-0.,-0.));
#8183 = DIRECTION('',(0.,0.,1.));
#8184 = DEFINITIONAL_REPRESENTATION('',(#8185),#8189);
#8185 = CIRCLE('',#8186,35.);
#8186 = AXIS2_PLACEMENT_2D('',#8187,#8188);
#8187 = CARTESIAN_POINT('',(-1.42108547152E-14,-2.43100468007E-15));
#8188 = DIRECTION('',(-0.,-1.));
#8189 = ( GEOMETRIC_REPRESENTATION_CONTEXT(2) 
PARAMETRIC_REPRESENTATION_CONTEXT() REPRESENTATION_CONTEXT('2D SPACE',''
  ) );
#8190 = ADVANCED_FACE('',(#8191,#8194),#8179,.T.);
#8191 = FACE_BOUND('',#8192,.F.);
#8192 = EDGE_LOOP('',(#8193));
#8193 = ORIENTED_EDGE('',*,*,#8164,.F.);
#8194 = FACE_BOUND('',#8195,.F.);
#8195 = EDGE_LOOP('',(#8196));
#8196 = ORIENTED_EDGE('',*,*,#8197,.T.);
#8197 = EDGE_CURVE('',#8198,#8198,#8200,.T.);
#8198 = VERTEX_POINT('',#8199);
#8199 = CARTESIAN_POINT('',(420.,34.6,-80.));
#8200 = SURFACE_CURVE('',#8201,(#8206,#8213),.PCURVE_S1.);
#8201 = CIRCLE('',#8202,34.6);
#8202 = AXIS2_PLACEMENT_3D('',#8203,#8204,#8205);
#8203 = CARTESIAN_POINT('',(420.,0.,-80.));
#8204 = DIRECTION('',(1.,0.,0.));
#8205 = DIRECTION('',(-0.,1.,-0.));
#8206 = PCURVE('',#8179,#8207);
#8207 = DEFINITIONAL_REPRESENTATION('',(#8208),#8212);
#8208 = CIRCLE('',#8209,34.6);
#8209 = AXIS2_PLACEMENT_2D('',#8210,#8211);
#8210 = CARTESIAN_POINT('',(-1.42108547152E-14,-2.43100468007E-15));
#8211 = DIRECTION('',(-0.,-1.));
#8212 = ( GEOMETRIC_REPRESENTATION_CONTEXT(2) 
PARAMETRIC_REPRESENTATION_CONTEXT() REPRESENTATION_CONTEXT('2D SPACE',''
  ) );
#8213 = PCURVE('',#8214,#8219);
#8214 = CYLINDRICAL_SURFACE('',#8215,34.6);
#8215 = AXIS2_PLACEMENT_3D('',#8216,#8217,#8218);
#8216 = CARTESIAN_POINT('',(419.,0.,-80.));
#8217 = DIRECTION('',(-1.,-0.,0.));
#8218 = DIRECTION('',(-0.,1.,-0.));
#8219 = DEFINITIONAL_REPRESENTATION('',(#8220),#8224);
#8220 = LINE('',#8221,#8222);
#8221 = CARTESIAN_POINT('',(6.28318530718,-1.));
#8222 = VECTOR('',#8223,1.);
#8223 = DIRECTION('',(-1.,0.));
#8224 = ( GEOMETRIC_REPRESENTATION_CONTEXT(2) 
PARAMETRIC_REPRESENTATION_CONTEXT() REPRESENTATION_CONTEXT('2D SPACE',''
  ) );
#8225 = ADVANCED_FACE('',(#8226,#8229),#8151,.F.);
#8226 = FACE_BOUND('',#8227,.T.);
#8227 = EDGE_LOOP('',(#8228));
#8228 = ORIENTED_EDGE('',*,*,#8136,.F.);
#8229 = FACE_BOUND('',#8230,.T.);
#8230 = EDGE_LOOP('',(#8231));
#8231 = ORIENTED_EDGE('',*,*,#8232,.T.);
#8232 = EDGE_CURVE('',#8233,#8233,#8235,.T.);
#8233 = VERTEX_POINT('',#8234);
#8234 = CARTESIAN_POINT('',(170.,34.6,-80.));
#8235 = SURFACE_CURVE('',#8236,(#8241,#8248),.PCURVE_S1.);
#8236 = CIRCLE('',#8237,34.6);
#8237 = AXIS2_PLACEMENT_3D('',#8238,#8239,#8240);
#8238 = CARTESIAN_POINT('',(170.,0.,-80.));
#8239 = DIRECTION('',(1.,0.,0.));
#8240 = DIRECTION('',(-0.,1.,-0.));
#8241 = PCURVE('',#8151,#8242);
#8242 = DEFINITIONAL_REPRESENTATION('',(#8243),#8247);
#8243 = CIRCLE('',#8244,34.6);
#8244 = AXIS2_PLACEMENT_2D('',#8245,#8246);
#8245 = CARTESIAN_POINT('',(-1.42108547152E-14,-2.43100468007E-15));
#8246 = DIRECTION('',(-0.,-1.));
#8247 = ( GEOMETRIC_REPRESENTATION_CONTEXT(2) 
PARAMETRIC_REPRESENTATION_CONTEXT() REPRESENTATION_CONTEXT('2D SPACE',''
  ) );
#8248 = PCURVE('',#8249,#8254);
#8249 = CYLINDRICAL_SURFACE('',#8250,34.6);
#8250 = AXIS2_PLACEMENT_3D('',#8251,#8252,#8253);
#8251 = CARTESIAN_POINT('',(139.,0.,-80.));
#8252 = DIRECTION('',(-1.,-0.,0.));
#8253 = DIRECTION('',(-0.,1.,-0.));
#8254 = DEFINITIONAL_REPRESENTATION('',(#8255),#8259);
#8255 = LINE('',#8256,#8257);
#8256 = CARTESIAN_POINT('',(6.28318530718,-31.));
#8257 = VECTOR('',#8258,1.);
#8258 = DIRECTION('',(-1.,0.));
#8259 = ( GEOMETRIC_REPRESENTATION_CONTEXT(2) 
PARAMETRIC_REPRESENTATION_CONTEXT() REPRESENTATION_CONTEXT('2D SPACE',''
  ) );
#8260 = ADVANCED_FACE('',(#8261),#8214,.T.);
#8261 = FACE_BOUND('',#8262,.T.);
#8262 = EDGE_LOOP('',(#8263,#8264,#8287,#8314));
#8263 = ORIENTED_EDGE('',*,*,#8197,.T.);
#8264 = ORIENTED_EDGE('',*,*,#8265,.T.);
#8265 = EDGE_CURVE('',#8198,#8266,#8268,.T.);
#8266 = VERTEX_POINT('',#8267);
#8267 = CARTESIAN_POINT('',(450.,34.6,-80.));
#8268 = SEAM_CURVE('',#8269,(#8273,#8280),.PCURVE_S1.);
#8269 = LINE('',#8270,#8271);
#8270 = CARTESIAN_POINT('',(419.,34.6,-80.));
#8271 = VECTOR('',#8272,1.);
#8272 = DIRECTION('',(1.,-0.,-0.));
#8273 = PCURVE('',#8214,#8274);
#8274 = DEFINITIONAL_REPRESENTATION('',(#8275),#8279);
#8275 = LINE('',#8276,#8277);
#8276 = CARTESIAN_POINT('',(6.28318530718,0.));
#8277 = VECTOR('',#8278,1.);
#8278 = DIRECTION('',(0.,-1.));
#8279 = ( GEOMETRIC_REPRESENTATION_CONTEXT(2) 
PARAMETRIC_REPRESENTATION_CONTEXT() REPRESENTATION_CONTEXT('2D SPACE',''
  ) );
#8280 = PCURVE('',#8214,#8281);
#8281 = DEFINITIONAL_REPRESENTATION('',(#8282),#8286);
#8282 = LINE('',#8283,#8284);
#8283 = CARTESIAN_POINT('',(0.,0.));
#8284 = VECTOR('',#8285,1.);
#8285 = DIRECTION('',(0.,-1.));
#8286 = ( GEOMETRIC_REPRESENTATION_CONTEXT(2) 
PARAMETRIC_REPRESENTATION_CONTEXT() REPRESENTATION_CONTEXT('2D SPACE',''
  ) );
#8287 = ORIENTED_EDGE('',*,*,#8288,.F.);
#8288 = EDGE_CURVE('',#8266,#8266,#8289,.T.);
#8289 = SURFACE_CURVE('',#8290,(#8295,#8302),.PCURVE_S1.);
#8290 = CIRCLE('',#8291,34.6);
#8291 = AXIS2_PLACEMENT_3D('',#8292,#8293,#8294);
#8292 = CARTESIAN_POINT('',(450.,0.,-80.));
#8293 = DIRECTION('',(1.,0.,0.));
#8294 = DIRECTION('',(-0.,1.,-0.));
#8295 = PCURVE('',#8214,#8296);
#8296 = DEFINITIONAL_REPRESENTATION('',(#8297),#8301);
#8297 = LINE('',#8298,#8299);
#8298 = CARTESIAN_POINT('',(6.28318530718,-31.));
#8299 = VECTOR('',#8300,1.);
#8300 = DIRECTION('',(-1.,0.));
#8301 = ( GEOMETRIC_REPRESENTATION_CONTEXT(2) 
PARAMETRIC_REPRESENTATION_CONTEXT() REPRESENTATION_CONTEXT('2D SPACE',''
  ) );
#8302 = PCURVE('',#8303,#8308);
#8303 = PLANE('',#8304);
#8304 = AXIS2_PLACEMENT_3D('',#8305,#8306,#8307);
#8305 = CARTESIAN_POINT('',(450.,-2.500461956644E-15,-80.));
#8306 = DIRECTION('',(1.,-0.,-0.));
#8307 = DIRECTION('',(0.,0.,1.));
#8308 = DEFINITIONAL_REPRESENTATION('',(#8309),#8313);
#8309 = CIRCLE('',#8310,34.6);
#8310 = AXIS2_PLACEMENT_2D('',#8311,#8312);
#8311 = CARTESIAN_POINT('',(0.,-2.500461956644E-15));
#8312 = DIRECTION('',(-0.,-1.));
#8313 = ( GEOMETRIC_REPRESENTATION_CONTEXT(2) 
PARAMETRIC_REPRESENTATION_CONTEXT() REPRESENTATION_CONTEXT('2D SPACE',''
  ) );
#8314 = ORIENTED_EDGE('',*,*,#8265,.F.);
#8315 = ADVANCED_FACE('',(#8316),#8249,.T.);
#8316 = FACE_BOUND('',#8317,.T.);
#8317 = EDGE_LOOP('',(#8318,#8347,#8368,#8369));
#8318 = ORIENTED_EDGE('',*,*,#8319,.T.);
#8319 = EDGE_CURVE('',#8320,#8320,#8322,.T.);
#8320 = VERTEX_POINT('',#8321);
#8321 = CARTESIAN_POINT('',(140.,34.6,-80.));
#8322 = SURFACE_CURVE('',#8323,(#8328,#8335),.PCURVE_S1.);
#8323 = CIRCLE('',#8324,34.6);
#8324 = AXIS2_PLACEMENT_3D('',#8325,#8326,#8327);
#8325 = CARTESIAN_POINT('',(140.,0.,-80.));
#8326 = DIRECTION('',(1.,0.,0.));
#8327 = DIRECTION('',(-0.,1.,-0.));
#8328 = PCURVE('',#8249,#8329);
#8329 = DEFINITIONAL_REPRESENTATION('',(#8330),#8334);
#8330 = LINE('',#8331,#8332);
#8331 = CARTESIAN_POINT('',(6.28318530718,-1.));
#8332 = VECTOR('',#8333,1.);
#8333 = DIRECTION('',(-1.,0.));
#8334 = ( GEOMETRIC_REPRESENTATION_CONTEXT(2) 
PARAMETRIC_REPRESENTATION_CONTEXT() REPRESENTATION_CONTEXT('2D SPACE',''
  ) );
#8335 = PCURVE('',#8336,#8341);
#8336 = PLANE('',#8337);
#8337 = AXIS2_PLACEMENT_3D('',#8338,#8339,#8340);
#8338 = CARTESIAN_POINT('',(140.,-2.500461956644E-15,-80.));
#8339 = DIRECTION('',(1.,-0.,-0.));
#8340 = DIRECTION('',(0.,0.,1.));
#8341 = DEFINITIONAL_REPRESENTATION('',(#8342),#8346);
#8342 = CIRCLE('',#8343,34.6);
#8343 = AXIS2_PLACEMENT_2D('',#8344,#8345);
#8344 = CARTESIAN_POINT('',(0.,-2.500461956644E-15));
#8345 = DIRECTION('',(-0.,-1.));
#8346 = ( GEOMETRIC_REPRESENTATION_CONTEXT(2) 
PARAMETRIC_REPRESENTATION_CONTEXT() REPRESENTATION_CONTEXT('2D SPACE',''
  ) );
#8347 = ORIENTED_EDGE('',*,*,#8348,.T.);
#8348 = EDGE_CURVE('',#8320,#8233,#8349,.T.);
#8349 = SEAM_CURVE('',#8350,(#8354,#8361),.PCURVE_S1.);
#8350 = LINE('',#8351,#8352);
#8351 = CARTESIAN_POINT('',(139.,34.6,-80.));
#8352 = VECTOR('',#8353,1.);
#8353 = DIRECTION('',(1.,-0.,-0.));
#8354 = PCURVE('',#8249,#8355);
#8355 = DEFINITIONAL_REPRESENTATION('',(#8356),#8360);
#8356 = LINE('',#8357,#8358);
#8357 = CARTESIAN_POINT('',(6.28318530718,0.));
#8358 = VECTOR('',#8359,1.);
#8359 = DIRECTION('',(0.,-1.));
#8360 = ( GEOMETRIC_REPRESENTATION_CONTEXT(2) 
PARAMETRIC_REPRESENTATION_CONTEXT() REPRESENTATION_CONTEXT('2D SPACE',''
  ) );
#8361 = PCURVE('',#8249,#8362);
#8362 = DEFINITIONAL_REPRESENTATION('',(#8363),#8367);
#8363 = LINE('',#8364,#8365);
#8364 = CARTESIAN_POINT('',(0.,0.));
#8365 = VECTOR('',#8366,1.);
#8366 = DIRECTION('',(0.,-1.));
#8367 = ( GEOMETRIC_REPRESENTATION_CONTEXT(2) 
PARAMETRIC_REPRESENTATION_CONTEXT() REPRESENTATION_CONTEXT('2D SPACE',''
  ) );
#8368 = ORIENTED_EDGE('',*,*,#8232,.F.);
#8369 = ORIENTED_EDGE('',*,*,#8348,.F.);
#8370 = ADVANCED_FACE('',(#8371,#8374),#8303,.T.);
#8371 = FACE_BOUND('',#8372,.F.);
#8372 = EDGE_LOOP('',(#8373));
#8373 = ORIENTED_EDGE('',*,*,#8288,.F.);
#8374 = FACE_BOUND('',#8375,.F.);
#8375 = EDGE_LOOP('',(#8376));
#8376 = ORIENTED_EDGE('',*,*,#8377,.T.);
#8377 = EDGE_CURVE('',#8378,#8378,#8380,.T.);
#8378 = VERTEX_POINT('',#8379);
#8379 = CARTESIAN_POINT('',(450.,25.,-80.));
#8380 = SURFACE_CURVE('',#8381,(#8386,#8393),.PCURVE_S1.);
#8381 = CIRCLE('',#8382,25.);
#8382 = AXIS2_PLACEMENT_3D('',#8383,#8384,#8385);
#8383 = CARTESIAN_POINT('',(450.,0.,-80.));
#8384 = DIRECTION('',(1.,0.,0.));
#8385 = DIRECTION('',(-0.,1.,-0.));
#8386 = PCURVE('',#8303,#8387);
#8387 = DEFINITIONAL_REPRESENTATION('',(#8388),#8392);
#8388 = CIRCLE('',#8389,25.);
#8389 = AXIS2_PLACEMENT_2D('',#8390,#8391);
#8390 = CARTESIAN_POINT('',(0.,-2.500461956644E-15));
#8391 = DIRECTION('',(-0.,-1.));
#8392 = ( GEOMETRIC_REPRESENTATION_CONTEXT(2) 
PARAMETRIC_REPRESENTATION_CONTEXT() REPRESENTATION_CONTEXT('2D SPACE',''
  ) );
#8393 = PCURVE('',#8394,#8399);
#8394 = CYLINDRICAL_SURFACE('',#8395,25.);
#8395 = AXIS2_PLACEMENT_3D('',#8396,#8397,#8398);
#8396 = CARTESIAN_POINT('',(139.,0.,-80.));
#8397 = DIRECTION('',(-1.,-0.,0.));
#8398 = DIRECTION('',(-0.,1.,-0.));
#8399 = DEFINITIONAL_REPRESENTATION('',(#8400),#8404);
#8400 = LINE('',#8401,#8402);
#8401 = CARTESIAN_POINT('',(6.28318530718,-311.));
#8402 = VECTOR('',#8403,1.);
#8403 = DIRECTION('',(-1.,0.));
#8404 = ( GEOMETRIC_REPRESENTATION_CONTEXT(2) 
PARAMETRIC_REPRESENTATION_CONTEXT() REPRESENTATION_CONTEXT('2D SPACE',''
  ) );
#8405 = ADVANCED_FACE('',(#8406,#8409),#8336,.F.);
#8406 = FACE_BOUND('',#8407,.T.);
#8407 = EDGE_LOOP('',(#8408));
#8408 = ORIENTED_EDGE('',*,*,#8319,.F.);
#8409 = FACE_BOUND('',#8410,.T.);
#8410 = EDGE_LOOP('',(#8411));
#8411 = ORIENTED_EDGE('',*,*,#8412,.T.);
#8412 = EDGE_CURVE('',#8413,#8413,#8415,.T.);
#8413 = VERTEX_POINT('',#8414);
#8414 = CARTESIAN_POINT('',(140.,25.,-80.));
#8415 = SURFACE_CURVE('',#8416,(#8421,#8428),.PCURVE_S1.);
#8416 = CIRCLE('',#8417,25.);
#8417 = AXIS2_PLACEMENT_3D('',#8418,#8419,#8420);
#8418 = CARTESIAN_POINT('',(140.,0.,-80.));
#8419 = DIRECTION('',(1.,0.,0.));
#8420 = DIRECTION('',(-0.,1.,-0.));
#8421 = PCURVE('',#8336,#8422);
#8422 = DEFINITIONAL_REPRESENTATION('',(#8423),#8427);
#8423 = CIRCLE('',#8424,25.);
#8424 = AXIS2_PLACEMENT_2D('',#8425,#8426);
#8425 = CARTESIAN_POINT('',(0.,-2.500461956644E-15));
#8426 = DIRECTION('',(-0.,-1.));
#8427 = ( GEOMETRIC_REPRESENTATION_CONTEXT(2) 
PARAMETRIC_REPRESENTATION_CONTEXT() REPRESENTATION_CONTEXT('2D SPACE',''
  ) );
#8428 = PCURVE('',#8394,#8429);
#8429 = DEFINITIONAL_REPRESENTATION('',(#8430),#8434);
#8430 = LINE('',#8431,#8432);
#8431 = CARTESIAN_POINT('',(6.28318530718,-1.));
#8432 = VECTOR('',#8433,1.);
#8433 = DIRECTION('',(-1.,0.));
#8434 = ( GEOMETRIC_REPRESENTATION_CONTEXT(2) 
PARAMETRIC_REPRESENTATION_CONTEXT() REPRESENTATION_CONTEXT('2D SPACE',''
  ) );
#8435 = ADVANCED_FACE('',(#8436),#8394,.F.);
#8436 = FACE_BOUND('',#8437,.F.);
#8437 = EDGE_LOOP('',(#8438,#8439,#8460,#8461));
#8438 = ORIENTED_EDGE('',*,*,#8412,.T.);
#8439 = ORIENTED_EDGE('',*,*,#8440,.T.);
#8440 = EDGE_CURVE('',#8413,#8378,#8441,.T.);
#8441 = SEAM_CURVE('',#8442,(#8446,#8453),.PCURVE_S1.);
#8442 = LINE('',#8443,#8444);
#8443 = CARTESIAN_POINT('',(139.,25.,-80.));
#8444 = VECTOR('',#8445,1.);
#8445 = DIRECTION('',(1.,-0.,-0.));
#8446 = PCURVE('',#8394,#8447);
#8447 = DEFINITIONAL_REPRESENTATION('',(#8448),#8452);
#8448 = LINE('',#8449,#8450);
#8449 = CARTESIAN_POINT('',(6.28318530718,0.));
#8450 = VECTOR('',#8451,1.);
#8451 = DIRECTION('',(0.,-1.));
#8452 = ( GEOMETRIC_REPRESENTATION_CONTEXT(2) 
PARAMETRIC_REPRESENTATION_CONTEXT() REPRESENTATION_CONTEXT('2D SPACE',''
  ) );
#8453 = PCURVE('',#8394,#8454);
#8454 = DEFINITIONAL_REPRESENTATION('',(#8455),#8459);
#8455 = LINE('',#8456,#8457);
#8456 = CARTESIAN_POINT('',(0.,0.));
#8457 = VECTOR('',#8458,1.);
#8458 = DIRECTION('',(0.,-1.));
#8459 = ( GEOMETRIC_REPRESENTATION_CONTEXT(2) 
PARAMETRIC_REPRESENTATION_CONTEXT() REPRESENTATION_CONTEXT('2D SPACE',''
  ) );
#8460 = ORIENTED_EDGE('',*,*,#8377,.F.);
#8461 = ORIENTED_EDGE('',*,*,#8440,.F.);
#8462 = ( GEOMETRIC_REPRESENTATION_CONTEXT(3) 
GLOBAL_UNCERTAINTY_ASSIGNED_CONTEXT((#8466)) 
GLOBAL_UNIT_ASSIGNED_CONTEXT((#8463,#8464,#8465)) REPRESENTATION_CONTEXT
('Context #1','3D Context with UNIT and UNCERTAINTY') );
#8463 = ( LENGTH_UNIT() NAMED_UNIT(*) SI_UNIT(.MILLI.,.METRE.) );
#8464 = ( NAMED_UNIT(*) PLANE_ANGLE_UNIT() SI_UNIT($,.RADIAN.) );
#8465 = ( NAMED_UNIT(*) SI_UNIT($,.STERADIAN.) SOLID_ANGLE_UNIT() );
#8466 = UNCERTAINTY_MEASURE_WITH_UNIT(LENGTH_MEASURE(1.E-07),#8463,
  'distance_accuracy_value','confusion accuracy');
#8467 = CONTEXT_DEPENDENT_SHAPE_REPRESENTATION(#8468,#8470);
#8468 = ( REPRESENTATION_RELATIONSHIP('','',#8099,#10) 
REPRESENTATION_RELATIONSHIP_WITH_TRANSFORMATION(#8469) 
SHAPE_REPRESENTATION_RELATIONSHIP() );
#8469 = ITEM_DEFINED_TRANSFORMATION('','',#11,#27);
#8470 = PRODUCT_DEFINITION_SHAPE('Placement','Placement of an item',
  #8471);
#8471 = NEXT_ASSEMBLY_USAGE_OCCURRENCE('4','P3-cylinder-tube-mirror','',
  #5,#8094,$);
#8472 = PRODUCT_RELATED_PRODUCT_CATEGORY('part',$,(#8096));
#8473 = SHAPE_DEFINITION_REPRESENTATION(#8474,#8480);
#8474 = PRODUCT_DEFINITION_SHAPE('','',#8475);
#8475 = PRODUCT_DEFINITION('design','',#8476,#8479);
#8476 = PRODUCT_DEFINITION_FORMATION('','',#8477);
#8477 = PRODUCT('P4-piston-rod','P4-piston-rod','',(#8478));
#8478 = PRODUCT_CONTEXT('',#2,'mechanical');
#8479 = PRODUCT_DEFINITION_CONTEXT('part definition',#2,'design');
#8480 = ADVANCED_BREP_SHAPE_REPRESENTATION('',(#11,#8481),#8849);
#8481 = MANIFOLD_SOLID_BREP('',#8482);
#8482 = CLOSED_SHELL('',(#8483,#8571,#8606,#8641,#8696,#8751,#8755,#8790
    ,#8845));
#8483 = ADVANCED_FACE('',(#8484),#8498,.T.);
#8484 = FACE_BOUND('',#8485,.F.);
#8485 = EDGE_LOOP('',(#8486,#8516,#8543,#8544));
#8486 = ORIENTED_EDGE('',*,*,#8487,.T.);
#8487 = EDGE_CURVE('',#8488,#8490,#8492,.T.);
#8488 = VERTEX_POINT('',#8489);
#8489 = CARTESIAN_POINT('',(75.,22.,80.));
#8490 = VERTEX_POINT('',#8491);
#8491 = CARTESIAN_POINT('',(83.,22.,80.));
#8492 = SEAM_CURVE('',#8493,(#8497,#8509),.PCURVE_S1.);
#8493 = LINE('',#8494,#8495);
#8494 = CARTESIAN_POINT('',(75.,22.,80.));
#8495 = VECTOR('',#8496,1.);
#8496 = DIRECTION('',(1.,0.,0.));
#8497 = PCURVE('',#8498,#8503);
#8498 = CYLINDRICAL_SURFACE('',#8499,22.);
#8499 = AXIS2_PLACEMENT_3D('',#8500,#8501,#8502);
#8500 = CARTESIAN_POINT('',(75.,0.,80.));
#8501 = DIRECTION('',(-1.,-0.,-0.));
#8502 = DIRECTION('',(0.,1.,0.));
#8503 = DEFINITIONAL_REPRESENTATION('',(#8504),#8508);
#8504 = LINE('',#8505,#8506);
#8505 = CARTESIAN_POINT('',(-0.,0.));
#8506 = VECTOR('',#8507,1.);
#8507 = DIRECTION('',(-0.,-1.));
#8508 = ( GEOMETRIC_REPRESENTATION_CONTEXT(2) 
PARAMETRIC_REPRESENTATION_CONTEXT() REPRESENTATION_CONTEXT('2D SPACE',''
  ) );
#8509 = PCURVE('',#8498,#8510);
#8510 = DEFINITIONAL_REPRESENTATION('',(#8511),#8515);
#8511 = LINE('',#8512,#8513);
#8512 = CARTESIAN_POINT('',(-6.28318530718,0.));
#8513 = VECTOR('',#8514,1.);
#8514 = DIRECTION('',(-0.,-1.));
#8515 = ( GEOMETRIC_REPRESENTATION_CONTEXT(2) 
PARAMETRIC_REPRESENTATION_CONTEXT() REPRESENTATION_CONTEXT('2D SPACE',''
  ) );
#8516 = ORIENTED_EDGE('',*,*,#8517,.T.);
#8517 = EDGE_CURVE('',#8490,#8490,#8518,.T.);
#8518 = SURFACE_CURVE('',#8519,(#8524,#8531),.PCURVE_S1.);
#8519 = CIRCLE('',#8520,22.);
#8520 = AXIS2_PLACEMENT_3D('',#8521,#8522,#8523);
#8521 = CARTESIAN_POINT('',(83.,0.,80.));
#8522 = DIRECTION('',(1.,0.,0.));
#8523 = DIRECTION('',(0.,1.,0.));
#8524 = PCURVE('',#8498,#8525);
#8525 = DEFINITIONAL_REPRESENTATION('',(#8526),#8530);
#8526 = LINE('',#8527,#8528);
#8527 = CARTESIAN_POINT('',(-0.,-8.));
#8528 = VECTOR('',#8529,1.);
#8529 = DIRECTION('',(-1.,0.));
#8530 = ( GEOMETRIC_REPRESENTATION_CONTEXT(2) 
PARAMETRIC_REPRESENTATION_CONTEXT() REPRESENTATION_CONTEXT('2D SPACE',''
  ) );
#8531 = PCURVE('',#8532,#8537);
#8532 = PLANE('',#8533);
#8533 = AXIS2_PLACEMENT_3D('',#8534,#8535,#8536);
#8534 = CARTESIAN_POINT('',(83.,-2.486254786435E-15,80.));
#8535 = DIRECTION('',(1.,0.,0.));
#8536 = DIRECTION('',(-0.,0.,1.));
#8537 = DEFINITIONAL_REPRESENTATION('',(#8538),#8542);
#8538 = CIRCLE('',#8539,22.);
#8539 = AXIS2_PLACEMENT_2D('',#8540,#8541);
#8540 = CARTESIAN_POINT('',(-1.42108547152E-14,-2.486254786435E-15));
#8541 = DIRECTION('',(0.,-1.));
#8542 = ( GEOMETRIC_REPRESENTATION_CONTEXT(2) 
PARAMETRIC_REPRESENTATION_CONTEXT() REPRESENTATION_CONTEXT('2D SPACE',''
  ) );
#8543 = ORIENTED_EDGE('',*,*,#8487,.F.);
#8544 = ORIENTED_EDGE('',*,*,#8545,.F.);
#8545 = EDGE_CURVE('',#8488,#8488,#8546,.T.);
#8546 = SURFACE_CURVE('',#8547,(#8552,#8559),.PCURVE_S1.);
#8547 = CIRCLE('',#8548,22.);
#8548 = AXIS2_PLACEMENT_3D('',#8549,#8550,#8551);
#8549 = CARTESIAN_POINT('',(75.,0.,80.));
#8550 = DIRECTION('',(1.,0.,0.));
#8551 = DIRECTION('',(0.,1.,0.));
#8552 = PCURVE('',#8498,#8553);
#8553 = DEFINITIONAL_REPRESENTATION('',(#8554),#8558);
#8554 = LINE('',#8555,#8556);
#8555 = CARTESIAN_POINT('',(-0.,0.));
#8556 = VECTOR('',#8557,1.);
#8557 = DIRECTION('',(-1.,0.));
#8558 = ( GEOMETRIC_REPRESENTATION_CONTEXT(2) 
PARAMETRIC_REPRESENTATION_CONTEXT() REPRESENTATION_CONTEXT('2D SPACE',''
  ) );
#8559 = PCURVE('',#8560,#8565);
#8560 = PLANE('',#8561);
#8561 = AXIS2_PLACEMENT_3D('',#8562,#8563,#8564);
#8562 = CARTESIAN_POINT('',(75.,-2.486254786435E-15,80.));
#8563 = DIRECTION('',(1.,0.,0.));
#8564 = DIRECTION('',(-0.,0.,1.));
#8565 = DEFINITIONAL_REPRESENTATION('',(#8566),#8570);
#8566 = CIRCLE('',#8567,22.);
#8567 = AXIS2_PLACEMENT_2D('',#8568,#8569);
#8568 = CARTESIAN_POINT('',(-1.42108547152E-14,-2.486254786435E-15));
#8569 = DIRECTION('',(0.,-1.));
#8570 = ( GEOMETRIC_REPRESENTATION_CONTEXT(2) 
PARAMETRIC_REPRESENTATION_CONTEXT() REPRESENTATION_CONTEXT('2D SPACE',''
  ) );
#8571 = ADVANCED_FACE('',(#8572,#8575),#8560,.F.);
#8572 = FACE_BOUND('',#8573,.F.);
#8573 = EDGE_LOOP('',(#8574));
#8574 = ORIENTED_EDGE('',*,*,#8545,.T.);
#8575 = FACE_BOUND('',#8576,.F.);
#8576 = EDGE_LOOP('',(#8577));
#8577 = ORIENTED_EDGE('',*,*,#8578,.F.);
#8578 = EDGE_CURVE('',#8579,#8579,#8581,.T.);
#8579 = VERTEX_POINT('',#8580);
#8580 = CARTESIAN_POINT('',(75.,11.2,80.));
#8581 = SURFACE_CURVE('',#8582,(#8587,#8594),.PCURVE_S1.);
#8582 = CIRCLE('',#8583,11.2);
#8583 = AXIS2_PLACEMENT_3D('',#8584,#8585,#8586);
#8584 = CARTESIAN_POINT('',(75.,0.,80.));
#8585 = DIRECTION('',(1.,0.,0.));
#8586 = DIRECTION('',(0.,1.,0.));
#8587 = PCURVE('',#8560,#8588);
#8588 = DEFINITIONAL_REPRESENTATION('',(#8589),#8593);
#8589 = CIRCLE('',#8590,11.2);
#8590 = AXIS2_PLACEMENT_2D('',#8591,#8592);
#8591 = CARTESIAN_POINT('',(-1.42108547152E-14,-2.486254786435E-15));
#8592 = DIRECTION('',(0.,-1.));
#8593 = ( GEOMETRIC_REPRESENTATION_CONTEXT(2) 
PARAMETRIC_REPRESENTATION_CONTEXT() REPRESENTATION_CONTEXT('2D SPACE',''
  ) );
#8594 = PCURVE('',#8595,#8600);
#8595 = CYLINDRICAL_SURFACE('',#8596,11.2);
#8596 = AXIS2_PLACEMENT_3D('',#8597,#8598,#8599);
#8597 = CARTESIAN_POINT('',(30.,0.,80.));
#8598 = DIRECTION('',(-1.,-0.,-0.));
#8599 = DIRECTION('',(0.,1.,0.));
#8600 = DEFINITIONAL_REPRESENTATION('',(#8601),#8605);
#8601 = LINE('',#8602,#8603);
#8602 = CARTESIAN_POINT('',(-0.,-45.));
#8603 = VECTOR('',#8604,1.);
#8604 = DIRECTION('',(-1.,0.));
#8605 = ( GEOMETRIC_REPRESENTATION_CONTEXT(2) 
PARAMETRIC_REPRESENTATION_CONTEXT() REPRESENTATION_CONTEXT('2D SPACE',''
  ) );
#8606 = ADVANCED_FACE('',(#8607,#8610),#8532,.T.);
#8607 = FACE_BOUND('',#8608,.T.);
#8608 = EDGE_LOOP('',(#8609));
#8609 = ORIENTED_EDGE('',*,*,#8517,.T.);
#8610 = FACE_BOUND('',#8611,.T.);
#8611 = EDGE_LOOP('',(#8612));
#8612 = ORIENTED_EDGE('',*,*,#8613,.F.);
#8613 = EDGE_CURVE('',#8614,#8614,#8616,.T.);
#8614 = VERTEX_POINT('',#8615);
#8615 = CARTESIAN_POINT('',(83.,16.,80.));
#8616 = SURFACE_CURVE('',#8617,(#8622,#8629),.PCURVE_S1.);
#8617 = CIRCLE('',#8618,16.);
#8618 = AXIS2_PLACEMENT_3D('',#8619,#8620,#8621);
#8619 = CARTESIAN_POINT('',(83.,0.,80.));
#8620 = DIRECTION('',(1.,0.,0.));
#8621 = DIRECTION('',(0.,1.,0.));
#8622 = PCURVE('',#8532,#8623);
#8623 = DEFINITIONAL_REPRESENTATION('',(#8624),#8628);
#8624 = CIRCLE('',#8625,16.);
#8625 = AXIS2_PLACEMENT_2D('',#8626,#8627);
#8626 = CARTESIAN_POINT('',(-1.42108547152E-14,-2.486254786435E-15));
#8627 = DIRECTION('',(0.,-1.));
#8628 = ( GEOMETRIC_REPRESENTATION_CONTEXT(2) 
PARAMETRIC_REPRESENTATION_CONTEXT() REPRESENTATION_CONTEXT('2D SPACE',''
  ) );
#8629 = PCURVE('',#8630,#8635);
#8630 = CYLINDRICAL_SURFACE('',#8631,16.);
#8631 = AXIS2_PLACEMENT_3D('',#8632,#8633,#8634);
#8632 = CARTESIAN_POINT('',(83.,0.,80.));
#8633 = DIRECTION('',(-1.,-0.,-0.));
#8634 = DIRECTION('',(0.,1.,0.));
#8635 = DEFINITIONAL_REPRESENTATION('',(#8636),#8640);
#8636 = LINE('',#8637,#8638);
#8637 = CARTESIAN_POINT('',(-0.,0.));
#8638 = VECTOR('',#8639,1.);
#8639 = DIRECTION('',(-1.,0.));
#8640 = ( GEOMETRIC_REPRESENTATION_CONTEXT(2) 
PARAMETRIC_REPRESENTATION_CONTEXT() REPRESENTATION_CONTEXT('2D SPACE',''
  ) );
#8641 = ADVANCED_FACE('',(#8642),#8595,.T.);
#8642 = FACE_BOUND('',#8643,.F.);
#8643 = EDGE_LOOP('',(#8644,#8667,#8668,#8669));
#8644 = ORIENTED_EDGE('',*,*,#8645,.T.);
#8645 = EDGE_CURVE('',#8646,#8579,#8648,.T.);
#8646 = VERTEX_POINT('',#8647);
#8647 = CARTESIAN_POINT('',(30.,11.2,80.));
#8648 = SEAM_CURVE('',#8649,(#8653,#8660),.PCURVE_S1.);
#8649 = LINE('',#8650,#8651);
#8650 = CARTESIAN_POINT('',(30.,11.2,80.));
#8651 = VECTOR('',#8652,1.);
#8652 = DIRECTION('',(1.,0.,0.));
#8653 = PCURVE('',#8595,#8654);
#8654 = DEFINITIONAL_REPRESENTATION('',(#8655),#8659);
#8655 = LINE('',#8656,#8657);
#8656 = CARTESIAN_POINT('',(-0.,0.));
#8657 = VECTOR('',#8658,1.);
#8658 = DIRECTION('',(-0.,-1.));
#8659 = ( GEOMETRIC_REPRESENTATION_CONTEXT(2) 
PARAMETRIC_REPRESENTATION_CONTEXT() REPRESENTATION_CONTEXT('2D SPACE',''
  ) );
#8660 = PCURVE('',#8595,#8661);
#8661 = DEFINITIONAL_REPRESENTATION('',(#8662),#8666);
#8662 = LINE('',#8663,#8664);
#8663 = CARTESIAN_POINT('',(-6.28318530718,0.));
#8664 = VECTOR('',#8665,1.);
#8665 = DIRECTION('',(-0.,-1.));
#8666 = ( GEOMETRIC_REPRESENTATION_CONTEXT(2) 
PARAMETRIC_REPRESENTATION_CONTEXT() REPRESENTATION_CONTEXT('2D SPACE',''
  ) );
#8667 = ORIENTED_EDGE('',*,*,#8578,.T.);
#8668 = ORIENTED_EDGE('',*,*,#8645,.F.);
#8669 = ORIENTED_EDGE('',*,*,#8670,.F.);
#8670 = EDGE_CURVE('',#8646,#8646,#8671,.T.);
#8671 = SURFACE_CURVE('',#8672,(#8677,#8684),.PCURVE_S1.);
#8672 = CIRCLE('',#8673,11.2);
#8673 = AXIS2_PLACEMENT_3D('',#8674,#8675,#8676);
#8674 = CARTESIAN_POINT('',(30.,0.,80.));
#8675 = DIRECTION('',(1.,0.,0.));
#8676 = DIRECTION('',(0.,1.,0.));
#8677 = PCURVE('',#8595,#8678);
#8678 = DEFINITIONAL_REPRESENTATION('',(#8679),#8683);
#8679 = LINE('',#8680,#8681);
#8680 = CARTESIAN_POINT('',(-0.,0.));
#8681 = VECTOR('',#8682,1.);
#8682 = DIRECTION('',(-1.,0.));
#8683 = ( GEOMETRIC_REPRESENTATION_CONTEXT(2) 
PARAMETRIC_REPRESENTATION_CONTEXT() REPRESENTATION_CONTEXT('2D SPACE',''
  ) );
#8684 = PCURVE('',#8685,#8690);
#8685 = PLANE('',#8686);
#8686 = AXIS2_PLACEMENT_3D('',#8687,#8688,#8689);
#8687 = CARTESIAN_POINT('',(30.,-1.465114427721E-15,80.));
#8688 = DIRECTION('',(1.,0.,0.));
#8689 = DIRECTION('',(-0.,0.,1.));
#8690 = DEFINITIONAL_REPRESENTATION('',(#8691),#8695);
#8691 = CIRCLE('',#8692,11.2);
#8692 = AXIS2_PLACEMENT_2D('',#8693,#8694);
#8693 = CARTESIAN_POINT('',(-1.42108547152E-14,-1.465114427721E-15));
#8694 = DIRECTION('',(0.,-1.));
#8695 = ( GEOMETRIC_REPRESENTATION_CONTEXT(2) 
PARAMETRIC_REPRESENTATION_CONTEXT() REPRESENTATION_CONTEXT('2D SPACE',''
  ) );
#8696 = ADVANCED_FACE('',(#8697),#8630,.T.);
#8697 = FACE_BOUND('',#8698,.F.);
#8698 = EDGE_LOOP('',(#8699,#8722,#8749,#8750));
#8699 = ORIENTED_EDGE('',*,*,#8700,.T.);
#8700 = EDGE_CURVE('',#8614,#8701,#8703,.T.);
#8701 = VERTEX_POINT('',#8702);
#8702 = CARTESIAN_POINT('',(415.,16.,80.));
#8703 = SEAM_CURVE('',#8704,(#8708,#8715),.PCURVE_S1.);
#8704 = LINE('',#8705,#8706);
#8705 = CARTESIAN_POINT('',(83.,16.,80.));
#8706 = VECTOR('',#8707,1.);
#8707 = DIRECTION('',(1.,0.,0.));
#8708 = PCURVE('',#8630,#8709);
#8709 = DEFINITIONAL_REPRESENTATION('',(#8710),#8714);
#8710 = LINE('',#8711,#8712);
#8711 = CARTESIAN_POINT('',(-0.,0.));
#8712 = VECTOR('',#8713,1.);
#8713 = DIRECTION('',(-0.,-1.));
#8714 = ( GEOMETRIC_REPRESENTATION_CONTEXT(2) 
PARAMETRIC_REPRESENTATION_CONTEXT() REPRESENTATION_CONTEXT('2D SPACE',''
  ) );
#8715 = PCURVE('',#8630,#8716);
#8716 = DEFINITIONAL_REPRESENTATION('',(#8717),#8721);
#8717 = LINE('',#8718,#8719);
#8718 = CARTESIAN_POINT('',(-6.28318530718,0.));
#8719 = VECTOR('',#8720,1.);
#8720 = DIRECTION('',(-0.,-1.));
#8721 = ( GEOMETRIC_REPRESENTATION_CONTEXT(2) 
PARAMETRIC_REPRESENTATION_CONTEXT() REPRESENTATION_CONTEXT('2D SPACE',''
  ) );
#8722 = ORIENTED_EDGE('',*,*,#8723,.T.);
#8723 = EDGE_CURVE('',#8701,#8701,#8724,.T.);
#8724 = SURFACE_CURVE('',#8725,(#8730,#8737),.PCURVE_S1.);
#8725 = CIRCLE('',#8726,16.);
#8726 = AXIS2_PLACEMENT_3D('',#8727,#8728,#8729);
#8727 = CARTESIAN_POINT('',(415.,0.,80.));
#8728 = DIRECTION('',(1.,0.,0.));
#8729 = DIRECTION('',(0.,1.,0.));
#8730 = PCURVE('',#8630,#8731);
#8731 = DEFINITIONAL_REPRESENTATION('',(#8732),#8736);
#8732 = LINE('',#8733,#8734);
#8733 = CARTESIAN_POINT('',(-0.,-332.));
#8734 = VECTOR('',#8735,1.);
#8735 = DIRECTION('',(-1.,0.));
#8736 = ( GEOMETRIC_REPRESENTATION_CONTEXT(2) 
PARAMETRIC_REPRESENTATION_CONTEXT() REPRESENTATION_CONTEXT('2D SPACE',''
  ) );
#8737 = PCURVE('',#8738,#8743);
#8738 = PLANE('',#8739);
#8739 = AXIS2_PLACEMENT_3D('',#8740,#8741,#8742);
#8740 = CARTESIAN_POINT('',(415.,-3.418600331349E-16,80.));
#8741 = DIRECTION('',(1.,0.,0.));
#8742 = DIRECTION('',(-0.,0.,1.));
#8743 = DEFINITIONAL_REPRESENTATION('',(#8744),#8748);
#8744 = CIRCLE('',#8745,16.);
#8745 = AXIS2_PLACEMENT_2D('',#8746,#8747);
#8746 = CARTESIAN_POINT('',(1.42108547152E-14,-3.418600331349E-16));
#8747 = DIRECTION('',(0.,-1.));
#8748 = ( GEOMETRIC_REPRESENTATION_CONTEXT(2) 
PARAMETRIC_REPRESENTATION_CONTEXT() REPRESENTATION_CONTEXT('2D SPACE',''
  ) );
#8749 = ORIENTED_EDGE('',*,*,#8700,.F.);
#8750 = ORIENTED_EDGE('',*,*,#8613,.F.);
#8751 = ADVANCED_FACE('',(#8752),#8685,.F.);
#8752 = FACE_BOUND('',#8753,.F.);
#8753 = EDGE_LOOP('',(#8754));
#8754 = ORIENTED_EDGE('',*,*,#8670,.T.);
#8755 = ADVANCED_FACE('',(#8756,#8759),#8738,.T.);
#8756 = FACE_BOUND('',#8757,.T.);
#8757 = EDGE_LOOP('',(#8758));
#8758 = ORIENTED_EDGE('',*,*,#8723,.T.);
#8759 = FACE_BOUND('',#8760,.T.);
#8760 = EDGE_LOOP('',(#8761));
#8761 = ORIENTED_EDGE('',*,*,#8762,.F.);
#8762 = EDGE_CURVE('',#8763,#8763,#8765,.T.);
#8763 = VERTEX_POINT('',#8764);
#8764 = CARTESIAN_POINT('',(415.,11.2,80.));
#8765 = SURFACE_CURVE('',#8766,(#8771,#8778),.PCURVE_S1.);
#8766 = CIRCLE('',#8767,11.2);
#8767 = AXIS2_PLACEMENT_3D('',#8768,#8769,#8770);
#8768 = CARTESIAN_POINT('',(415.,0.,80.));
#8769 = DIRECTION('',(1.,0.,0.));
#8770 = DIRECTION('',(0.,1.,0.));
#8771 = PCURVE('',#8738,#8772);
#8772 = DEFINITIONAL_REPRESENTATION('',(#8773),#8777);
#8773 = CIRCLE('',#8774,11.2);
#8774 = AXIS2_PLACEMENT_2D('',#8775,#8776);
#8775 = CARTESIAN_POINT('',(1.42108547152E-14,-3.418600331349E-16));
#8776 = DIRECTION('',(0.,-1.));
#8777 = ( GEOMETRIC_REPRESENTATION_CONTEXT(2) 
PARAMETRIC_REPRESENTATION_CONTEXT() REPRESENTATION_CONTEXT('2D SPACE',''
  ) );
#8778 = PCURVE('',#8779,#8784);
#8779 = CYLINDRICAL_SURFACE('',#8780,11.2);
#8780 = AXIS2_PLACEMENT_3D('',#8781,#8782,#8783);
#8781 = CARTESIAN_POINT('',(415.,0.,80.));
#8782 = DIRECTION('',(-1.,-0.,-0.));
#8783 = DIRECTION('',(0.,1.,0.));
#8784 = DEFINITIONAL_REPRESENTATION('',(#8785),#8789);
#8785 = LINE('',#8786,#8787);
#8786 = CARTESIAN_POINT('',(-0.,0.));
#8787 = VECTOR('',#8788,1.);
#8788 = DIRECTION('',(-1.,0.));
#8789 = ( GEOMETRIC_REPRESENTATION_CONTEXT(2) 
PARAMETRIC_REPRESENTATION_CONTEXT() REPRESENTATION_CONTEXT('2D SPACE',''
  ) );
#8790 = ADVANCED_FACE('',(#8791),#8779,.T.);
#8791 = FACE_BOUND('',#8792,.F.);
#8792 = EDGE_LOOP('',(#8793,#8816,#8843,#8844));
#8793 = ORIENTED_EDGE('',*,*,#8794,.T.);
#8794 = EDGE_CURVE('',#8763,#8795,#8797,.T.);
#8795 = VERTEX_POINT('',#8796);
#8796 = CARTESIAN_POINT('',(450.,11.2,80.));
#8797 = SEAM_CURVE('',#8798,(#8802,#8809),.PCURVE_S1.);
#8798 = LINE('',#8799,#8800);
#8799 = CARTESIAN_POINT('',(415.,11.2,80.));
#8800 = VECTOR('',#8801,1.);
#8801 = DIRECTION('',(1.,0.,0.));
#8802 = PCURVE('',#8779,#8803);
#8803 = DEFINITIONAL_REPRESENTATION('',(#8804),#8808);
#8804 = LINE('',#8805,#8806);
#8805 = CARTESIAN_POINT('',(-0.,0.));
#8806 = VECTOR('',#8807,1.);
#8807 = DIRECTION('',(-0.,-1.));
#8808 = ( GEOMETRIC_REPRESENTATION_CONTEXT(2) 
PARAMETRIC_REPRESENTATION_CONTEXT() REPRESENTATION_CONTEXT('2D SPACE',''
  ) );
#8809 = PCURVE('',#8779,#8810);
#8810 = DEFINITIONAL_REPRESENTATION('',(#8811),#8815);
#8811 = LINE('',#8812,#8813);
#8812 = CARTESIAN_POINT('',(-6.28318530718,0.));
#8813 = VECTOR('',#8814,1.);
#8814 = DIRECTION('',(-0.,-1.));
#8815 = ( GEOMETRIC_REPRESENTATION_CONTEXT(2) 
PARAMETRIC_REPRESENTATION_CONTEXT() REPRESENTATION_CONTEXT('2D SPACE',''
  ) );
#8816 = ORIENTED_EDGE('',*,*,#8817,.T.);
#8817 = EDGE_CURVE('',#8795,#8795,#8818,.T.);
#8818 = SURFACE_CURVE('',#8819,(#8824,#8831),.PCURVE_S1.);
#8819 = CIRCLE('',#8820,11.2);
#8820 = AXIS2_PLACEMENT_3D('',#8821,#8822,#8823);
#8821 = CARTESIAN_POINT('',(450.,0.,80.));
#8822 = DIRECTION('',(1.,0.,0.));
#8823 = DIRECTION('',(0.,1.,0.));
#8824 = PCURVE('',#8779,#8825);
#8825 = DEFINITIONAL_REPRESENTATION('',(#8826),#8830);
#8826 = LINE('',#8827,#8828);
#8827 = CARTESIAN_POINT('',(-0.,-35.));
#8828 = VECTOR('',#8829,1.);
#8829 = DIRECTION('',(-1.,0.));
#8830 = ( GEOMETRIC_REPRESENTATION_CONTEXT(2) 
PARAMETRIC_REPRESENTATION_CONTEXT() REPRESENTATION_CONTEXT('2D SPACE',''
  ) );
#8831 = PCURVE('',#8832,#8837);
#8832 = PLANE('',#8833);
#8833 = AXIS2_PLACEMENT_3D('',#8834,#8835,#8836);
#8834 = CARTESIAN_POINT('',(450.,-1.465114427721E-15,80.));
#8835 = DIRECTION('',(1.,0.,0.));
#8836 = DIRECTION('',(-0.,0.,1.));
#8837 = DEFINITIONAL_REPRESENTATION('',(#8838),#8842);
#8838 = CIRCLE('',#8839,11.2);
#8839 = AXIS2_PLACEMENT_2D('',#8840,#8841);
#8840 = CARTESIAN_POINT('',(-1.42108547152E-14,-1.465114427721E-15));
#8841 = DIRECTION('',(0.,-1.));
#8842 = ( GEOMETRIC_REPRESENTATION_CONTEXT(2) 
PARAMETRIC_REPRESENTATION_CONTEXT() REPRESENTATION_CONTEXT('2D SPACE',''
  ) );
#8843 = ORIENTED_EDGE('',*,*,#8794,.F.);
#8844 = ORIENTED_EDGE('',*,*,#8762,.F.);
#8845 = ADVANCED_FACE('',(#8846),#8832,.T.);
#8846 = FACE_BOUND('',#8847,.T.);
#8847 = EDGE_LOOP('',(#8848));
#8848 = ORIENTED_EDGE('',*,*,#8817,.T.);
#8849 = ( GEOMETRIC_REPRESENTATION_CONTEXT(3) 
GLOBAL_UNCERTAINTY_ASSIGNED_CONTEXT((#8853)) 
GLOBAL_UNIT_ASSIGNED_CONTEXT((#8850,#8851,#8852)) REPRESENTATION_CONTEXT
('Context #1','3D Context with UNIT and UNCERTAINTY') );
#8850 = ( LENGTH_UNIT() NAMED_UNIT(*) SI_UNIT(.MILLI.,.METRE.) );
#8851 = ( NAMED_UNIT(*) PLANE_ANGLE_UNIT() SI_UNIT($,.RADIAN.) );
#8852 = ( NAMED_UNIT(*) SI_UNIT($,.STERADIAN.) SOLID_ANGLE_UNIT() );
#8853 = UNCERTAINTY_MEASURE_WITH_UNIT(LENGTH_MEASURE(1.E-07),#8850,
  'distance_accuracy_value','confusion accuracy');
#8854 = CONTEXT_DEPENDENT_SHAPE_REPRESENTATION(#8855,#8857);
#8855 = ( REPRESENTATION_RELATIONSHIP('','',#8480,#10) 
REPRESENTATION_RELATIONSHIP_WITH_TRANSFORMATION(#8856) 
SHAPE_REPRESENTATION_RELATIONSHIP() );
#8856 = ITEM_DEFINED_TRANSFORMATION('','',#11,#31);
#8857 = PRODUCT_DEFINITION_SHAPE('Placement','Placement of an item',
  #8858);
#8858 = NEXT_ASSEMBLY_USAGE_OCCURRENCE('5','P4-piston-rod','',#5,#8475,$
  );
#8859 = PRODUCT_RELATED_PRODUCT_CATEGORY('part',$,(#8477));
#8860 = SHAPE_DEFINITION_REPRESENTATION(#8861,#8867);
#8861 = PRODUCT_DEFINITION_SHAPE('','',#8862);
#8862 = PRODUCT_DEFINITION('design','',#8863,#8866);
#8863 = PRODUCT_DEFINITION_FORMATION('','',#8864);
#8864 = PRODUCT('P4-piston-rod-mirror','P4-piston-rod-mirror','',(#8865)
  );
#8865 = PRODUCT_CONTEXT('',#2,'mechanical');
#8866 = PRODUCT_DEFINITION_CONTEXT('part definition',#2,'design');
#8867 = ADVANCED_BREP_SHAPE_REPRESENTATION('',(#11,#8868),#9268);
#8868 = MANIFOLD_SOLID_BREP('',#8869);
#8869 = CLOSED_SHELL('',(#8870,#8966,#9005,#9044,#9103,#9162,#9166,#9205
    ,#9264));
#8870 = ADVANCED_FACE('',(#8871),#8885,.T.);
#8871 = FACE_BOUND('',#8872,.T.);
#8872 = EDGE_LOOP('',(#8873,#8903,#8934,#8935));
#8873 = ORIENTED_EDGE('',*,*,#8874,.T.);
#8874 = EDGE_CURVE('',#8875,#8877,#8879,.T.);
#8875 = VERTEX_POINT('',#8876);
#8876 = CARTESIAN_POINT('',(75.,22.,-80.));
#8877 = VERTEX_POINT('',#8878);
#8878 = CARTESIAN_POINT('',(83.,22.,-80.));
#8879 = SEAM_CURVE('',#8880,(#8884,#8896),.PCURVE_S1.);
#8880 = LINE('',#8881,#8882);
#8881 = CARTESIAN_POINT('',(75.,22.,-80.));
#8882 = VECTOR('',#8883,1.);
#8883 = DIRECTION('',(1.,-0.,-0.));
#8884 = PCURVE('',#8885,#8890);
#8885 = CYLINDRICAL_SURFACE('',#8886,22.);
#8886 = AXIS2_PLACEMENT_3D('',#8887,#8888,#8889);
#8887 = CARTESIAN_POINT('',(75.,0.,-80.));
#8888 = DIRECTION('',(-1.,-0.,0.));
#8889 = DIRECTION('',(-0.,1.,-0.));
#8890 = DEFINITIONAL_REPRESENTATION('',(#8891),#8895);
#8891 = LINE('',#8892,#8893);
#8892 = CARTESIAN_POINT('',(0.,0.));
#8893 = VECTOR('',#8894,1.);
#8894 = DIRECTION('',(0.,-1.));
#8895 = ( GEOMETRIC_REPRESENTATION_CONTEXT(2) 
PARAMETRIC_REPRESENTATION_CONTEXT() REPRESENTATION_CONTEXT('2D SPACE',''
  ) );
#8896 = PCURVE('',#8885,#8897);
#8897 = DEFINITIONAL_REPRESENTATION('',(#8898),#8902);
#8898 = LINE('',#8899,#8900);
#8899 = CARTESIAN_POINT('',(6.28318530718,0.));
#8900 = VECTOR('',#8901,1.);
#8901 = DIRECTION('',(0.,-1.));
#8902 = ( GEOMETRIC_REPRESENTATION_CONTEXT(2) 
PARAMETRIC_REPRESENTATION_CONTEXT() REPRESENTATION_CONTEXT('2D SPACE',''
  ) );
#8903 = ORIENTED_EDGE('',*,*,#8904,.T.);
#8904 = EDGE_CURVE('',#8877,#8877,#8905,.T.);
#8905 = SURFACE_CURVE('',#8906,(#8911,#8918),.PCURVE_S1.);
#8906 = CIRCLE('',#8907,22.);
#8907 = AXIS2_PLACEMENT_3D('',#8908,#8909,#8910);
#8908 = CARTESIAN_POINT('',(83.,0.,-80.));
#8909 = DIRECTION('',(-1.,0.,0.));
#8910 = DIRECTION('',(-0.,1.,-0.));
#8911 = PCURVE('',#8885,#8912);
#8912 = DEFINITIONAL_REPRESENTATION('',(#8913),#8917);
#8913 = LINE('',#8914,#8915);
#8914 = CARTESIAN_POINT('',(0.,-8.));
#8915 = VECTOR('',#8916,1.);
#8916 = DIRECTION('',(1.,0.));
#8917 = ( GEOMETRIC_REPRESENTATION_CONTEXT(2) 
PARAMETRIC_REPRESENTATION_CONTEXT() REPRESENTATION_CONTEXT('2D SPACE',''
  ) );
#8918 = PCURVE('',#8919,#8924);
#8919 = PLANE('',#8920);
#8920 = AXIS2_PLACEMENT_3D('',#8921,#8922,#8923);
#8921 = CARTESIAN_POINT('',(83.,-2.486254786435E-15,-80.));
#8922 = DIRECTION('',(1.,-0.,-0.));
#8923 = DIRECTION('',(0.,0.,1.));
#8924 = DEFINITIONAL_REPRESENTATION('',(#8925),#8933);
#8925 = ( BOUNDED_CURVE() B_SPLINE_CURVE(2,(#8926,#8927,#8928,#8929,
#8930,#8931,#8932),.UNSPECIFIED.,.T.,.F.) B_SPLINE_CURVE_WITH_KNOTS((1,2
    ,2,2,2,1),(-2.094395102393,0.,2.094395102393,4.188790204786,
6.28318530718,8.377580409573),.UNSPECIFIED.) CURVE() 
GEOMETRIC_REPRESENTATION_ITEM() RATIONAL_B_SPLINE_CURVE((1.,0.5,1.,0.5,
1.,0.5,1.)) REPRESENTATION_ITEM('') );
#8926 = CARTESIAN_POINT('',(1.42108547152E-14,-22.));
#8927 = CARTESIAN_POINT('',(-38.10511776651,-22.));
#8928 = CARTESIAN_POINT('',(-19.05255888325,11.));
#8929 = CARTESIAN_POINT('',(8.822408798954E-15,44.));
#8930 = CARTESIAN_POINT('',(19.052558883258,11.));
#8931 = CARTESIAN_POINT('',(38.105117766515,-22.));
#8932 = CARTESIAN_POINT('',(1.42108547152E-14,-22.));
#8933 = ( GEOMETRIC_REPRESENTATION_CONTEXT(2) 
PARAMETRIC_REPRESENTATION_CONTEXT() REPRESENTATION_CONTEXT('2D SPACE',''
  ) );
#8934 = ORIENTED_EDGE('',*,*,#8874,.F.);
#8935 = ORIENTED_EDGE('',*,*,#8936,.F.);
#8936 = EDGE_CURVE('',#8875,#8875,#8937,.T.);
#8937 = SURFACE_CURVE('',#8938,(#8943,#8950),.PCURVE_S1.);
#8938 = CIRCLE('',#8939,22.);
#8939 = AXIS2_PLACEMENT_3D('',#8940,#8941,#8942);
#8940 = CARTESIAN_POINT('',(75.,0.,-80.));
#8941 = DIRECTION('',(-1.,0.,0.));
#8942 = DIRECTION('',(-0.,1.,-0.));
#8943 = PCURVE('',#8885,#8944);
#8944 = DEFINITIONAL_REPRESENTATION('',(#8945),#8949);
#8945 = LINE('',#8946,#8947);
#8946 = CARTESIAN_POINT('',(0.,0.));
#8947 = VECTOR('',#8948,1.);
#8948 = DIRECTION('',(1.,0.));
#8949 = ( GEOMETRIC_REPRESENTATION_CONTEXT(2) 
PARAMETRIC_REPRESENTATION_CONTEXT() REPRESENTATION_CONTEXT('2D SPACE',''
  ) );
#8950 = PCURVE('',#8951,#8956);
#8951 = PLANE('',#8952);
#8952 = AXIS2_PLACEMENT_3D('',#8953,#8954,#8955);
#8953 = CARTESIAN_POINT('',(75.,-2.486254786435E-15,-80.));
#8954 = DIRECTION('',(1.,-0.,-0.));
#8955 = DIRECTION('',(0.,0.,1.));
#8956 = DEFINITIONAL_REPRESENTATION('',(#8957),#8965);
#8957 = ( BOUNDED_CURVE() B_SPLINE_CURVE(2,(#8958,#8959,#8960,#8961,
#8962,#8963,#8964),.UNSPECIFIED.,.T.,.F.) B_SPLINE_CURVE_WITH_KNOTS((1,2
    ,2,2,2,1),(-2.094395102393,0.,2.094395102393,4.188790204786,
6.28318530718,8.377580409573),.UNSPECIFIED.) CURVE() 
GEOMETRIC_REPRESENTATION_ITEM() RATIONAL_B_SPLINE_CURVE((1.,0.5,1.,0.5,
1.,0.5,1.)) REPRESENTATION_ITEM('') );
#8958 = CARTESIAN_POINT('',(1.42108547152E-14,-22.));
#8959 = CARTESIAN_POINT('',(-38.10511776651,-22.));
#8960 = CARTESIAN_POINT('',(-19.05255888325,11.));
#8961 = CARTESIAN_POINT('',(8.822408798954E-15,44.));
#8962 = CARTESIAN_POINT('',(19.052558883258,11.));
#8963 = CARTESIAN_POINT('',(38.105117766515,-22.));
#8964 = CARTESIAN_POINT('',(1.42108547152E-14,-22.));
#8965 = ( GEOMETRIC_REPRESENTATION_CONTEXT(2) 
PARAMETRIC_REPRESENTATION_CONTEXT() REPRESENTATION_CONTEXT('2D SPACE',''
  ) );
#8966 = ADVANCED_FACE('',(#8967,#8970),#8951,.F.);
#8967 = FACE_BOUND('',#8968,.T.);
#8968 = EDGE_LOOP('',(#8969));
#8969 = ORIENTED_EDGE('',*,*,#8936,.T.);
#8970 = FACE_BOUND('',#8971,.T.);
#8971 = EDGE_LOOP('',(#8972));
#8972 = ORIENTED_EDGE('',*,*,#8973,.F.);
#8973 = EDGE_CURVE('',#8974,#8974,#8976,.T.);
#8974 = VERTEX_POINT('',#8975);
#8975 = CARTESIAN_POINT('',(75.,11.2,-80.));
#8976 = SURFACE_CURVE('',#8977,(#8982,#8993),.PCURVE_S1.);
#8977 = CIRCLE('',#8978,11.2);
#8978 = AXIS2_PLACEMENT_3D('',#8979,#8980,#8981);
#8979 = CARTESIAN_POINT('',(75.,0.,-80.));
#8980 = DIRECTION('',(-1.,0.,0.));
#8981 = DIRECTION('',(-0.,1.,-0.));
#8982 = PCURVE('',#8951,#8983);
#8983 = DEFINITIONAL_REPRESENTATION('',(#8984),#8992);
#8984 = ( BOUNDED_CURVE() B_SPLINE_CURVE(2,(#8985,#8986,#8987,#8988,
#8989,#8990,#8991),.UNSPECIFIED.,.T.,.F.) B_SPLINE_CURVE_WITH_KNOTS((1,2
    ,2,2,2,1),(-2.094395102393,0.,2.094395102393,4.188790204786,
6.28318530718,8.377580409573),.UNSPECIFIED.) CURVE() 
GEOMETRIC_REPRESENTATION_ITEM() RATIONAL_B_SPLINE_CURVE((1.,0.5,1.,0.5,
1.,0.5,1.)) REPRESENTATION_ITEM('') );
#8985 = CARTESIAN_POINT('',(1.42108547152E-14,-11.2));
#8986 = CARTESIAN_POINT('',(-19.39896904477,-11.2));
#8987 = CARTESIAN_POINT('',(-9.699484522386,5.6));
#8988 = CARTESIAN_POINT('',(1.146764588511E-14,22.4));
#8989 = CARTESIAN_POINT('',(9.699484522386,5.6));
#8990 = CARTESIAN_POINT('',(19.398969044771,-11.2));
#8991 = CARTESIAN_POINT('',(1.42108547152E-14,-11.2));
#8992 = ( GEOMETRIC_REPRESENTATION_CONTEXT(2) 
PARAMETRIC_REPRESENTATION_CONTEXT() REPRESENTATION_CONTEXT('2D SPACE',''
  ) );
#8993 = PCURVE('',#8994,#8999);
#8994 = CYLINDRICAL_SURFACE('',#8995,11.2);
#8995 = AXIS2_PLACEMENT_3D('',#8996,#8997,#8998);
#8996 = CARTESIAN_POINT('',(30.,0.,-80.));
#8997 = DIRECTION('',(-1.,-0.,0.));
#8998 = DIRECTION('',(-0.,1.,-0.));
#8999 = DEFINITIONAL_REPRESENTATION('',(#9000),#9004);
#9000 = LINE('',#9001,#9002);
#9001 = CARTESIAN_POINT('',(0.,-45.));
#9002 = VECTOR('',#9003,1.);
#9003 = DIRECTION('',(1.,0.));
#9004 = ( GEOMETRIC_REPRESENTATION_CONTEXT(2) 
PARAMETRIC_REPRESENTATION_CONTEXT() REPRESENTATION_CONTEXT('2D SPACE',''
  ) );
#9005 = ADVANCED_FACE('',(#9006,#9009),#8919,.T.);
#9006 = FACE_BOUND('',#9007,.F.);
#9007 = EDGE_LOOP('',(#9008));
#9008 = ORIENTED_EDGE('',*,*,#8904,.T.);
#9009 = FACE_BOUND('',#9010,.F.);
#9010 = EDGE_LOOP('',(#9011));
#9011 = ORIENTED_EDGE('',*,*,#9012,.F.);
#9012 = EDGE_CURVE('',#9013,#9013,#9015,.T.);
#9013 = VERTEX_POINT('',#9014);
#9014 = CARTESIAN_POINT('',(83.,16.,-80.));
#9015 = SURFACE_CURVE('',#9016,(#9021,#9032),.PCURVE_S1.);
#9016 = CIRCLE('',#9017,16.);
#9017 = AXIS2_PLACEMENT_3D('',#9018,#9019,#9020);
#9018 = CARTESIAN_POINT('',(83.,0.,-80.));
#9019 = DIRECTION('',(-1.,0.,0.));
#9020 = DIRECTION('',(-0.,1.,-0.));
#9021 = PCURVE('',#8919,#9022);
#9022 = DEFINITIONAL_REPRESENTATION('',(#9023),#9031);
#9023 = ( BOUNDED_CURVE() B_SPLINE_CURVE(2,(#9024,#9025,#9026,#9027,
#9028,#9029,#9030),.UNSPECIFIED.,.T.,.F.) B_SPLINE_CURVE_WITH_KNOTS((1,2
    ,2,2,2,1),(-2.094395102393,0.,2.094395102393,4.188790204786,
6.28318530718,8.377580409573),.UNSPECIFIED.) CURVE() 
GEOMETRIC_REPRESENTATION_ITEM() RATIONAL_B_SPLINE_CURVE((1.,0.5,1.,0.5,
1.,0.5,1.)) REPRESENTATION_ITEM('') );
#9024 = CARTESIAN_POINT('',(1.42108547152E-14,-16.));
#9025 = CARTESIAN_POINT('',(-27.7128129211,-16.));
#9026 = CARTESIAN_POINT('',(-13.85640646055,8.));
#9027 = CARTESIAN_POINT('',(1.029198495793E-14,32.));
#9028 = CARTESIAN_POINT('',(13.856406460551,8.));
#9029 = CARTESIAN_POINT('',(27.712812921102,-16.));
#9030 = CARTESIAN_POINT('',(1.42108547152E-14,-16.));
#9031 = ( GEOMETRIC_REPRESENTATION_CONTEXT(2) 
PARAMETRIC_REPRESENTATION_CONTEXT() REPRESENTATION_CONTEXT('2D SPACE',''
  ) );
#9032 = PCURVE('',#9033,#9038);
#9033 = CYLINDRICAL_SURFACE('',#9034,16.);
#9034 = AXIS2_PLACEMENT_3D('',#9035,#9036,#9037);
#9035 = CARTESIAN_POINT('',(83.,0.,-80.));
#9036 = DIRECTION('',(-1.,-0.,0.));
#9037 = DIRECTION('',(-0.,1.,-0.));
#9038 = DEFINITIONAL_REPRESENTATION('',(#9039),#9043);
#9039 = LINE('',#9040,#9041);
#9040 = CARTESIAN_POINT('',(0.,0.));
#9041 = VECTOR('',#9042,1.);
#9042 = DIRECTION('',(1.,0.));
#9043 = ( GEOMETRIC_REPRESENTATION_CONTEXT(2) 
PARAMETRIC_REPRESENTATION_CONTEXT() REPRESENTATION_CONTEXT('2D SPACE',''
  ) );
#9044 = ADVANCED_FACE('',(#9045),#8994,.T.);
#9045 = FACE_BOUND('',#9046,.T.);
#9046 = EDGE_LOOP('',(#9047,#9070,#9071,#9072));
#9047 = ORIENTED_EDGE('',*,*,#9048,.T.);
#9048 = EDGE_CURVE('',#9049,#8974,#9051,.T.);
#9049 = VERTEX_POINT('',#9050);
#9050 = CARTESIAN_POINT('',(30.,11.2,-80.));
#9051 = SEAM_CURVE('',#9052,(#9056,#9063),.PCURVE_S1.);
#9052 = LINE('',#9053,#9054);
#9053 = CARTESIAN_POINT('',(30.,11.2,-80.));
#9054 = VECTOR('',#9055,1.);
#9055 = DIRECTION('',(1.,-0.,-0.));
#9056 = PCURVE('',#8994,#9057);
#9057 = DEFINITIONAL_REPRESENTATION('',(#9058),#9062);
#9058 = LINE('',#9059,#9060);
#9059 = CARTESIAN_POINT('',(0.,0.));
#9060 = VECTOR('',#9061,1.);
#9061 = DIRECTION('',(0.,-1.));
#9062 = ( GEOMETRIC_REPRESENTATION_CONTEXT(2) 
PARAMETRIC_REPRESENTATION_CONTEXT() REPRESENTATION_CONTEXT('2D SPACE',''
  ) );
#9063 = PCURVE('',#8994,#9064);
#9064 = DEFINITIONAL_REPRESENTATION('',(#9065),#9069);
#9065 = LINE('',#9066,#9067);
#9066 = CARTESIAN_POINT('',(6.28318530718,0.));
#9067 = VECTOR('',#9068,1.);
#9068 = DIRECTION('',(0.,-1.));
#9069 = ( GEOMETRIC_REPRESENTATION_CONTEXT(2) 
PARAMETRIC_REPRESENTATION_CONTEXT() REPRESENTATION_CONTEXT('2D SPACE',''
  ) );
#9070 = ORIENTED_EDGE('',*,*,#8973,.T.);
#9071 = ORIENTED_EDGE('',*,*,#9048,.F.);
#9072 = ORIENTED_EDGE('',*,*,#9073,.F.);
#9073 = EDGE_CURVE('',#9049,#9049,#9074,.T.);
#9074 = SURFACE_CURVE('',#9075,(#9080,#9087),.PCURVE_S1.);
#9075 = CIRCLE('',#9076,11.2);
#9076 = AXIS2_PLACEMENT_3D('',#9077,#9078,#9079);
#9077 = CARTESIAN_POINT('',(30.,0.,-80.));
#9078 = DIRECTION('',(-1.,0.,0.));
#9079 = DIRECTION('',(-0.,1.,-0.));
#9080 = PCURVE('',#8994,#9081);
#9081 = DEFINITIONAL_REPRESENTATION('',(#9082),#9086);
#9082 = LINE('',#9083,#9084);
#9083 = CARTESIAN_POINT('',(0.,0.));
#9084 = VECTOR('',#9085,1.);
#9085 = DIRECTION('',(1.,0.));
#9086 = ( GEOMETRIC_REPRESENTATION_CONTEXT(2) 
PARAMETRIC_REPRESENTATION_CONTEXT() REPRESENTATION_CONTEXT('2D SPACE',''
  ) );
#9087 = PCURVE('',#9088,#9093);
#9088 = PLANE('',#9089);
#9089 = AXIS2_PLACEMENT_3D('',#9090,#9091,#9092);
#9090 = CARTESIAN_POINT('',(30.,-1.465114427721E-15,-80.));
#9091 = DIRECTION('',(1.,-0.,-0.));
#9092 = DIRECTION('',(0.,0.,1.));
#9093 = DEFINITIONAL_REPRESENTATION('',(#9094),#9102);
#9094 = ( BOUNDED_CURVE() B_SPLINE_CURVE(2,(#9095,#9096,#9097,#9098,
#9099,#9100,#9101),.UNSPECIFIED.,.T.,.F.) B_SPLINE_CURVE_WITH_KNOTS((1,2
    ,2,2,2,1),(-2.094395102393,0.,2.094395102393,4.188790204786,
6.28318530718,8.377580409573),.UNSPECIFIED.) CURVE() 
GEOMETRIC_REPRESENTATION_ITEM() RATIONAL_B_SPLINE_CURVE((1.,0.5,1.,0.5,
1.,0.5,1.)) REPRESENTATION_ITEM('') );
#9095 = CARTESIAN_POINT('',(1.42108547152E-14,-11.2));
#9096 = CARTESIAN_POINT('',(-19.39896904477,-11.2));
#9097 = CARTESIAN_POINT('',(-9.699484522386,5.6));
#9098 = CARTESIAN_POINT('',(1.146764588511E-14,22.4));
#9099 = CARTESIAN_POINT('',(9.699484522386,5.6));
#9100 = CARTESIAN_POINT('',(19.398969044771,-11.2));
#9101 = CARTESIAN_POINT('',(1.42108547152E-14,-11.2));
#9102 = ( GEOMETRIC_REPRESENTATION_CONTEXT(2) 
PARAMETRIC_REPRESENTATION_CONTEXT() REPRESENTATION_CONTEXT('2D SPACE',''
  ) );
#9103 = ADVANCED_FACE('',(#9104),#9033,.T.);
#9104 = FACE_BOUND('',#9105,.T.);
#9105 = EDGE_LOOP('',(#9106,#9129,#9160,#9161));
#9106 = ORIENTED_EDGE('',*,*,#9107,.T.);
#9107 = EDGE_CURVE('',#9013,#9108,#9110,.T.);
#9108 = VERTEX_POINT('',#9109);
#9109 = CARTESIAN_POINT('',(415.,16.,-80.));
#9110 = SEAM_CURVE('',#9111,(#9115,#9122),.PCURVE_S1.);
#9111 = LINE('',#9112,#9113);
#9112 = CARTESIAN_POINT('',(83.,16.,-80.));
#9113 = VECTOR('',#9114,1.);
#9114 = DIRECTION('',(1.,-0.,-0.));
#9115 = PCURVE('',#9033,#9116);
#9116 = DEFINITIONAL_REPRESENTATION('',(#9117),#9121);
#9117 = LINE('',#9118,#9119);
#9118 = CARTESIAN_POINT('',(0.,0.));
#9119 = VECTOR('',#9120,1.);
#9120 = DIRECTION('',(0.,-1.));
#9121 = ( GEOMETRIC_REPRESENTATION_CONTEXT(2) 
PARAMETRIC_REPRESENTATION_CONTEXT() REPRESENTATION_CONTEXT('2D SPACE',''
  ) );
#9122 = PCURVE('',#9033,#9123);
#9123 = DEFINITIONAL_REPRESENTATION('',(#9124),#9128);
#9124 = LINE('',#9125,#9126);
#9125 = CARTESIAN_POINT('',(6.28318530718,0.));
#9126 = VECTOR('',#9127,1.);
#9127 = DIRECTION('',(0.,-1.));
#9128 = ( GEOMETRIC_REPRESENTATION_CONTEXT(2) 
PARAMETRIC_REPRESENTATION_CONTEXT() REPRESENTATION_CONTEXT('2D SPACE',''
  ) );
#9129 = ORIENTED_EDGE('',*,*,#9130,.T.);
#9130 = EDGE_CURVE('',#9108,#9108,#9131,.T.);
#9131 = SURFACE_CURVE('',#9132,(#9137,#9144),.PCURVE_S1.);
#9132 = CIRCLE('',#9133,16.);
#9133 = AXIS2_PLACEMENT_3D('',#9134,#9135,#9136);
#9134 = CARTESIAN_POINT('',(415.,0.,-80.));
#9135 = DIRECTION('',(-1.,0.,0.));
#9136 = DIRECTION('',(-0.,1.,-0.));
#9137 = PCURVE('',#9033,#9138);
#9138 = DEFINITIONAL_REPRESENTATION('',(#9139),#9143);
#9139 = LINE('',#9140,#9141);
#9140 = CARTESIAN_POINT('',(0.,-332.));
#9141 = VECTOR('',#9142,1.);
#9142 = DIRECTION('',(1.,0.));
#9143 = ( GEOMETRIC_REPRESENTATION_CONTEXT(2) 
PARAMETRIC_REPRESENTATION_CONTEXT() REPRESENTATION_CONTEXT('2D SPACE',''
  ) );
#9144 = PCURVE('',#9145,#9150);
#9145 = PLANE('',#9146);
#9146 = AXIS2_PLACEMENT_3D('',#9147,#9148,#9149);
#9147 = CARTESIAN_POINT('',(415.,-3.418600331349E-16,-80.));
#9148 = DIRECTION('',(1.,-0.,-0.));
#9149 = DIRECTION('',(0.,0.,1.));
#9150 = DEFINITIONAL_REPRESENTATION('',(#9151),#9159);
#9151 = ( BOUNDED_CURVE() B_SPLINE_CURVE(2,(#9152,#9153,#9154,#9155,
#9156,#9157,#9158),.UNSPECIFIED.,.T.,.F.) B_SPLINE_CURVE_WITH_KNOTS((1,2
    ,2,2,2,1),(-2.094395102393,0.,2.094395102393,4.188790204786,
6.28318530718,8.377580409573),.UNSPECIFIED.) CURVE() 
GEOMETRIC_REPRESENTATION_ITEM() RATIONAL_B_SPLINE_CURVE((1.,0.5,1.,0.5,
1.,0.5,1.)) REPRESENTATION_ITEM('') );
#9152 = CARTESIAN_POINT('',(-1.42108547152E-14,-16.));
#9153 = CARTESIAN_POINT('',(-27.7128129211,-16.));
#9154 = CARTESIAN_POINT('',(-13.85640646055,8.));
#9155 = CARTESIAN_POINT('',(-1.812972447247E-14,32.));
#9156 = CARTESIAN_POINT('',(13.856406460551,8.));
#9157 = CARTESIAN_POINT('',(27.712812921102,-16.));
#9158 = CARTESIAN_POINT('',(-1.42108547152E-14,-16.));
#9159 = ( GEOMETRIC_REPRESENTATION_CONTEXT(2) 
PARAMETRIC_REPRESENTATION_CONTEXT() REPRESENTATION_CONTEXT('2D SPACE',''
  ) );
#9160 = ORIENTED_EDGE('',*,*,#9107,.F.);
#9161 = ORIENTED_EDGE('',*,*,#9012,.F.);
#9162 = ADVANCED_FACE('',(#9163),#9088,.F.);
#9163 = FACE_BOUND('',#9164,.T.);
#9164 = EDGE_LOOP('',(#9165));
#9165 = ORIENTED_EDGE('',*,*,#9073,.T.);
#9166 = ADVANCED_FACE('',(#9167,#9170),#9145,.T.);
#9167 = FACE_BOUND('',#9168,.F.);
#9168 = EDGE_LOOP('',(#9169));
#9169 = ORIENTED_EDGE('',*,*,#9130,.T.);
#9170 = FACE_BOUND('',#9171,.F.);
#9171 = EDGE_LOOP('',(#9172));
#9172 = ORIENTED_EDGE('',*,*,#9173,.F.);
#9173 = EDGE_CURVE('',#9174,#9174,#9176,.T.);
#9174 = VERTEX_POINT('',#9175);
#9175 = CARTESIAN_POINT('',(415.,11.2,-80.));
#9176 = SURFACE_CURVE('',#9177,(#9182,#9193),.PCURVE_S1.);
#9177 = CIRCLE('',#9178,11.2);
#9178 = AXIS2_PLACEMENT_3D('',#9179,#9180,#9181);
#9179 = CARTESIAN_POINT('',(415.,0.,-80.));
#9180 = DIRECTION('',(-1.,0.,0.));
#9181 = DIRECTION('',(-0.,1.,-0.));
#9182 = PCURVE('',#9145,#9183);
#9183 = DEFINITIONAL_REPRESENTATION('',(#9184),#9192);
#9184 = ( BOUNDED_CURVE() B_SPLINE_CURVE(2,(#9185,#9186,#9187,#9188,
#9189,#9190,#9191),.UNSPECIFIED.,.T.,.F.) B_SPLINE_CURVE_WITH_KNOTS((1,2
    ,2,2,2,1),(-2.094395102393,0.,2.094395102393,4.188790204786,
6.28318530718,8.377580409573),.UNSPECIFIED.) CURVE() 
GEOMETRIC_REPRESENTATION_ITEM() RATIONAL_B_SPLINE_CURVE((1.,0.5,1.,0.5,
1.,0.5,1.)) REPRESENTATION_ITEM('') );
#9185 = CARTESIAN_POINT('',(-1.42108547152E-14,-11.2));
#9186 = CARTESIAN_POINT('',(-19.39896904477,-11.2));
#9187 = CARTESIAN_POINT('',(-9.699484522386,5.6));
#9188 = CARTESIAN_POINT('',(-1.695406354529E-14,22.4));
#9189 = CARTESIAN_POINT('',(9.699484522386,5.6));
#9190 = CARTESIAN_POINT('',(19.398969044771,-11.2));
#9191 = CARTESIAN_POINT('',(-1.42108547152E-14,-11.2));
#9192 = ( GEOMETRIC_REPRESENTATION_CONTEXT(2) 
PARAMETRIC_REPRESENTATION_CONTEXT() REPRESENTATION_CONTEXT('2D SPACE',''
  ) );
#9193 = PCURVE('',#9194,#9199);
#9194 = CYLINDRICAL_SURFACE('',#9195,11.2);
#9195 = AXIS2_PLACEMENT_3D('',#9196,#9197,#9198);
#9196 = CARTESIAN_POINT('',(415.,0.,-80.));
#9197 = DIRECTION('',(-1.,-0.,0.));
#9198 = DIRECTION('',(-0.,1.,-0.));
#9199 = DEFINITIONAL_REPRESENTATION('',(#9200),#9204);
#9200 = LINE('',#9201,#9202);
#9201 = CARTESIAN_POINT('',(0.,0.));
#9202 = VECTOR('',#9203,1.);
#9203 = DIRECTION('',(1.,0.));
#9204 = ( GEOMETRIC_REPRESENTATION_CONTEXT(2) 
PARAMETRIC_REPRESENTATION_CONTEXT() REPRESENTATION_CONTEXT('2D SPACE',''
  ) );
#9205 = ADVANCED_FACE('',(#9206),#9194,.T.);
#9206 = FACE_BOUND('',#9207,.T.);
#9207 = EDGE_LOOP('',(#9208,#9231,#9262,#9263));
#9208 = ORIENTED_EDGE('',*,*,#9209,.T.);
#9209 = EDGE_CURVE('',#9174,#9210,#9212,.T.);
#9210 = VERTEX_POINT('',#9211);
#9211 = CARTESIAN_POINT('',(450.,11.2,-80.));
#9212 = SEAM_CURVE('',#9213,(#9217,#9224),.PCURVE_S1.);
#9213 = LINE('',#9214,#9215);
#9214 = CARTESIAN_POINT('',(415.,11.2,-80.));
#9215 = VECTOR('',#9216,1.);
#9216 = DIRECTION('',(1.,-0.,-0.));
#9217 = PCURVE('',#9194,#9218);
#9218 = DEFINITIONAL_REPRESENTATION('',(#9219),#9223);
#9219 = LINE('',#9220,#9221);
#9220 = CARTESIAN_POINT('',(0.,0.));
#9221 = VECTOR('',#9222,1.);
#9222 = DIRECTION('',(0.,-1.));
#9223 = ( GEOMETRIC_REPRESENTATION_CONTEXT(2) 
PARAMETRIC_REPRESENTATION_CONTEXT() REPRESENTATION_CONTEXT('2D SPACE',''
  ) );
#9224 = PCURVE('',#9194,#9225);
#9225 = DEFINITIONAL_REPRESENTATION('',(#9226),#9230);
#9226 = LINE('',#9227,#9228);
#9227 = CARTESIAN_POINT('',(6.28318530718,0.));
#9228 = VECTOR('',#9229,1.);
#9229 = DIRECTION('',(0.,-1.));
#9230 = ( GEOMETRIC_REPRESENTATION_CONTEXT(2) 
PARAMETRIC_REPRESENTATION_CONTEXT() REPRESENTATION_CONTEXT('2D SPACE',''
  ) );
#9231 = ORIENTED_EDGE('',*,*,#9232,.T.);
#9232 = EDGE_CURVE('',#9210,#9210,#9233,.T.);
#9233 = SURFACE_CURVE('',#9234,(#9239,#9246),.PCURVE_S1.);
#9234 = CIRCLE('',#9235,11.2);
#9235 = AXIS2_PLACEMENT_3D('',#9236,#9237,#9238);
#9236 = CARTESIAN_POINT('',(450.,0.,-80.));
#9237 = DIRECTION('',(-1.,0.,0.));
#9238 = DIRECTION('',(-0.,1.,-0.));
#9239 = PCURVE('',#9194,#9240);
#9240 = DEFINITIONAL_REPRESENTATION('',(#9241),#9245);
#9241 = LINE('',#9242,#9243);
#9242 = CARTESIAN_POINT('',(0.,-35.));
#9243 = VECTOR('',#9244,1.);
#9244 = DIRECTION('',(1.,0.));
#9245 = ( GEOMETRIC_REPRESENTATION_CONTEXT(2) 
PARAMETRIC_REPRESENTATION_CONTEXT() REPRESENTATION_CONTEXT('2D SPACE',''
  ) );
#9246 = PCURVE('',#9247,#9252);
#9247 = PLANE('',#9248);
#9248 = AXIS2_PLACEMENT_3D('',#9249,#9250,#9251);
#9249 = CARTESIAN_POINT('',(450.,-1.465114427721E-15,-80.));
#9250 = DIRECTION('',(1.,-0.,-0.));
#9251 = DIRECTION('',(0.,0.,1.));
#9252 = DEFINITIONAL_REPRESENTATION('',(#9253),#9261);
#9253 = ( BOUNDED_CURVE() B_SPLINE_CURVE(2,(#9254,#9255,#9256,#9257,
#9258,#9259,#9260),.UNSPECIFIED.,.T.,.F.) B_SPLINE_CURVE_WITH_KNOTS((1,2
    ,2,2,2,1),(-2.094395102393,0.,2.094395102393,4.188790204786,
6.28318530718,8.377580409573),.UNSPECIFIED.) CURVE() 
GEOMETRIC_REPRESENTATION_ITEM() RATIONAL_B_SPLINE_CURVE((1.,0.5,1.,0.5,
1.,0.5,1.)) REPRESENTATION_ITEM('') );
#9254 = CARTESIAN_POINT('',(1.42108547152E-14,-11.2));
#9255 = CARTESIAN_POINT('',(-19.39896904477,-11.2));
#9256 = CARTESIAN_POINT('',(-9.699484522386,5.6));
#9257 = CARTESIAN_POINT('',(1.146764588511E-14,22.4));
#9258 = CARTESIAN_POINT('',(9.699484522386,5.6));
#9259 = CARTESIAN_POINT('',(19.398969044771,-11.2));
#9260 = CARTESIAN_POINT('',(1.42108547152E-14,-11.2));
#9261 = ( GEOMETRIC_REPRESENTATION_CONTEXT(2) 
PARAMETRIC_REPRESENTATION_CONTEXT() REPRESENTATION_CONTEXT('2D SPACE',''
  ) );
#9262 = ORIENTED_EDGE('',*,*,#9209,.F.);
#9263 = ORIENTED_EDGE('',*,*,#9173,.F.);
#9264 = ADVANCED_FACE('',(#9265),#9247,.T.);
#9265 = FACE_BOUND('',#9266,.F.);
#9266 = EDGE_LOOP('',(#9267));
#9267 = ORIENTED_EDGE('',*,*,#9232,.T.);
#9268 = ( GEOMETRIC_REPRESENTATION_CONTEXT(3) 
GLOBAL_UNCERTAINTY_ASSIGNED_CONTEXT((#9272)) 
GLOBAL_UNIT_ASSIGNED_CONTEXT((#9269,#9270,#9271)) REPRESENTATION_CONTEXT
('Context #1','3D Context with UNIT and UNCERTAINTY') );
#9269 = ( LENGTH_UNIT() NAMED_UNIT(*) SI_UNIT(.MILLI.,.METRE.) );
#9270 = ( NAMED_UNIT(*) PLANE_ANGLE_UNIT() SI_UNIT($,.RADIAN.) );
#9271 = ( NAMED_UNIT(*) SI_UNIT($,.STERADIAN.) SOLID_ANGLE_UNIT() );
#9272 = UNCERTAINTY_MEASURE_WITH_UNIT(LENGTH_MEASURE(1.E-07),#9269,
  'distance_accuracy_value','confusion accuracy');
#9273 = CONTEXT_DEPENDENT_SHAPE_REPRESENTATION(#9274,#9276);
#9274 = ( REPRESENTATION_RELATIONSHIP('','',#8867,#10) 
REPRESENTATION_RELATIONSHIP_WITH_TRANSFORMATION(#9275) 
SHAPE_REPRESENTATION_RELATIONSHIP() );
#9275 = ITEM_DEFINED_TRANSFORMATION('','',#11,#35);
#9276 = PRODUCT_DEFINITION_SHAPE('Placement','Placement of an item',
  #9277);
#9277 = NEXT_ASSEMBLY_USAGE_OCCURRENCE('6','P4-piston-rod-mirror','',#5,
  #8862,$);
#9278 = PRODUCT_RELATED_PRODUCT_CATEGORY('part',$,(#8864));
#9279 = SHAPE_DEFINITION_REPRESENTATION(#9280,#9286);
#9280 = PRODUCT_DEFINITION_SHAPE('','',#9281);
#9281 = PRODUCT_DEFINITION('design','',#9282,#9285);
#9282 = PRODUCT_DEFINITION_FORMATION('','',#9283);
#9283 = PRODUCT('P5-piston','P5-piston','',(#9284));
#9284 = PRODUCT_CONTEXT('',#2,'mechanical');
#9285 = PRODUCT_DEFINITION_CONTEXT('part definition',#2,'design');
#9286 = ADVANCED_BREP_SHAPE_REPRESENTATION('',(#11,#9287),#10065);
#9287 = MANIFOLD_SOLID_BREP('',#9288);
#9288 = CLOSED_SHELL('',(#9289,#9381,#9420,#9459,#9518,#9577,#9612,#9651
    ,#9710,#9769,#9808,#9847,#9906,#9965,#10004,#10038));
#9289 = ADVANCED_FACE('',(#9290),#9303,.T.);
#9290 = FACE_BOUND('',#9291,.F.);
#9291 = EDGE_LOOP('',(#9292,#9326,#9349,#9380));
#9292 = ORIENTED_EDGE('',*,*,#9293,.F.);
#9293 = EDGE_CURVE('',#9294,#9294,#9296,.T.);
#9294 = VERTEX_POINT('',#9295);
#9295 = CARTESIAN_POINT('',(415.,24.9,80.));
#9296 = SURFACE_CURVE('',#9297,(#9302,#9314),.PCURVE_S1.);
#9297 = CIRCLE('',#9298,24.9);
#9298 = AXIS2_PLACEMENT_3D('',#9299,#9300,#9301);
#9299 = CARTESIAN_POINT('',(415.,0.,80.));
#9300 = DIRECTION('',(1.,0.,0.));
#9301 = DIRECTION('',(0.,1.,0.));
#9302 = PCURVE('',#9303,#9308);
#9303 = CYLINDRICAL_SURFACE('',#9304,24.9);
#9304 = AXIS2_PLACEMENT_3D('',#9305,#9306,#9307);
#9305 = CARTESIAN_POINT('',(415.,0.,80.));
#9306 = DIRECTION('',(-1.,-0.,-0.));
#9307 = DIRECTION('',(0.,1.,0.));
#9308 = DEFINITIONAL_REPRESENTATION('',(#9309),#9313);
#9309 = LINE('',#9310,#9311);
#9310 = CARTESIAN_POINT('',(-0.,0.));
#9311 = VECTOR('',#9312,1.);
#9312 = DIRECTION('',(-1.,0.));
#9313 = ( GEOMETRIC_REPRESENTATION_CONTEXT(2) 
PARAMETRIC_REPRESENTATION_CONTEXT() REPRESENTATION_CONTEXT('2D SPACE',''
  ) );
#9314 = PCURVE('',#9315,#9320);
#9315 = PLANE('',#9316);
#9316 = AXIS2_PLACEMENT_3D('',#9317,#9318,#9319);
#9317 = CARTESIAN_POINT('',(415.,0.,80.));
#9318 = DIRECTION('',(1.,0.,0.));
#9319 = DIRECTION('',(-0.,0.,1.));
#9320 = DEFINITIONAL_REPRESENTATION('',(#9321),#9325);
#9321 = CIRCLE('',#9322,24.9);
#9322 = AXIS2_PLACEMENT_2D('',#9323,#9324);
#9323 = CARTESIAN_POINT('',(0.,0.));
#9324 = DIRECTION('',(0.,-1.));
#9325 = ( GEOMETRIC_REPRESENTATION_CONTEXT(2) 
PARAMETRIC_REPRESENTATION_CONTEXT() REPRESENTATION_CONTEXT('2D SPACE',''
  ) );
#9326 = ORIENTED_EDGE('',*,*,#9327,.T.);
#9327 = EDGE_CURVE('',#9294,#9328,#9330,.T.);
#9328 = VERTEX_POINT('',#9329);
#9329 = CARTESIAN_POINT('',(417.,24.9,80.));
#9330 = SEAM_CURVE('',#9331,(#9335,#9342),.PCURVE_S1.);
#9331 = LINE('',#9332,#9333);
#9332 = CARTESIAN_POINT('',(415.,24.9,80.));
#9333 = VECTOR('',#9334,1.);
#9334 = DIRECTION('',(1.,0.,0.));
#9335 = PCURVE('',#9303,#9336);
#9336 = DEFINITIONAL_REPRESENTATION('',(#9337),#9341);
#9337 = LINE('',#9338,#9339);
#9338 = CARTESIAN_POINT('',(-6.28318530718,0.));
#9339 = VECTOR('',#9340,1.);
#9340 = DIRECTION('',(-0.,-1.));
#9341 = ( GEOMETRIC_REPRESENTATION_CONTEXT(2) 
PARAMETRIC_REPRESENTATION_CONTEXT() REPRESENTATION_CONTEXT('2D SPACE',''
  ) );
#9342 = PCURVE('',#9303,#9343);
#9343 = DEFINITIONAL_REPRESENTATION('',(#9344),#9348);
#9344 = LINE('',#9345,#9346);
#9345 = CARTESIAN_POINT('',(-0.,0.));
#9346 = VECTOR('',#9347,1.);
#9347 = DIRECTION('',(-0.,-1.));
#9348 = ( GEOMETRIC_REPRESENTATION_CONTEXT(2) 
PARAMETRIC_REPRESENTATION_CONTEXT() REPRESENTATION_CONTEXT('2D SPACE',''
  ) );
#9349 = ORIENTED_EDGE('',*,*,#9350,.F.);
#9350 = EDGE_CURVE('',#9328,#9328,#9351,.T.);
#9351 = SURFACE_CURVE('',#9352,(#9357,#9364),.PCURVE_S1.);
#9352 = CIRCLE('',#9353,24.9);
#9353 = AXIS2_PLACEMENT_3D('',#9354,#9355,#9356);
#9354 = CARTESIAN_POINT('',(417.,0.,80.));
#9355 = DIRECTION('',(-1.,0.,0.));
#9356 = DIRECTION('',(0.,1.,0.));
#9357 = PCURVE('',#9303,#9358);
#9358 = DEFINITIONAL_REPRESENTATION('',(#9359),#9363);
#9359 = LINE('',#9360,#9361);
#9360 = CARTESIAN_POINT('',(-6.28318530718,-2.));
#9361 = VECTOR('',#9362,1.);
#9362 = DIRECTION('',(1.,-0.));
#9363 = ( GEOMETRIC_REPRESENTATION_CONTEXT(2) 
PARAMETRIC_REPRESENTATION_CONTEXT() REPRESENTATION_CONTEXT('2D SPACE',''
  ) );
#9364 = PCURVE('',#9365,#9370);
#9365 = PLANE('',#9366);
#9366 = AXIS2_PLACEMENT_3D('',#9367,#9368,#9369);
#9367 = CARTESIAN_POINT('',(417.,-8.415016200243E-16,80.));
#9368 = DIRECTION('',(1.,0.,0.));
#9369 = DIRECTION('',(-0.,0.,1.));
#9370 = DEFINITIONAL_REPRESENTATION('',(#9371),#9379);
#9371 = ( BOUNDED_CURVE() B_SPLINE_CURVE(2,(#9372,#9373,#9374,#9375,
#9376,#9377,#9378),.UNSPECIFIED.,.T.,.F.) B_SPLINE_CURVE_WITH_KNOTS((1,2
    ,2,2,2,1),(-2.094395102393,0.,2.094395102393,4.188790204786,
6.28318530718,8.377580409573),.UNSPECIFIED.) CURVE() 
GEOMETRIC_REPRESENTATION_ITEM() RATIONAL_B_SPLINE_CURVE((1.,0.5,1.,0.5,
1.,0.5,1.)) REPRESENTATION_ITEM('') );
#9372 = CARTESIAN_POINT('',(0.,-24.9));
#9373 = CARTESIAN_POINT('',(-43.12806510846,-24.9));
#9374 = CARTESIAN_POINT('',(-21.56403255423,12.45));
#9375 = CARTESIAN_POINT('',(-6.098741059754E-15,49.8));
#9376 = CARTESIAN_POINT('',(21.564032554233,12.45));
#9377 = CARTESIAN_POINT('',(43.128065108465,-24.9));
#9378 = CARTESIAN_POINT('',(0.,-24.9));
#9379 = ( GEOMETRIC_REPRESENTATION_CONTEXT(2) 
PARAMETRIC_REPRESENTATION_CONTEXT() REPRESENTATION_CONTEXT('2D SPACE',''
  ) );
#9380 = ORIENTED_EDGE('',*,*,#9327,.F.);
#9381 = ADVANCED_FACE('',(#9382,#9385),#9315,.F.);
#9382 = FACE_BOUND('',#9383,.F.);
#9383 = EDGE_LOOP('',(#9384));
#9384 = ORIENTED_EDGE('',*,*,#9293,.T.);
#9385 = FACE_BOUND('',#9386,.F.);
#9386 = EDGE_LOOP('',(#9387));
#9387 = ORIENTED_EDGE('',*,*,#9388,.T.);
#9388 = EDGE_CURVE('',#9389,#9389,#9391,.T.);
#9389 = VERTEX_POINT('',#9390);
#9390 = CARTESIAN_POINT('',(415.,11.25,80.));
#9391 = SURFACE_CURVE('',#9392,(#9397,#9408),.PCURVE_S1.);
#9392 = CIRCLE('',#9393,11.25);
#9393 = AXIS2_PLACEMENT_3D('',#9394,#9395,#9396);
#9394 = CARTESIAN_POINT('',(415.,0.,80.));
#9395 = DIRECTION('',(-1.,0.,0.));
#9396 = DIRECTION('',(0.,1.,0.));
#9397 = PCURVE('',#9315,#9398);
#9398 = DEFINITIONAL_REPRESENTATION('',(#9399),#9407);
#9399 = ( BOUNDED_CURVE() B_SPLINE_CURVE(2,(#9400,#9401,#9402,#9403,
#9404,#9405,#9406),.UNSPECIFIED.,.T.,.F.) B_SPLINE_CURVE_WITH_KNOTS((1,2
    ,2,2,2,1),(-2.094395102393,0.,2.094395102393,4.188790204786,
6.28318530718,8.377580409573),.UNSPECIFIED.) CURVE() 
GEOMETRIC_REPRESENTATION_ITEM() RATIONAL_B_SPLINE_CURVE((1.,0.5,1.,0.5,
1.,0.5,1.)) REPRESENTATION_ITEM('') );
#9400 = CARTESIAN_POINT('',(0.,-11.25));
#9401 = CARTESIAN_POINT('',(-19.48557158515,-11.25));
#9402 = CARTESIAN_POINT('',(-9.742785792575,5.625));
#9403 = CARTESIAN_POINT('',(-2.755455298082E-15,22.5));
#9404 = CARTESIAN_POINT('',(9.742785792575,5.625));
#9405 = CARTESIAN_POINT('',(19.48557158515,-11.25));
#9406 = CARTESIAN_POINT('',(0.,-11.25));
#9407 = ( GEOMETRIC_REPRESENTATION_CONTEXT(2) 
PARAMETRIC_REPRESENTATION_CONTEXT() REPRESENTATION_CONTEXT('2D SPACE',''
  ) );
#9408 = PCURVE('',#9409,#9414);
#9409 = CYLINDRICAL_SURFACE('',#9410,11.25);
#9410 = AXIS2_PLACEMENT_3D('',#9411,#9412,#9413);
#9411 = CARTESIAN_POINT('',(414.,0.,80.));
#9412 = DIRECTION('',(-1.,-0.,-0.));
#9413 = DIRECTION('',(0.,1.,0.));
#9414 = DEFINITIONAL_REPRESENTATION('',(#9415),#9419);
#9415 = LINE('',#9416,#9417);
#9416 = CARTESIAN_POINT('',(-6.28318530718,-1.));
#9417 = VECTOR('',#9418,1.);
#9418 = DIRECTION('',(1.,-0.));
#9419 = ( GEOMETRIC_REPRESENTATION_CONTEXT(2) 
PARAMETRIC_REPRESENTATION_CONTEXT() REPRESENTATION_CONTEXT('2D SPACE',''
  ) );
#9420 = ADVANCED_FACE('',(#9421,#9424),#9365,.T.);
#9421 = FACE_BOUND('',#9422,.T.);
#9422 = EDGE_LOOP('',(#9423));
#9423 = ORIENTED_EDGE('',*,*,#9350,.F.);
#9424 = FACE_BOUND('',#9425,.T.);
#9425 = EDGE_LOOP('',(#9426));
#9426 = ORIENTED_EDGE('',*,*,#9427,.T.);
#9427 = EDGE_CURVE('',#9428,#9428,#9430,.T.);
#9428 = VERTEX_POINT('',#9429);
#9429 = CARTESIAN_POINT('',(417.,22.5,80.));
#9430 = SURFACE_CURVE('',#9431,(#9436,#9447),.PCURVE_S1.);
#9431 = CIRCLE('',#9432,22.5);
#9432 = AXIS2_PLACEMENT_3D('',#9433,#9434,#9435);
#9433 = CARTESIAN_POINT('',(417.,0.,80.));
#9434 = DIRECTION('',(-1.,0.,0.));
#9435 = DIRECTION('',(0.,1.,0.));
#9436 = PCURVE('',#9365,#9437);
#9437 = DEFINITIONAL_REPRESENTATION('',(#9438),#9446);
#9438 = ( BOUNDED_CURVE() B_SPLINE_CURVE(2,(#9439,#9440,#9441,#9442,
#9443,#9444,#9445),.UNSPECIFIED.,.T.,.F.) B_SPLINE_CURVE_WITH_KNOTS((1,2
    ,2,2,2,1),(-2.094395102393,0.,2.094395102393,4.188790204786,
6.28318530718,8.377580409573),.UNSPECIFIED.) CURVE() 
GEOMETRIC_REPRESENTATION_ITEM() RATIONAL_B_SPLINE_CURVE((1.,0.5,1.,0.5,
1.,0.5,1.)) REPRESENTATION_ITEM('') );
#9439 = CARTESIAN_POINT('',(0.,-22.5));
#9440 = CARTESIAN_POINT('',(-38.9711431703,-22.5));
#9441 = CARTESIAN_POINT('',(-19.48557158515,11.25));
#9442 = CARTESIAN_POINT('',(-5.510910596163E-15,45.));
#9443 = CARTESIAN_POINT('',(19.48557158515,11.25));
#9444 = CARTESIAN_POINT('',(38.9711431703,-22.5));
#9445 = CARTESIAN_POINT('',(0.,-22.5));
#9446 = ( GEOMETRIC_REPRESENTATION_CONTEXT(2) 
PARAMETRIC_REPRESENTATION_CONTEXT() REPRESENTATION_CONTEXT('2D SPACE',''
  ) );
#9447 = PCURVE('',#9448,#9453);
#9448 = CYLINDRICAL_SURFACE('',#9449,22.5);
#9449 = AXIS2_PLACEMENT_3D('',#9450,#9451,#9452);
#9450 = CARTESIAN_POINT('',(416.,0.,80.));
#9451 = DIRECTION('',(-1.,-0.,-0.));
#9452 = DIRECTION('',(0.,1.,0.));
#9453 = DEFINITIONAL_REPRESENTATION('',(#9454),#9458);
#9454 = LINE('',#9455,#9456);
#9455 = CARTESIAN_POINT('',(-6.28318530718,-1.));
#9456 = VECTOR('',#9457,1.);
#9457 = DIRECTION('',(1.,-0.));
#9458 = ( GEOMETRIC_REPRESENTATION_CONTEXT(2) 
PARAMETRIC_REPRESENTATION_CONTEXT() REPRESENTATION_CONTEXT('2D SPACE',''
  ) );
#9459 = ADVANCED_FACE('',(#9460),#9409,.F.);
#9460 = FACE_BOUND('',#9461,.T.);
#9461 = EDGE_LOOP('',(#9462,#9463,#9486,#9517));
#9462 = ORIENTED_EDGE('',*,*,#9388,.T.);
#9463 = ORIENTED_EDGE('',*,*,#9464,.T.);
#9464 = EDGE_CURVE('',#9389,#9465,#9467,.T.);
#9465 = VERTEX_POINT('',#9466);
#9466 = CARTESIAN_POINT('',(450.,11.25,80.));
#9467 = SEAM_CURVE('',#9468,(#9472,#9479),.PCURVE_S1.);
#9468 = LINE('',#9469,#9470);
#9469 = CARTESIAN_POINT('',(414.,11.25,80.));
#9470 = VECTOR('',#9471,1.);
#9471 = DIRECTION('',(1.,0.,0.));
#9472 = PCURVE('',#9409,#9473);
#9473 = DEFINITIONAL_REPRESENTATION('',(#9474),#9478);
#9474 = LINE('',#9475,#9476);
#9475 = CARTESIAN_POINT('',(-6.28318530718,0.));
#9476 = VECTOR('',#9477,1.);
#9477 = DIRECTION('',(-0.,-1.));
#9478 = ( GEOMETRIC_REPRESENTATION_CONTEXT(2) 
PARAMETRIC_REPRESENTATION_CONTEXT() REPRESENTATION_CONTEXT('2D SPACE',''
  ) );
#9479 = PCURVE('',#9409,#9480);
#9480 = DEFINITIONAL_REPRESENTATION('',(#9481),#9485);
#9481 = LINE('',#9482,#9483);
#9482 = CARTESIAN_POINT('',(-0.,0.));
#9483 = VECTOR('',#9484,1.);
#9484 = DIRECTION('',(-0.,-1.));
#9485 = ( GEOMETRIC_REPRESENTATION_CONTEXT(2) 
PARAMETRIC_REPRESENTATION_CONTEXT() REPRESENTATION_CONTEXT('2D SPACE',''
  ) );
#9486 = ORIENTED_EDGE('',*,*,#9487,.F.);
#9487 = EDGE_CURVE('',#9465,#9465,#9488,.T.);
#9488 = SURFACE_CURVE('',#9489,(#9494,#9501),.PCURVE_S1.);
#9489 = CIRCLE('',#9490,11.25);
#9490 = AXIS2_PLACEMENT_3D('',#9491,#9492,#9493);
#9491 = CARTESIAN_POINT('',(450.,0.,80.));
#9492 = DIRECTION('',(-1.,0.,0.));
#9493 = DIRECTION('',(0.,1.,0.));
#9494 = PCURVE('',#9409,#9495);
#9495 = DEFINITIONAL_REPRESENTATION('',(#9496),#9500);
#9496 = LINE('',#9497,#9498);
#9497 = CARTESIAN_POINT('',(-6.28318530718,-36.));
#9498 = VECTOR('',#9499,1.);
#9499 = DIRECTION('',(1.,-0.));
#9500 = ( GEOMETRIC_REPRESENTATION_CONTEXT(2) 
PARAMETRIC_REPRESENTATION_CONTEXT() REPRESENTATION_CONTEXT('2D SPACE',''
  ) );
#9501 = PCURVE('',#9502,#9507);
#9502 = PLANE('',#9503);
#9503 = AXIS2_PLACEMENT_3D('',#9504,#9505,#9506);
#9504 = CARTESIAN_POINT('',(450.,0.,80.));
#9505 = DIRECTION('',(1.,0.,0.));
#9506 = DIRECTION('',(-0.,0.,1.));
#9507 = DEFINITIONAL_REPRESENTATION('',(#9508),#9516);
#9508 = ( BOUNDED_CURVE() B_SPLINE_CURVE(2,(#9509,#9510,#9511,#9512,
#9513,#9514,#9515),.UNSPECIFIED.,.T.,.F.) B_SPLINE_CURVE_WITH_KNOTS((1,2
    ,2,2,2,1),(-2.094395102393,0.,2.094395102393,4.188790204786,
6.28318530718,8.377580409573),.UNSPECIFIED.) CURVE() 
GEOMETRIC_REPRESENTATION_ITEM() RATIONAL_B_SPLINE_CURVE((1.,0.5,1.,0.5,
1.,0.5,1.)) REPRESENTATION_ITEM('') );
#9509 = CARTESIAN_POINT('',(0.,-11.25));
#9510 = CARTESIAN_POINT('',(-19.48557158515,-11.25));
#9511 = CARTESIAN_POINT('',(-9.742785792575,5.625));
#9512 = CARTESIAN_POINT('',(-2.755455298082E-15,22.5));
#9513 = CARTESIAN_POINT('',(9.742785792575,5.625));
#9514 = CARTESIAN_POINT('',(19.48557158515,-11.25));
#9515 = CARTESIAN_POINT('',(0.,-11.25));
#9516 = ( GEOMETRIC_REPRESENTATION_CONTEXT(2) 
PARAMETRIC_REPRESENTATION_CONTEXT() REPRESENTATION_CONTEXT('2D SPACE',''
  ) );
#9517 = ORIENTED_EDGE('',*,*,#9464,.F.);
#9518 = ADVANCED_FACE('',(#9519),#9448,.T.);
#9519 = FACE_BOUND('',#9520,.F.);
#9520 = EDGE_LOOP('',(#9521,#9522,#9545,#9576));
#9521 = ORIENTED_EDGE('',*,*,#9427,.T.);
#9522 = ORIENTED_EDGE('',*,*,#9523,.T.);
#9523 = EDGE_CURVE('',#9428,#9524,#9526,.T.);
#9524 = VERTEX_POINT('',#9525);
#9525 = CARTESIAN_POINT('',(426.7,22.5,80.));
#9526 = SEAM_CURVE('',#9527,(#9531,#9538),.PCURVE_S1.);
#9527 = LINE('',#9528,#9529);
#9528 = CARTESIAN_POINT('',(416.,22.5,80.));
#9529 = VECTOR('',#9530,1.);
#9530 = DIRECTION('',(1.,0.,0.));
#9531 = PCURVE('',#9448,#9532);
#9532 = DEFINITIONAL_REPRESENTATION('',(#9533),#9537);
#9533 = LINE('',#9534,#9535);
#9534 = CARTESIAN_POINT('',(-6.28318530718,0.));
#9535 = VECTOR('',#9536,1.);
#9536 = DIRECTION('',(-0.,-1.));
#9537 = ( GEOMETRIC_REPRESENTATION_CONTEXT(2) 
PARAMETRIC_REPRESENTATION_CONTEXT() REPRESENTATION_CONTEXT('2D SPACE',''
  ) );
#9538 = PCURVE('',#9448,#9539);
#9539 = DEFINITIONAL_REPRESENTATION('',(#9540),#9544);
#9540 = LINE('',#9541,#9542);
#9541 = CARTESIAN_POINT('',(-0.,0.));
#9542 = VECTOR('',#9543,1.);
#9543 = DIRECTION('',(-0.,-1.));
#9544 = ( GEOMETRIC_REPRESENTATION_CONTEXT(2) 
PARAMETRIC_REPRESENTATION_CONTEXT() REPRESENTATION_CONTEXT('2D SPACE',''
  ) );
#9545 = ORIENTED_EDGE('',*,*,#9546,.F.);
#9546 = EDGE_CURVE('',#9524,#9524,#9547,.T.);
#9547 = SURFACE_CURVE('',#9548,(#9553,#9560),.PCURVE_S1.);
#9548 = CIRCLE('',#9549,22.5);
#9549 = AXIS2_PLACEMENT_3D('',#9550,#9551,#9552);
#9550 = CARTESIAN_POINT('',(426.7,0.,80.));
#9551 = DIRECTION('',(-1.,0.,0.));
#9552 = DIRECTION('',(0.,1.,0.));
#9553 = PCURVE('',#9448,#9554);
#9554 = DEFINITIONAL_REPRESENTATION('',(#9555),#9559);
#9555 = LINE('',#9556,#9557);
#9556 = CARTESIAN_POINT('',(-6.28318530718,-10.7));
#9557 = VECTOR('',#9558,1.);
#9558 = DIRECTION('',(1.,-0.));
#9559 = ( GEOMETRIC_REPRESENTATION_CONTEXT(2) 
PARAMETRIC_REPRESENTATION_CONTEXT() REPRESENTATION_CONTEXT('2D SPACE',''
  ) );
#9560 = PCURVE('',#9561,#9566);
#9561 = PLANE('',#9562);
#9562 = AXIS2_PLACEMENT_3D('',#9563,#9564,#9565);
#9563 = CARTESIAN_POINT('',(426.7,-8.415016200243E-16,80.));
#9564 = DIRECTION('',(1.,0.,0.));
#9565 = DIRECTION('',(-0.,0.,1.));
#9566 = DEFINITIONAL_REPRESENTATION('',(#9567),#9575);
#9567 = ( BOUNDED_CURVE() B_SPLINE_CURVE(2,(#9568,#9569,#9570,#9571,
#9572,#9573,#9574),.UNSPECIFIED.,.T.,.F.) B_SPLINE_CURVE_WITH_KNOTS((1,2
    ,2,2,2,1),(-2.094395102393,0.,2.094395102393,4.188790204786,
6.28318530718,8.377580409573),.UNSPECIFIED.) CURVE() 
GEOMETRIC_REPRESENTATION_ITEM() RATIONAL_B_SPLINE_CURVE((1.,0.5,1.,0.5,
1.,0.5,1.)) REPRESENTATION_ITEM('') );
#9568 = CARTESIAN_POINT('',(0.,-22.5));
#9569 = CARTESIAN_POINT('',(-38.9711431703,-22.5));
#9570 = CARTESIAN_POINT('',(-19.48557158515,11.25));
#9571 = CARTESIAN_POINT('',(-5.510910596163E-15,45.));
#9572 = CARTESIAN_POINT('',(19.48557158515,11.25));
#9573 = CARTESIAN_POINT('',(38.9711431703,-22.5));
#9574 = CARTESIAN_POINT('',(0.,-22.5));
#9575 = ( GEOMETRIC_REPRESENTATION_CONTEXT(2) 
PARAMETRIC_REPRESENTATION_CONTEXT() REPRESENTATION_CONTEXT('2D SPACE',''
  ) );
#9576 = ORIENTED_EDGE('',*,*,#9523,.F.);
#9577 = ADVANCED_FACE('',(#9578,#9609),#9502,.T.);
#9578 = FACE_BOUND('',#9579,.T.);
#9579 = EDGE_LOOP('',(#9580));
#9580 = ORIENTED_EDGE('',*,*,#9581,.T.);
#9581 = EDGE_CURVE('',#9582,#9582,#9584,.T.);
#9582 = VERTEX_POINT('',#9583);
#9583 = CARTESIAN_POINT('',(450.,24.9,80.));
#9584 = SURFACE_CURVE('',#9585,(#9590,#9597),.PCURVE_S1.);
#9585 = CIRCLE('',#9586,24.9);
#9586 = AXIS2_PLACEMENT_3D('',#9587,#9588,#9589);
#9587 = CARTESIAN_POINT('',(450.,0.,80.));
#9588 = DIRECTION('',(1.,0.,0.));
#9589 = DIRECTION('',(0.,1.,0.));
#9590 = PCURVE('',#9502,#9591);
#9591 = DEFINITIONAL_REPRESENTATION('',(#9592),#9596);
#9592 = CIRCLE('',#9593,24.9);
#9593 = AXIS2_PLACEMENT_2D('',#9594,#9595);
#9594 = CARTESIAN_POINT('',(0.,0.));
#9595 = DIRECTION('',(0.,-1.));
#9596 = ( GEOMETRIC_REPRESENTATION_CONTEXT(2) 
PARAMETRIC_REPRESENTATION_CONTEXT() REPRESENTATION_CONTEXT('2D SPACE',''
  ) );
#9597 = PCURVE('',#9598,#9603);
#9598 = CYLINDRICAL_SURFACE('',#9599,24.9);
#9599 = AXIS2_PLACEMENT_3D('',#9600,#9601,#9602);
#9600 = CARTESIAN_POINT('',(415.,0.,80.));
#9601 = DIRECTION('',(-1.,-0.,-0.));
#9602 = DIRECTION('',(0.,1.,0.));
#9603 = DEFINITIONAL_REPRESENTATION('',(#9604),#9608);
#9604 = LINE('',#9605,#9606);
#9605 = CARTESIAN_POINT('',(-0.,-35.));
#9606 = VECTOR('',#9607,1.);
#9607 = DIRECTION('',(-1.,0.));
#9608 = ( GEOMETRIC_REPRESENTATION_CONTEXT(2) 
PARAMETRIC_REPRESENTATION_CONTEXT() REPRESENTATION_CONTEXT('2D SPACE',''
  ) );
#9609 = FACE_BOUND('',#9610,.T.);
#9610 = EDGE_LOOP('',(#9611));
#9611 = ORIENTED_EDGE('',*,*,#9487,.T.);
#9612 = ADVANCED_FACE('',(#9613,#9648),#9561,.F.);
#9613 = FACE_BOUND('',#9614,.F.);
#9614 = EDGE_LOOP('',(#9615));
#9615 = ORIENTED_EDGE('',*,*,#9616,.F.);
#9616 = EDGE_CURVE('',#9617,#9617,#9619,.T.);
#9617 = VERTEX_POINT('',#9618);
#9618 = CARTESIAN_POINT('',(426.7,24.9,80.));
#9619 = SURFACE_CURVE('',#9620,(#9625,#9636),.PCURVE_S1.);
#9620 = CIRCLE('',#9621,24.9);
#9621 = AXIS2_PLACEMENT_3D('',#9622,#9623,#9624);
#9622 = CARTESIAN_POINT('',(426.7,0.,80.));
#9623 = DIRECTION('',(-1.,0.,0.));
#9624 = DIRECTION('',(0.,1.,0.));
#9625 = PCURVE('',#9561,#9626);
#9626 = DEFINITIONAL_REPRESENTATION('',(#9627),#9635);
#9627 = ( BOUNDED_CURVE() B_SPLINE_CURVE(2,(#9628,#9629,#9630,#9631,
#9632,#9633,#9634),.UNSPECIFIED.,.T.,.F.) B_SPLINE_CURVE_WITH_KNOTS((1,2
    ,2,2,2,1),(-2.094395102393,0.,2.094395102393,4.188790204786,
6.28318530718,8.377580409573),.UNSPECIFIED.) CURVE() 
GEOMETRIC_REPRESENTATION_ITEM() RATIONAL_B_SPLINE_CURVE((1.,0.5,1.,0.5,
1.,0.5,1.)) REPRESENTATION_ITEM('') );
#9628 = CARTESIAN_POINT('',(0.,-24.9));
#9629 = CARTESIAN_POINT('',(-43.12806510846,-24.9));
#9630 = CARTESIAN_POINT('',(-21.56403255423,12.45));
#9631 = CARTESIAN_POINT('',(-6.098741059754E-15,49.8));
#9632 = CARTESIAN_POINT('',(21.564032554233,12.45));
#9633 = CARTESIAN_POINT('',(43.128065108465,-24.9));
#9634 = CARTESIAN_POINT('',(0.,-24.9));
#9635 = ( GEOMETRIC_REPRESENTATION_CONTEXT(2) 
PARAMETRIC_REPRESENTATION_CONTEXT() REPRESENTATION_CONTEXT('2D SPACE',''
  ) );
#9636 = PCURVE('',#9637,#9642);
#9637 = CYLINDRICAL_SURFACE('',#9638,24.9);
#9638 = AXIS2_PLACEMENT_3D('',#9639,#9640,#9641);
#9639 = CARTESIAN_POINT('',(415.,0.,80.));
#9640 = DIRECTION('',(-1.,-0.,-0.));
#9641 = DIRECTION('',(0.,1.,0.));
#9642 = DEFINITIONAL_REPRESENTATION('',(#9643),#9647);
#9643 = LINE('',#9644,#9645);
#9644 = CARTESIAN_POINT('',(-6.28318530718,-11.7));
#9645 = VECTOR('',#9646,1.);
#9646 = DIRECTION('',(1.,-0.));
#9647 = ( GEOMETRIC_REPRESENTATION_CONTEXT(2) 
PARAMETRIC_REPRESENTATION_CONTEXT() REPRESENTATION_CONTEXT('2D SPACE',''
  ) );
#9648 = FACE_BOUND('',#9649,.F.);
#9649 = EDGE_LOOP('',(#9650));
#9650 = ORIENTED_EDGE('',*,*,#9546,.T.);
#9651 = ADVANCED_FACE('',(#9652),#9598,.T.);
#9652 = FACE_BOUND('',#9653,.F.);
#9653 = EDGE_LOOP('',(#9654,#9687,#9708,#9709));
#9654 = ORIENTED_EDGE('',*,*,#9655,.T.);
#9655 = EDGE_CURVE('',#9656,#9656,#9658,.T.);
#9656 = VERTEX_POINT('',#9657);
#9657 = CARTESIAN_POINT('',(448.,24.9,80.));
#9658 = SURFACE_CURVE('',#9659,(#9664,#9671),.PCURVE_S1.);
#9659 = CIRCLE('',#9660,24.9);
#9660 = AXIS2_PLACEMENT_3D('',#9661,#9662,#9663);
#9661 = CARTESIAN_POINT('',(448.,0.,80.));
#9662 = DIRECTION('',(-1.,0.,0.));
#9663 = DIRECTION('',(0.,1.,0.));
#9664 = PCURVE('',#9598,#9665);
#9665 = DEFINITIONAL_REPRESENTATION('',(#9666),#9670);
#9666 = LINE('',#9667,#9668);
#9667 = CARTESIAN_POINT('',(-6.28318530718,-33.));
#9668 = VECTOR('',#9669,1.);
#9669 = DIRECTION('',(1.,-0.));
#9670 = ( GEOMETRIC_REPRESENTATION_CONTEXT(2) 
PARAMETRIC_REPRESENTATION_CONTEXT() REPRESENTATION_CONTEXT('2D SPACE',''
  ) );
#9671 = PCURVE('',#9672,#9677);
#9672 = PLANE('',#9673);
#9673 = AXIS2_PLACEMENT_3D('',#9674,#9675,#9676);
#9674 = CARTESIAN_POINT('',(448.,-8.415016200243E-16,80.));
#9675 = DIRECTION('',(1.,0.,0.));
#9676 = DIRECTION('',(-0.,0.,1.));
#9677 = DEFINITIONAL_REPRESENTATION('',(#9678),#9686);
#9678 = ( BOUNDED_CURVE() B_SPLINE_CURVE(2,(#9679,#9680,#9681,#9682,
#9683,#9684,#9685),.UNSPECIFIED.,.T.,.F.) B_SPLINE_CURVE_WITH_KNOTS((1,2
    ,2,2,2,1),(-2.094395102393,0.,2.094395102393,4.188790204786,
6.28318530718,8.377580409573),.UNSPECIFIED.) CURVE() 
GEOMETRIC_REPRESENTATION_ITEM() RATIONAL_B_SPLINE_CURVE((1.,0.5,1.,0.5,
1.,0.5,1.)) REPRESENTATION_ITEM('') );
#9679 = CARTESIAN_POINT('',(0.,-24.9));
#9680 = CARTESIAN_POINT('',(-43.12806510846,-24.9));
#9681 = CARTESIAN_POINT('',(-21.56403255423,12.45));
#9682 = CARTESIAN_POINT('',(-6.098741059754E-15,49.8));
#9683 = CARTESIAN_POINT('',(21.564032554233,12.45));
#9684 = CARTESIAN_POINT('',(43.128065108465,-24.9));
#9685 = CARTESIAN_POINT('',(0.,-24.9));
#9686 = ( GEOMETRIC_REPRESENTATION_CONTEXT(2) 
PARAMETRIC_REPRESENTATION_CONTEXT() REPRESENTATION_CONTEXT('2D SPACE',''
  ) );
#9687 = ORIENTED_EDGE('',*,*,#9688,.T.);
#9688 = EDGE_CURVE('',#9656,#9582,#9689,.T.);
#9689 = SEAM_CURVE('',#9690,(#9694,#9701),.PCURVE_S1.);
#9690 = LINE('',#9691,#9692);
#9691 = CARTESIAN_POINT('',(415.,24.9,80.));
#9692 = VECTOR('',#9693,1.);
#9693 = DIRECTION('',(1.,0.,0.));
#9694 = PCURVE('',#9598,#9695);
#9695 = DEFINITIONAL_REPRESENTATION('',(#9696),#9700);
#9696 = LINE('',#9697,#9698);
#9697 = CARTESIAN_POINT('',(-6.28318530718,0.));
#9698 = VECTOR('',#9699,1.);
#9699 = DIRECTION('',(-0.,-1.));
#9700 = ( GEOMETRIC_REPRESENTATION_CONTEXT(2) 
PARAMETRIC_REPRESENTATION_CONTEXT() REPRESENTATION_CONTEXT('2D SPACE',''
  ) );
#9701 = PCURVE('',#9598,#9702);
#9702 = DEFINITIONAL_REPRESENTATION('',(#9703),#9707);
#9703 = LINE('',#9704,#9705);
#9704 = CARTESIAN_POINT('',(-0.,0.));
#9705 = VECTOR('',#9706,1.);
#9706 = DIRECTION('',(-0.,-1.));
#9707 = ( GEOMETRIC_REPRESENTATION_CONTEXT(2) 
PARAMETRIC_REPRESENTATION_CONTEXT() REPRESENTATION_CONTEXT('2D SPACE',''
  ) );
#9708 = ORIENTED_EDGE('',*,*,#9581,.T.);
#9709 = ORIENTED_EDGE('',*,*,#9688,.F.);
#9710 = ADVANCED_FACE('',(#9711),#9637,.T.);
#9711 = FACE_BOUND('',#9712,.F.);
#9712 = EDGE_LOOP('',(#9713,#9736,#9737,#9738));
#9713 = ORIENTED_EDGE('',*,*,#9714,.F.);
#9714 = EDGE_CURVE('',#9617,#9715,#9717,.T.);
#9715 = VERTEX_POINT('',#9716);
#9716 = CARTESIAN_POINT('',(430.4,24.9,80.));
#9717 = SEAM_CURVE('',#9718,(#9722,#9729),.PCURVE_S1.);
#9718 = LINE('',#9719,#9720);
#9719 = CARTESIAN_POINT('',(415.,24.9,80.));
#9720 = VECTOR('',#9721,1.);
#9721 = DIRECTION('',(1.,0.,0.));
#9722 = PCURVE('',#9637,#9723);
#9723 = DEFINITIONAL_REPRESENTATION('',(#9724),#9728);
#9724 = LINE('',#9725,#9726);
#9725 = CARTESIAN_POINT('',(-6.28318530718,0.));
#9726 = VECTOR('',#9727,1.);
#9727 = DIRECTION('',(-0.,-1.));
#9728 = ( GEOMETRIC_REPRESENTATION_CONTEXT(2) 
PARAMETRIC_REPRESENTATION_CONTEXT() REPRESENTATION_CONTEXT('2D SPACE',''
  ) );
#9729 = PCURVE('',#9637,#9730);
#9730 = DEFINITIONAL_REPRESENTATION('',(#9731),#9735);
#9731 = LINE('',#9732,#9733);
#9732 = CARTESIAN_POINT('',(-0.,0.));
#9733 = VECTOR('',#9734,1.);
#9734 = DIRECTION('',(-0.,-1.));
#9735 = ( GEOMETRIC_REPRESENTATION_CONTEXT(2) 
PARAMETRIC_REPRESENTATION_CONTEXT() REPRESENTATION_CONTEXT('2D SPACE',''
  ) );
#9736 = ORIENTED_EDGE('',*,*,#9616,.T.);
#9737 = ORIENTED_EDGE('',*,*,#9714,.T.);
#9738 = ORIENTED_EDGE('',*,*,#9739,.F.);
#9739 = EDGE_CURVE('',#9715,#9715,#9740,.T.);
#9740 = SURFACE_CURVE('',#9741,(#9746,#9753),.PCURVE_S1.);
#9741 = CIRCLE('',#9742,24.9);
#9742 = AXIS2_PLACEMENT_3D('',#9743,#9744,#9745);
#9743 = CARTESIAN_POINT('',(430.4,0.,80.));
#9744 = DIRECTION('',(-1.,0.,0.));
#9745 = DIRECTION('',(0.,1.,0.));
#9746 = PCURVE('',#9637,#9747);
#9747 = DEFINITIONAL_REPRESENTATION('',(#9748),#9752);
#9748 = LINE('',#9749,#9750);
#9749 = CARTESIAN_POINT('',(-6.28318530718,-15.4));
#9750 = VECTOR('',#9751,1.);
#9751 = DIRECTION('',(1.,-0.));
#9752 = ( GEOMETRIC_REPRESENTATION_CONTEXT(2) 
PARAMETRIC_REPRESENTATION_CONTEXT() REPRESENTATION_CONTEXT('2D SPACE',''
  ) );
#9753 = PCURVE('',#9754,#9759);
#9754 = PLANE('',#9755);
#9755 = AXIS2_PLACEMENT_3D('',#9756,#9757,#9758);
#9756 = CARTESIAN_POINT('',(430.4,-8.415016200243E-16,80.));
#9757 = DIRECTION('',(1.,0.,0.));
#9758 = DIRECTION('',(-0.,0.,1.));
#9759 = DEFINITIONAL_REPRESENTATION('',(#9760),#9768);
#9760 = ( BOUNDED_CURVE() B_SPLINE_CURVE(2,(#9761,#9762,#9763,#9764,
#9765,#9766,#9767),.UNSPECIFIED.,.T.,.F.) B_SPLINE_CURVE_WITH_KNOTS((1,2
    ,2,2,2,1),(-2.094395102393,0.,2.094395102393,4.188790204786,
6.28318530718,8.377580409573),.UNSPECIFIED.) CURVE() 
GEOMETRIC_REPRESENTATION_ITEM() RATIONAL_B_SPLINE_CURVE((1.,0.5,1.,0.5,
1.,0.5,1.)) REPRESENTATION_ITEM('') );
#9761 = CARTESIAN_POINT('',(0.,-24.9));
#9762 = CARTESIAN_POINT('',(-43.12806510846,-24.9));
#9763 = CARTESIAN_POINT('',(-21.56403255423,12.45));
#9764 = CARTESIAN_POINT('',(-6.098741059754E-15,49.8));
#9765 = CARTESIAN_POINT('',(21.564032554233,12.45));
#9766 = CARTESIAN_POINT('',(43.128065108465,-24.9));
#9767 = CARTESIAN_POINT('',(0.,-24.9));
#9768 = ( GEOMETRIC_REPRESENTATION_CONTEXT(2) 
PARAMETRIC_REPRESENTATION_CONTEXT() REPRESENTATION_CONTEXT('2D SPACE',''
  ) );
#9769 = ADVANCED_FACE('',(#9770,#9773),#9672,.F.);
#9770 = FACE_BOUND('',#9771,.F.);
#9771 = EDGE_LOOP('',(#9772));
#9772 = ORIENTED_EDGE('',*,*,#9655,.F.);
#9773 = FACE_BOUND('',#9774,.F.);
#9774 = EDGE_LOOP('',(#9775));
#9775 = ORIENTED_EDGE('',*,*,#9776,.T.);
#9776 = EDGE_CURVE('',#9777,#9777,#9779,.T.);
#9777 = VERTEX_POINT('',#9778);
#9778 = CARTESIAN_POINT('',(448.,22.5,80.));
#9779 = SURFACE_CURVE('',#9780,(#9785,#9796),.PCURVE_S1.);
#9780 = CIRCLE('',#9781,22.5);
#9781 = AXIS2_PLACEMENT_3D('',#9782,#9783,#9784);
#9782 = CARTESIAN_POINT('',(448.,0.,80.));
#9783 = DIRECTION('',(-1.,0.,0.));
#9784 = DIRECTION('',(0.,1.,0.));
#9785 = PCURVE('',#9672,#9786);
#9786 = DEFINITIONAL_REPRESENTATION('',(#9787),#9795);
#9787 = ( BOUNDED_CURVE() B_SPLINE_CURVE(2,(#9788,#9789,#9790,#9791,
#9792,#9793,#9794),.UNSPECIFIED.,.T.,.F.) B_SPLINE_CURVE_WITH_KNOTS((1,2
    ,2,2,2,1),(-2.094395102393,0.,2.094395102393,4.188790204786,
6.28318530718,8.377580409573),.UNSPECIFIED.) CURVE() 
GEOMETRIC_REPRESENTATION_ITEM() RATIONAL_B_SPLINE_CURVE((1.,0.5,1.,0.5,
1.,0.5,1.)) REPRESENTATION_ITEM('') );
#9788 = CARTESIAN_POINT('',(0.,-22.5));
#9789 = CARTESIAN_POINT('',(-38.9711431703,-22.5));
#9790 = CARTESIAN_POINT('',(-19.48557158515,11.25));
#9791 = CARTESIAN_POINT('',(-5.510910596163E-15,45.));
#9792 = CARTESIAN_POINT('',(19.48557158515,11.25));
#9793 = CARTESIAN_POINT('',(38.9711431703,-22.5));
#9794 = CARTESIAN_POINT('',(0.,-22.5));
#9795 = ( GEOMETRIC_REPRESENTATION_CONTEXT(2) 
PARAMETRIC_REPRESENTATION_CONTEXT() REPRESENTATION_CONTEXT('2D SPACE',''
  ) );
#9796 = PCURVE('',#9797,#9802);
#9797 = CYLINDRICAL_SURFACE('',#9798,22.5);
#9798 = AXIS2_PLACEMENT_3D('',#9799,#9800,#9801);
#9799 = CARTESIAN_POINT('',(437.3,0.,80.));
#9800 = DIRECTION('',(-1.,-0.,-0.));
#9801 = DIRECTION('',(0.,1.,0.));
#9802 = DEFINITIONAL_REPRESENTATION('',(#9803),#9807);
#9803 = LINE('',#9804,#9805);
#9804 = CARTESIAN_POINT('',(-6.28318530718,-10.7));
#9805 = VECTOR('',#9806,1.);
#9806 = DIRECTION('',(1.,-0.));
#9807 = ( GEOMETRIC_REPRESENTATION_CONTEXT(2) 
PARAMETRIC_REPRESENTATION_CONTEXT() REPRESENTATION_CONTEXT('2D SPACE',''
  ) );
#9808 = ADVANCED_FACE('',(#9809,#9812),#9754,.T.);
#9809 = FACE_BOUND('',#9810,.T.);
#9810 = EDGE_LOOP('',(#9811));
#9811 = ORIENTED_EDGE('',*,*,#9739,.F.);
#9812 = FACE_BOUND('',#9813,.T.);
#9813 = EDGE_LOOP('',(#9814));
#9814 = ORIENTED_EDGE('',*,*,#9815,.T.);
#9815 = EDGE_CURVE('',#9816,#9816,#9818,.T.);
#9816 = VERTEX_POINT('',#9817);
#9817 = CARTESIAN_POINT('',(430.4,19.35,80.));
#9818 = SURFACE_CURVE('',#9819,(#9824,#9835),.PCURVE_S1.);
#9819 = CIRCLE('',#9820,19.35);
#9820 = AXIS2_PLACEMENT_3D('',#9821,#9822,#9823);
#9821 = CARTESIAN_POINT('',(430.4,0.,80.));
#9822 = DIRECTION('',(-1.,0.,0.));
#9823 = DIRECTION('',(0.,1.,0.));
#9824 = PCURVE('',#9754,#9825);
#9825 = DEFINITIONAL_REPRESENTATION('',(#9826),#9834);
#9826 = ( BOUNDED_CURVE() B_SPLINE_CURVE(2,(#9827,#9828,#9829,#9830,
#9831,#9832,#9833),.UNSPECIFIED.,.T.,.F.) B_SPLINE_CURVE_WITH_KNOTS((1,2
    ,2,2,2,1),(-2.094395102393,0.,2.094395102393,4.188790204786,
6.28318530718,8.377580409573),.UNSPECIFIED.) CURVE() 
GEOMETRIC_REPRESENTATION_ITEM() RATIONAL_B_SPLINE_CURVE((1.,0.5,1.,0.5,
1.,0.5,1.)) REPRESENTATION_ITEM('') );
#9827 = CARTESIAN_POINT('',(0.,-19.35));
#9828 = CARTESIAN_POINT('',(-33.51518312645,-19.35));
#9829 = CARTESIAN_POINT('',(-16.75759156322,9.675));
#9830 = CARTESIAN_POINT('',(-4.7393831127E-15,38.7));
#9831 = CARTESIAN_POINT('',(16.757591563229,9.675));
#9832 = CARTESIAN_POINT('',(33.515183126458,-19.35));
#9833 = CARTESIAN_POINT('',(0.,-19.35));
#9834 = ( GEOMETRIC_REPRESENTATION_CONTEXT(2) 
PARAMETRIC_REPRESENTATION_CONTEXT() REPRESENTATION_CONTEXT('2D SPACE',''
  ) );
#9835 = PCURVE('',#9836,#9841);
#9836 = CYLINDRICAL_SURFACE('',#9837,19.35);
#9837 = AXIS2_PLACEMENT_3D('',#9838,#9839,#9840);
#9838 = CARTESIAN_POINT('',(429.4,0.,80.));
#9839 = DIRECTION('',(-1.,-0.,-0.));
#9840 = DIRECTION('',(0.,1.,0.));
#9841 = DEFINITIONAL_REPRESENTATION('',(#9842),#9846);
#9842 = LINE('',#9843,#9844);
#9843 = CARTESIAN_POINT('',(-6.28318530718,-1.));
#9844 = VECTOR('',#9845,1.);
#9845 = DIRECTION('',(1.,-0.));
#9846 = ( GEOMETRIC_REPRESENTATION_CONTEXT(2) 
PARAMETRIC_REPRESENTATION_CONTEXT() REPRESENTATION_CONTEXT('2D SPACE',''
  ) );
#9847 = ADVANCED_FACE('',(#9848),#9797,.T.);
#9848 = FACE_BOUND('',#9849,.F.);
#9849 = EDGE_LOOP('',(#9850,#9883,#9904,#9905));
#9850 = ORIENTED_EDGE('',*,*,#9851,.T.);
#9851 = EDGE_CURVE('',#9852,#9852,#9854,.T.);
#9852 = VERTEX_POINT('',#9853);
#9853 = CARTESIAN_POINT('',(438.3,22.5,80.));
#9854 = SURFACE_CURVE('',#9855,(#9860,#9867),.PCURVE_S1.);
#9855 = CIRCLE('',#9856,22.5);
#9856 = AXIS2_PLACEMENT_3D('',#9857,#9858,#9859);
#9857 = CARTESIAN_POINT('',(438.3,0.,80.));
#9858 = DIRECTION('',(-1.,0.,0.));
#9859 = DIRECTION('',(0.,1.,0.));
#9860 = PCURVE('',#9797,#9861);
#9861 = DEFINITIONAL_REPRESENTATION('',(#9862),#9866);
#9862 = LINE('',#9863,#9864);
#9863 = CARTESIAN_POINT('',(-6.28318530718,-1.));
#9864 = VECTOR('',#9865,1.);
#9865 = DIRECTION('',(1.,-0.));
#9866 = ( GEOMETRIC_REPRESENTATION_CONTEXT(2) 
PARAMETRIC_REPRESENTATION_CONTEXT() REPRESENTATION_CONTEXT('2D SPACE',''
  ) );
#9867 = PCURVE('',#9868,#9873);
#9868 = PLANE('',#9869);
#9869 = AXIS2_PLACEMENT_3D('',#9870,#9871,#9872);
#9870 = CARTESIAN_POINT('',(438.3,-8.415016200243E-16,80.));
#9871 = DIRECTION('',(1.,0.,0.));
#9872 = DIRECTION('',(-0.,0.,1.));
#9873 = DEFINITIONAL_REPRESENTATION('',(#9874),#9882);
#9874 = ( BOUNDED_CURVE() B_SPLINE_CURVE(2,(#9875,#9876,#9877,#9878,
#9879,#9880,#9881),.UNSPECIFIED.,.T.,.F.) B_SPLINE_CURVE_WITH_KNOTS((1,2
    ,2,2,2,1),(-2.094395102393,0.,2.094395102393,4.188790204786,
6.28318530718,8.377580409573),.UNSPECIFIED.) CURVE() 
GEOMETRIC_REPRESENTATION_ITEM() RATIONAL_B_SPLINE_CURVE((1.,0.5,1.,0.5,
1.,0.5,1.)) REPRESENTATION_ITEM('') );
#9875 = CARTESIAN_POINT('',(0.,-22.5));
#9876 = CARTESIAN_POINT('',(-38.9711431703,-22.5));
#9877 = CARTESIAN_POINT('',(-19.48557158515,11.25));
#9878 = CARTESIAN_POINT('',(-5.510910596163E-15,45.));
#9879 = CARTESIAN_POINT('',(19.48557158515,11.25));
#9880 = CARTESIAN_POINT('',(38.9711431703,-22.5));
#9881 = CARTESIAN_POINT('',(0.,-22.5));
#9882 = ( GEOMETRIC_REPRESENTATION_CONTEXT(2) 
PARAMETRIC_REPRESENTATION_CONTEXT() REPRESENTATION_CONTEXT('2D SPACE',''
  ) );
#9883 = ORIENTED_EDGE('',*,*,#9884,.T.);
#9884 = EDGE_CURVE('',#9852,#9777,#9885,.T.);
#9885 = SEAM_CURVE('',#9886,(#9890,#9897),.PCURVE_S1.);
#9886 = LINE('',#9887,#9888);
#9887 = CARTESIAN_POINT('',(437.3,22.5,80.));
#9888 = VECTOR('',#9889,1.);
#9889 = DIRECTION('',(1.,0.,0.));
#9890 = PCURVE('',#9797,#9891);
#9891 = DEFINITIONAL_REPRESENTATION('',(#9892),#9896);
#9892 = LINE('',#9893,#9894);
#9893 = CARTESIAN_POINT('',(-6.28318530718,0.));
#9894 = VECTOR('',#9895,1.);
#9895 = DIRECTION('',(-0.,-1.));
#9896 = ( GEOMETRIC_REPRESENTATION_CONTEXT(2) 
PARAMETRIC_REPRESENTATION_CONTEXT() REPRESENTATION_CONTEXT('2D SPACE',''
  ) );
#9897 = PCURVE('',#9797,#9898);
#9898 = DEFINITIONAL_REPRESENTATION('',(#9899),#9903);
#9899 = LINE('',#9900,#9901);
#9900 = CARTESIAN_POINT('',(-0.,0.));
#9901 = VECTOR('',#9902,1.);
#9902 = DIRECTION('',(-0.,-1.));
#9903 = ( GEOMETRIC_REPRESENTATION_CONTEXT(2) 
PARAMETRIC_REPRESENTATION_CONTEXT() REPRESENTATION_CONTEXT('2D SPACE',''
  ) );
#9904 = ORIENTED_EDGE('',*,*,#9776,.F.);
#9905 = ORIENTED_EDGE('',*,*,#9884,.F.);
#9906 = ADVANCED_FACE('',(#9907),#9836,.T.);
#9907 = FACE_BOUND('',#9908,.F.);
#9908 = EDGE_LOOP('',(#9909,#9910,#9933,#9964));
#9909 = ORIENTED_EDGE('',*,*,#9815,.T.);
#9910 = ORIENTED_EDGE('',*,*,#9911,.T.);
#9911 = EDGE_CURVE('',#9816,#9912,#9914,.T.);
#9912 = VERTEX_POINT('',#9913);
#9913 = CARTESIAN_POINT('',(434.6,19.35,80.));
#9914 = SEAM_CURVE('',#9915,(#9919,#9926),.PCURVE_S1.);
#9915 = LINE('',#9916,#9917);
#9916 = CARTESIAN_POINT('',(429.4,19.35,80.));
#9917 = VECTOR('',#9918,1.);
#9918 = DIRECTION('',(1.,0.,0.));
#9919 = PCURVE('',#9836,#9920);
#9920 = DEFINITIONAL_REPRESENTATION('',(#9921),#9925);
#9921 = LINE('',#9922,#9923);
#9922 = CARTESIAN_POINT('',(-6.28318530718,0.));
#9923 = VECTOR('',#9924,1.);
#9924 = DIRECTION('',(-0.,-1.));
#9925 = ( GEOMETRIC_REPRESENTATION_CONTEXT(2) 
PARAMETRIC_REPRESENTATION_CONTEXT() REPRESENTATION_CONTEXT('2D SPACE',''
  ) );
#9926 = PCURVE('',#9836,#9927);
#9927 = DEFINITIONAL_REPRESENTATION('',(#9928),#9932);
#9928 = LINE('',#9929,#9930);
#9929 = CARTESIAN_POINT('',(-0.,0.));
#9930 = VECTOR('',#9931,1.);
#9931 = DIRECTION('',(-0.,-1.));
#9932 = ( GEOMETRIC_REPRESENTATION_CONTEXT(2) 
PARAMETRIC_REPRESENTATION_CONTEXT() REPRESENTATION_CONTEXT('2D SPACE',''
  ) );
#9933 = ORIENTED_EDGE('',*,*,#9934,.F.);
#9934 = EDGE_CURVE('',#9912,#9912,#9935,.T.);
#9935 = SURFACE_CURVE('',#9936,(#9941,#9948),.PCURVE_S1.);
#9936 = CIRCLE('',#9937,19.35);
#9937 = AXIS2_PLACEMENT_3D('',#9938,#9939,#9940);
#9938 = CARTESIAN_POINT('',(434.6,0.,80.));
#9939 = DIRECTION('',(-1.,0.,0.));
#9940 = DIRECTION('',(0.,1.,0.));
#9941 = PCURVE('',#9836,#9942);
#9942 = DEFINITIONAL_REPRESENTATION('',(#9943),#9947);
#9943 = LINE('',#9944,#9945);
#9944 = CARTESIAN_POINT('',(-6.28318530718,-5.2));
#9945 = VECTOR('',#9946,1.);
#9946 = DIRECTION('',(1.,-0.));
#9947 = ( GEOMETRIC_REPRESENTATION_CONTEXT(2) 
PARAMETRIC_REPRESENTATION_CONTEXT() REPRESENTATION_CONTEXT('2D SPACE',''
  ) );
#9948 = PCURVE('',#9949,#9954);
#9949 = PLANE('',#9950);
#9950 = AXIS2_PLACEMENT_3D('',#9951,#9952,#9953);
#9951 = CARTESIAN_POINT('',(434.6,-8.415016200243E-16,80.));
#9952 = DIRECTION('',(1.,0.,0.));
#9953 = DIRECTION('',(-0.,0.,1.));
#9954 = DEFINITIONAL_REPRESENTATION('',(#9955),#9963);
#9955 = ( BOUNDED_CURVE() B_SPLINE_CURVE(2,(#9956,#9957,#9958,#9959,
#9960,#9961,#9962),.UNSPECIFIED.,.T.,.F.) B_SPLINE_CURVE_WITH_KNOTS((1,2
    ,2,2,2,1),(-2.094395102393,0.,2.094395102393,4.188790204786,
6.28318530718,8.377580409573),.UNSPECIFIED.) CURVE() 
GEOMETRIC_REPRESENTATION_ITEM() RATIONAL_B_SPLINE_CURVE((1.,0.5,1.,0.5,
1.,0.5,1.)) REPRESENTATION_ITEM('') );
#9956 = CARTESIAN_POINT('',(0.,-19.35));
#9957 = CARTESIAN_POINT('',(-33.51518312645,-19.35));
#9958 = CARTESIAN_POINT('',(-16.75759156322,9.675));
#9959 = CARTESIAN_POINT('',(-4.7393831127E-15,38.7));
#9960 = CARTESIAN_POINT('',(16.757591563229,9.675));
#9961 = CARTESIAN_POINT('',(33.515183126458,-19.35));
#9962 = CARTESIAN_POINT('',(0.,-19.35));
#9963 = ( GEOMETRIC_REPRESENTATION_CONTEXT(2) 
PARAMETRIC_REPRESENTATION_CONTEXT() REPRESENTATION_CONTEXT('2D SPACE',''
  ) );
#9964 = ORIENTED_EDGE('',*,*,#9911,.F.);
#9965 = ADVANCED_FACE('',(#9966,#10001),#9868,.T.);
#9966 = FACE_BOUND('',#9967,.T.);
#9967 = EDGE_LOOP('',(#9968));
#9968 = ORIENTED_EDGE('',*,*,#9969,.F.);
#9969 = EDGE_CURVE('',#9970,#9970,#9972,.T.);
#9970 = VERTEX_POINT('',#9971);
#9971 = CARTESIAN_POINT('',(438.3,24.9,80.));
#9972 = SURFACE_CURVE('',#9973,(#9978,#9989),.PCURVE_S1.);
#9973 = CIRCLE('',#9974,24.9);
#9974 = AXIS2_PLACEMENT_3D('',#9975,#9976,#9977);
#9975 = CARTESIAN_POINT('',(438.3,0.,80.));
#9976 = DIRECTION('',(-1.,0.,0.));
#9977 = DIRECTION('',(0.,1.,0.));
#9978 = PCURVE('',#9868,#9979);
#9979 = DEFINITIONAL_REPRESENTATION('',(#9980),#9988);
#9980 = ( BOUNDED_CURVE() B_SPLINE_CURVE(2,(#9981,#9982,#9983,#9984,
#9985,#9986,#9987),.UNSPECIFIED.,.T.,.F.) B_SPLINE_CURVE_WITH_KNOTS((1,2
    ,2,2,2,1),(-2.094395102393,0.,2.094395102393,4.188790204786,
6.28318530718,8.377580409573),.UNSPECIFIED.) CURVE() 
GEOMETRIC_REPRESENTATION_ITEM() RATIONAL_B_SPLINE_CURVE((1.,0.5,1.,0.5,
1.,0.5,1.)) REPRESENTATION_ITEM('') );
#9981 = CARTESIAN_POINT('',(0.,-24.9));
#9982 = CARTESIAN_POINT('',(-43.12806510846,-24.9));
#9983 = CARTESIAN_POINT('',(-21.56403255423,12.45));
#9984 = CARTESIAN_POINT('',(-6.098741059754E-15,49.8));
#9985 = CARTESIAN_POINT('',(21.564032554233,12.45));
#9986 = CARTESIAN_POINT('',(43.128065108465,-24.9));
#9987 = CARTESIAN_POINT('',(0.,-24.9));
#9988 = ( GEOMETRIC_REPRESENTATION_CONTEXT(2) 
PARAMETRIC_REPRESENTATION_CONTEXT() REPRESENTATION_CONTEXT('2D SPACE',''
  ) );
#9989 = PCURVE('',#9990,#9995);
#9990 = CYLINDRICAL_SURFACE('',#9991,24.9);
#9991 = AXIS2_PLACEMENT_3D('',#9992,#9993,#9994);
#9992 = CARTESIAN_POINT('',(415.,0.,80.));
#9993 = DIRECTION('',(-1.,-0.,-0.));
#9994 = DIRECTION('',(0.,1.,0.));
#9995 = DEFINITIONAL_REPRESENTATION('',(#9996),#10000);
#9996 = LINE('',#9997,#9998);
#9997 = CARTESIAN_POINT('',(-6.28318530718,-23.3));
#9998 = VECTOR('',#9999,1.);
#9999 = DIRECTION('',(1.,-0.));
#10000 = ( GEOMETRIC_REPRESENTATION_CONTEXT(2) 
PARAMETRIC_REPRESENTATION_CONTEXT() REPRESENTATION_CONTEXT('2D SPACE',''
  ) );
#10001 = FACE_BOUND('',#10002,.T.);
#10002 = EDGE_LOOP('',(#10003));
#10003 = ORIENTED_EDGE('',*,*,#9851,.T.);
#10004 = ADVANCED_FACE('',(#10005,#10035),#9949,.F.);
#10005 = FACE_BOUND('',#10006,.F.);
#10006 = EDGE_LOOP('',(#10007));
#10007 = ORIENTED_EDGE('',*,*,#10008,.F.);
#10008 = EDGE_CURVE('',#10009,#10009,#10011,.T.);
#10009 = VERTEX_POINT('',#10010);
#10010 = CARTESIAN_POINT('',(434.6,24.9,80.));
#10011 = SURFACE_CURVE('',#10012,(#10017,#10028),.PCURVE_S1.);
#10012 = CIRCLE('',#10013,24.9);
#10013 = AXIS2_PLACEMENT_3D('',#10014,#10015,#10016);
#10014 = CARTESIAN_POINT('',(434.6,0.,80.));
#10015 = DIRECTION('',(-1.,0.,0.));
#10016 = DIRECTION('',(0.,1.,0.));
#10017 = PCURVE('',#9949,#10018);
#10018 = DEFINITIONAL_REPRESENTATION('',(#10019),#10027);
#10019 = ( BOUNDED_CURVE() B_SPLINE_CURVE(2,(#10020,#10021,#10022,#10023
    ,#10024,#10025,#10026),.UNSPECIFIED.,.T.,.F.) 
B_SPLINE_CURVE_WITH_KNOTS((1,2,2,2,2,1),(-2.094395102393,0.,
    2.094395102393,4.188790204786,6.28318530718,8.377580409573),
.UNSPECIFIED.) CURVE() GEOMETRIC_REPRESENTATION_ITEM() 
RATIONAL_B_SPLINE_CURVE((1.,0.5,1.,0.5,1.,0.5,1.)) REPRESENTATION_ITEM(
  '') );
#10020 = CARTESIAN_POINT('',(0.,-24.9));
#10021 = CARTESIAN_POINT('',(-43.12806510846,-24.9));
#10022 = CARTESIAN_POINT('',(-21.56403255423,12.45));
#10023 = CARTESIAN_POINT('',(-6.098741059754E-15,49.8));
#10024 = CARTESIAN_POINT('',(21.564032554233,12.45));
#10025 = CARTESIAN_POINT('',(43.128065108465,-24.9));
#10026 = CARTESIAN_POINT('',(0.,-24.9));
#10027 = ( GEOMETRIC_REPRESENTATION_CONTEXT(2) 
PARAMETRIC_REPRESENTATION_CONTEXT() REPRESENTATION_CONTEXT('2D SPACE',''
  ) );
#10028 = PCURVE('',#9990,#10029);
#10029 = DEFINITIONAL_REPRESENTATION('',(#10030),#10034);
#10030 = LINE('',#10031,#10032);
#10031 = CARTESIAN_POINT('',(-6.28318530718,-19.6));
#10032 = VECTOR('',#10033,1.);
#10033 = DIRECTION('',(1.,-0.));
#10034 = ( GEOMETRIC_REPRESENTATION_CONTEXT(2) 
PARAMETRIC_REPRESENTATION_CONTEXT() REPRESENTATION_CONTEXT('2D SPACE',''
  ) );
#10035 = FACE_BOUND('',#10036,.F.);
#10036 = EDGE_LOOP('',(#10037));
#10037 = ORIENTED_EDGE('',*,*,#9934,.T.);
#10038 = ADVANCED_FACE('',(#10039),#9990,.T.);
#10039 = FACE_BOUND('',#10040,.F.);
#10040 = EDGE_LOOP('',(#10041,#10062,#10063,#10064));
#10041 = ORIENTED_EDGE('',*,*,#10042,.F.);
#10042 = EDGE_CURVE('',#10009,#9970,#10043,.T.);
#10043 = SEAM_CURVE('',#10044,(#10048,#10055),.PCURVE_S1.);
#10044 = LINE('',#10045,#10046);
#10045 = CARTESIAN_POINT('',(415.,24.9,80.));
#10046 = VECTOR('',#10047,1.);
#10047 = DIRECTION('',(1.,0.,0.));
#10048 = PCURVE('',#9990,#10049);
#10049 = DEFINITIONAL_REPRESENTATION('',(#10050),#10054);
#10050 = LINE('',#10051,#10052);
#10051 = CARTESIAN_POINT('',(-6.28318530718,0.));
#10052 = VECTOR('',#10053,1.);
#10053 = DIRECTION('',(-0.,-1.));
#10054 = ( GEOMETRIC_REPRESENTATION_CONTEXT(2) 
PARAMETRIC_REPRESENTATION_CONTEXT() REPRESENTATION_CONTEXT('2D SPACE',''
  ) );
#10055 = PCURVE('',#9990,#10056);
#10056 = DEFINITIONAL_REPRESENTATION('',(#10057),#10061);
#10057 = LINE('',#10058,#10059);
#10058 = CARTESIAN_POINT('',(-0.,0.));
#10059 = VECTOR('',#10060,1.);
#10060 = DIRECTION('',(-0.,-1.));
#10061 = ( GEOMETRIC_REPRESENTATION_CONTEXT(2) 
PARAMETRIC_REPRESENTATION_CONTEXT() REPRESENTATION_CONTEXT('2D SPACE',''
  ) );
#10062 = ORIENTED_EDGE('',*,*,#10008,.T.);
#10063 = ORIENTED_EDGE('',*,*,#10042,.T.);
#10064 = ORIENTED_EDGE('',*,*,#9969,.F.);
#10065 = ( GEOMETRIC_REPRESENTATION_CONTEXT(3) 
GLOBAL_UNCERTAINTY_ASSIGNED_CONTEXT((#10069)) 
GLOBAL_UNIT_ASSIGNED_CONTEXT((#10066,#10067,#10068)) 
REPRESENTATION_CONTEXT('Context #1',
  '3D Context with UNIT and UNCERTAINTY') );
#10066 = ( LENGTH_UNIT() NAMED_UNIT(*) SI_UNIT(.MILLI.,.METRE.) );
#10067 = ( NAMED_UNIT(*) PLANE_ANGLE_UNIT() SI_UNIT($,.RADIAN.) );
#10068 = ( NAMED_UNIT(*) SI_UNIT($,.STERADIAN.) SOLID_ANGLE_UNIT() );
#10069 = UNCERTAINTY_MEASURE_WITH_UNIT(LENGTH_MEASURE(1.E-07),#10066,
  'distance_accuracy_value','confusion accuracy');
#10070 = CONTEXT_DEPENDENT_SHAPE_REPRESENTATION(#10071,#10073);
#10071 = ( REPRESENTATION_RELATIONSHIP('','',#9286,#10) 
REPRESENTATION_RELATIONSHIP_WITH_TRANSFORMATION(#10072) 
SHAPE_REPRESENTATION_RELATIONSHIP() );
#10072 = ITEM_DEFINED_TRANSFORMATION('','',#11,#39);
#10073 = PRODUCT_DEFINITION_SHAPE('Placement','Placement of an item',
  #10074);
#10074 = NEXT_ASSEMBLY_USAGE_OCCURRENCE('7','P5-piston','',#5,#9281,$);
#10075 = PRODUCT_RELATED_PRODUCT_CATEGORY('part',$,(#9283));
#10076 = SHAPE_DEFINITION_REPRESENTATION(#10077,#10083);
#10077 = PRODUCT_DEFINITION_SHAPE('','',#10078);
#10078 = PRODUCT_DEFINITION('design','',#10079,#10082);
#10079 = PRODUCT_DEFINITION_FORMATION('','',#10080);
#10080 = PRODUCT('P5-piston-mirror','P5-piston-mirror','',(#10081));
#10081 = PRODUCT_CONTEXT('',#2,'mechanical');
#10082 = PRODUCT_DEFINITION_CONTEXT('part definition',#2,'design');
#10083 = ADVANCED_BREP_SHAPE_REPRESENTATION('',(#11,#10084),#10814);
#10084 = MANIFOLD_SOLID_BREP('',#10085);
#10085 = CLOSED_SHELL('',(#10086,#10178,#10213,#10248,#10303,#10358,
    #10397,#10432,#10487,#10542,#10577,#10612,#10667,#10722,#10757,
    #10787));
#10086 = ADVANCED_FACE('',(#10087),#10100,.T.);
#10087 = FACE_BOUND('',#10088,.T.);
#10088 = EDGE_LOOP('',(#10089,#10127,#10150,#10177));
#10089 = ORIENTED_EDGE('',*,*,#10090,.F.);
#10090 = EDGE_CURVE('',#10091,#10091,#10093,.T.);
#10091 = VERTEX_POINT('',#10092);
#10092 = CARTESIAN_POINT('',(415.,24.9,-80.));
#10093 = SURFACE_CURVE('',#10094,(#10099,#10111),.PCURVE_S1.);
#10094 = CIRCLE('',#10095,24.9);
#10095 = AXIS2_PLACEMENT_3D('',#10096,#10097,#10098);
#10096 = CARTESIAN_POINT('',(415.,0.,-80.));
#10097 = DIRECTION('',(-1.,0.,0.));
#10098 = DIRECTION('',(-0.,1.,-0.));
#10099 = PCURVE('',#10100,#10105);
#10100 = CYLINDRICAL_SURFACE('',#10101,24.9);
#10101 = AXIS2_PLACEMENT_3D('',#10102,#10103,#10104);
#10102 = CARTESIAN_POINT('',(415.,0.,-80.));
#10103 = DIRECTION('',(-1.,-0.,0.));
#10104 = DIRECTION('',(-0.,1.,-0.));
#10105 = DEFINITIONAL_REPRESENTATION('',(#10106),#10110);
#10106 = LINE('',#10107,#10108);
#10107 = CARTESIAN_POINT('',(0.,0.));
#10108 = VECTOR('',#10109,1.);
#10109 = DIRECTION('',(1.,0.));
#10110 = ( GEOMETRIC_REPRESENTATION_CONTEXT(2) 
PARAMETRIC_REPRESENTATION_CONTEXT() REPRESENTATION_CONTEXT('2D SPACE',''
  ) );
#10111 = PCURVE('',#10112,#10117);
#10112 = PLANE('',#10113);
#10113 = AXIS2_PLACEMENT_3D('',#10114,#10115,#10116);
#10114 = CARTESIAN_POINT('',(415.,0.,-80.));
#10115 = DIRECTION('',(1.,-0.,-0.));
#10116 = DIRECTION('',(0.,0.,1.));
#10117 = DEFINITIONAL_REPRESENTATION('',(#10118),#10126);
#10118 = ( BOUNDED_CURVE() B_SPLINE_CURVE(2,(#10119,#10120,#10121,#10122
    ,#10123,#10124,#10125),.UNSPECIFIED.,.T.,.F.) 
B_SPLINE_CURVE_WITH_KNOTS((1,2,2,2,2,1),(-2.094395102393,0.,
    2.094395102393,4.188790204786,6.28318530718,8.377580409573),
.UNSPECIFIED.) CURVE() GEOMETRIC_REPRESENTATION_ITEM() 
RATIONAL_B_SPLINE_CURVE((1.,0.5,1.,0.5,1.,0.5,1.)) REPRESENTATION_ITEM(
  '') );
#10119 = CARTESIAN_POINT('',(0.,-24.9));
#10120 = CARTESIAN_POINT('',(-43.12806510846,-24.9));
#10121 = CARTESIAN_POINT('',(-21.56403255423,12.45));
#10122 = CARTESIAN_POINT('',(-6.098741059754E-15,49.8));
#10123 = CARTESIAN_POINT('',(21.564032554233,12.45));
#10124 = CARTESIAN_POINT('',(43.128065108465,-24.9));
#10125 = CARTESIAN_POINT('',(0.,-24.9));
#10126 = ( GEOMETRIC_REPRESENTATION_CONTEXT(2) 
PARAMETRIC_REPRESENTATION_CONTEXT() REPRESENTATION_CONTEXT('2D SPACE',''
  ) );
#10127 = ORIENTED_EDGE('',*,*,#10128,.T.);
#10128 = EDGE_CURVE('',#10091,#10129,#10131,.T.);
#10129 = VERTEX_POINT('',#10130);
#10130 = CARTESIAN_POINT('',(417.,24.9,-80.));
#10131 = SEAM_CURVE('',#10132,(#10136,#10143),.PCURVE_S1.);
#10132 = LINE('',#10133,#10134);
#10133 = CARTESIAN_POINT('',(415.,24.9,-80.));
#10134 = VECTOR('',#10135,1.);
#10135 = DIRECTION('',(1.,-0.,-0.));
#10136 = PCURVE('',#10100,#10137);
#10137 = DEFINITIONAL_REPRESENTATION('',(#10138),#10142);
#10138 = LINE('',#10139,#10140);
#10139 = CARTESIAN_POINT('',(6.28318530718,0.));
#10140 = VECTOR('',#10141,1.);
#10141 = DIRECTION('',(0.,-1.));
#10142 = ( GEOMETRIC_REPRESENTATION_CONTEXT(2) 
PARAMETRIC_REPRESENTATION_CONTEXT() REPRESENTATION_CONTEXT('2D SPACE',''
  ) );
#10143 = PCURVE('',#10100,#10144);
#10144 = DEFINITIONAL_REPRESENTATION('',(#10145),#10149);
#10145 = LINE('',#10146,#10147);
#10146 = CARTESIAN_POINT('',(0.,0.));
#10147 = VECTOR('',#10148,1.);
#10148 = DIRECTION('',(0.,-1.));
#10149 = ( GEOMETRIC_REPRESENTATION_CONTEXT(2) 
PARAMETRIC_REPRESENTATION_CONTEXT() REPRESENTATION_CONTEXT('2D SPACE',''
  ) );
#10150 = ORIENTED_EDGE('',*,*,#10151,.F.);
#10151 = EDGE_CURVE('',#10129,#10129,#10152,.T.);
#10152 = SURFACE_CURVE('',#10153,(#10158,#10165),.PCURVE_S1.);
#10153 = CIRCLE('',#10154,24.9);
#10154 = AXIS2_PLACEMENT_3D('',#10155,#10156,#10157);
#10155 = CARTESIAN_POINT('',(417.,0.,-80.));
#10156 = DIRECTION('',(1.,0.,0.));
#10157 = DIRECTION('',(-0.,1.,-0.));
#10158 = PCURVE('',#10100,#10159);
#10159 = DEFINITIONAL_REPRESENTATION('',(#10160),#10164);
#10160 = LINE('',#10161,#10162);
#10161 = CARTESIAN_POINT('',(6.28318530718,-2.));
#10162 = VECTOR('',#10163,1.);
#10163 = DIRECTION('',(-1.,0.));
#10164 = ( GEOMETRIC_REPRESENTATION_CONTEXT(2) 
PARAMETRIC_REPRESENTATION_CONTEXT() REPRESENTATION_CONTEXT('2D SPACE',''
  ) );
#10165 = PCURVE('',#10166,#10171);
#10166 = PLANE('',#10167);
#10167 = AXIS2_PLACEMENT_3D('',#10168,#10169,#10170);
#10168 = CARTESIAN_POINT('',(417.,-8.415016200243E-16,-80.));
#10169 = DIRECTION('',(1.,-0.,-0.));
#10170 = DIRECTION('',(0.,0.,1.));
#10171 = DEFINITIONAL_REPRESENTATION('',(#10172),#10176);
#10172 = CIRCLE('',#10173,24.9);
#10173 = AXIS2_PLACEMENT_2D('',#10174,#10175);
#10174 = CARTESIAN_POINT('',(0.,-8.415016200243E-16));
#10175 = DIRECTION('',(-0.,-1.));
#10176 = ( GEOMETRIC_REPRESENTATION_CONTEXT(2) 
PARAMETRIC_REPRESENTATION_CONTEXT() REPRESENTATION_CONTEXT('2D SPACE',''
  ) );
#10177 = ORIENTED_EDGE('',*,*,#10128,.F.);
#10178 = ADVANCED_FACE('',(#10179,#10182),#10112,.F.);
#10179 = FACE_BOUND('',#10180,.T.);
#10180 = EDGE_LOOP('',(#10181));
#10181 = ORIENTED_EDGE('',*,*,#10090,.T.);
#10182 = FACE_BOUND('',#10183,.T.);
#10183 = EDGE_LOOP('',(#10184));
#10184 = ORIENTED_EDGE('',*,*,#10185,.T.);
#10185 = EDGE_CURVE('',#10186,#10186,#10188,.T.);
#10186 = VERTEX_POINT('',#10187);
#10187 = CARTESIAN_POINT('',(415.,11.25,-80.));
#10188 = SURFACE_CURVE('',#10189,(#10194,#10201),.PCURVE_S1.);
#10189 = CIRCLE('',#10190,11.25);
#10190 = AXIS2_PLACEMENT_3D('',#10191,#10192,#10193);
#10191 = CARTESIAN_POINT('',(415.,0.,-80.));
#10192 = DIRECTION('',(1.,0.,0.));
#10193 = DIRECTION('',(-0.,1.,-0.));
#10194 = PCURVE('',#10112,#10195);
#10195 = DEFINITIONAL_REPRESENTATION('',(#10196),#10200);
#10196 = CIRCLE('',#10197,11.25);
#10197 = AXIS2_PLACEMENT_2D('',#10198,#10199);
#10198 = CARTESIAN_POINT('',(0.,0.));
#10199 = DIRECTION('',(-0.,-1.));
#10200 = ( GEOMETRIC_REPRESENTATION_CONTEXT(2) 
PARAMETRIC_REPRESENTATION_CONTEXT() REPRESENTATION_CONTEXT('2D SPACE',''
  ) );
#10201 = PCURVE('',#10202,#10207);
#10202 = CYLINDRICAL_SURFACE('',#10203,11.25);
#10203 = AXIS2_PLACEMENT_3D('',#10204,#10205,#10206);
#10204 = CARTESIAN_POINT('',(414.,0.,-80.));
#10205 = DIRECTION('',(-1.,-0.,0.));
#10206 = DIRECTION('',(-0.,1.,-0.));
#10207 = DEFINITIONAL_REPRESENTATION('',(#10208),#10212);
#10208 = LINE('',#10209,#10210);
#10209 = CARTESIAN_POINT('',(6.28318530718,-1.));
#10210 = VECTOR('',#10211,1.);
#10211 = DIRECTION('',(-1.,0.));
#10212 = ( GEOMETRIC_REPRESENTATION_CONTEXT(2) 
PARAMETRIC_REPRESENTATION_CONTEXT() REPRESENTATION_CONTEXT('2D SPACE',''
  ) );
#10213 = ADVANCED_FACE('',(#10214,#10217),#10166,.T.);
#10214 = FACE_BOUND('',#10215,.F.);
#10215 = EDGE_LOOP('',(#10216));
#10216 = ORIENTED_EDGE('',*,*,#10151,.F.);
#10217 = FACE_BOUND('',#10218,.F.);
#10218 = EDGE_LOOP('',(#10219));
#10219 = ORIENTED_EDGE('',*,*,#10220,.T.);
#10220 = EDGE_CURVE('',#10221,#10221,#10223,.T.);
#10221 = VERTEX_POINT('',#10222);
#10222 = CARTESIAN_POINT('',(417.,22.5,-80.));
#10223 = SURFACE_CURVE('',#10224,(#10229,#10236),.PCURVE_S1.);
#10224 = CIRCLE('',#10225,22.5);
#10225 = AXIS2_PLACEMENT_3D('',#10226,#10227,#10228);
#10226 = CARTESIAN_POINT('',(417.,0.,-80.));
#10227 = DIRECTION('',(1.,0.,0.));
#10228 = DIRECTION('',(-0.,1.,-0.));
#10229 = PCURVE('',#10166,#10230);
#10230 = DEFINITIONAL_REPRESENTATION('',(#10231),#10235);
#10231 = CIRCLE('',#10232,22.5);
#10232 = AXIS2_PLACEMENT_2D('',#10233,#10234);
#10233 = CARTESIAN_POINT('',(0.,-8.415016200243E-16));
#10234 = DIRECTION('',(-0.,-1.));
#10235 = ( GEOMETRIC_REPRESENTATION_CONTEXT(2) 
PARAMETRIC_REPRESENTATION_CONTEXT() REPRESENTATION_CONTEXT('2D SPACE',''
  ) );
#10236 = PCURVE('',#10237,#10242);
#10237 = CYLINDRICAL_SURFACE('',#10238,22.5);
#10238 = AXIS2_PLACEMENT_3D('',#10239,#10240,#10241);
#10239 = CARTESIAN_POINT('',(416.,0.,-80.));
#10240 = DIRECTION('',(-1.,-0.,0.));
#10241 = DIRECTION('',(-0.,1.,-0.));
#10242 = DEFINITIONAL_REPRESENTATION('',(#10243),#10247);
#10243 = LINE('',#10244,#10245);
#10244 = CARTESIAN_POINT('',(6.28318530718,-1.));
#10245 = VECTOR('',#10246,1.);
#10246 = DIRECTION('',(-1.,0.));
#10247 = ( GEOMETRIC_REPRESENTATION_CONTEXT(2) 
PARAMETRIC_REPRESENTATION_CONTEXT() REPRESENTATION_CONTEXT('2D SPACE',''
  ) );
#10248 = ADVANCED_FACE('',(#10249),#10202,.F.);
#10249 = FACE_BOUND('',#10250,.F.);
#10250 = EDGE_LOOP('',(#10251,#10252,#10275,#10302));
#10251 = ORIENTED_EDGE('',*,*,#10185,.T.);
#10252 = ORIENTED_EDGE('',*,*,#10253,.T.);
#10253 = EDGE_CURVE('',#10186,#10254,#10256,.T.);
#10254 = VERTEX_POINT('',#10255);
#10255 = CARTESIAN_POINT('',(450.,11.25,-80.));
#10256 = SEAM_CURVE('',#10257,(#10261,#10268),.PCURVE_S1.);
#10257 = LINE('',#10258,#10259);
#10258 = CARTESIAN_POINT('',(414.,11.25,-80.));
#10259 = VECTOR('',#10260,1.);
#10260 = DIRECTION('',(1.,-0.,-0.));
#10261 = PCURVE('',#10202,#10262);
#10262 = DEFINITIONAL_REPRESENTATION('',(#10263),#10267);
#10263 = LINE('',#10264,#10265);
#10264 = CARTESIAN_POINT('',(6.28318530718,0.));
#10265 = VECTOR('',#10266,1.);
#10266 = DIRECTION('',(0.,-1.));
#10267 = ( GEOMETRIC_REPRESENTATION_CONTEXT(2) 
PARAMETRIC_REPRESENTATION_CONTEXT() REPRESENTATION_CONTEXT('2D SPACE',''
  ) );
#10268 = PCURVE('',#10202,#10269);
#10269 = DEFINITIONAL_REPRESENTATION('',(#10270),#10274);
#10270 = LINE('',#10271,#10272);
#10271 = CARTESIAN_POINT('',(0.,0.));
#10272 = VECTOR('',#10273,1.);
#10273 = DIRECTION('',(0.,-1.));
#10274 = ( GEOMETRIC_REPRESENTATION_CONTEXT(2) 
PARAMETRIC_REPRESENTATION_CONTEXT() REPRESENTATION_CONTEXT('2D SPACE',''
  ) );
#10275 = ORIENTED_EDGE('',*,*,#10276,.F.);
#10276 = EDGE_CURVE('',#10254,#10254,#10277,.T.);
#10277 = SURFACE_CURVE('',#10278,(#10283,#10290),.PCURVE_S1.);
#10278 = CIRCLE('',#10279,11.25);
#10279 = AXIS2_PLACEMENT_3D('',#10280,#10281,#10282);
#10280 = CARTESIAN_POINT('',(450.,0.,-80.));
#10281 = DIRECTION('',(1.,0.,0.));
#10282 = DIRECTION('',(-0.,1.,-0.));
#10283 = PCURVE('',#10202,#10284);
#10284 = DEFINITIONAL_REPRESENTATION('',(#10285),#10289);
#10285 = LINE('',#10286,#10287);
#10286 = CARTESIAN_POINT('',(6.28318530718,-36.));
#10287 = VECTOR('',#10288,1.);
#10288 = DIRECTION('',(-1.,0.));
#10289 = ( GEOMETRIC_REPRESENTATION_CONTEXT(2) 
PARAMETRIC_REPRESENTATION_CONTEXT() REPRESENTATION_CONTEXT('2D SPACE',''
  ) );
#10290 = PCURVE('',#10291,#10296);
#10291 = PLANE('',#10292);
#10292 = AXIS2_PLACEMENT_3D('',#10293,#10294,#10295);
#10293 = CARTESIAN_POINT('',(450.,0.,-80.));
#10294 = DIRECTION('',(1.,-0.,-0.));
#10295 = DIRECTION('',(0.,0.,1.));
#10296 = DEFINITIONAL_REPRESENTATION('',(#10297),#10301);
#10297 = CIRCLE('',#10298,11.25);
#10298 = AXIS2_PLACEMENT_2D('',#10299,#10300);
#10299 = CARTESIAN_POINT('',(0.,0.));
#10300 = DIRECTION('',(-0.,-1.));
#10301 = ( GEOMETRIC_REPRESENTATION_CONTEXT(2) 
PARAMETRIC_REPRESENTATION_CONTEXT() REPRESENTATION_CONTEXT('2D SPACE',''
  ) );
#10302 = ORIENTED_EDGE('',*,*,#10253,.F.);
#10303 = ADVANCED_FACE('',(#10304),#10237,.T.);
#10304 = FACE_BOUND('',#10305,.T.);
#10305 = EDGE_LOOP('',(#10306,#10307,#10330,#10357));
#10306 = ORIENTED_EDGE('',*,*,#10220,.T.);
#10307 = ORIENTED_EDGE('',*,*,#10308,.T.);
#10308 = EDGE_CURVE('',#10221,#10309,#10311,.T.);
#10309 = VERTEX_POINT('',#10310);
#10310 = CARTESIAN_POINT('',(426.7,22.5,-80.));
#10311 = SEAM_CURVE('',#10312,(#10316,#10323),.PCURVE_S1.);
#10312 = LINE('',#10313,#10314);
#10313 = CARTESIAN_POINT('',(416.,22.5,-80.));
#10314 = VECTOR('',#10315,1.);
#10315 = DIRECTION('',(1.,-0.,-0.));
#10316 = PCURVE('',#10237,#10317);
#10317 = DEFINITIONAL_REPRESENTATION('',(#10318),#10322);
#10318 = LINE('',#10319,#10320);
#10319 = CARTESIAN_POINT('',(6.28318530718,0.));
#10320 = VECTOR('',#10321,1.);
#10321 = DIRECTION('',(0.,-1.));
#10322 = ( GEOMETRIC_REPRESENTATION_CONTEXT(2) 
PARAMETRIC_REPRESENTATION_CONTEXT() REPRESENTATION_CONTEXT('2D SPACE',''
  ) );
#10323 = PCURVE('',#10237,#10324);
#10324 = DEFINITIONAL_REPRESENTATION('',(#10325),#10329);
#10325 = LINE('',#10326,#10327);
#10326 = CARTESIAN_POINT('',(0.,0.));
#10327 = VECTOR('',#10328,1.);
#10328 = DIRECTION('',(0.,-1.));
#10329 = ( GEOMETRIC_REPRESENTATION_CONTEXT(2) 
PARAMETRIC_REPRESENTATION_CONTEXT() REPRESENTATION_CONTEXT('2D SPACE',''
  ) );
#10330 = ORIENTED_EDGE('',*,*,#10331,.F.);
#10331 = EDGE_CURVE('',#10309,#10309,#10332,.T.);
#10332 = SURFACE_CURVE('',#10333,(#10338,#10345),.PCURVE_S1.);
#10333 = CIRCLE('',#10334,22.5);
#10334 = AXIS2_PLACEMENT_3D('',#10335,#10336,#10337);
#10335 = CARTESIAN_POINT('',(426.7,0.,-80.));
#10336 = DIRECTION('',(1.,0.,0.));
#10337 = DIRECTION('',(-0.,1.,-0.));
#10338 = PCURVE('',#10237,#10339);
#10339 = DEFINITIONAL_REPRESENTATION('',(#10340),#10344);
#10340 = LINE('',#10341,#10342);
#10341 = CARTESIAN_POINT('',(6.28318530718,-10.7));
#10342 = VECTOR('',#10343,1.);
#10343 = DIRECTION('',(-1.,0.));
#10344 = ( GEOMETRIC_REPRESENTATION_CONTEXT(2) 
PARAMETRIC_REPRESENTATION_CONTEXT() REPRESENTATION_CONTEXT('2D SPACE',''
  ) );
#10345 = PCURVE('',#10346,#10351);
#10346 = PLANE('',#10347);
#10347 = AXIS2_PLACEMENT_3D('',#10348,#10349,#10350);
#10348 = CARTESIAN_POINT('',(426.7,-8.415016200243E-16,-80.));
#10349 = DIRECTION('',(1.,-0.,-0.));
#10350 = DIRECTION('',(0.,0.,1.));
#10351 = DEFINITIONAL_REPRESENTATION('',(#10352),#10356);
#10352 = CIRCLE('',#10353,22.5);
#10353 = AXIS2_PLACEMENT_2D('',#10354,#10355);
#10354 = CARTESIAN_POINT('',(0.,-8.415016200243E-16));
#10355 = DIRECTION('',(-0.,-1.));
#10356 = ( GEOMETRIC_REPRESENTATION_CONTEXT(2) 
PARAMETRIC_REPRESENTATION_CONTEXT() REPRESENTATION_CONTEXT('2D SPACE',''
  ) );
#10357 = ORIENTED_EDGE('',*,*,#10308,.F.);
#10358 = ADVANCED_FACE('',(#10359,#10394),#10291,.T.);
#10359 = FACE_BOUND('',#10360,.F.);
#10360 = EDGE_LOOP('',(#10361));
#10361 = ORIENTED_EDGE('',*,*,#10362,.T.);
#10362 = EDGE_CURVE('',#10363,#10363,#10365,.T.);
#10363 = VERTEX_POINT('',#10364);
#10364 = CARTESIAN_POINT('',(450.,24.9,-80.));
#10365 = SURFACE_CURVE('',#10366,(#10371,#10382),.PCURVE_S1.);
#10366 = CIRCLE('',#10367,24.9);
#10367 = AXIS2_PLACEMENT_3D('',#10368,#10369,#10370);
#10368 = CARTESIAN_POINT('',(450.,0.,-80.));
#10369 = DIRECTION('',(-1.,0.,0.));
#10370 = DIRECTION('',(-0.,1.,-0.));
#10371 = PCURVE('',#10291,#10372);
#10372 = DEFINITIONAL_REPRESENTATION('',(#10373),#10381);
#10373 = ( BOUNDED_CURVE() B_SPLINE_CURVE(2,(#10374,#10375,#10376,#10377
    ,#10378,#10379,#10380),.UNSPECIFIED.,.T.,.F.) 
B_SPLINE_CURVE_WITH_KNOTS((1,2,2,2,2,1),(-2.094395102393,0.,
    2.094395102393,4.188790204786,6.28318530718,8.377580409573),
.UNSPECIFIED.) CURVE() GEOMETRIC_REPRESENTATION_ITEM() 
RATIONAL_B_SPLINE_CURVE((1.,0.5,1.,0.5,1.,0.5,1.)) REPRESENTATION_ITEM(
  '') );
#10374 = CARTESIAN_POINT('',(0.,-24.9));
#10375 = CARTESIAN_POINT('',(-43.12806510846,-24.9));
#10376 = CARTESIAN_POINT('',(-21.56403255423,12.45));
#10377 = CARTESIAN_POINT('',(-6.098741059754E-15,49.8));
#10378 = CARTESIAN_POINT('',(21.564032554233,12.45));
#10379 = CARTESIAN_POINT('',(43.128065108465,-24.9));
#10380 = CARTESIAN_POINT('',(0.,-24.9));
#10381 = ( GEOMETRIC_REPRESENTATION_CONTEXT(2) 
PARAMETRIC_REPRESENTATION_CONTEXT() REPRESENTATION_CONTEXT('2D SPACE',''
  ) );
#10382 = PCURVE('',#10383,#10388);
#10383 = CYLINDRICAL_SURFACE('',#10384,24.9);
#10384 = AXIS2_PLACEMENT_3D('',#10385,#10386,#10387);
#10385 = CARTESIAN_POINT('',(415.,0.,-80.));
#10386 = DIRECTION('',(-1.,-0.,0.));
#10387 = DIRECTION('',(-0.,1.,-0.));
#10388 = DEFINITIONAL_REPRESENTATION('',(#10389),#10393);
#10389 = LINE('',#10390,#10391);
#10390 = CARTESIAN_POINT('',(0.,-35.));
#10391 = VECTOR('',#10392,1.);
#10392 = DIRECTION('',(1.,0.));
#10393 = ( GEOMETRIC_REPRESENTATION_CONTEXT(2) 
PARAMETRIC_REPRESENTATION_CONTEXT() REPRESENTATION_CONTEXT('2D SPACE',''
  ) );
#10394 = FACE_BOUND('',#10395,.F.);
#10395 = EDGE_LOOP('',(#10396));
#10396 = ORIENTED_EDGE('',*,*,#10276,.T.);
#10397 = ADVANCED_FACE('',(#10398,#10429),#10346,.F.);
#10398 = FACE_BOUND('',#10399,.T.);
#10399 = EDGE_LOOP('',(#10400));
#10400 = ORIENTED_EDGE('',*,*,#10401,.F.);
#10401 = EDGE_CURVE('',#10402,#10402,#10404,.T.);
#10402 = VERTEX_POINT('',#10403);
#10403 = CARTESIAN_POINT('',(426.7,24.9,-80.));
#10404 = SURFACE_CURVE('',#10405,(#10410,#10417),.PCURVE_S1.);
#10405 = CIRCLE('',#10406,24.9);
#10406 = AXIS2_PLACEMENT_3D('',#10407,#10408,#10409);
#10407 = CARTESIAN_POINT('',(426.7,0.,-80.));
#10408 = DIRECTION('',(1.,0.,0.));
#10409 = DIRECTION('',(-0.,1.,-0.));
#10410 = PCURVE('',#10346,#10411);
#10411 = DEFINITIONAL_REPRESENTATION('',(#10412),#10416);
#10412 = CIRCLE('',#10413,24.9);
#10413 = AXIS2_PLACEMENT_2D('',#10414,#10415);
#10414 = CARTESIAN_POINT('',(0.,-8.415016200243E-16));
#10415 = DIRECTION('',(-0.,-1.));
#10416 = ( GEOMETRIC_REPRESENTATION_CONTEXT(2) 
PARAMETRIC_REPRESENTATION_CONTEXT() REPRESENTATION_CONTEXT('2D SPACE',''
  ) );
#10417 = PCURVE('',#10418,#10423);
#10418 = CYLINDRICAL_SURFACE('',#10419,24.9);
#10419 = AXIS2_PLACEMENT_3D('',#10420,#10421,#10422);
#10420 = CARTESIAN_POINT('',(415.,0.,-80.));
#10421 = DIRECTION('',(-1.,-0.,0.));
#10422 = DIRECTION('',(-0.,1.,-0.));
#10423 = DEFINITIONAL_REPRESENTATION('',(#10424),#10428);
#10424 = LINE('',#10425,#10426);
#10425 = CARTESIAN_POINT('',(6.28318530718,-11.7));
#10426 = VECTOR('',#10427,1.);
#10427 = DIRECTION('',(-1.,0.));
#10428 = ( GEOMETRIC_REPRESENTATION_CONTEXT(2) 
PARAMETRIC_REPRESENTATION_CONTEXT() REPRESENTATION_CONTEXT('2D SPACE',''
  ) );
#10429 = FACE_BOUND('',#10430,.T.);
#10430 = EDGE_LOOP('',(#10431));
#10431 = ORIENTED_EDGE('',*,*,#10331,.T.);
#10432 = ADVANCED_FACE('',(#10433),#10383,.T.);
#10433 = FACE_BOUND('',#10434,.T.);
#10434 = EDGE_LOOP('',(#10435,#10464,#10485,#10486));
#10435 = ORIENTED_EDGE('',*,*,#10436,.T.);
#10436 = EDGE_CURVE('',#10437,#10437,#10439,.T.);
#10437 = VERTEX_POINT('',#10438);
#10438 = CARTESIAN_POINT('',(448.,24.9,-80.));
#10439 = SURFACE_CURVE('',#10440,(#10445,#10452),.PCURVE_S1.);
#10440 = CIRCLE('',#10441,24.9);
#10441 = AXIS2_PLACEMENT_3D('',#10442,#10443,#10444);
#10442 = CARTESIAN_POINT('',(448.,0.,-80.));
#10443 = DIRECTION('',(1.,0.,0.));
#10444 = DIRECTION('',(-0.,1.,-0.));
#10445 = PCURVE('',#10383,#10446);
#10446 = DEFINITIONAL_REPRESENTATION('',(#10447),#10451);
#10447 = LINE('',#10448,#10449);
#10448 = CARTESIAN_POINT('',(6.28318530718,-33.));
#10449 = VECTOR('',#10450,1.);
#10450 = DIRECTION('',(-1.,0.));
#10451 = ( GEOMETRIC_REPRESENTATION_CONTEXT(2) 
PARAMETRIC_REPRESENTATION_CONTEXT() REPRESENTATION_CONTEXT('2D SPACE',''
  ) );
#10452 = PCURVE('',#10453,#10458);
#10453 = PLANE('',#10454);
#10454 = AXIS2_PLACEMENT_3D('',#10455,#10456,#10457);
#10455 = CARTESIAN_POINT('',(448.,-8.415016200243E-16,-80.));
#10456 = DIRECTION('',(1.,-0.,-0.));
#10457 = DIRECTION('',(0.,0.,1.));
#10458 = DEFINITIONAL_REPRESENTATION('',(#10459),#10463);
#10459 = CIRCLE('',#10460,24.9);
#10460 = AXIS2_PLACEMENT_2D('',#10461,#10462);
#10461 = CARTESIAN_POINT('',(0.,-8.415016200243E-16));
#10462 = DIRECTION('',(-0.,-1.));
#10463 = ( GEOMETRIC_REPRESENTATION_CONTEXT(2) 
PARAMETRIC_REPRESENTATION_CONTEXT() REPRESENTATION_CONTEXT('2D SPACE',''
  ) );
#10464 = ORIENTED_EDGE('',*,*,#10465,.T.);
#10465 = EDGE_CURVE('',#10437,#10363,#10466,.T.);
#10466 = SEAM_CURVE('',#10467,(#10471,#10478),.PCURVE_S1.);
#10467 = LINE('',#10468,#10469);
#10468 = CARTESIAN_POINT('',(415.,24.9,-80.));
#10469 = VECTOR('',#10470,1.);
#10470 = DIRECTION('',(1.,-0.,-0.));
#10471 = PCURVE('',#10383,#10472);
#10472 = DEFINITIONAL_REPRESENTATION('',(#10473),#10477);
#10473 = LINE('',#10474,#10475);
#10474 = CARTESIAN_POINT('',(6.28318530718,0.));
#10475 = VECTOR('',#10476,1.);
#10476 = DIRECTION('',(0.,-1.));
#10477 = ( GEOMETRIC_REPRESENTATION_CONTEXT(2) 
PARAMETRIC_REPRESENTATION_CONTEXT() REPRESENTATION_CONTEXT('2D SPACE',''
  ) );
#10478 = PCURVE('',#10383,#10479);
#10479 = DEFINITIONAL_REPRESENTATION('',(#10480),#10484);
#10480 = LINE('',#10481,#10482);
#10481 = CARTESIAN_POINT('',(0.,0.));
#10482 = VECTOR('',#10483,1.);
#10483 = DIRECTION('',(0.,-1.));
#10484 = ( GEOMETRIC_REPRESENTATION_CONTEXT(2) 
PARAMETRIC_REPRESENTATION_CONTEXT() REPRESENTATION_CONTEXT('2D SPACE',''
  ) );
#10485 = ORIENTED_EDGE('',*,*,#10362,.T.);
#10486 = ORIENTED_EDGE('',*,*,#10465,.F.);
#10487 = ADVANCED_FACE('',(#10488),#10418,.T.);
#10488 = FACE_BOUND('',#10489,.T.);
#10489 = EDGE_LOOP('',(#10490,#10513,#10514,#10515));
#10490 = ORIENTED_EDGE('',*,*,#10491,.F.);
#10491 = EDGE_CURVE('',#10402,#10492,#10494,.T.);
#10492 = VERTEX_POINT('',#10493);
#10493 = CARTESIAN_POINT('',(430.4,24.9,-80.));
#10494 = SEAM_CURVE('',#10495,(#10499,#10506),.PCURVE_S1.);
#10495 = LINE('',#10496,#10497);
#10496 = CARTESIAN_POINT('',(415.,24.9,-80.));
#10497 = VECTOR('',#10498,1.);
#10498 = DIRECTION('',(1.,-0.,-0.));
#10499 = PCURVE('',#10418,#10500);
#10500 = DEFINITIONAL_REPRESENTATION('',(#10501),#10505);
#10501 = LINE('',#10502,#10503);
#10502 = CARTESIAN_POINT('',(6.28318530718,0.));
#10503 = VECTOR('',#10504,1.);
#10504 = DIRECTION('',(0.,-1.));
#10505 = ( GEOMETRIC_REPRESENTATION_CONTEXT(2) 
PARAMETRIC_REPRESENTATION_CONTEXT() REPRESENTATION_CONTEXT('2D SPACE',''
  ) );
#10506 = PCURVE('',#10418,#10507);
#10507 = DEFINITIONAL_REPRESENTATION('',(#10508),#10512);
#10508 = LINE('',#10509,#10510);
#10509 = CARTESIAN_POINT('',(0.,0.));
#10510 = VECTOR('',#10511,1.);
#10511 = DIRECTION('',(0.,-1.));
#10512 = ( GEOMETRIC_REPRESENTATION_CONTEXT(2) 
PARAMETRIC_REPRESENTATION_CONTEXT() REPRESENTATION_CONTEXT('2D SPACE',''
  ) );
#10513 = ORIENTED_EDGE('',*,*,#10401,.T.);
#10514 = ORIENTED_EDGE('',*,*,#10491,.T.);
#10515 = ORIENTED_EDGE('',*,*,#10516,.F.);
#10516 = EDGE_CURVE('',#10492,#10492,#10517,.T.);
#10517 = SURFACE_CURVE('',#10518,(#10523,#10530),.PCURVE_S1.);
#10518 = CIRCLE('',#10519,24.9);
#10519 = AXIS2_PLACEMENT_3D('',#10520,#10521,#10522);
#10520 = CARTESIAN_POINT('',(430.4,0.,-80.));
#10521 = DIRECTION('',(1.,0.,0.));
#10522 = DIRECTION('',(-0.,1.,-0.));
#10523 = PCURVE('',#10418,#10524);
#10524 = DEFINITIONAL_REPRESENTATION('',(#10525),#10529);
#10525 = LINE('',#10526,#10527);
#10526 = CARTESIAN_POINT('',(6.28318530718,-15.4));
#10527 = VECTOR('',#10528,1.);
#10528 = DIRECTION('',(-1.,0.));
#10529 = ( GEOMETRIC_REPRESENTATION_CONTEXT(2) 
PARAMETRIC_REPRESENTATION_CONTEXT() REPRESENTATION_CONTEXT('2D SPACE',''
  ) );
#10530 = PCURVE('',#10531,#10536);
#10531 = PLANE('',#10532);
#10532 = AXIS2_PLACEMENT_3D('',#10533,#10534,#10535);
#10533 = CARTESIAN_POINT('',(430.4,-8.415016200243E-16,-80.));
#10534 = DIRECTION('',(1.,-0.,-0.));
#10535 = DIRECTION('',(0.,0.,1.));
#10536 = DEFINITIONAL_REPRESENTATION('',(#10537),#10541);
#10537 = CIRCLE('',#10538,24.9);
#10538 = AXIS2_PLACEMENT_2D('',#10539,#10540);
#10539 = CARTESIAN_POINT('',(0.,-8.415016200243E-16));
#10540 = DIRECTION('',(-0.,-1.));
#10541 = ( GEOMETRIC_REPRESENTATION_CONTEXT(2) 
PARAMETRIC_REPRESENTATION_CONTEXT() REPRESENTATION_CONTEXT('2D SPACE',''
  ) );
#10542 = ADVANCED_FACE('',(#10543,#10546),#10453,.F.);
#10543 = FACE_BOUND('',#10544,.T.);
#10544 = EDGE_LOOP('',(#10545));
#10545 = ORIENTED_EDGE('',*,*,#10436,.F.);
#10546 = FACE_BOUND('',#10547,.T.);
#10547 = EDGE_LOOP('',(#10548));
#10548 = ORIENTED_EDGE('',*,*,#10549,.T.);
#10549 = EDGE_CURVE('',#10550,#10550,#10552,.T.);
#10550 = VERTEX_POINT('',#10551);
#10551 = CARTESIAN_POINT('',(448.,22.5,-80.));
#10552 = SURFACE_CURVE('',#10553,(#10558,#10565),.PCURVE_S1.);
#10553 = CIRCLE('',#10554,22.5);
#10554 = AXIS2_PLACEMENT_3D('',#10555,#10556,#10557);
#10555 = CARTESIAN_POINT('',(448.,0.,-80.));
#10556 = DIRECTION('',(1.,0.,0.));
#10557 = DIRECTION('',(-0.,1.,-0.));
#10558 = PCURVE('',#10453,#10559);
#10559 = DEFINITIONAL_REPRESENTATION('',(#10560),#10564);
#10560 = CIRCLE('',#10561,22.5);
#10561 = AXIS2_PLACEMENT_2D('',#10562,#10563);
#10562 = CARTESIAN_POINT('',(0.,-8.415016200243E-16));
#10563 = DIRECTION('',(-0.,-1.));
#10564 = ( GEOMETRIC_REPRESENTATION_CONTEXT(2) 
PARAMETRIC_REPRESENTATION_CONTEXT() REPRESENTATION_CONTEXT('2D SPACE',''
  ) );
#10565 = PCURVE('',#10566,#10571);
#10566 = CYLINDRICAL_SURFACE('',#10567,22.5);
#10567 = AXIS2_PLACEMENT_3D('',#10568,#10569,#10570);
#10568 = CARTESIAN_POINT('',(437.3,0.,-80.));
#10569 = DIRECTION('',(-1.,-0.,0.));
#10570 = DIRECTION('',(-0.,1.,-0.));
#10571 = DEFINITIONAL_REPRESENTATION('',(#10572),#10576);
#10572 = LINE('',#10573,#10574);
#10573 = CARTESIAN_POINT('',(6.28318530718,-10.7));
#10574 = VECTOR('',#10575,1.);
#10575 = DIRECTION('',(-1.,0.));
#10576 = ( GEOMETRIC_REPRESENTATION_CONTEXT(2) 
PARAMETRIC_REPRESENTATION_CONTEXT() REPRESENTATION_CONTEXT('2D SPACE',''
  ) );
#10577 = ADVANCED_FACE('',(#10578,#10581),#10531,.T.);
#10578 = FACE_BOUND('',#10579,.F.);
#10579 = EDGE_LOOP('',(#10580));
#10580 = ORIENTED_EDGE('',*,*,#10516,.F.);
#10581 = FACE_BOUND('',#10582,.F.);
#10582 = EDGE_LOOP('',(#10583));
#10583 = ORIENTED_EDGE('',*,*,#10584,.T.);
#10584 = EDGE_CURVE('',#10585,#10585,#10587,.T.);
#10585 = VERTEX_POINT('',#10586);
#10586 = CARTESIAN_POINT('',(430.4,19.35,-80.));
#10587 = SURFACE_CURVE('',#10588,(#10593,#10600),.PCURVE_S1.);
#10588 = CIRCLE('',#10589,19.35);
#10589 = AXIS2_PLACEMENT_3D('',#10590,#10591,#10592);
#10590 = CARTESIAN_POINT('',(430.4,0.,-80.));
#10591 = DIRECTION('',(1.,0.,0.));
#10592 = DIRECTION('',(-0.,1.,-0.));
#10593 = PCURVE('',#10531,#10594);
#10594 = DEFINITIONAL_REPRESENTATION('',(#10595),#10599);
#10595 = CIRCLE('',#10596,19.35);
#10596 = AXIS2_PLACEMENT_2D('',#10597,#10598);
#10597 = CARTESIAN_POINT('',(0.,-8.415016200243E-16));
#10598 = DIRECTION('',(-0.,-1.));
#10599 = ( GEOMETRIC_REPRESENTATION_CONTEXT(2) 
PARAMETRIC_REPRESENTATION_CONTEXT() REPRESENTATION_CONTEXT('2D SPACE',''
  ) );
#10600 = PCURVE('',#10601,#10606);
#10601 = CYLINDRICAL_SURFACE('',#10602,19.35);
#10602 = AXIS2_PLACEMENT_3D('',#10603,#10604,#10605);
#10603 = CARTESIAN_POINT('',(429.4,0.,-80.));
#10604 = DIRECTION('',(-1.,-0.,0.));
#10605 = DIRECTION('',(-0.,1.,-0.));
#10606 = DEFINITIONAL_REPRESENTATION('',(#10607),#10611);
#10607 = LINE('',#10608,#10609);
#10608 = CARTESIAN_POINT('',(6.28318530718,-1.));
#10609 = VECTOR('',#10610,1.);
#10610 = DIRECTION('',(-1.,0.));
#10611 = ( GEOMETRIC_REPRESENTATION_CONTEXT(2) 
PARAMETRIC_REPRESENTATION_CONTEXT() REPRESENTATION_CONTEXT('2D SPACE',''
  ) );
#10612 = ADVANCED_FACE('',(#10613),#10566,.T.);
#10613 = FACE_BOUND('',#10614,.T.);
#10614 = EDGE_LOOP('',(#10615,#10644,#10665,#10666));
#10615 = ORIENTED_EDGE('',*,*,#10616,.T.);
#10616 = EDGE_CURVE('',#10617,#10617,#10619,.T.);
#10617 = VERTEX_POINT('',#10618);
#10618 = CARTESIAN_POINT('',(438.3,22.5,-80.));
#10619 = SURFACE_CURVE('',#10620,(#10625,#10632),.PCURVE_S1.);
#10620 = CIRCLE('',#10621,22.5);
#10621 = AXIS2_PLACEMENT_3D('',#10622,#10623,#10624);
#10622 = CARTESIAN_POINT('',(438.3,0.,-80.));
#10623 = DIRECTION('',(1.,0.,0.));
#10624 = DIRECTION('',(-0.,1.,-0.));
#10625 = PCURVE('',#10566,#10626);
#10626 = DEFINITIONAL_REPRESENTATION('',(#10627),#10631);
#10627 = LINE('',#10628,#10629);
#10628 = CARTESIAN_POINT('',(6.28318530718,-1.));
#10629 = VECTOR('',#10630,1.);
#10630 = DIRECTION('',(-1.,0.));
#10631 = ( GEOMETRIC_REPRESENTATION_CONTEXT(2) 
PARAMETRIC_REPRESENTATION_CONTEXT() REPRESENTATION_CONTEXT('2D SPACE',''
  ) );
#10632 = PCURVE('',#10633,#10638);
#10633 = PLANE('',#10634);
#10634 = AXIS2_PLACEMENT_3D('',#10635,#10636,#10637);
#10635 = CARTESIAN_POINT('',(438.3,-8.415016200243E-16,-80.));
#10636 = DIRECTION('',(1.,-0.,-0.));
#10637 = DIRECTION('',(0.,0.,1.));
#10638 = DEFINITIONAL_REPRESENTATION('',(#10639),#10643);
#10639 = CIRCLE('',#10640,22.5);
#10640 = AXIS2_PLACEMENT_2D('',#10641,#10642);
#10641 = CARTESIAN_POINT('',(0.,-8.415016200243E-16));
#10642 = DIRECTION('',(-0.,-1.));
#10643 = ( GEOMETRIC_REPRESENTATION_CONTEXT(2) 
PARAMETRIC_REPRESENTATION_CONTEXT() REPRESENTATION_CONTEXT('2D SPACE',''
  ) );
#10644 = ORIENTED_EDGE('',*,*,#10645,.T.);
#10645 = EDGE_CURVE('',#10617,#10550,#10646,.T.);
#10646 = SEAM_CURVE('',#10647,(#10651,#10658),.PCURVE_S1.);
#10647 = LINE('',#10648,#10649);
#10648 = CARTESIAN_POINT('',(437.3,22.5,-80.));
#10649 = VECTOR('',#10650,1.);
#10650 = DIRECTION('',(1.,-0.,-0.));
#10651 = PCURVE('',#10566,#10652);
#10652 = DEFINITIONAL_REPRESENTATION('',(#10653),#10657);
#10653 = LINE('',#10654,#10655);
#10654 = CARTESIAN_POINT('',(6.28318530718,0.));
#10655 = VECTOR('',#10656,1.);
#10656 = DIRECTION('',(0.,-1.));
#10657 = ( GEOMETRIC_REPRESENTATION_CONTEXT(2) 
PARAMETRIC_REPRESENTATION_CONTEXT() REPRESENTATION_CONTEXT('2D SPACE',''
  ) );
#10658 = PCURVE('',#10566,#10659);
#10659 = DEFINITIONAL_REPRESENTATION('',(#10660),#10664);
#10660 = LINE('',#10661,#10662);
#10661 = CARTESIAN_POINT('',(0.,0.));
#10662 = VECTOR('',#10663,1.);
#10663 = DIRECTION('',(0.,-1.));
#10664 = ( GEOMETRIC_REPRESENTATION_CONTEXT(2) 
PARAMETRIC_REPRESENTATION_CONTEXT() REPRESENTATION_CONTEXT('2D SPACE',''
  ) );
#10665 = ORIENTED_EDGE('',*,*,#10549,.F.);
#10666 = ORIENTED_EDGE('',*,*,#10645,.F.);
#10667 = ADVANCED_FACE('',(#10668),#10601,.T.);
#10668 = FACE_BOUND('',#10669,.T.);
#10669 = EDGE_LOOP('',(#10670,#10671,#10694,#10721));
#10670 = ORIENTED_EDGE('',*,*,#10584,.T.);
#10671 = ORIENTED_EDGE('',*,*,#10672,.T.);
#10672 = EDGE_CURVE('',#10585,#10673,#10675,.T.);
#10673 = VERTEX_POINT('',#10674);
#10674 = CARTESIAN_POINT('',(434.6,19.35,-80.));
#10675 = SEAM_CURVE('',#10676,(#10680,#10687),.PCURVE_S1.);
#10676 = LINE('',#10677,#10678);
#10677 = CARTESIAN_POINT('',(429.4,19.35,-80.));
#10678 = VECTOR('',#10679,1.);
#10679 = DIRECTION('',(1.,-0.,-0.));
#10680 = PCURVE('',#10601,#10681);
#10681 = DEFINITIONAL_REPRESENTATION('',(#10682),#10686);
#10682 = LINE('',#10683,#10684);
#10683 = CARTESIAN_POINT('',(6.28318530718,0.));
#10684 = VECTOR('',#10685,1.);
#10685 = DIRECTION('',(0.,-1.));
#10686 = ( GEOMETRIC_REPRESENTATION_CONTEXT(2) 
PARAMETRIC_REPRESENTATION_CONTEXT() REPRESENTATION_CONTEXT('2D SPACE',''
  ) );
#10687 = PCURVE('',#10601,#10688);
#10688 = DEFINITIONAL_REPRESENTATION('',(#10689),#10693);
#10689 = LINE('',#10690,#10691);
#10690 = CARTESIAN_POINT('',(0.,0.));
#10691 = VECTOR('',#10692,1.);
#10692 = DIRECTION('',(0.,-1.));
#10693 = ( GEOMETRIC_REPRESENTATION_CONTEXT(2) 
PARAMETRIC_REPRESENTATION_CONTEXT() REPRESENTATION_CONTEXT('2D SPACE',''
  ) );
#10694 = ORIENTED_EDGE('',*,*,#10695,.F.);
#10695 = EDGE_CURVE('',#10673,#10673,#10696,.T.);
#10696 = SURFACE_CURVE('',#10697,(#10702,#10709),.PCURVE_S1.);
#10697 = CIRCLE('',#10698,19.35);
#10698 = AXIS2_PLACEMENT_3D('',#10699,#10700,#10701);
#10699 = CARTESIAN_POINT('',(434.6,0.,-80.));
#10700 = DIRECTION('',(1.,0.,0.));
#10701 = DIRECTION('',(-0.,1.,-0.));
#10702 = PCURVE('',#10601,#10703);
#10703 = DEFINITIONAL_REPRESENTATION('',(#10704),#10708);
#10704 = LINE('',#10705,#10706);
#10705 = CARTESIAN_POINT('',(6.28318530718,-5.2));
#10706 = VECTOR('',#10707,1.);
#10707 = DIRECTION('',(-1.,0.));
#10708 = ( GEOMETRIC_REPRESENTATION_CONTEXT(2) 
PARAMETRIC_REPRESENTATION_CONTEXT() REPRESENTATION_CONTEXT('2D SPACE',''
  ) );
#10709 = PCURVE('',#10710,#10715);
#10710 = PLANE('',#10711);
#10711 = AXIS2_PLACEMENT_3D('',#10712,#10713,#10714);
#10712 = CARTESIAN_POINT('',(434.6,-8.415016200243E-16,-80.));
#10713 = DIRECTION('',(1.,-0.,-0.));
#10714 = DIRECTION('',(0.,0.,1.));
#10715 = DEFINITIONAL_REPRESENTATION('',(#10716),#10720);
#10716 = CIRCLE('',#10717,19.35);
#10717 = AXIS2_PLACEMENT_2D('',#10718,#10719);
#10718 = CARTESIAN_POINT('',(0.,-8.415016200243E-16));
#10719 = DIRECTION('',(-0.,-1.));
#10720 = ( GEOMETRIC_REPRESENTATION_CONTEXT(2) 
PARAMETRIC_REPRESENTATION_CONTEXT() REPRESENTATION_CONTEXT('2D SPACE',''
  ) );
#10721 = ORIENTED_EDGE('',*,*,#10672,.F.);
#10722 = ADVANCED_FACE('',(#10723,#10754),#10633,.T.);
#10723 = FACE_BOUND('',#10724,.F.);
#10724 = EDGE_LOOP('',(#10725));
#10725 = ORIENTED_EDGE('',*,*,#10726,.F.);
#10726 = EDGE_CURVE('',#10727,#10727,#10729,.T.);
#10727 = VERTEX_POINT('',#10728);
#10728 = CARTESIAN_POINT('',(438.3,24.9,-80.));
#10729 = SURFACE_CURVE('',#10730,(#10735,#10742),.PCURVE_S1.);
#10730 = CIRCLE('',#10731,24.9);
#10731 = AXIS2_PLACEMENT_3D('',#10732,#10733,#10734);
#10732 = CARTESIAN_POINT('',(438.3,0.,-80.));
#10733 = DIRECTION('',(1.,0.,0.));
#10734 = DIRECTION('',(-0.,1.,-0.));
#10735 = PCURVE('',#10633,#10736);
#10736 = DEFINITIONAL_REPRESENTATION('',(#10737),#10741);
#10737 = CIRCLE('',#10738,24.9);
#10738 = AXIS2_PLACEMENT_2D('',#10739,#10740);
#10739 = CARTESIAN_POINT('',(0.,-8.415016200243E-16));
#10740 = DIRECTION('',(-0.,-1.));
#10741 = ( GEOMETRIC_REPRESENTATION_CONTEXT(2) 
PARAMETRIC_REPRESENTATION_CONTEXT() REPRESENTATION_CONTEXT('2D SPACE',''
  ) );
#10742 = PCURVE('',#10743,#10748);
#10743 = CYLINDRICAL_SURFACE('',#10744,24.9);
#10744 = AXIS2_PLACEMENT_3D('',#10745,#10746,#10747);
#10745 = CARTESIAN_POINT('',(415.,0.,-80.));
#10746 = DIRECTION('',(-1.,-0.,0.));
#10747 = DIRECTION('',(-0.,1.,-0.));
#10748 = DEFINITIONAL_REPRESENTATION('',(#10749),#10753);
#10749 = LINE('',#10750,#10751);
#10750 = CARTESIAN_POINT('',(6.28318530718,-23.3));
#10751 = VECTOR('',#10752,1.);
#10752 = DIRECTION('',(-1.,0.));
#10753 = ( GEOMETRIC_REPRESENTATION_CONTEXT(2) 
PARAMETRIC_REPRESENTATION_CONTEXT() REPRESENTATION_CONTEXT('2D SPACE',''
  ) );
#10754 = FACE_BOUND('',#10755,.F.);
#10755 = EDGE_LOOP('',(#10756));
#10756 = ORIENTED_EDGE('',*,*,#10616,.T.);
#10757 = ADVANCED_FACE('',(#10758,#10784),#10710,.F.);
#10758 = FACE_BOUND('',#10759,.T.);
#10759 = EDGE_LOOP('',(#10760));
#10760 = ORIENTED_EDGE('',*,*,#10761,.F.);
#10761 = EDGE_CURVE('',#10762,#10762,#10764,.T.);
#10762 = VERTEX_POINT('',#10763);
#10763 = CARTESIAN_POINT('',(434.6,24.9,-80.));
#10764 = SURFACE_CURVE('',#10765,(#10770,#10777),.PCURVE_S1.);
#10765 = CIRCLE('',#10766,24.9);
#10766 = AXIS2_PLACEMENT_3D('',#10767,#10768,#10769);
#10767 = CARTESIAN_POINT('',(434.6,0.,-80.));
#10768 = DIRECTION('',(1.,0.,0.));
#10769 = DIRECTION('',(-0.,1.,-0.));
#10770 = PCURVE('',#10710,#10771);
#10771 = DEFINITIONAL_REPRESENTATION('',(#10772),#10776);
#10772 = CIRCLE('',#10773,24.9);
#10773 = AXIS2_PLACEMENT_2D('',#10774,#10775);
#10774 = CARTESIAN_POINT('',(0.,-8.415016200243E-16));
#10775 = DIRECTION('',(-0.,-1.));
#10776 = ( GEOMETRIC_REPRESENTATION_CONTEXT(2) 
PARAMETRIC_REPRESENTATION_CONTEXT() REPRESENTATION_CONTEXT('2D SPACE',''
  ) );
#10777 = PCURVE('',#10743,#10778);
#10778 = DEFINITIONAL_REPRESENTATION('',(#10779),#10783);
#10779 = LINE('',#10780,#10781);
#10780 = CARTESIAN_POINT('',(6.28318530718,-19.6));
#10781 = VECTOR('',#10782,1.);
#10782 = DIRECTION('',(-1.,0.));
#10783 = ( GEOMETRIC_REPRESENTATION_CONTEXT(2) 
PARAMETRIC_REPRESENTATION_CONTEXT() REPRESENTATION_CONTEXT('2D SPACE',''
  ) );
#10784 = FACE_BOUND('',#10785,.T.);
#10785 = EDGE_LOOP('',(#10786));
#10786 = ORIENTED_EDGE('',*,*,#10695,.T.);
#10787 = ADVANCED_FACE('',(#10788),#10743,.T.);
#10788 = FACE_BOUND('',#10789,.T.);
#10789 = EDGE_LOOP('',(#10790,#10811,#10812,#10813));
#10790 = ORIENTED_EDGE('',*,*,#10791,.F.);
#10791 = EDGE_CURVE('',#10762,#10727,#10792,.T.);
#10792 = SEAM_CURVE('',#10793,(#10797,#10804),.PCURVE_S1.);
#10793 = LINE('',#10794,#10795);
#10794 = CARTESIAN_POINT('',(415.,24.9,-80.));
#10795 = VECTOR('',#10796,1.);
#10796 = DIRECTION('',(1.,-0.,-0.));
#10797 = PCURVE('',#10743,#10798);
#10798 = DEFINITIONAL_REPRESENTATION('',(#10799),#10803);
#10799 = LINE('',#10800,#10801);
#10800 = CARTESIAN_POINT('',(6.28318530718,0.));
#10801 = VECTOR('',#10802,1.);
#10802 = DIRECTION('',(0.,-1.));
#10803 = ( GEOMETRIC_REPRESENTATION_CONTEXT(2) 
PARAMETRIC_REPRESENTATION_CONTEXT() REPRESENTATION_CONTEXT('2D SPACE',''
  ) );
#10804 = PCURVE('',#10743,#10805);
#10805 = DEFINITIONAL_REPRESENTATION('',(#10806),#10810);
#10806 = LINE('',#10807,#10808);
#10807 = CARTESIAN_POINT('',(0.,0.));
#10808 = VECTOR('',#10809,1.);
#10809 = DIRECTION('',(0.,-1.));
#10810 = ( GEOMETRIC_REPRESENTATION_CONTEXT(2) 
PARAMETRIC_REPRESENTATION_CONTEXT() REPRESENTATION_CONTEXT('2D SPACE',''
  ) );
#10811 = ORIENTED_EDGE('',*,*,#10761,.T.);
#10812 = ORIENTED_EDGE('',*,*,#10791,.T.);
#10813 = ORIENTED_EDGE('',*,*,#10726,.F.);
#10814 = ( GEOMETRIC_REPRESENTATION_CONTEXT(3) 
GLOBAL_UNCERTAINTY_ASSIGNED_CONTEXT((#10818)) 
GLOBAL_UNIT_ASSIGNED_CONTEXT((#10815,#10816,#10817)) 
REPRESENTATION_CONTEXT('Context #1',
  '3D Context with UNIT and UNCERTAINTY') );
#10815 = ( LENGTH_UNIT() NAMED_UNIT(*) SI_UNIT(.MILLI.,.METRE.) );
#10816 = ( NAMED_UNIT(*) PLANE_ANGLE_UNIT() SI_UNIT($,.RADIAN.) );
#10817 = ( NAMED_UNIT(*) SI_UNIT($,.STERADIAN.) SOLID_ANGLE_UNIT() );
#10818 = UNCERTAINTY_MEASURE_WITH_UNIT(LENGTH_MEASURE(1.E-07),#10815,
  'distance_accuracy_value','confusion accuracy');
#10819 = CONTEXT_DEPENDENT_SHAPE_REPRESENTATION(#10820,#10822);
#10820 = ( REPRESENTATION_RELATIONSHIP('','',#10083,#10) 
REPRESENTATION_RELATIONSHIP_WITH_TRANSFORMATION(#10821) 
SHAPE_REPRESENTATION_RELATIONSHIP() );
#10821 = ITEM_DEFINED_TRANSFORMATION('','',#11,#43);
#10822 = PRODUCT_DEFINITION_SHAPE('Placement','Placement of an item',
  #10823);
#10823 = NEXT_ASSEMBLY_USAGE_OCCURRENCE('8','P5-piston-mirror','',#5,
  #10078,$);
#10824 = PRODUCT_RELATED_PRODUCT_CATEGORY('part',$,(#10080));
#10825 = SHAPE_DEFINITION_REPRESENTATION(#10826,#10832);
#10826 = PRODUCT_DEFINITION_SHAPE('','',#10827);
#10827 = PRODUCT_DEFINITION('design','',#10828,#10831);
#10828 = PRODUCT_DEFINITION_FORMATION('','',#10829);
#10829 = PRODUCT('P6-gland-cap','P6-gland-cap','',(#10830));
#10830 = PRODUCT_CONTEXT('',#2,'mechanical');
#10831 = PRODUCT_DEFINITION_CONTEXT('part definition',#2,'design');
#10832 = ADVANCED_BREP_SHAPE_REPRESENTATION('',(#11,#10833),#12371);
#10833 = MANIFOLD_SOLID_BREP('',#10834);
#10834 = CLOSED_SHELL('',(#10835,#11158,#11410,#11449,#11488,#11599,
    #11658,#11708,#11715,#11750,#11785,#11840,#11895,#11934,#11973,
    #12032,#12091,#12126,#12161,#12216,#12271,#12310,#12344));
#10835 = ADVANCED_FACE('',(#10836),#10877,.T.);
#10836 = FACE_BOUND('',#10837,.F.);
#10837 = EDGE_LOOP('',(#10838,#10954,#10977,#11004,#11005,#11107,#11130,
    #11157));
#10838 = ORIENTED_EDGE('',*,*,#10839,.F.);
#10839 = EDGE_CURVE('',#10840,#10842,#10844,.T.);
#10840 = VERTEX_POINT('',#10841);
#10841 = CARTESIAN_POINT('',(139.5,43.,80.));
#10842 = VERTEX_POINT('',#10843);
#10843 = CARTESIAN_POINT('',(133.5,43.,80.));
#10844 = SURFACE_CURVE('',#10845,(#10876,#10915),.PCURVE_S1.);
#10845 = B_SPLINE_CURVE_WITH_KNOTS('',8,(#10846,#10847,#10848,#10849,
    #10850,#10851,#10852,#10853,#10854,#10855,#10856,#10857,#10858,
    #10859,#10860,#10861,#10862,#10863,#10864,#10865,#10866,#10867,
    #10868,#10869,#10870,#10871,#10872,#10873,#10874,#10875),
  .UNSPECIFIED.,.F.,.F.,(9,7,7,7,9),(0.,0.160062103884,0.36851706392,
    0.691820367499,1.),.UNSPECIFIED.);
#10846 = CARTESIAN_POINT('',(139.5,43.,80.));
#10847 = CARTESIAN_POINT('',(139.5,43.,80.226877661989));
#10848 = CARTESIAN_POINT('',(139.48039066689,42.998632189587,
    80.452031407614));
#10849 = CARTESIAN_POINT('',(139.44169523534,42.995931794562,
    80.672869359499));
#10850 = CARTESIAN_POINT('',(139.38496360702,42.992023971134,
    80.886908616609));
#10851 = CARTESIAN_POINT('',(139.31175222165,42.987109495039,
    81.091860109498));
#10852 = CARTESIAN_POINT('',(139.22410508588,42.981442531511,
    81.285710968509));
#10853 = CARTESIAN_POINT('',(139.12453596021,42.975300486123,
    81.466804404921));
#10854 = CARTESIAN_POINT('',(138.87467644097,42.960670165061,
    81.851554324479));
#10855 = CARTESIAN_POINT('',(138.71671842805,42.951950494322,
    82.047686210723));
#10856 = CARTESIAN_POINT('',(138.54565759378,42.943211676254,
    82.222595489713));
#10857 = CARTESIAN_POINT('',(138.36430921192,42.934798509664,
    82.376839822378));
#10858 = CARTESIAN_POINT('',(138.17493456246,42.926973078179,
    82.511104667092));
#10859 = CARTESIAN_POINT('',(137.97935304797,42.919927526618,
    82.626096208854));
#10860 = CARTESIAN_POINT('',(137.77902367979,42.91380132756,
    82.722463790281));
#10861 = CARTESIAN_POINT('',(137.258834305,42.900767660652,
    82.922145782667));
#10862 = CARTESIAN_POINT('',(136.93388948787,42.895288511693,
    83.000049769906));
#10863 = CARTESIAN_POINT('',(136.60445320854,42.892616637364,
    83.036470895515));
#10864 = CARTESIAN_POINT('',(136.2735939214,42.892899446421,
    83.032387378782));
#10865 = CARTESIAN_POINT('',(135.94414149172,42.896146113423,
    82.987816053521));
#10866 = CARTESIAN_POINT('',(135.61918143435,42.902235917877,
    82.901860769485));
#10867 = CARTESIAN_POINT('',(135.30258581422,42.910865225259,
    82.772774212649));
#10868 = CARTESIAN_POINT('',(134.71156872201,42.931519836127,
    82.431550335367));
#10869 = CARTESIAN_POINT('',(134.42668737807,42.94368824419,
    82.218280325891));
#10870 = CARTESIAN_POINT('',(134.15824143988,42.957396946352,
    81.955297265663));
#10871 = CARTESIAN_POINT('',(133.91897645462,42.971552522466,
    81.642756741001));
#10872 = CARTESIAN_POINT('',(133.72142297762,42.984552223383,
    81.283719496538));
#10873 = CARTESIAN_POINT('',(133.57779889803,42.994572105017,
    80.883941774717));
#10874 = CARTESIAN_POINT('',(133.5,43.,80.451910999719));
#10875 = CARTESIAN_POINT('',(133.5,43.,80.));
#10876 = PCURVE('',#10877,#10882);
#10877 = CYLINDRICAL_SURFACE('',#10878,43.);
#10878 = AXIS2_PLACEMENT_3D('',#10879,#10880,#10881);
#10879 = CARTESIAN_POINT('',(95.,0.,80.));
#10880 = DIRECTION('',(-1.,-0.,-0.));
#10881 = DIRECTION('',(0.,1.,0.));
#10882 = DEFINITIONAL_REPRESENTATION('',(#10883),#10914);
#10883 = B_SPLINE_CURVE_WITH_KNOTS('',8,(#10884,#10885,#10886,#10887,
    #10888,#10889,#10890,#10891,#10892,#10893,#10894,#10895,#10896,
    #10897,#10898,#10899,#10900,#10901,#10902,#10903,#10904,#10905,
    #10906,#10907,#10908,#10909,#10910,#10911,#10912,#10913),
  .UNSPECIFIED.,.F.,.F.,(9,7,7,7,9),(0.,0.160062103884,0.36851706392,
    0.691820367499,1.),.UNSPECIFIED.);
#10884 = CARTESIAN_POINT('',(0.,-44.5));
#10885 = CARTESIAN_POINT('',(-5.276224697411E-03,-44.5));
#10886 = CARTESIAN_POINT('',(-1.051235857397E-02,-44.48039066689));
#10887 = CARTESIAN_POINT('',(-1.564834786356E-02,-44.44169523534));
#10888 = CARTESIAN_POINT('',(-2.062666327851E-02,-44.38496360702));
#10889 = CARTESIAN_POINT('',(-2.539420925742E-02,-44.31175222165));
#10890 = CARTESIAN_POINT('',(-2.990420989283E-02,-44.22410508588));
#10891 = CARTESIAN_POINT('',(-3.411807153876E-02,-44.12453596021));
#10892 = CARTESIAN_POINT('',(-4.307221065418E-02,-43.87467644097));
#10893 = CARTESIAN_POINT('',(-4.763782855419E-02,-43.71671842805));
#10894 = CARTESIAN_POINT('',(-5.171046921766E-02,-43.54565759378));
#10895 = CARTESIAN_POINT('',(-5.530281999313E-02,-43.36430921192));
#10896 = CARTESIAN_POINT('',(-5.843052749891E-02,-43.17493456246));
#10897 = CARTESIAN_POINT('',(-6.110975194881E-02,-42.97935304797));
#10898 = CARTESIAN_POINT('',(-6.335537925998E-02,-42.77902367978));
#10899 = CARTESIAN_POINT('',(-6.800902827899E-02,-42.258834305));
#10900 = CARTESIAN_POINT('',(-6.982520202111E-02,-41.93388948787));
#10901 = CARTESIAN_POINT('',(-7.067448491341E-02,-41.60445320854));
#10902 = CARTESIAN_POINT('',(-7.057929832625E-02,-41.2735939214));
#10903 = CARTESIAN_POINT('',(-6.953999885051E-02,-40.94414149172));
#10904 = CARTESIAN_POINT('',(-6.753603419084E-02,-40.61918143435));
#10905 = CARTESIAN_POINT('',(-6.452737987804E-02,-40.30258581422));
#10906 = CARTESIAN_POINT('',(-5.657741644803E-02,-39.71156872201));
#10907 = CARTESIAN_POINT('',(-5.160961169327E-02,-39.42668737807));
#10908 = CARTESIAN_POINT('',(-4.548555080536E-02,-39.15824143988));
#10909 = CARTESIAN_POINT('',(-3.821007255021E-02,-38.91897645462));
#10910 = CARTESIAN_POINT('',(-2.985570855288E-02,-38.72142297762));
#10911 = CARTESIAN_POINT('',(-2.055678585995E-02,-38.57779889803));
#10912 = CARTESIAN_POINT('',(-1.0509558133E-02,-38.5));
#10913 = CARTESIAN_POINT('',(0.,-38.5));
#10914 = ( GEOMETRIC_REPRESENTATION_CONTEXT(2) 
PARAMETRIC_REPRESENTATION_CONTEXT() REPRESENTATION_CONTEXT('2D SPACE',''
  ) );
#10915 = PCURVE('',#10916,#10921);
#10916 = CYLINDRICAL_SURFACE('',#10917,3.);
#10917 = AXIS2_PLACEMENT_3D('',#10918,#10919,#10920);
#10918 = CARTESIAN_POINT('',(136.5,86.,80.));
#10919 = DIRECTION('',(-0.,1.,-0.));
#10920 = DIRECTION('',(1.,0.,0.));
#10921 = DEFINITIONAL_REPRESENTATION('',(#10922),#10953);
#10922 = B_SPLINE_CURVE_WITH_KNOTS('',8,(#10923,#10924,#10925,#10926,
    #10927,#10928,#10929,#10930,#10931,#10932,#10933,#10934,#10935,
    #10936,#10937,#10938,#10939,#10940,#10941,#10942,#10943,#10944,
    #10945,#10946,#10947,#10948,#10949,#10950,#10951,#10952),
  .UNSPECIFIED.,.F.,.F.,(9,7,7,7,9),(0.,0.160062103884,0.36851706392,
    0.691820367499,1.),.UNSPECIFIED.);
#10923 = CARTESIAN_POINT('',(0.,-43.));
#10924 = CARTESIAN_POINT('',(-7.562588732956E-02,-43.));
#10925 = CARTESIAN_POINT('',(-0.150677086519,-43.00136781041));
#10926 = CARTESIAN_POINT('',(-0.224949012952,-43.00406820543));
#10927 = CARTESIAN_POINT('',(-0.298230323504,-43.00797602886));
#10928 = CARTESIAN_POINT('',(-0.370285781526,-43.01289050496));
#10929 = CARTESIAN_POINT('',(-0.440836701024,-43.01855746848));
#10930 = CARTESIAN_POINT('',(-0.509538970026,-43.02469951387));
#10931 = CARTESIAN_POINT('',(-0.662459530361,-43.03932983493));
#10932 = CARTESIAN_POINT('',(-0.745966314644,-43.04804950567));
#10933 = CARTESIAN_POINT('',(-0.826904791658,-43.05678832374));
#10934 = CARTESIAN_POINT('',(-0.905620839937,-43.06520149033));
#10935 = CARTESIAN_POINT('',(-0.982426565735,-43.07302692182));
#10936 = CARTESIAN_POINT('',(-1.057615157213,-43.08007247338));
#10937 = CARTESIAN_POINT('',(-1.131467948462,-43.08619867244));
#10938 = CARTESIAN_POINT('',(-1.317200696641,-43.09923233934));
#10939 = CARTESIAN_POINT('',(-1.427627517006,-43.1047114883));
#10940 = CARTESIAN_POINT('',(-1.536690571375,-43.10738336263));
#10941 = CARTESIAN_POINT('',(-1.645340940832,-43.10710055357));
#10942 = CARTESIAN_POINT('',(-1.754482195397,-43.10385388657));
#10943 = CARTESIAN_POINT('',(-1.865021787043,-43.09776408212));
#10944 = CARTESIAN_POINT('',(-1.977929768196,-43.08913477474));
#10945 = CARTESIAN_POINT('',(-2.205412353051,-43.06848016387));
#10946 = CARTESIAN_POINT('',(-2.323195865396,-43.05631175581));
#10947 = CARTESIAN_POINT('',(-2.446603039715,-43.04260305364));
#10948 = CARTESIAN_POINT('',(-2.575090996289,-43.02844747753));
#10949 = CARTESIAN_POINT('',(-2.708479405501,-43.01544777661));
#10950 = CARTESIAN_POINT('',(-2.84694504814,-43.00542789498));
#10951 = CARTESIAN_POINT('',(-2.990955653683,-43.));
#10952 = CARTESIAN_POINT('',(-3.14159265359,-43.));
#10953 = ( GEOMETRIC_REPRESENTATION_CONTEXT(2) 
PARAMETRIC_REPRESENTATION_CONTEXT() REPRESENTATION_CONTEXT('2D SPACE',''
  ) );
#10954 = ORIENTED_EDGE('',*,*,#10955,.T.);
#10955 = EDGE_CURVE('',#10840,#10956,#10958,.T.);
#10956 = VERTEX_POINT('',#10957);
#10957 = CARTESIAN_POINT('',(170.,43.,80.));
#10958 = SEAM_CURVE('',#10959,(#10963,#10970),.PCURVE_S1.);
#10959 = LINE('',#10960,#10961);
#10960 = CARTESIAN_POINT('',(95.,43.,80.));
#10961 = VECTOR('',#10962,1.);
#10962 = DIRECTION('',(1.,0.,0.));
#10963 = PCURVE('',#10877,#10964);
#10964 = DEFINITIONAL_REPRESENTATION('',(#10965),#10969);
#10965 = LINE('',#10966,#10967);
#10966 = CARTESIAN_POINT('',(-6.28318530718,0.));
#10967 = VECTOR('',#10968,1.);
#10968 = DIRECTION('',(-0.,-1.));
#10969 = ( GEOMETRIC_REPRESENTATION_CONTEXT(2) 
PARAMETRIC_REPRESENTATION_CONTEXT() REPRESENTATION_CONTEXT('2D SPACE',''
  ) );
#10970 = PCURVE('',#10877,#10971);
#10971 = DEFINITIONAL_REPRESENTATION('',(#10972),#10976);
#10972 = LINE('',#10973,#10974);
#10973 = CARTESIAN_POINT('',(-0.,0.));
#10974 = VECTOR('',#10975,1.);
#10975 = DIRECTION('',(-0.,-1.));
#10976 = ( GEOMETRIC_REPRESENTATION_CONTEXT(2) 
PARAMETRIC_REPRESENTATION_CONTEXT() REPRESENTATION_CONTEXT('2D SPACE',''
  ) );
#10977 = ORIENTED_EDGE('',*,*,#10978,.T.);
#10978 = EDGE_CURVE('',#10956,#10956,#10979,.T.);
#10979 = SURFACE_CURVE('',#10980,(#10985,#10992),.PCURVE_S1.);
#10980 = CIRCLE('',#10981,43.);
#10981 = AXIS2_PLACEMENT_3D('',#10982,#10983,#10984);
#10982 = CARTESIAN_POINT('',(170.,0.,80.));
#10983 = DIRECTION('',(1.,0.,0.));
#10984 = DIRECTION('',(0.,1.,0.));
#10985 = PCURVE('',#10877,#10986);
#10986 = DEFINITIONAL_REPRESENTATION('',(#10987),#10991);
#10987 = LINE('',#10988,#10989);
#10988 = CARTESIAN_POINT('',(-0.,-75.));
#10989 = VECTOR('',#10990,1.);
#10990 = DIRECTION('',(-1.,0.));
#10991 = ( GEOMETRIC_REPRESENTATION_CONTEXT(2) 
PARAMETRIC_REPRESENTATION_CONTEXT() REPRESENTATION_CONTEXT('2D SPACE',''
  ) );
#10992 = PCURVE('',#10993,#10998);
#10993 = PLANE('',#10994);
#10994 = AXIS2_PLACEMENT_3D('',#10995,#10996,#10997);
#10995 = CARTESIAN_POINT('',(170.,-1.017629866076E-15,80.));
#10996 = DIRECTION('',(1.,0.,0.));
#10997 = DIRECTION('',(-0.,0.,1.));
#10998 = DEFINITIONAL_REPRESENTATION('',(#10999),#11003);
#10999 = CIRCLE('',#11000,43.);
#11000 = AXIS2_PLACEMENT_2D('',#11001,#11002);
#11001 = CARTESIAN_POINT('',(0.,-1.017629866076E-15));
#11002 = DIRECTION('',(0.,-1.));
#11003 = ( GEOMETRIC_REPRESENTATION_CONTEXT(2) 
PARAMETRIC_REPRESENTATION_CONTEXT() REPRESENTATION_CONTEXT('2D SPACE',''
  ) );
#11004 = ORIENTED_EDGE('',*,*,#10955,.F.);
#11005 = ORIENTED_EDGE('',*,*,#11006,.F.);
#11006 = EDGE_CURVE('',#10842,#10840,#11007,.T.);
#11007 = SURFACE_CURVE('',#11008,(#11039,#11073),.PCURVE_S1.);
#11008 = B_SPLINE_CURVE_WITH_KNOTS('',8,(#11009,#11010,#11011,#11012,
    #11013,#11014,#11015,#11016,#11017,#11018,#11019,#11020,#11021,
    #11022,#11023,#11024,#11025,#11026,#11027,#11028,#11029,#11030,
    #11031,#11032,#11033,#11034,#11035,#11036,#11037,#11038),
  .UNSPECIFIED.,.F.,.F.,(9,7,7,7,9),(0.,0.160062105074,0.368517066444,
    0.691820365452,1.),.UNSPECIFIED.);
#11009 = CARTESIAN_POINT('',(133.5,43.,80.));
#11010 = CARTESIAN_POINT('',(133.5,43.,79.773122338216));
#11011 = CARTESIAN_POINT('',(133.51960933306,42.99863218959,
    79.547968592464));
#11012 = CARTESIAN_POINT('',(133.55830476465,42.995931794562,
    79.327130640398));
#11013 = CARTESIAN_POINT('',(133.61503639302,42.99202397113,
    79.113091383215));
#11014 = CARTESIAN_POINT('',(133.68824777841,42.987109495035,
    78.908139890404));
#11015 = CARTESIAN_POINT('',(133.77589491411,42.981442531512,
    78.714289031559));
#11016 = CARTESIAN_POINT('',(133.87546403967,42.975300486129,
    78.533195595253));
#11017 = CARTESIAN_POINT('',(134.12532355902,42.960670165061,
    78.148445675521));
#11018 = CARTESIAN_POINT('',(134.28328157194,42.951950494322,
    77.952313789277));
#11019 = CARTESIAN_POINT('',(134.45434240621,42.943211676254,
    77.777404510287));
#11020 = CARTESIAN_POINT('',(134.63569078807,42.934798509664,
    77.623160177622));
#11021 = CARTESIAN_POINT('',(134.82506543753,42.926973078179,
    77.488895332908));
#11022 = CARTESIAN_POINT('',(135.02064695202,42.919927526618,
    77.373903791146));
#11023 = CARTESIAN_POINT('',(135.22097632021,42.91380132756,
    77.277536209719));
#11024 = CARTESIAN_POINT('',(135.74116568849,42.900767660815,
    77.077854219827));
#11025 = CARTESIAN_POINT('',(136.06611053234,42.89528851149,
    76.99995022714));
#11026 = CARTESIAN_POINT('',(136.39554676919,42.892616637252,
    76.963529102448));
#11027 = CARTESIAN_POINT('',(136.72640607846,42.892899446691,
    76.967612625513));
#11028 = CARTESIAN_POINT('',(137.05585853053,42.896146113522,
    77.0121839483));
#11029 = CARTESIAN_POINT('',(137.38081854573,42.902235917488,
    77.09813922405));
#11030 = CARTESIAN_POINT('',(137.69741419206,42.910865225478,
    77.227225790981));
#11031 = CARTESIAN_POINT('',(138.28843127798,42.931519836127,
    77.568449664634));
#11032 = CARTESIAN_POINT('',(138.57331262191,42.94368824419,
    77.781719674106));
#11033 = CARTESIAN_POINT('',(138.84175856012,42.957396946352,
    78.044702734339));
#11034 = CARTESIAN_POINT('',(139.08102354537,42.971552522466,
    78.357243259));
#11035 = CARTESIAN_POINT('',(139.27857702238,42.984552223383,
    78.716280503458));
#11036 = CARTESIAN_POINT('',(139.42220110196,42.994572105017,
    79.116058225286));
#11037 = CARTESIAN_POINT('',(139.5,43.,79.54808900028));
#11038 = CARTESIAN_POINT('',(139.5,43.,80.));
#11039 = PCURVE('',#10877,#11040);
#11040 = DEFINITIONAL_REPRESENTATION('',(#11041),#11072);
#11041 = B_SPLINE_CURVE_WITH_KNOTS('',8,(#11042,#11043,#11044,#11045,
    #11046,#11047,#11048,#11049,#11050,#11051,#11052,#11053,#11054,
    #11055,#11056,#11057,#11058,#11059,#11060,#11061,#11062,#11063,
    #11064,#11065,#11066,#11067,#11068,#11069,#11070,#11071),
  .UNSPECIFIED.,.F.,.F.,(9,7,7,7,9),(0.,0.160062105074,0.368517066444,
    0.691820365452,1.),.UNSPECIFIED.);
#11042 = CARTESIAN_POINT('',(-6.28318530718,-38.5));
#11043 = CARTESIAN_POINT('',(-6.277909082487,-38.5));
#11044 = CARTESIAN_POINT('',(-6.272672948607,-38.51960933306));
#11045 = CARTESIAN_POINT('',(-6.267536959314,-38.55830476465));
#11046 = CARTESIAN_POINT('',(-6.262558643897,-38.61503639302));
#11047 = CARTESIAN_POINT('',(-6.25779109792,-38.68824777841));
#11048 = CARTESIAN_POINT('',(-6.253281097288,-38.77589491411));
#11049 = CARTESIAN_POINT('',(-6.249067235645,-38.87546403967));
#11050 = CARTESIAN_POINT('',(-6.240113096525,-39.12532355902));
#11051 = CARTESIAN_POINT('',(-6.235547478625,-39.28328157194));
#11052 = CARTESIAN_POINT('',(-6.231474837962,-39.45434240621));
#11053 = CARTESIAN_POINT('',(-6.227882487186,-39.63569078807));
#11054 = CARTESIAN_POINT('',(-6.224754779681,-39.82506543753));
#11055 = CARTESIAN_POINT('',(-6.222075555231,-40.02064695202));
#11056 = CARTESIAN_POINT('',(-6.21982992792,-40.22097632021));
#11057 = CARTESIAN_POINT('',(-6.215176278959,-40.74116568849));
#11058 = CARTESIAN_POINT('',(-6.21336010509,-41.06611053234));
#11059 = CARTESIAN_POINT('',(-6.212510822219,-41.39554676919));
#11060 = CARTESIAN_POINT('',(-6.212606008953,-41.72640607846));
#11061 = CARTESIAN_POINT('',(-6.213645308371,-42.05585853053));
#11062 = CARTESIAN_POINT('',(-6.215649272838,-42.38081854573));
#11063 = CARTESIAN_POINT('',(-6.218657927386,-42.69741419206));
#11064 = CARTESIAN_POINT('',(-6.226607890732,-43.28843127798));
#11065 = CARTESIAN_POINT('',(-6.231575695486,-43.57331262191));
#11066 = CARTESIAN_POINT('',(-6.237699756374,-43.84175856012));
#11067 = CARTESIAN_POINT('',(-6.244975234629,-44.08102354537));
#11068 = CARTESIAN_POINT('',(-6.253329598627,-44.27857702237));
#11069 = CARTESIAN_POINT('',(-6.26262852132,-44.42220110196));
#11070 = CARTESIAN_POINT('',(-6.272675749047,-44.5));
#11071 = CARTESIAN_POINT('',(-6.28318530718,-44.5));
#11072 = ( GEOMETRIC_REPRESENTATION_CONTEXT(2) 
PARAMETRIC_REPRESENTATION_CONTEXT() REPRESENTATION_CONTEXT('2D SPACE',''
  ) );
#11073 = PCURVE('',#10916,#11074);
#11074 = DEFINITIONAL_REPRESENTATION('',(#11075),#11106);
#11075 = B_SPLINE_CURVE_WITH_KNOTS('',8,(#11076,#11077,#11078,#11079,
    #11080,#11081,#11082,#11083,#11084,#11085,#11086,#11087,#11088,
    #11089,#11090,#11091,#11092,#11093,#11094,#11095,#11096,#11097,
    #11098,#11099,#11100,#11101,#11102,#11103,#11104,#11105),
  .UNSPECIFIED.,.F.,.F.,(9,7,7,7,9),(0.,0.160062105074,0.368517066444,
    0.691820365452,1.),.UNSPECIFIED.);
#11076 = CARTESIAN_POINT('',(-3.14159265359,-43.));
#11077 = CARTESIAN_POINT('',(-3.217218540851,-43.));
#11078 = CARTESIAN_POINT('',(-3.292269740083,-43.00136781041));
#11079 = CARTESIAN_POINT('',(-3.366541666574,-43.00406820543));
#11080 = CARTESIAN_POINT('',(-3.439822977153,-43.00797602887));
#11081 = CARTESIAN_POINT('',(-3.511878435154,-43.01289050496));
#11082 = CARTESIAN_POINT('',(-3.582429354593,-43.01855746848));
#11083 = CARTESIAN_POINT('',(-3.651131623547,-43.02469951387));
#11084 = CARTESIAN_POINT('',(-3.80405218395,-43.03932983493));
#11085 = CARTESIAN_POINT('',(-3.887558968234,-43.04804950567));
#11086 = CARTESIAN_POINT('',(-3.968497445248,-43.05678832374));
#11087 = CARTESIAN_POINT('',(-4.047213493527,-43.06520149033));
#11088 = CARTESIAN_POINT('',(-4.124019219325,-43.07302692182));
#11089 = CARTESIAN_POINT('',(-4.199207810802,-43.08007247338));
#11090 = CARTESIAN_POINT('',(-4.273060602051,-43.08619867244));
#11091 = CARTESIAN_POINT('',(-4.458793347911,-43.09923233918));
#11092 = CARTESIAN_POINT('',(-4.569220177828,-43.10471148851));
#11093 = CARTESIAN_POINT('',(-4.678283216924,-43.10738336274));
#11094 = CARTESIAN_POINT('',(-4.786933594495,-43.1071005533));
#11095 = CARTESIAN_POINT('',(-4.896074857024,-43.10385388647));
#11096 = CARTESIAN_POINT('',(-5.006614433242,-43.09776408251));
#11097 = CARTESIAN_POINT('',(-5.119522424206,-43.08913477452));
#11098 = CARTESIAN_POINT('',(-5.347005006641,-43.06848016387));
#11099 = CARTESIAN_POINT('',(-5.464788518985,-43.05631175581));
#11100 = CARTESIAN_POINT('',(-5.588195693306,-43.04260305364));
#11101 = CARTESIAN_POINT('',(-5.716683649879,-43.02844747753));
#11102 = CARTESIAN_POINT('',(-5.85007205909,-43.01544777661));
#11103 = CARTESIAN_POINT('',(-5.988537701731,-43.00542789498));
#11104 = CARTESIAN_POINT('',(-6.132548307273,-43.));
#11105 = CARTESIAN_POINT('',(-6.28318530718,-43.));
#11106 = ( GEOMETRIC_REPRESENTATION_CONTEXT(2) 
PARAMETRIC_REPRESENTATION_CONTEXT() REPRESENTATION_CONTEXT('2D SPACE',''
  ) );
#11107 = ORIENTED_EDGE('',*,*,#11108,.F.);
#11108 = EDGE_CURVE('',#11109,#10842,#11111,.T.);
#11109 = VERTEX_POINT('',#11110);
#11110 = CARTESIAN_POINT('',(95.,43.,80.));
#11111 = SEAM_CURVE('',#11112,(#11116,#11123),.PCURVE_S1.);
#11112 = LINE('',#11113,#11114);
#11113 = CARTESIAN_POINT('',(95.,43.,80.));
#11114 = VECTOR('',#11115,1.);
#11115 = DIRECTION('',(1.,0.,0.));
#11116 = PCURVE('',#10877,#11117);
#11117 = DEFINITIONAL_REPRESENTATION('',(#11118),#11122);
#11118 = LINE('',#11119,#11120);
#11119 = CARTESIAN_POINT('',(-0.,0.));
#11120 = VECTOR('',#11121,1.);
#11121 = DIRECTION('',(-0.,-1.));
#11122 = ( GEOMETRIC_REPRESENTATION_CONTEXT(2) 
PARAMETRIC_REPRESENTATION_CONTEXT() REPRESENTATION_CONTEXT('2D SPACE',''
  ) );
#11123 = PCURVE('',#10877,#11124);
#11124 = DEFINITIONAL_REPRESENTATION('',(#11125),#11129);
#11125 = LINE('',#11126,#11127);
#11126 = CARTESIAN_POINT('',(-6.28318530718,0.));
#11127 = VECTOR('',#11128,1.);
#11128 = DIRECTION('',(-0.,-1.));
#11129 = ( GEOMETRIC_REPRESENTATION_CONTEXT(2) 
PARAMETRIC_REPRESENTATION_CONTEXT() REPRESENTATION_CONTEXT('2D SPACE',''
  ) );
#11130 = ORIENTED_EDGE('',*,*,#11131,.F.);
#11131 = EDGE_CURVE('',#11109,#11109,#11132,.T.);
#11132 = SURFACE_CURVE('',#11133,(#11138,#11145),.PCURVE_S1.);
#11133 = CIRCLE('',#11134,43.);
#11134 = AXIS2_PLACEMENT_3D('',#11135,#11136,#11137);
#11135 = CARTESIAN_POINT('',(95.,0.,80.));
#11136 = DIRECTION('',(1.,0.,0.));
#11137 = DIRECTION('',(0.,1.,0.));
#11138 = PCURVE('',#10877,#11139);
#11139 = DEFINITIONAL_REPRESENTATION('',(#11140),#11144);
#11140 = LINE('',#11141,#11142);
#11141 = CARTESIAN_POINT('',(-0.,0.));
#11142 = VECTOR('',#11143,1.);
#11143 = DIRECTION('',(-1.,0.));
#11144 = ( GEOMETRIC_REPRESENTATION_CONTEXT(2) 
PARAMETRIC_REPRESENTATION_CONTEXT() REPRESENTATION_CONTEXT('2D SPACE',''
  ) );
#11145 = PCURVE('',#11146,#11151);
#11146 = PLANE('',#11147);
#11147 = AXIS2_PLACEMENT_3D('',#11148,#11149,#11150);
#11148 = CARTESIAN_POINT('',(95.,-1.017629866076E-15,80.));
#11149 = DIRECTION('',(1.,0.,0.));
#11150 = DIRECTION('',(-0.,0.,1.));
#11151 = DEFINITIONAL_REPRESENTATION('',(#11152),#11156);
#11152 = CIRCLE('',#11153,43.);
#11153 = AXIS2_PLACEMENT_2D('',#11154,#11155);
#11154 = CARTESIAN_POINT('',(0.,-1.017629866076E-15));
#11155 = DIRECTION('',(0.,-1.));
#11156 = ( GEOMETRIC_REPRESENTATION_CONTEXT(2) 
PARAMETRIC_REPRESENTATION_CONTEXT() REPRESENTATION_CONTEXT('2D SPACE',''
  ) );
#11157 = ORIENTED_EDGE('',*,*,#11108,.T.);
#11158 = ADVANCED_FACE('',(#11159),#10916,.F.);
#11159 = FACE_BOUND('',#11160,.T.);
#11160 = EDGE_LOOP('',(#11161,#11162,#11185,#11300,#11408,#11409));
#11161 = ORIENTED_EDGE('',*,*,#10839,.F.);
#11162 = ORIENTED_EDGE('',*,*,#11163,.T.);
#11163 = EDGE_CURVE('',#10840,#11164,#11166,.T.);
#11164 = VERTEX_POINT('',#11165);
#11165 = CARTESIAN_POINT('',(139.5,16.,80.));
#11166 = SEAM_CURVE('',#11167,(#11171,#11178),.PCURVE_S1.);
#11167 = LINE('',#11168,#11169);
#11168 = CARTESIAN_POINT('',(139.5,86.,80.));
#11169 = VECTOR('',#11170,1.);
#11170 = DIRECTION('',(0.,-1.,0.));
#11171 = PCURVE('',#10916,#11172);
#11172 = DEFINITIONAL_REPRESENTATION('',(#11173),#11177);
#11173 = LINE('',#11174,#11175);
#11174 = CARTESIAN_POINT('',(-6.28318530718,0.));
#11175 = VECTOR('',#11176,1.);
#11176 = DIRECTION('',(-0.,-1.));
#11177 = ( GEOMETRIC_REPRESENTATION_CONTEXT(2) 
PARAMETRIC_REPRESENTATION_CONTEXT() REPRESENTATION_CONTEXT('2D SPACE',''
  ) );
#11178 = PCURVE('',#10916,#11179);
#11179 = DEFINITIONAL_REPRESENTATION('',(#11180),#11184);
#11180 = LINE('',#11181,#11182);
#11181 = CARTESIAN_POINT('',(-0.,0.));
#11182 = VECTOR('',#11183,1.);
#11183 = DIRECTION('',(-0.,-1.));
#11184 = ( GEOMETRIC_REPRESENTATION_CONTEXT(2) 
PARAMETRIC_REPRESENTATION_CONTEXT() REPRESENTATION_CONTEXT('2D SPACE',''
  ) );
#11185 = ORIENTED_EDGE('',*,*,#11186,.T.);
#11186 = EDGE_CURVE('',#11164,#11187,#11189,.T.);
#11187 = VERTEX_POINT('',#11188);
#11188 = CARTESIAN_POINT('',(133.5,16.,80.));
#11189 = SURFACE_CURVE('',#11190,(#11223,#11259),.PCURVE_S1.);
#11190 = B_SPLINE_CURVE_WITH_KNOTS('',7,(#11191,#11192,#11193,#11194,
    #11195,#11196,#11197,#11198,#11199,#11200,#11201,#11202,#11203,
    #11204,#11205,#11206,#11207,#11208,#11209,#11210,#11211,#11212,
    #11213,#11214,#11215,#11216,#11217,#11218,#11219,#11220,#11221,
    #11222),.UNSPECIFIED.,.F.,.F.,(8,6,6,6,6,8),(0.,0.151850114543,
    0.358451972672,0.500911425125,0.768527385746,1.),.UNSPECIFIED.);
#11191 = CARTESIAN_POINT('',(139.5,16.,80.));
#11192 = CARTESIAN_POINT('',(139.5,16.,80.247000262398));
#11193 = CARTESIAN_POINT('',(139.47627386396,15.995551955572,
    80.491916024733));
#11194 = CARTESIAN_POINT('',(139.42954434452,15.986788108092,
    80.731109327385));
#11195 = CARTESIAN_POINT('',(139.36143343455,15.974233824374,
    80.961108267835));
#11196 = CARTESIAN_POINT('',(139.27442938445,15.958738930971,
    81.178788873956));
#11197 = CARTESIAN_POINT('',(139.17186689609,15.941336957375,
    81.381552064125));
#11198 = CARTESIAN_POINT('',(138.90288907498,15.898127607025,
    81.820483975293));
#11199 = CARTESIAN_POINT('',(138.7249635002,15.871260560425,
    82.045307420287));
#11200 = CARTESIAN_POINT('',(138.52980864095,15.844265581801,
    82.24229813031));
#11201 = CARTESIAN_POINT('',(138.3216732222,15.818584044147,
    82.41237888765));
#11202 = CARTESIAN_POINT('',(138.10379205176,15.795227824304,
    82.556644760055));
#11203 = CARTESIAN_POINT('',(137.8786316947,15.774908550355,
    82.676128655413));
#11204 = CARTESIAN_POINT('',(137.489056085,15.746526186948,
    82.83749615652));
#11205 = CARTESIAN_POINT('',(137.32744018933,15.736613616773,
    82.891973378282));
#11206 = CARTESIAN_POINT('',(137.16384427608,15.728533987678,
    82.935307834347));
#11207 = CARTESIAN_POINT('',(136.99882252635,15.722402129529,
    82.967683570499));
#11208 = CARTESIAN_POINT('',(136.83286869369,15.718290434441,
    82.989226533863));
#11209 = CARTESIAN_POINT('',(136.66644316143,15.716233645502,83.));
#11210 = CARTESIAN_POINT('',(136.18732965226,15.716233645502,83.));
#11211 = CARTESIAN_POINT('',(135.87509349495,15.723490806676,
    82.961981006827));
#11212 = CARTESIAN_POINT('',(135.5659443956,15.73796938001,
    82.886134300505));
#11213 = CARTESIAN_POINT('',(135.26273534135,15.759241151099,
    82.771544413061));
#11214 = CARTESIAN_POINT('',(134.96925274252,15.786447114409,
    82.616530831375));
#11215 = CARTESIAN_POINT('',(134.69067559123,15.818007530572,
    82.418810664438));
#11216 = CARTESIAN_POINT('',(134.21373628005,15.88014177506,
    81.966212157654));
#11217 = CARTESIAN_POINT('',(134.00367828424,15.91104718869,
    81.71702098315));
#11218 = CARTESIAN_POINT('',(133.81722563408,15.941751299538,
    81.4292085142));
#11219 = CARTESIAN_POINT('',(133.66526894256,15.969013833656,
    81.106484066053));
#11220 = CARTESIAN_POINT('',(133.55702329637,15.989307728965,
    80.755023830543));
#11221 = CARTESIAN_POINT('',(133.5,16.,80.382927126732));
#11222 = CARTESIAN_POINT('',(133.5,16.,80.));
#11223 = PCURVE('',#10916,#11224);
#11224 = DEFINITIONAL_REPRESENTATION('',(#11225),#11258);
#11225 = B_SPLINE_CURVE_WITH_KNOTS('',7,(#11226,#11227,#11228,#11229,
    #11230,#11231,#11232,#11233,#11234,#11235,#11236,#11237,#11238,
    #11239,#11240,#11241,#11242,#11243,#11244,#11245,#11246,#11247,
    #11248,#11249,#11250,#11251,#11252,#11253,#11254,#11255,#11256,
    #11257),.UNSPECIFIED.,.F.,.F.,(8,6,6,6,6,8),(0.,0.151850114543,
    0.358451972672,0.500911425125,0.768527385746,1.),.UNSPECIFIED.);
#11226 = CARTESIAN_POINT('',(0.,-70.));
#11227 = CARTESIAN_POINT('',(-8.233342079928E-02,-70.));
#11228 = CARTESIAN_POINT('',(-0.163971938253,-70.00444804442));
#11229 = CARTESIAN_POINT('',(-0.244614955806,-70.0132118919));
#11230 = CARTESIAN_POINT('',(-0.323946096006,-70.02576617562));
#11231 = CARTESIAN_POINT('',(-0.401594571076,-70.04126106902));
#11232 = CARTESIAN_POINT('',(-0.477085434612,-70.05866304262));
#11233 = CARTESIAN_POINT('',(-0.64868260206,-70.10187239297));
#11234 = CARTESIAN_POINT('',(-0.743569149609,-70.12873943957));
#11235 = CARTESIAN_POINT('',(-0.835125547409,-70.15573441819));
#11236 = CARTESIAN_POINT('',(-0.923879967597,-70.18141595585));
#11237 = CARTESIAN_POINT('',(-1.010322336005,-70.20477217569));
#11238 = CARTESIAN_POINT('',(-1.094904076327,-70.22509144964));
#11239 = CARTESIAN_POINT('',(-1.235461943449,-70.25347381305));
#11240 = CARTESIAN_POINT('',(-1.292182495545,-70.26338638322));
#11241 = CARTESIAN_POINT('',(-1.348399219714,-70.27146601232));
#11242 = CARTESIAN_POINT('',(-1.404243160258,-70.27759787047));
#11243 = CARTESIAN_POINT('',(-1.459840216691,-70.28170956555));
#11244 = CARTESIAN_POINT('',(-1.515315272983,-70.28376635449));
#11245 = CARTESIAN_POINT('',(-1.675019776039,-70.28376635449));
#11246 = CARTESIAN_POINT('',(-1.779098303553,-70.27650919332));
#11247 = CARTESIAN_POINT('',(-1.883998078547,-70.26203061999));
#11248 = CARTESIAN_POINT('',(-1.990589974108,-70.2407588489));
#11249 = CARTESIAN_POINT('',(-2.099768860353,-70.21355288559));
#11250 = CARTESIAN_POINT('',(-2.212493940199,-70.18199246942));
#11251 = CARTESIAN_POINT('',(-2.431663208851,-70.11985822494));
#11252 = CARTESIAN_POINT('',(-2.53963079492,-70.08895281131));
#11253 = CARTESIAN_POINT('',(-2.652467382726,-70.05824870046));
#11254 = CARTESIAN_POINT('',(-2.769367633605,-70.03098616634));
#11255 = CARTESIAN_POINT('',(-2.889918148846,-70.01069227103));
#11256 = CARTESIAN_POINT('',(-3.013950278012,-70.));
#11257 = CARTESIAN_POINT('',(-3.14159265359,-70.));
#11258 = ( GEOMETRIC_REPRESENTATION_CONTEXT(2) 
PARAMETRIC_REPRESENTATION_CONTEXT() REPRESENTATION_CONTEXT('2D SPACE',''
  ) );
#11259 = PCURVE('',#11260,#11265);
#11260 = CYLINDRICAL_SURFACE('',#11261,16.);
#11261 = AXIS2_PLACEMENT_3D('',#11262,#11263,#11264);
#11262 = CARTESIAN_POINT('',(94.,0.,80.));
#11263 = DIRECTION('',(-1.,-0.,-0.));
#11264 = DIRECTION('',(0.,1.,0.));
#11265 = DEFINITIONAL_REPRESENTATION('',(#11266),#11299);
#11266 = B_SPLINE_CURVE_WITH_KNOTS('',7,(#11267,#11268,#11269,#11270,
    #11271,#11272,#11273,#11274,#11275,#11276,#11277,#11278,#11279,
    #11280,#11281,#11282,#11283,#11284,#11285,#11286,#11287,#11288,
    #11289,#11290,#11291,#11292,#11293,#11294,#11295,#11296,#11297,
    #11298),.UNSPECIFIED.,.F.,.F.,(8,6,6,6,6,8),(0.,0.151850114543,
    0.358451972672,0.500911425125,0.768527385746,1.),.UNSPECIFIED.);
#11267 = CARTESIAN_POINT('',(0.,-45.5));
#11268 = CARTESIAN_POINT('',(-1.543751639986E-02,-45.5));
#11269 = CARTESIAN_POINT('',(-3.074475804044E-02,-45.47627386396));
#11270 = CARTESIAN_POINT('',(-4.570032210502E-02,-45.42954434452));
#11271 = CARTESIAN_POINT('',(-6.009287830163E-02,-45.36143343455));
#11272 = CARTESIAN_POINT('',(-7.372992670392E-02,-45.27442938445));
#11273 = CARTESIAN_POINT('',(-8.644822364367E-02,-45.17186689609));
#11274 = CARTESIAN_POINT('',(-0.114014073114,-44.90288907498));
#11275 = CARTESIAN_POINT('',(-0.128162449875,-44.7249635002));
#11276 = CARTESIAN_POINT('',(-0.140586996292,-44.52980864095));
#11277 = CARTESIAN_POINT('',(-0.151336317013,-44.3216732222));
#11278 = CARTESIAN_POINT('',(-0.160469844621,-44.10379205176));
#11279 = CARTESIAN_POINT('',(-0.168044682463,-43.8786316947));
#11280 = CARTESIAN_POINT('',(-0.178284965389,-43.489056085));
#11281 = CARTESIAN_POINT('',(-0.181745644003,-43.32744018933));
#11282 = CARTESIAN_POINT('',(-0.184500684321,-43.16384427608));
#11283 = CARTESIAN_POINT('',(-0.186560139063,-42.99882252635));
#11284 = CARTESIAN_POINT('',(-0.18793088973,-42.83286869369));
#11285 = CARTESIAN_POINT('',(-0.188616386175,-42.66644316143));
#11286 = CARTESIAN_POINT('',(-0.188616386175,-42.18732965226));
#11287 = CARTESIAN_POINT('',(-0.186197298766,-41.87509349495));
#11288 = CARTESIAN_POINT('',(-0.181371270985,-41.5659443956));
#11289 = CARTESIAN_POINT('',(-0.174087178661,-41.26273534135));
#11290 = CARTESIAN_POINT('',(-0.164251737732,-40.96925274252));
#11291 = CARTESIAN_POINT('',(-0.151740775795,-40.69067559123));
#11292 = CARTESIAN_POINT('',(-0.123188050944,-40.21373628005));
#11293 = CARTESIAN_POINT('',(-0.107495628992,-40.00367828424));
#11294 = CARTESIAN_POINT('',(-8.940962380289E-02,-39.81722563408));
#11295 = CARTESIAN_POINT('',(-6.917755633436E-02,-39.66526894256));
#11296 = CARTESIAN_POINT('',(-4.718900878964E-02,-39.55702329637));
#11297 = CARTESIAN_POINT('',(-2.393294542078E-02,-39.5));
#11298 = CARTESIAN_POINT('',(0.,-39.5));
#11299 = ( GEOMETRIC_REPRESENTATION_CONTEXT(2) 
PARAMETRIC_REPRESENTATION_CONTEXT() REPRESENTATION_CONTEXT('2D SPACE',''
  ) );
#11300 = ORIENTED_EDGE('',*,*,#11301,.T.);
#11301 = EDGE_CURVE('',#11187,#11164,#11302,.T.);
#11302 = SURFACE_CURVE('',#11303,(#11336,#11372),.PCURVE_S1.);
#11303 = B_SPLINE_CURVE_WITH_KNOTS('',7,(#11304,#11305,#11306,#11307,
    #11308,#11309,#11310,#11311,#11312,#11313,#11314,#11315,#11316,
    #11317,#11318,#11319,#11320,#11321,#11322,#11323,#11324,#11325,
    #11326,#11327,#11328,#11329,#11330,#11331,#11332,#11333,#11334,
    #11335),.UNSPECIFIED.,.F.,.F.,(8,6,6,6,6,8),(0.,0.151850116136,
    0.358451976431,0.500911420105,0.768527383418,1.),.UNSPECIFIED.);
#11304 = CARTESIAN_POINT('',(133.5,16.,80.));
#11305 = CARTESIAN_POINT('',(133.5,16.,79.752999737602));
#11306 = CARTESIAN_POINT('',(133.52372613603,15.995551955572,
    79.508083975267));
#11307 = CARTESIAN_POINT('',(133.57045565547,15.986788108092,
    79.268890672615));
#11308 = CARTESIAN_POINT('',(133.63856656545,15.974233824374,
    79.038891732165));
#11309 = CARTESIAN_POINT('',(133.72557061554,15.958738930971,
    78.821211126044));
#11310 = CARTESIAN_POINT('',(133.82813310391,15.941336957375,
    78.618447935875));
#11311 = CARTESIAN_POINT('',(134.09711092501,15.898127607025,
    78.179516024707));
#11312 = CARTESIAN_POINT('',(134.27503649979,15.871260560425,
    77.954692579713));
#11313 = CARTESIAN_POINT('',(134.47019135904,15.844265581801,
    77.75770186969));
#11314 = CARTESIAN_POINT('',(134.67832677779,15.818584044147,
    77.58762111235));
#11315 = CARTESIAN_POINT('',(134.89620794823,15.795227824304,
    77.443355239945));
#11316 = CARTESIAN_POINT('',(135.12136830529,15.774908550355,
    77.323871344587));
#11317 = CARTESIAN_POINT('',(135.51094390352,15.746526187783,
    77.162503848229));
#11318 = CARTESIAN_POINT('',(135.67255982248,15.73661361641,
    77.108026619688));
#11319 = CARTESIAN_POINT('',(135.83615573316,15.728533987034,
    77.064692162015));
#11320 = CARTESIAN_POINT('',(136.00117746406,15.722402129564,
    77.032316429679));
#11321 = CARTESIAN_POINT('',(136.16713129455,15.71829043493,
    77.010773468884));
#11322 = CARTESIAN_POINT('',(136.33355685049,15.716233645502,77.));
#11323 = CARTESIAN_POINT('',(136.81267034773,15.716233645502,77.));
#11324 = CARTESIAN_POINT('',(137.12490650505,15.723490806676,
    77.038018993173));
#11325 = CARTESIAN_POINT('',(137.43405560439,15.73796938001,
    77.113865699494));
#11326 = CARTESIAN_POINT('',(137.73726465864,15.759241151099,
    77.22845558694));
#11327 = CARTESIAN_POINT('',(138.03074725747,15.786447114409,
    77.383469168625));
#11328 = CARTESIAN_POINT('',(138.30932440876,15.818007530572,
    77.581189335562));
#11329 = CARTESIAN_POINT('',(138.78626371994,15.88014177506,
    78.033787842346));
#11330 = CARTESIAN_POINT('',(138.99632171576,15.91104718869,
    78.28297901685));
#11331 = CARTESIAN_POINT('',(139.18277436591,15.941751299538,
    78.570791485801));
#11332 = CARTESIAN_POINT('',(139.33473105743,15.969013833656,
    78.893515933946));
#11333 = CARTESIAN_POINT('',(139.44297670362,15.989307728965,
    79.244976169457));
#11334 = CARTESIAN_POINT('',(139.5,16.,79.617072873267));
#11335 = CARTESIAN_POINT('',(139.5,16.,80.));
#11336 = PCURVE('',#10916,#11337);
#11337 = DEFINITIONAL_REPRESENTATION('',(#11338),#11371);
#11338 = B_SPLINE_CURVE_WITH_KNOTS('',7,(#11339,#11340,#11341,#11342,
    #11343,#11344,#11345,#11346,#11347,#11348,#11349,#11350,#11351,
    #11352,#11353,#11354,#11355,#11356,#11357,#11358,#11359,#11360,
    #11361,#11362,#11363,#11364,#11365,#11366,#11367,#11368,#11369,
    #11370),.UNSPECIFIED.,.F.,.F.,(8,6,6,6,6,8),(0.,0.151850116136,
    0.358451976431,0.500911420105,0.768527383418,1.),.UNSPECIFIED.);
#11339 = CARTESIAN_POINT('',(-3.14159265359,-70.));
#11340 = CARTESIAN_POINT('',(-3.223926074389,-70.));
#11341 = CARTESIAN_POINT('',(-3.305564591843,-70.00444804442));
#11342 = CARTESIAN_POINT('',(-3.386207609396,-70.0132118919));
#11343 = CARTESIAN_POINT('',(-3.465538749596,-70.02576617562));
#11344 = CARTESIAN_POINT('',(-3.543187224666,-70.04126106902));
#11345 = CARTESIAN_POINT('',(-3.618678088201,-70.05866304262));
#11346 = CARTESIAN_POINT('',(-3.79027525565,-70.10187239297));
#11347 = CARTESIAN_POINT('',(-3.885161803198,-70.12873943957));
#11348 = CARTESIAN_POINT('',(-3.976718200999,-70.15573441819));
#11349 = CARTESIAN_POINT('',(-4.065472621187,-70.18141595585));
#11350 = CARTESIAN_POINT('',(-4.151914989594,-70.20477217569));
#11351 = CARTESIAN_POINT('',(-4.236496729917,-70.22509144964));
#11352 = CARTESIAN_POINT('',(-4.377054592902,-70.25347381221));
#11353 = CARTESIAN_POINT('',(-4.433775153195,-70.26338638359));
#11354 = CARTESIAN_POINT('',(-4.489991876617,-70.27146601296));
#11355 = CARTESIAN_POINT('',(-4.545835810652,-70.27759787043));
#11356 = CARTESIAN_POINT('',(-4.601432866198,-70.28170956507));
#11357 = CARTESIAN_POINT('',(-4.65690793055,-70.28376635449));
#11358 = CARTESIAN_POINT('',(-4.816612429629,-70.28376635449));
#11359 = CARTESIAN_POINT('',(-4.920690957143,-70.27650919332));
#11360 = CARTESIAN_POINT('',(-5.025590732137,-70.26203061999));
#11361 = CARTESIAN_POINT('',(-5.132182627698,-70.2407588489));
#11362 = CARTESIAN_POINT('',(-5.241361513943,-70.21355288559));
#11363 = CARTESIAN_POINT('',(-5.354086593789,-70.18199246942));
#11364 = CARTESIAN_POINT('',(-5.573255862441,-70.11985822494));
#11365 = CARTESIAN_POINT('',(-5.68122344851,-70.08895281131));
#11366 = CARTESIAN_POINT('',(-5.794060036316,-70.05824870046));
#11367 = CARTESIAN_POINT('',(-5.910960287194,-70.03098616634));
#11368 = CARTESIAN_POINT('',(-6.031510802436,-70.01069227103));
#11369 = CARTESIAN_POINT('',(-6.155542931602,-70.));
#11370 = CARTESIAN_POINT('',(-6.28318530718,-70.));
#11371 = ( GEOMETRIC_REPRESENTATION_CONTEXT(2) 
PARAMETRIC_REPRESENTATION_CONTEXT() REPRESENTATION_CONTEXT('2D SPACE',''
  ) );
#11372 = PCURVE('',#11260,#11373);
#11373 = DEFINITIONAL_REPRESENTATION('',(#11374),#11407);
#11374 = B_SPLINE_CURVE_WITH_KNOTS('',7,(#11375,#11376,#11377,#11378,
    #11379,#11380,#11381,#11382,#11383,#11384,#11385,#11386,#11387,
    #11388,#11389,#11390,#11391,#11392,#11393,#11394,#11395,#11396,
    #11397,#11398,#11399,#11400,#11401,#11402,#11403,#11404,#11405,
    #11406),.UNSPECIFIED.,.F.,.F.,(8,6,6,6,6,8),(0.,0.151850116136,
    0.358451976431,0.500911420105,0.768527383418,1.),.UNSPECIFIED.);
#11375 = CARTESIAN_POINT('',(-6.28318530718,-39.5));
#11376 = CARTESIAN_POINT('',(-6.26774779078,-39.5));
#11377 = CARTESIAN_POINT('',(-6.252440549139,-39.52372613603));
#11378 = CARTESIAN_POINT('',(-6.237484985075,-39.57045565547));
#11379 = CARTESIAN_POINT('',(-6.223092428878,-39.63856656545));
#11380 = CARTESIAN_POINT('',(-6.209455380476,-39.72557061554));
#11381 = CARTESIAN_POINT('',(-6.196737083536,-39.82813310391));
#11382 = CARTESIAN_POINT('',(-6.169171234065,-40.09711092501));
#11383 = CARTESIAN_POINT('',(-6.155022857304,-40.27503649979));
#11384 = CARTESIAN_POINT('',(-6.142598310888,-40.47019135904));
#11385 = CARTESIAN_POINT('',(-6.131848990167,-40.67832677779));
#11386 = CARTESIAN_POINT('',(-6.122715462558,-40.89620794823));
#11387 = CARTESIAN_POINT('',(-6.115140624717,-41.12136830529));
#11388 = CARTESIAN_POINT('',(-6.104900342092,-41.51094390352));
#11389 = CARTESIAN_POINT('',(-6.101439663048,-41.67255982248));
#11390 = CARTESIAN_POINT('',(-6.098684622627,-41.83615573316));
#11391 = CARTESIAN_POINT('',(-6.096625168128,-42.00117746406));
#11392 = CARTESIAN_POINT('',(-6.095254417624,-42.16713129455));
#11393 = CARTESIAN_POINT('',(-6.094568921004,-42.33355685049));
#11394 = CARTESIAN_POINT('',(-6.094568921004,-42.81267034773));
#11395 = CARTESIAN_POINT('',(-6.096988008413,-43.12490650505));
#11396 = CARTESIAN_POINT('',(-6.101814036195,-43.43405560439));
#11397 = CARTESIAN_POINT('',(-6.109098128519,-43.73726465864));
#11398 = CARTESIAN_POINT('',(-6.118933569447,-44.03074725747));
#11399 = CARTESIAN_POINT('',(-6.131444531384,-44.30932440876));
#11400 = CARTESIAN_POINT('',(-6.159997256235,-44.78626371994));
#11401 = CARTESIAN_POINT('',(-6.175689678187,-44.99632171576));
#11402 = CARTESIAN_POINT('',(-6.193775683377,-45.18277436591));
#11403 = CARTESIAN_POINT('',(-6.214007750845,-45.33473105743));
#11404 = CARTESIAN_POINT('',(-6.23599629839,-45.44297670362));
#11405 = CARTESIAN_POINT('',(-6.259252361759,-45.5));
#11406 = CARTESIAN_POINT('',(-6.28318530718,-45.5));
#11407 = ( GEOMETRIC_REPRESENTATION_CONTEXT(2) 
PARAMETRIC_REPRESENTATION_CONTEXT() REPRESENTATION_CONTEXT('2D SPACE',''
  ) );
#11408 = ORIENTED_EDGE('',*,*,#11163,.F.);
#11409 = ORIENTED_EDGE('',*,*,#11006,.F.);
#11410 = ADVANCED_FACE('',(#11411,#11414),#11146,.F.);
#11411 = FACE_BOUND('',#11412,.F.);
#11412 = EDGE_LOOP('',(#11413));
#11413 = ORIENTED_EDGE('',*,*,#11131,.T.);
#11414 = FACE_BOUND('',#11415,.F.);
#11415 = EDGE_LOOP('',(#11416));
#11416 = ORIENTED_EDGE('',*,*,#11417,.T.);
#11417 = EDGE_CURVE('',#11418,#11418,#11420,.T.);
#11418 = VERTEX_POINT('',#11419);
#11419 = CARTESIAN_POINT('',(95.,16.,80.));
#11420 = SURFACE_CURVE('',#11421,(#11426,#11437),.PCURVE_S1.);
#11421 = CIRCLE('',#11422,16.);
#11422 = AXIS2_PLACEMENT_3D('',#11423,#11424,#11425);
#11423 = CARTESIAN_POINT('',(95.,0.,80.));
#11424 = DIRECTION('',(-1.,0.,0.));
#11425 = DIRECTION('',(0.,1.,0.));
#11426 = PCURVE('',#11146,#11427);
#11427 = DEFINITIONAL_REPRESENTATION('',(#11428),#11436);
#11428 = ( BOUNDED_CURVE() B_SPLINE_CURVE(2,(#11429,#11430,#11431,#11432
    ,#11433,#11434,#11435),.UNSPECIFIED.,.T.,.F.) 
B_SPLINE_CURVE_WITH_KNOTS((1,2,2,2,2,1),(-2.094395102393,0.,
    2.094395102393,4.188790204786,6.28318530718,8.377580409573),
.UNSPECIFIED.) CURVE() GEOMETRIC_REPRESENTATION_ITEM() 
RATIONAL_B_SPLINE_CURVE((1.,0.5,1.,0.5,1.,0.5,1.)) REPRESENTATION_ITEM(
  '') );
#11429 = CARTESIAN_POINT('',(0.,-16.));
#11430 = CARTESIAN_POINT('',(-27.7128129211,-16.));
#11431 = CARTESIAN_POINT('',(-13.85640646055,8.));
#11432 = CARTESIAN_POINT('',(-3.918869757272E-15,32.));
#11433 = CARTESIAN_POINT('',(13.856406460551,8.));
#11434 = CARTESIAN_POINT('',(27.712812921102,-16.));
#11435 = CARTESIAN_POINT('',(0.,-16.));
#11436 = ( GEOMETRIC_REPRESENTATION_CONTEXT(2) 
PARAMETRIC_REPRESENTATION_CONTEXT() REPRESENTATION_CONTEXT('2D SPACE',''
  ) );
#11437 = PCURVE('',#11438,#11443);
#11438 = CYLINDRICAL_SURFACE('',#11439,16.);
#11439 = AXIS2_PLACEMENT_3D('',#11440,#11441,#11442);
#11440 = CARTESIAN_POINT('',(94.,0.,80.));
#11441 = DIRECTION('',(-1.,-0.,-0.));
#11442 = DIRECTION('',(0.,1.,0.));
#11443 = DEFINITIONAL_REPRESENTATION('',(#11444),#11448);
#11444 = LINE('',#11445,#11446);
#11445 = CARTESIAN_POINT('',(-6.28318530718,-1.));
#11446 = VECTOR('',#11447,1.);
#11447 = DIRECTION('',(1.,-0.));
#11448 = ( GEOMETRIC_REPRESENTATION_CONTEXT(2) 
PARAMETRIC_REPRESENTATION_CONTEXT() REPRESENTATION_CONTEXT('2D SPACE',''
  ) );
#11449 = ADVANCED_FACE('',(#11450,#11453),#10993,.T.);
#11450 = FACE_BOUND('',#11451,.T.);
#11451 = EDGE_LOOP('',(#11452));
#11452 = ORIENTED_EDGE('',*,*,#10978,.T.);
#11453 = FACE_BOUND('',#11454,.T.);
#11454 = EDGE_LOOP('',(#11455));
#11455 = ORIENTED_EDGE('',*,*,#11456,.T.);
#11456 = EDGE_CURVE('',#11457,#11457,#11459,.T.);
#11457 = VERTEX_POINT('',#11458);
#11458 = CARTESIAN_POINT('',(170.,35.,80.));
#11459 = SURFACE_CURVE('',#11460,(#11465,#11476),.PCURVE_S1.);
#11460 = CIRCLE('',#11461,35.);
#11461 = AXIS2_PLACEMENT_3D('',#11462,#11463,#11464);
#11462 = CARTESIAN_POINT('',(170.,0.,80.));
#11463 = DIRECTION('',(-1.,0.,0.));
#11464 = DIRECTION('',(0.,1.,0.));
#11465 = PCURVE('',#10993,#11466);
#11466 = DEFINITIONAL_REPRESENTATION('',(#11467),#11475);
#11467 = ( BOUNDED_CURVE() B_SPLINE_CURVE(2,(#11468,#11469,#11470,#11471
    ,#11472,#11473,#11474),.UNSPECIFIED.,.T.,.F.) 
B_SPLINE_CURVE_WITH_KNOTS((1,2,2,2,2,1),(-2.094395102393,0.,
    2.094395102393,4.188790204786,6.28318530718,8.377580409573),
.UNSPECIFIED.) CURVE() GEOMETRIC_REPRESENTATION_ITEM() 
RATIONAL_B_SPLINE_CURVE((1.,0.5,1.,0.5,1.,0.5,1.)) REPRESENTATION_ITEM(
  '') );
#11468 = CARTESIAN_POINT('',(0.,-35.));
#11469 = CARTESIAN_POINT('',(-60.62177826491,-35.));
#11470 = CARTESIAN_POINT('',(-30.31088913245,17.5));
#11471 = CARTESIAN_POINT('',(-8.572527594031E-15,70.));
#11472 = CARTESIAN_POINT('',(30.310889132455,17.5));
#11473 = CARTESIAN_POINT('',(60.621778264911,-35.));
#11474 = CARTESIAN_POINT('',(0.,-35.));
#11475 = ( GEOMETRIC_REPRESENTATION_CONTEXT(2) 
PARAMETRIC_REPRESENTATION_CONTEXT() REPRESENTATION_CONTEXT('2D SPACE',''
  ) );
#11476 = PCURVE('',#11477,#11482);
#11477 = CYLINDRICAL_SURFACE('',#11478,35.);
#11478 = AXIS2_PLACEMENT_3D('',#11479,#11480,#11481);
#11479 = CARTESIAN_POINT('',(140.,0.,80.));
#11480 = DIRECTION('',(-1.,-0.,-0.));
#11481 = DIRECTION('',(0.,1.,0.));
#11482 = DEFINITIONAL_REPRESENTATION('',(#11483),#11487);
#11483 = LINE('',#11484,#11485);
#11484 = CARTESIAN_POINT('',(-6.28318530718,-30.));
#11485 = VECTOR('',#11486,1.);
#11486 = DIRECTION('',(1.,-0.));
#11487 = ( GEOMETRIC_REPRESENTATION_CONTEXT(2) 
PARAMETRIC_REPRESENTATION_CONTEXT() REPRESENTATION_CONTEXT('2D SPACE',''
  ) );
#11488 = ADVANCED_FACE('',(#11489),#11260,.F.);
#11489 = FACE_BOUND('',#11490,.T.);
#11490 = EDGE_LOOP('',(#11491,#11514,#11545,#11546,#11547,#11570,#11597,
    #11598));
#11491 = ORIENTED_EDGE('',*,*,#11492,.F.);
#11492 = EDGE_CURVE('',#11493,#11187,#11495,.T.);
#11493 = VERTEX_POINT('',#11494);
#11494 = CARTESIAN_POINT('',(133.3,16.,80.));
#11495 = SEAM_CURVE('',#11496,(#11500,#11507),.PCURVE_S1.);
#11496 = LINE('',#11497,#11498);
#11497 = CARTESIAN_POINT('',(94.,16.,80.));
#11498 = VECTOR('',#11499,1.);
#11499 = DIRECTION('',(1.,0.,0.));
#11500 = PCURVE('',#11260,#11501);
#11501 = DEFINITIONAL_REPRESENTATION('',(#11502),#11506);
#11502 = LINE('',#11503,#11504);
#11503 = CARTESIAN_POINT('',(-6.28318530718,0.));
#11504 = VECTOR('',#11505,1.);
#11505 = DIRECTION('',(-0.,-1.));
#11506 = ( GEOMETRIC_REPRESENTATION_CONTEXT(2) 
PARAMETRIC_REPRESENTATION_CONTEXT() REPRESENTATION_CONTEXT('2D SPACE',''
  ) );
#11507 = PCURVE('',#11260,#11508);
#11508 = DEFINITIONAL_REPRESENTATION('',(#11509),#11513);
#11509 = LINE('',#11510,#11511);
#11510 = CARTESIAN_POINT('',(-0.,0.));
#11511 = VECTOR('',#11512,1.);
#11512 = DIRECTION('',(-0.,-1.));
#11513 = ( GEOMETRIC_REPRESENTATION_CONTEXT(2) 
PARAMETRIC_REPRESENTATION_CONTEXT() REPRESENTATION_CONTEXT('2D SPACE',''
  ) );
#11514 = ORIENTED_EDGE('',*,*,#11515,.T.);
#11515 = EDGE_CURVE('',#11493,#11493,#11516,.T.);
#11516 = SURFACE_CURVE('',#11517,(#11522,#11529),.PCURVE_S1.);
#11517 = CIRCLE('',#11518,16.);
#11518 = AXIS2_PLACEMENT_3D('',#11519,#11520,#11521);
#11519 = CARTESIAN_POINT('',(133.3,0.,80.));
#11520 = DIRECTION('',(-1.,0.,0.));
#11521 = DIRECTION('',(0.,1.,0.));
#11522 = PCURVE('',#11260,#11523);
#11523 = DEFINITIONAL_REPRESENTATION('',(#11524),#11528);
#11524 = LINE('',#11525,#11526);
#11525 = CARTESIAN_POINT('',(-6.28318530718,-39.3));
#11526 = VECTOR('',#11527,1.);
#11527 = DIRECTION('',(1.,-0.));
#11528 = ( GEOMETRIC_REPRESENTATION_CONTEXT(2) 
PARAMETRIC_REPRESENTATION_CONTEXT() REPRESENTATION_CONTEXT('2D SPACE',''
  ) );
#11529 = PCURVE('',#11530,#11535);
#11530 = PLANE('',#11531);
#11531 = AXIS2_PLACEMENT_3D('',#11532,#11533,#11534);
#11532 = CARTESIAN_POINT('',(133.3,-5.148009910737E-16,80.));
#11533 = DIRECTION('',(1.,0.,0.));
#11534 = DIRECTION('',(-0.,0.,1.));
#11535 = DEFINITIONAL_REPRESENTATION('',(#11536),#11544);
#11536 = ( BOUNDED_CURVE() B_SPLINE_CURVE(2,(#11537,#11538,#11539,#11540
    ,#11541,#11542,#11543),.UNSPECIFIED.,.T.,.F.) 
B_SPLINE_CURVE_WITH_KNOTS((1,2,2,2,2,1),(-2.094395102393,0.,
    2.094395102393,4.188790204786,6.28318530718,8.377580409573),
.UNSPECIFIED.) CURVE() GEOMETRIC_REPRESENTATION_ITEM() 
RATIONAL_B_SPLINE_CURVE((1.,0.5,1.,0.5,1.,0.5,1.)) REPRESENTATION_ITEM(
  '') );
#11537 = CARTESIAN_POINT('',(-1.42108547152E-14,-16.));
#11538 = CARTESIAN_POINT('',(-27.7128129211,-16.));
#11539 = CARTESIAN_POINT('',(-13.85640646055,8.));
#11540 = CARTESIAN_POINT('',(-1.812972447247E-14,32.));
#11541 = CARTESIAN_POINT('',(13.856406460551,8.));
#11542 = CARTESIAN_POINT('',(27.712812921102,-16.));
#11543 = CARTESIAN_POINT('',(-1.42108547152E-14,-16.));
#11544 = ( GEOMETRIC_REPRESENTATION_CONTEXT(2) 
PARAMETRIC_REPRESENTATION_CONTEXT() REPRESENTATION_CONTEXT('2D SPACE',''
  ) );
#11545 = ORIENTED_EDGE('',*,*,#11492,.T.);
#11546 = ORIENTED_EDGE('',*,*,#11186,.F.);
#11547 = ORIENTED_EDGE('',*,*,#11548,.T.);
#11548 = EDGE_CURVE('',#11164,#11549,#11551,.T.);
#11549 = VERTEX_POINT('',#11550);
#11550 = CARTESIAN_POINT('',(140.,16.,80.));
#11551 = SEAM_CURVE('',#11552,(#11556,#11563),.PCURVE_S1.);
#11552 = LINE('',#11553,#11554);
#11553 = CARTESIAN_POINT('',(94.,16.,80.));
#11554 = VECTOR('',#11555,1.);
#11555 = DIRECTION('',(1.,0.,0.));
#11556 = PCURVE('',#11260,#11557);
#11557 = DEFINITIONAL_REPRESENTATION('',(#11558),#11562);
#11558 = LINE('',#11559,#11560);
#11559 = CARTESIAN_POINT('',(-6.28318530718,0.));
#11560 = VECTOR('',#11561,1.);
#11561 = DIRECTION('',(-0.,-1.));
#11562 = ( GEOMETRIC_REPRESENTATION_CONTEXT(2) 
PARAMETRIC_REPRESENTATION_CONTEXT() REPRESENTATION_CONTEXT('2D SPACE',''
  ) );
#11563 = PCURVE('',#11260,#11564);
#11564 = DEFINITIONAL_REPRESENTATION('',(#11565),#11569);
#11565 = LINE('',#11566,#11567);
#11566 = CARTESIAN_POINT('',(-0.,0.));
#11567 = VECTOR('',#11568,1.);
#11568 = DIRECTION('',(-0.,-1.));
#11569 = ( GEOMETRIC_REPRESENTATION_CONTEXT(2) 
PARAMETRIC_REPRESENTATION_CONTEXT() REPRESENTATION_CONTEXT('2D SPACE',''
  ) );
#11570 = ORIENTED_EDGE('',*,*,#11571,.T.);
#11571 = EDGE_CURVE('',#11549,#11549,#11572,.T.);
#11572 = SURFACE_CURVE('',#11573,(#11578,#11585),.PCURVE_S1.);
#11573 = CIRCLE('',#11574,16.);
#11574 = AXIS2_PLACEMENT_3D('',#11575,#11576,#11577);
#11575 = CARTESIAN_POINT('',(140.,0.,80.));
#11576 = DIRECTION('',(1.,0.,0.));
#11577 = DIRECTION('',(0.,1.,0.));
#11578 = PCURVE('',#11260,#11579);
#11579 = DEFINITIONAL_REPRESENTATION('',(#11580),#11584);
#11580 = LINE('',#11581,#11582);
#11581 = CARTESIAN_POINT('',(-0.,-46.));
#11582 = VECTOR('',#11583,1.);
#11583 = DIRECTION('',(-1.,0.));
#11584 = ( GEOMETRIC_REPRESENTATION_CONTEXT(2) 
PARAMETRIC_REPRESENTATION_CONTEXT() REPRESENTATION_CONTEXT('2D SPACE',''
  ) );
#11585 = PCURVE('',#11586,#11591);
#11586 = PLANE('',#11587);
#11587 = AXIS2_PLACEMENT_3D('',#11588,#11589,#11590);
#11588 = CARTESIAN_POINT('',(140.,-2.500461956644E-15,80.));
#11589 = DIRECTION('',(1.,0.,0.));
#11590 = DIRECTION('',(-0.,0.,1.));
#11591 = DEFINITIONAL_REPRESENTATION('',(#11592),#11596);
#11592 = CIRCLE('',#11593,16.);
#11593 = AXIS2_PLACEMENT_2D('',#11594,#11595);
#11594 = CARTESIAN_POINT('',(0.,-2.500461956644E-15));
#11595 = DIRECTION('',(0.,-1.));
#11596 = ( GEOMETRIC_REPRESENTATION_CONTEXT(2) 
PARAMETRIC_REPRESENTATION_CONTEXT() REPRESENTATION_CONTEXT('2D SPACE',''
  ) );
#11597 = ORIENTED_EDGE('',*,*,#11548,.F.);
#11598 = ORIENTED_EDGE('',*,*,#11301,.F.);
#11599 = ADVANCED_FACE('',(#11600),#11438,.F.);
#11600 = FACE_BOUND('',#11601,.T.);
#11601 = EDGE_LOOP('',(#11602,#11625,#11626,#11627));
#11602 = ORIENTED_EDGE('',*,*,#11603,.F.);
#11603 = EDGE_CURVE('',#11418,#11604,#11606,.T.);
#11604 = VERTEX_POINT('',#11605);
#11605 = CARTESIAN_POINT('',(96.,16.,80.));
#11606 = SEAM_CURVE('',#11607,(#11611,#11618),.PCURVE_S1.);
#11607 = LINE('',#11608,#11609);
#11608 = CARTESIAN_POINT('',(94.,16.,80.));
#11609 = VECTOR('',#11610,1.);
#11610 = DIRECTION('',(1.,0.,0.));
#11611 = PCURVE('',#11438,#11612);
#11612 = DEFINITIONAL_REPRESENTATION('',(#11613),#11617);
#11613 = LINE('',#11614,#11615);
#11614 = CARTESIAN_POINT('',(-6.28318530718,0.));
#11615 = VECTOR('',#11616,1.);
#11616 = DIRECTION('',(-0.,-1.));
#11617 = ( GEOMETRIC_REPRESENTATION_CONTEXT(2) 
PARAMETRIC_REPRESENTATION_CONTEXT() REPRESENTATION_CONTEXT('2D SPACE',''
  ) );
#11618 = PCURVE('',#11438,#11619);
#11619 = DEFINITIONAL_REPRESENTATION('',(#11620),#11624);
#11620 = LINE('',#11621,#11622);
#11621 = CARTESIAN_POINT('',(-0.,0.));
#11622 = VECTOR('',#11623,1.);
#11623 = DIRECTION('',(-0.,-1.));
#11624 = ( GEOMETRIC_REPRESENTATION_CONTEXT(2) 
PARAMETRIC_REPRESENTATION_CONTEXT() REPRESENTATION_CONTEXT('2D SPACE',''
  ) );
#11625 = ORIENTED_EDGE('',*,*,#11417,.T.);
#11626 = ORIENTED_EDGE('',*,*,#11603,.T.);
#11627 = ORIENTED_EDGE('',*,*,#11628,.F.);
#11628 = EDGE_CURVE('',#11604,#11604,#11629,.T.);
#11629 = SURFACE_CURVE('',#11630,(#11635,#11642),.PCURVE_S1.);
#11630 = CIRCLE('',#11631,16.);
#11631 = AXIS2_PLACEMENT_3D('',#11632,#11633,#11634);
#11632 = CARTESIAN_POINT('',(96.,0.,80.));
#11633 = DIRECTION('',(-1.,0.,0.));
#11634 = DIRECTION('',(0.,1.,0.));
#11635 = PCURVE('',#11438,#11636);
#11636 = DEFINITIONAL_REPRESENTATION('',(#11637),#11641);
#11637 = LINE('',#11638,#11639);
#11638 = CARTESIAN_POINT('',(-6.28318530718,-2.));
#11639 = VECTOR('',#11640,1.);
#11640 = DIRECTION('',(1.,-0.));
#11641 = ( GEOMETRIC_REPRESENTATION_CONTEXT(2) 
PARAMETRIC_REPRESENTATION_CONTEXT() REPRESENTATION_CONTEXT('2D SPACE',''
  ) );
#11642 = PCURVE('',#11643,#11648);
#11643 = PLANE('',#11644);
#11644 = AXIS2_PLACEMENT_3D('',#11645,#11646,#11647);
#11645 = CARTESIAN_POINT('',(96.,0.,80.));
#11646 = DIRECTION('',(1.,0.,0.));
#11647 = DIRECTION('',(-0.,0.,1.));
#11648 = DEFINITIONAL_REPRESENTATION('',(#11649),#11657);
#11649 = ( BOUNDED_CURVE() B_SPLINE_CURVE(2,(#11650,#11651,#11652,#11653
    ,#11654,#11655,#11656),.UNSPECIFIED.,.T.,.F.) 
B_SPLINE_CURVE_WITH_KNOTS((1,2,2,2,2,1),(-2.094395102393,0.,
    2.094395102393,4.188790204786,6.28318530718,8.377580409573),
.UNSPECIFIED.) CURVE() GEOMETRIC_REPRESENTATION_ITEM() 
RATIONAL_B_SPLINE_CURVE((1.,0.5,1.,0.5,1.,0.5,1.)) REPRESENTATION_ITEM(
  '') );
#11650 = CARTESIAN_POINT('',(0.,-16.));
#11651 = CARTESIAN_POINT('',(-27.7128129211,-16.));
#11652 = CARTESIAN_POINT('',(-13.85640646055,8.));
#11653 = CARTESIAN_POINT('',(-3.918869757272E-15,32.));
#11654 = CARTESIAN_POINT('',(13.856406460551,8.));
#11655 = CARTESIAN_POINT('',(27.712812921102,-16.));
#11656 = CARTESIAN_POINT('',(0.,-16.));
#11657 = ( GEOMETRIC_REPRESENTATION_CONTEXT(2) 
PARAMETRIC_REPRESENTATION_CONTEXT() REPRESENTATION_CONTEXT('2D SPACE',''
  ) );
#11658 = ADVANCED_FACE('',(#11659),#11477,.F.);
#11659 = FACE_BOUND('',#11660,.T.);
#11660 = EDGE_LOOP('',(#11661,#11685,#11706,#11707));
#11661 = ORIENTED_EDGE('',*,*,#11662,.F.);
#11662 = EDGE_CURVE('',#11663,#11663,#11665,.T.);
#11663 = VERTEX_POINT('',#11664);
#11664 = CARTESIAN_POINT('',(140.,35.,80.));
#11665 = SURFACE_CURVE('',#11666,(#11671,#11678),.PCURVE_S1.);
#11666 = CIRCLE('',#11667,35.);
#11667 = AXIS2_PLACEMENT_3D('',#11668,#11669,#11670);
#11668 = CARTESIAN_POINT('',(140.,0.,80.));
#11669 = DIRECTION('',(1.,0.,0.));
#11670 = DIRECTION('',(0.,1.,0.));
#11671 = PCURVE('',#11477,#11672);
#11672 = DEFINITIONAL_REPRESENTATION('',(#11673),#11677);
#11673 = LINE('',#11674,#11675);
#11674 = CARTESIAN_POINT('',(-0.,0.));
#11675 = VECTOR('',#11676,1.);
#11676 = DIRECTION('',(-1.,0.));
#11677 = ( GEOMETRIC_REPRESENTATION_CONTEXT(2) 
PARAMETRIC_REPRESENTATION_CONTEXT() REPRESENTATION_CONTEXT('2D SPACE',''
  ) );
#11678 = PCURVE('',#11586,#11679);
#11679 = DEFINITIONAL_REPRESENTATION('',(#11680),#11684);
#11680 = CIRCLE('',#11681,35.);
#11681 = AXIS2_PLACEMENT_2D('',#11682,#11683);
#11682 = CARTESIAN_POINT('',(0.,-2.500461956644E-15));
#11683 = DIRECTION('',(0.,-1.));
#11684 = ( GEOMETRIC_REPRESENTATION_CONTEXT(2) 
PARAMETRIC_REPRESENTATION_CONTEXT() REPRESENTATION_CONTEXT('2D SPACE',''
  ) );
#11685 = ORIENTED_EDGE('',*,*,#11686,.T.);
#11686 = EDGE_CURVE('',#11663,#11457,#11687,.T.);
#11687 = SEAM_CURVE('',#11688,(#11692,#11699),.PCURVE_S1.);
#11688 = LINE('',#11689,#11690);
#11689 = CARTESIAN_POINT('',(140.,35.,80.));
#11690 = VECTOR('',#11691,1.);
#11691 = DIRECTION('',(1.,0.,0.));
#11692 = PCURVE('',#11477,#11693);
#11693 = DEFINITIONAL_REPRESENTATION('',(#11694),#11698);
#11694 = LINE('',#11695,#11696);
#11695 = CARTESIAN_POINT('',(-6.28318530718,0.));
#11696 = VECTOR('',#11697,1.);
#11697 = DIRECTION('',(-0.,-1.));
#11698 = ( GEOMETRIC_REPRESENTATION_CONTEXT(2) 
PARAMETRIC_REPRESENTATION_CONTEXT() REPRESENTATION_CONTEXT('2D SPACE',''
  ) );
#11699 = PCURVE('',#11477,#11700);
#11700 = DEFINITIONAL_REPRESENTATION('',(#11701),#11705);
#11701 = LINE('',#11702,#11703);
#11702 = CARTESIAN_POINT('',(-0.,0.));
#11703 = VECTOR('',#11704,1.);
#11704 = DIRECTION('',(-0.,-1.));
#11705 = ( GEOMETRIC_REPRESENTATION_CONTEXT(2) 
PARAMETRIC_REPRESENTATION_CONTEXT() REPRESENTATION_CONTEXT('2D SPACE',''
  ) );
#11706 = ORIENTED_EDGE('',*,*,#11456,.F.);
#11707 = ORIENTED_EDGE('',*,*,#11686,.F.);
#11708 = ADVANCED_FACE('',(#11709,#11712),#11586,.T.);
#11709 = FACE_BOUND('',#11710,.T.);
#11710 = EDGE_LOOP('',(#11711));
#11711 = ORIENTED_EDGE('',*,*,#11662,.T.);
#11712 = FACE_BOUND('',#11713,.T.);
#11713 = EDGE_LOOP('',(#11714));
#11714 = ORIENTED_EDGE('',*,*,#11571,.F.);
#11715 = ADVANCED_FACE('',(#11716,#11747),#11530,.F.);
#11716 = FACE_BOUND('',#11717,.F.);
#11717 = EDGE_LOOP('',(#11718));
#11718 = ORIENTED_EDGE('',*,*,#11719,.T.);
#11719 = EDGE_CURVE('',#11720,#11720,#11722,.T.);
#11720 = VERTEX_POINT('',#11721);
#11721 = CARTESIAN_POINT('',(133.3,21.25,80.));
#11722 = SURFACE_CURVE('',#11723,(#11728,#11735),.PCURVE_S1.);
#11723 = CIRCLE('',#11724,21.25);
#11724 = AXIS2_PLACEMENT_3D('',#11725,#11726,#11727);
#11725 = CARTESIAN_POINT('',(133.3,0.,80.));
#11726 = DIRECTION('',(1.,0.,0.));
#11727 = DIRECTION('',(0.,1.,0.));
#11728 = PCURVE('',#11530,#11729);
#11729 = DEFINITIONAL_REPRESENTATION('',(#11730),#11734);
#11730 = CIRCLE('',#11731,21.25);
#11731 = AXIS2_PLACEMENT_2D('',#11732,#11733);
#11732 = CARTESIAN_POINT('',(-1.42108547152E-14,-5.148009910737E-16));
#11733 = DIRECTION('',(0.,-1.));
#11734 = ( GEOMETRIC_REPRESENTATION_CONTEXT(2) 
PARAMETRIC_REPRESENTATION_CONTEXT() REPRESENTATION_CONTEXT('2D SPACE',''
  ) );
#11735 = PCURVE('',#11736,#11741);
#11736 = CYLINDRICAL_SURFACE('',#11737,21.25);
#11737 = AXIS2_PLACEMENT_3D('',#11738,#11739,#11740);
#11738 = CARTESIAN_POINT('',(127.,0.,80.));
#11739 = DIRECTION('',(-1.,-0.,-0.));
#11740 = DIRECTION('',(0.,1.,0.));
#11741 = DEFINITIONAL_REPRESENTATION('',(#11742),#11746);
#11742 = LINE('',#11743,#11744);
#11743 = CARTESIAN_POINT('',(-0.,-6.3));
#11744 = VECTOR('',#11745,1.);
#11745 = DIRECTION('',(-1.,0.));
#11746 = ( GEOMETRIC_REPRESENTATION_CONTEXT(2) 
PARAMETRIC_REPRESENTATION_CONTEXT() REPRESENTATION_CONTEXT('2D SPACE',''
  ) );
#11747 = FACE_BOUND('',#11748,.F.);
#11748 = EDGE_LOOP('',(#11749));
#11749 = ORIENTED_EDGE('',*,*,#11515,.T.);
#11750 = ADVANCED_FACE('',(#11751,#11782),#11643,.T.);
#11751 = FACE_BOUND('',#11752,.T.);
#11752 = EDGE_LOOP('',(#11753));
#11753 = ORIENTED_EDGE('',*,*,#11754,.T.);
#11754 = EDGE_CURVE('',#11755,#11755,#11757,.T.);
#11755 = VERTEX_POINT('',#11756);
#11756 = CARTESIAN_POINT('',(96.,20.,80.));
#11757 = SURFACE_CURVE('',#11758,(#11763,#11770),.PCURVE_S1.);
#11758 = CIRCLE('',#11759,20.);
#11759 = AXIS2_PLACEMENT_3D('',#11760,#11761,#11762);
#11760 = CARTESIAN_POINT('',(96.,0.,80.));
#11761 = DIRECTION('',(1.,0.,0.));
#11762 = DIRECTION('',(0.,1.,0.));
#11763 = PCURVE('',#11643,#11764);
#11764 = DEFINITIONAL_REPRESENTATION('',(#11765),#11769);
#11765 = CIRCLE('',#11766,20.);
#11766 = AXIS2_PLACEMENT_2D('',#11767,#11768);
#11767 = CARTESIAN_POINT('',(0.,0.));
#11768 = DIRECTION('',(0.,-1.));
#11769 = ( GEOMETRIC_REPRESENTATION_CONTEXT(2) 
PARAMETRIC_REPRESENTATION_CONTEXT() REPRESENTATION_CONTEXT('2D SPACE',''
  ) );
#11770 = PCURVE('',#11771,#11776);
#11771 = CYLINDRICAL_SURFACE('',#11772,20.);
#11772 = AXIS2_PLACEMENT_3D('',#11773,#11774,#11775);
#11773 = CARTESIAN_POINT('',(96.,0.,80.));
#11774 = DIRECTION('',(-1.,-0.,-0.));
#11775 = DIRECTION('',(0.,1.,0.));
#11776 = DEFINITIONAL_REPRESENTATION('',(#11777),#11781);
#11777 = LINE('',#11778,#11779);
#11778 = CARTESIAN_POINT('',(-0.,0.));
#11779 = VECTOR('',#11780,1.);
#11780 = DIRECTION('',(-1.,0.));
#11781 = ( GEOMETRIC_REPRESENTATION_CONTEXT(2) 
PARAMETRIC_REPRESENTATION_CONTEXT() REPRESENTATION_CONTEXT('2D SPACE',''
  ) );
#11782 = FACE_BOUND('',#11783,.T.);
#11783 = EDGE_LOOP('',(#11784));
#11784 = ORIENTED_EDGE('',*,*,#11628,.T.);
#11785 = ADVANCED_FACE('',(#11786),#11736,.F.);
#11786 = FACE_BOUND('',#11787,.T.);
#11787 = EDGE_LOOP('',(#11788,#11811,#11812,#11813));
#11788 = ORIENTED_EDGE('',*,*,#11789,.T.);
#11789 = EDGE_CURVE('',#11790,#11720,#11792,.T.);
#11790 = VERTEX_POINT('',#11791);
#11791 = CARTESIAN_POINT('',(127.,21.25,80.));
#11792 = SEAM_CURVE('',#11793,(#11797,#11804),.PCURVE_S1.);
#11793 = LINE('',#11794,#11795);
#11794 = CARTESIAN_POINT('',(127.,21.25,80.));
#11795 = VECTOR('',#11796,1.);
#11796 = DIRECTION('',(1.,0.,0.));
#11797 = PCURVE('',#11736,#11798);
#11798 = DEFINITIONAL_REPRESENTATION('',(#11799),#11803);
#11799 = LINE('',#11800,#11801);
#11800 = CARTESIAN_POINT('',(-0.,0.));
#11801 = VECTOR('',#11802,1.);
#11802 = DIRECTION('',(-0.,-1.));
#11803 = ( GEOMETRIC_REPRESENTATION_CONTEXT(2) 
PARAMETRIC_REPRESENTATION_CONTEXT() REPRESENTATION_CONTEXT('2D SPACE',''
  ) );
#11804 = PCURVE('',#11736,#11805);
#11805 = DEFINITIONAL_REPRESENTATION('',(#11806),#11810);
#11806 = LINE('',#11807,#11808);
#11807 = CARTESIAN_POINT('',(-6.28318530718,0.));
#11808 = VECTOR('',#11809,1.);
#11809 = DIRECTION('',(-0.,-1.));
#11810 = ( GEOMETRIC_REPRESENTATION_CONTEXT(2) 
PARAMETRIC_REPRESENTATION_CONTEXT() REPRESENTATION_CONTEXT('2D SPACE',''
  ) );
#11811 = ORIENTED_EDGE('',*,*,#11719,.T.);
#11812 = ORIENTED_EDGE('',*,*,#11789,.F.);
#11813 = ORIENTED_EDGE('',*,*,#11814,.F.);
#11814 = EDGE_CURVE('',#11790,#11790,#11815,.T.);
#11815 = SURFACE_CURVE('',#11816,(#11821,#11828),.PCURVE_S1.);
#11816 = CIRCLE('',#11817,21.25);
#11817 = AXIS2_PLACEMENT_3D('',#11818,#11819,#11820);
#11818 = CARTESIAN_POINT('',(127.,0.,80.));
#11819 = DIRECTION('',(1.,0.,0.));
#11820 = DIRECTION('',(0.,1.,0.));
#11821 = PCURVE('',#11736,#11822);
#11822 = DEFINITIONAL_REPRESENTATION('',(#11823),#11827);
#11823 = LINE('',#11824,#11825);
#11824 = CARTESIAN_POINT('',(-0.,0.));
#11825 = VECTOR('',#11826,1.);
#11826 = DIRECTION('',(-1.,0.));
#11827 = ( GEOMETRIC_REPRESENTATION_CONTEXT(2) 
PARAMETRIC_REPRESENTATION_CONTEXT() REPRESENTATION_CONTEXT('2D SPACE',''
  ) );
#11828 = PCURVE('',#11829,#11834);
#11829 = PLANE('',#11830);
#11830 = AXIS2_PLACEMENT_3D('',#11831,#11832,#11833);
#11831 = CARTESIAN_POINT('',(127.,-5.148009910737E-16,80.));
#11832 = DIRECTION('',(1.,0.,0.));
#11833 = DIRECTION('',(-0.,0.,1.));
#11834 = DEFINITIONAL_REPRESENTATION('',(#11835),#11839);
#11835 = CIRCLE('',#11836,21.25);
#11836 = AXIS2_PLACEMENT_2D('',#11837,#11838);
#11837 = CARTESIAN_POINT('',(-1.42108547152E-14,-5.148009910737E-16));
#11838 = DIRECTION('',(0.,-1.));
#11839 = ( GEOMETRIC_REPRESENTATION_CONTEXT(2) 
PARAMETRIC_REPRESENTATION_CONTEXT() REPRESENTATION_CONTEXT('2D SPACE',''
  ) );
#11840 = ADVANCED_FACE('',(#11841),#11771,.F.);
#11841 = FACE_BOUND('',#11842,.T.);
#11842 = EDGE_LOOP('',(#11843,#11866,#11893,#11894));
#11843 = ORIENTED_EDGE('',*,*,#11844,.T.);
#11844 = EDGE_CURVE('',#11755,#11845,#11847,.T.);
#11845 = VERTEX_POINT('',#11846);
#11846 = CARTESIAN_POINT('',(103.,20.,80.));
#11847 = SEAM_CURVE('',#11848,(#11852,#11859),.PCURVE_S1.);
#11848 = LINE('',#11849,#11850);
#11849 = CARTESIAN_POINT('',(96.,20.,80.));
#11850 = VECTOR('',#11851,1.);
#11851 = DIRECTION('',(1.,0.,0.));
#11852 = PCURVE('',#11771,#11853);
#11853 = DEFINITIONAL_REPRESENTATION('',(#11854),#11858);
#11854 = LINE('',#11855,#11856);
#11855 = CARTESIAN_POINT('',(-0.,0.));
#11856 = VECTOR('',#11857,1.);
#11857 = DIRECTION('',(-0.,-1.));
#11858 = ( GEOMETRIC_REPRESENTATION_CONTEXT(2) 
PARAMETRIC_REPRESENTATION_CONTEXT() REPRESENTATION_CONTEXT('2D SPACE',''
  ) );
#11859 = PCURVE('',#11771,#11860);
#11860 = DEFINITIONAL_REPRESENTATION('',(#11861),#11865);
#11861 = LINE('',#11862,#11863);
#11862 = CARTESIAN_POINT('',(-6.28318530718,0.));
#11863 = VECTOR('',#11864,1.);
#11864 = DIRECTION('',(-0.,-1.));
#11865 = ( GEOMETRIC_REPRESENTATION_CONTEXT(2) 
PARAMETRIC_REPRESENTATION_CONTEXT() REPRESENTATION_CONTEXT('2D SPACE',''
  ) );
#11866 = ORIENTED_EDGE('',*,*,#11867,.T.);
#11867 = EDGE_CURVE('',#11845,#11845,#11868,.T.);
#11868 = SURFACE_CURVE('',#11869,(#11874,#11881),.PCURVE_S1.);
#11869 = CIRCLE('',#11870,20.);
#11870 = AXIS2_PLACEMENT_3D('',#11871,#11872,#11873);
#11871 = CARTESIAN_POINT('',(103.,0.,80.));
#11872 = DIRECTION('',(1.,0.,0.));
#11873 = DIRECTION('',(0.,1.,0.));
#11874 = PCURVE('',#11771,#11875);
#11875 = DEFINITIONAL_REPRESENTATION('',(#11876),#11880);
#11876 = LINE('',#11877,#11878);
#11877 = CARTESIAN_POINT('',(-0.,-7.));
#11878 = VECTOR('',#11879,1.);
#11879 = DIRECTION('',(-1.,0.));
#11880 = ( GEOMETRIC_REPRESENTATION_CONTEXT(2) 
PARAMETRIC_REPRESENTATION_CONTEXT() REPRESENTATION_CONTEXT('2D SPACE',''
  ) );
#11881 = PCURVE('',#11882,#11887);
#11882 = PLANE('',#11883);
#11883 = AXIS2_PLACEMENT_3D('',#11884,#11885,#11886);
#11884 = CARTESIAN_POINT('',(103.,0.,80.));
#11885 = DIRECTION('',(1.,0.,0.));
#11886 = DIRECTION('',(-0.,0.,1.));
#11887 = DEFINITIONAL_REPRESENTATION('',(#11888),#11892);
#11888 = CIRCLE('',#11889,20.);
#11889 = AXIS2_PLACEMENT_2D('',#11890,#11891);
#11890 = CARTESIAN_POINT('',(0.,0.));
#11891 = DIRECTION('',(0.,-1.));
#11892 = ( GEOMETRIC_REPRESENTATION_CONTEXT(2) 
PARAMETRIC_REPRESENTATION_CONTEXT() REPRESENTATION_CONTEXT('2D SPACE',''
  ) );
#11893 = ORIENTED_EDGE('',*,*,#11844,.F.);
#11894 = ORIENTED_EDGE('',*,*,#11754,.F.);
#11895 = ADVANCED_FACE('',(#11896,#11899),#11829,.T.);
#11896 = FACE_BOUND('',#11897,.T.);
#11897 = EDGE_LOOP('',(#11898));
#11898 = ORIENTED_EDGE('',*,*,#11814,.T.);
#11899 = FACE_BOUND('',#11900,.T.);
#11900 = EDGE_LOOP('',(#11901));
#11901 = ORIENTED_EDGE('',*,*,#11902,.T.);
#11902 = EDGE_CURVE('',#11903,#11903,#11905,.T.);
#11903 = VERTEX_POINT('',#11904);
#11904 = CARTESIAN_POINT('',(127.,16.,80.));
#11905 = SURFACE_CURVE('',#11906,(#11911,#11922),.PCURVE_S1.);
#11906 = CIRCLE('',#11907,16.);
#11907 = AXIS2_PLACEMENT_3D('',#11908,#11909,#11910);
#11908 = CARTESIAN_POINT('',(127.,0.,80.));
#11909 = DIRECTION('',(-1.,0.,0.));
#11910 = DIRECTION('',(0.,1.,0.));
#11911 = PCURVE('',#11829,#11912);
#11912 = DEFINITIONAL_REPRESENTATION('',(#11913),#11921);
#11913 = ( BOUNDED_CURVE() B_SPLINE_CURVE(2,(#11914,#11915,#11916,#11917
    ,#11918,#11919,#11920),.UNSPECIFIED.,.T.,.F.) 
B_SPLINE_CURVE_WITH_KNOTS((1,2,2,2,2,1),(-2.094395102393,0.,
    2.094395102393,4.188790204786,6.28318530718,8.377580409573),
.UNSPECIFIED.) CURVE() GEOMETRIC_REPRESENTATION_ITEM() 
RATIONAL_B_SPLINE_CURVE((1.,0.5,1.,0.5,1.,0.5,1.)) REPRESENTATION_ITEM(
  '') );
#11914 = CARTESIAN_POINT('',(-1.42108547152E-14,-16.));
#11915 = CARTESIAN_POINT('',(-27.7128129211,-16.));
#11916 = CARTESIAN_POINT('',(-13.85640646055,8.));
#11917 = CARTESIAN_POINT('',(-1.812972447247E-14,32.));
#11918 = CARTESIAN_POINT('',(13.856406460551,8.));
#11919 = CARTESIAN_POINT('',(27.712812921102,-16.));
#11920 = CARTESIAN_POINT('',(-1.42108547152E-14,-16.));
#11921 = ( GEOMETRIC_REPRESENTATION_CONTEXT(2) 
PARAMETRIC_REPRESENTATION_CONTEXT() REPRESENTATION_CONTEXT('2D SPACE',''
  ) );
#11922 = PCURVE('',#11923,#11928);
#11923 = CYLINDRICAL_SURFACE('',#11924,16.);
#11924 = AXIS2_PLACEMENT_3D('',#11925,#11926,#11927);
#11925 = CARTESIAN_POINT('',(94.,0.,80.));
#11926 = DIRECTION('',(-1.,-0.,-0.));
#11927 = DIRECTION('',(0.,1.,0.));
#11928 = DEFINITIONAL_REPRESENTATION('',(#11929),#11933);
#11929 = LINE('',#11930,#11931);
#11930 = CARTESIAN_POINT('',(-6.28318530718,-33.));
#11931 = VECTOR('',#11932,1.);
#11932 = DIRECTION('',(1.,-0.));
#11933 = ( GEOMETRIC_REPRESENTATION_CONTEXT(2) 
PARAMETRIC_REPRESENTATION_CONTEXT() REPRESENTATION_CONTEXT('2D SPACE',''
  ) );
#11934 = ADVANCED_FACE('',(#11935,#11938),#11882,.F.);
#11935 = FACE_BOUND('',#11936,.F.);
#11936 = EDGE_LOOP('',(#11937));
#11937 = ORIENTED_EDGE('',*,*,#11867,.T.);
#11938 = FACE_BOUND('',#11939,.F.);
#11939 = EDGE_LOOP('',(#11940));
#11940 = ORIENTED_EDGE('',*,*,#11941,.T.);
#11941 = EDGE_CURVE('',#11942,#11942,#11944,.T.);
#11942 = VERTEX_POINT('',#11943);
#11943 = CARTESIAN_POINT('',(103.,16.,80.));
#11944 = SURFACE_CURVE('',#11945,(#11950,#11961),.PCURVE_S1.);
#11945 = CIRCLE('',#11946,16.);
#11946 = AXIS2_PLACEMENT_3D('',#11947,#11948,#11949);
#11947 = CARTESIAN_POINT('',(103.,0.,80.));
#11948 = DIRECTION('',(-1.,0.,0.));
#11949 = DIRECTION('',(0.,1.,0.));
#11950 = PCURVE('',#11882,#11951);
#11951 = DEFINITIONAL_REPRESENTATION('',(#11952),#11960);
#11952 = ( BOUNDED_CURVE() B_SPLINE_CURVE(2,(#11953,#11954,#11955,#11956
    ,#11957,#11958,#11959),.UNSPECIFIED.,.T.,.F.) 
B_SPLINE_CURVE_WITH_KNOTS((1,2,2,2,2,1),(-2.094395102393,0.,
    2.094395102393,4.188790204786,6.28318530718,8.377580409573),
.UNSPECIFIED.) CURVE() GEOMETRIC_REPRESENTATION_ITEM() 
RATIONAL_B_SPLINE_CURVE((1.,0.5,1.,0.5,1.,0.5,1.)) REPRESENTATION_ITEM(
  '') );
#11953 = CARTESIAN_POINT('',(0.,-16.));
#11954 = CARTESIAN_POINT('',(-27.7128129211,-16.));
#11955 = CARTESIAN_POINT('',(-13.85640646055,8.));
#11956 = CARTESIAN_POINT('',(-3.918869757272E-15,32.));
#11957 = CARTESIAN_POINT('',(13.856406460551,8.));
#11958 = CARTESIAN_POINT('',(27.712812921102,-16.));
#11959 = CARTESIAN_POINT('',(0.,-16.));
#11960 = ( GEOMETRIC_REPRESENTATION_CONTEXT(2) 
PARAMETRIC_REPRESENTATION_CONTEXT() REPRESENTATION_CONTEXT('2D SPACE',''
  ) );
#11961 = PCURVE('',#11962,#11967);
#11962 = CYLINDRICAL_SURFACE('',#11963,16.);
#11963 = AXIS2_PLACEMENT_3D('',#11964,#11965,#11966);
#11964 = CARTESIAN_POINT('',(94.,0.,80.));
#11965 = DIRECTION('',(-1.,-0.,-0.));
#11966 = DIRECTION('',(0.,1.,0.));
#11967 = DEFINITIONAL_REPRESENTATION('',(#11968),#11972);
#11968 = LINE('',#11969,#11970);
#11969 = CARTESIAN_POINT('',(-6.28318530718,-9.));
#11970 = VECTOR('',#11971,1.);
#11971 = DIRECTION('',(1.,-0.));
#11972 = ( GEOMETRIC_REPRESENTATION_CONTEXT(2) 
PARAMETRIC_REPRESENTATION_CONTEXT() REPRESENTATION_CONTEXT('2D SPACE',''
  ) );
#11973 = ADVANCED_FACE('',(#11974),#11923,.F.);
#11974 = FACE_BOUND('',#11975,.T.);
#11975 = EDGE_LOOP('',(#11976,#11999,#12030,#12031));
#11976 = ORIENTED_EDGE('',*,*,#11977,.F.);
#11977 = EDGE_CURVE('',#11978,#11903,#11980,.T.);
#11978 = VERTEX_POINT('',#11979);
#11979 = CARTESIAN_POINT('',(124.3,16.,80.));
#11980 = SEAM_CURVE('',#11981,(#11985,#11992),.PCURVE_S1.);
#11981 = LINE('',#11982,#11983);
#11982 = CARTESIAN_POINT('',(94.,16.,80.));
#11983 = VECTOR('',#11984,1.);
#11984 = DIRECTION('',(1.,0.,0.));
#11985 = PCURVE('',#11923,#11986);
#11986 = DEFINITIONAL_REPRESENTATION('',(#11987),#11991);
#11987 = LINE('',#11988,#11989);
#11988 = CARTESIAN_POINT('',(-6.28318530718,0.));
#11989 = VECTOR('',#11990,1.);
#11990 = DIRECTION('',(-0.,-1.));
#11991 = ( GEOMETRIC_REPRESENTATION_CONTEXT(2) 
PARAMETRIC_REPRESENTATION_CONTEXT() REPRESENTATION_CONTEXT('2D SPACE',''
  ) );
#11992 = PCURVE('',#11923,#11993);
#11993 = DEFINITIONAL_REPRESENTATION('',(#11994),#11998);
#11994 = LINE('',#11995,#11996);
#11995 = CARTESIAN_POINT('',(-0.,0.));
#11996 = VECTOR('',#11997,1.);
#11997 = DIRECTION('',(-0.,-1.));
#11998 = ( GEOMETRIC_REPRESENTATION_CONTEXT(2) 
PARAMETRIC_REPRESENTATION_CONTEXT() REPRESENTATION_CONTEXT('2D SPACE',''
  ) );
#11999 = ORIENTED_EDGE('',*,*,#12000,.T.);
#12000 = EDGE_CURVE('',#11978,#11978,#12001,.T.);
#12001 = SURFACE_CURVE('',#12002,(#12007,#12014),.PCURVE_S1.);
#12002 = CIRCLE('',#12003,16.);
#12003 = AXIS2_PLACEMENT_3D('',#12004,#12005,#12006);
#12004 = CARTESIAN_POINT('',(124.3,0.,80.));
#12005 = DIRECTION('',(-1.,0.,0.));
#12006 = DIRECTION('',(0.,1.,0.));
#12007 = PCURVE('',#11923,#12008);
#12008 = DEFINITIONAL_REPRESENTATION('',(#12009),#12013);
#12009 = LINE('',#12010,#12011);
#12010 = CARTESIAN_POINT('',(-6.28318530718,-30.3));
#12011 = VECTOR('',#12012,1.);
#12012 = DIRECTION('',(1.,-0.));
#12013 = ( GEOMETRIC_REPRESENTATION_CONTEXT(2) 
PARAMETRIC_REPRESENTATION_CONTEXT() REPRESENTATION_CONTEXT('2D SPACE',''
  ) );
#12014 = PCURVE('',#12015,#12020);
#12015 = PLANE('',#12016);
#12016 = AXIS2_PLACEMENT_3D('',#12017,#12018,#12019);
#12017 = CARTESIAN_POINT('',(124.3,-1.054411668464E-15,80.));
#12018 = DIRECTION('',(1.,0.,0.));
#12019 = DIRECTION('',(-0.,0.,1.));
#12020 = DEFINITIONAL_REPRESENTATION('',(#12021),#12029);
#12021 = ( BOUNDED_CURVE() B_SPLINE_CURVE(2,(#12022,#12023,#12024,#12025
    ,#12026,#12027,#12028),.UNSPECIFIED.,.T.,.F.) 
B_SPLINE_CURVE_WITH_KNOTS((1,2,2,2,2,1),(-2.094395102393,0.,
    2.094395102393,4.188790204786,6.28318530718,8.377580409573),
.UNSPECIFIED.) CURVE() GEOMETRIC_REPRESENTATION_ITEM() 
RATIONAL_B_SPLINE_CURVE((1.,0.5,1.,0.5,1.,0.5,1.)) REPRESENTATION_ITEM(
  '') );
#12022 = CARTESIAN_POINT('',(0.,-16.));
#12023 = CARTESIAN_POINT('',(-27.7128129211,-16.));
#12024 = CARTESIAN_POINT('',(-13.85640646055,8.));
#12025 = CARTESIAN_POINT('',(-3.918869757272E-15,32.));
#12026 = CARTESIAN_POINT('',(13.856406460551,8.));
#12027 = CARTESIAN_POINT('',(27.712812921102,-16.));
#12028 = CARTESIAN_POINT('',(0.,-16.));
#12029 = ( GEOMETRIC_REPRESENTATION_CONTEXT(2) 
PARAMETRIC_REPRESENTATION_CONTEXT() REPRESENTATION_CONTEXT('2D SPACE',''
  ) );
#12030 = ORIENTED_EDGE('',*,*,#11977,.T.);
#12031 = ORIENTED_EDGE('',*,*,#11902,.F.);
#12032 = ADVANCED_FACE('',(#12033),#11962,.F.);
#12033 = FACE_BOUND('',#12034,.T.);
#12034 = EDGE_LOOP('',(#12035,#12058,#12059,#12060));
#12035 = ORIENTED_EDGE('',*,*,#12036,.F.);
#12036 = EDGE_CURVE('',#11942,#12037,#12039,.T.);
#12037 = VERTEX_POINT('',#12038);
#12038 = CARTESIAN_POINT('',(106.,16.,80.));
#12039 = SEAM_CURVE('',#12040,(#12044,#12051),.PCURVE_S1.);
#12040 = LINE('',#12041,#12042);
#12041 = CARTESIAN_POINT('',(94.,16.,80.));
#12042 = VECTOR('',#12043,1.);
#12043 = DIRECTION('',(1.,0.,0.));
#12044 = PCURVE('',#11962,#12045);
#12045 = DEFINITIONAL_REPRESENTATION('',(#12046),#12050);
#12046 = LINE('',#12047,#12048);
#12047 = CARTESIAN_POINT('',(-6.28318530718,0.));
#12048 = VECTOR('',#12049,1.);
#12049 = DIRECTION('',(-0.,-1.));
#12050 = ( GEOMETRIC_REPRESENTATION_CONTEXT(2) 
PARAMETRIC_REPRESENTATION_CONTEXT() REPRESENTATION_CONTEXT('2D SPACE',''
  ) );
#12051 = PCURVE('',#11962,#12052);
#12052 = DEFINITIONAL_REPRESENTATION('',(#12053),#12057);
#12053 = LINE('',#12054,#12055);
#12054 = CARTESIAN_POINT('',(-0.,0.));
#12055 = VECTOR('',#12056,1.);
#12056 = DIRECTION('',(-0.,-1.));
#12057 = ( GEOMETRIC_REPRESENTATION_CONTEXT(2) 
PARAMETRIC_REPRESENTATION_CONTEXT() REPRESENTATION_CONTEXT('2D SPACE',''
  ) );
#12058 = ORIENTED_EDGE('',*,*,#11941,.T.);
#12059 = ORIENTED_EDGE('',*,*,#12036,.T.);
#12060 = ORIENTED_EDGE('',*,*,#12061,.F.);
#12061 = EDGE_CURVE('',#12037,#12037,#12062,.T.);
#12062 = SURFACE_CURVE('',#12063,(#12068,#12075),.PCURVE_S1.);
#12063 = CIRCLE('',#12064,16.);
#12064 = AXIS2_PLACEMENT_3D('',#12065,#12066,#12067);
#12065 = CARTESIAN_POINT('',(106.,0.,80.));
#12066 = DIRECTION('',(-1.,0.,0.));
#12067 = DIRECTION('',(0.,1.,0.));
#12068 = PCURVE('',#11962,#12069);
#12069 = DEFINITIONAL_REPRESENTATION('',(#12070),#12074);
#12070 = LINE('',#12071,#12072);
#12071 = CARTESIAN_POINT('',(-6.28318530718,-12.));
#12072 = VECTOR('',#12073,1.);
#12073 = DIRECTION('',(1.,-0.));
#12074 = ( GEOMETRIC_REPRESENTATION_CONTEXT(2) 
PARAMETRIC_REPRESENTATION_CONTEXT() REPRESENTATION_CONTEXT('2D SPACE',''
  ) );
#12075 = PCURVE('',#12076,#12081);
#12076 = PLANE('',#12077);
#12077 = AXIS2_PLACEMENT_3D('',#12078,#12079,#12080);
#12078 = CARTESIAN_POINT('',(106.,-5.913254627198E-16,80.));
#12079 = DIRECTION('',(1.,0.,0.));
#12080 = DIRECTION('',(-0.,0.,1.));
#12081 = DEFINITIONAL_REPRESENTATION('',(#12082),#12090);
#12082 = ( BOUNDED_CURVE() B_SPLINE_CURVE(2,(#12083,#12084,#12085,#12086
    ,#12087,#12088,#12089),.UNSPECIFIED.,.T.,.F.) 
B_SPLINE_CURVE_WITH_KNOTS((1,2,2,2,2,1),(-2.094395102393,0.,
    2.094395102393,4.188790204786,6.28318530718,8.377580409573),
.UNSPECIFIED.) CURVE() GEOMETRIC_REPRESENTATION_ITEM() 
RATIONAL_B_SPLINE_CURVE((1.,0.5,1.,0.5,1.,0.5,1.)) REPRESENTATION_ITEM(
  '') );
#12083 = CARTESIAN_POINT('',(-1.42108547152E-14,-16.));
#12084 = CARTESIAN_POINT('',(-27.7128129211,-16.));
#12085 = CARTESIAN_POINT('',(-13.85640646055,8.));
#12086 = CARTESIAN_POINT('',(-1.812972447247E-14,32.));
#12087 = CARTESIAN_POINT('',(13.856406460551,8.));
#12088 = CARTESIAN_POINT('',(27.712812921102,-16.));
#12089 = CARTESIAN_POINT('',(-1.42108547152E-14,-16.));
#12090 = ( GEOMETRIC_REPRESENTATION_CONTEXT(2) 
PARAMETRIC_REPRESENTATION_CONTEXT() REPRESENTATION_CONTEXT('2D SPACE',''
  ) );
#12091 = ADVANCED_FACE('',(#12092,#12123),#12015,.F.);
#12092 = FACE_BOUND('',#12093,.F.);
#12093 = EDGE_LOOP('',(#12094));
#12094 = ORIENTED_EDGE('',*,*,#12095,.T.);
#12095 = EDGE_CURVE('',#12096,#12096,#12098,.T.);
#12096 = VERTEX_POINT('',#12097);
#12097 = CARTESIAN_POINT('',(124.3,20.75,80.));
#12098 = SURFACE_CURVE('',#12099,(#12104,#12111),.PCURVE_S1.);
#12099 = CIRCLE('',#12100,20.75);
#12100 = AXIS2_PLACEMENT_3D('',#12101,#12102,#12103);
#12101 = CARTESIAN_POINT('',(124.3,0.,80.));
#12102 = DIRECTION('',(1.,0.,0.));
#12103 = DIRECTION('',(0.,1.,0.));
#12104 = PCURVE('',#12015,#12105);
#12105 = DEFINITIONAL_REPRESENTATION('',(#12106),#12110);
#12106 = CIRCLE('',#12107,20.75);
#12107 = AXIS2_PLACEMENT_2D('',#12108,#12109);
#12108 = CARTESIAN_POINT('',(0.,-1.054411668464E-15));
#12109 = DIRECTION('',(0.,-1.));
#12110 = ( GEOMETRIC_REPRESENTATION_CONTEXT(2) 
PARAMETRIC_REPRESENTATION_CONTEXT() REPRESENTATION_CONTEXT('2D SPACE',''
  ) );
#12111 = PCURVE('',#12112,#12117);
#12112 = CYLINDRICAL_SURFACE('',#12113,20.75);
#12113 = AXIS2_PLACEMENT_3D('',#12114,#12115,#12116);
#12114 = CARTESIAN_POINT('',(118.,0.,80.));
#12115 = DIRECTION('',(-1.,-0.,-0.));
#12116 = DIRECTION('',(0.,1.,0.));
#12117 = DEFINITIONAL_REPRESENTATION('',(#12118),#12122);
#12118 = LINE('',#12119,#12120);
#12119 = CARTESIAN_POINT('',(-0.,-6.3));
#12120 = VECTOR('',#12121,1.);
#12121 = DIRECTION('',(-1.,0.));
#12122 = ( GEOMETRIC_REPRESENTATION_CONTEXT(2) 
PARAMETRIC_REPRESENTATION_CONTEXT() REPRESENTATION_CONTEXT('2D SPACE',''
  ) );
#12123 = FACE_BOUND('',#12124,.F.);
#12124 = EDGE_LOOP('',(#12125));
#12125 = ORIENTED_EDGE('',*,*,#12000,.T.);
#12126 = ADVANCED_FACE('',(#12127,#12158),#12076,.T.);
#12127 = FACE_BOUND('',#12128,.T.);
#12128 = EDGE_LOOP('',(#12129));
#12129 = ORIENTED_EDGE('',*,*,#12130,.T.);
#12130 = EDGE_CURVE('',#12131,#12131,#12133,.T.);
#12131 = VERTEX_POINT('',#12132);
#12132 = CARTESIAN_POINT('',(106.,18.5,80.));
#12133 = SURFACE_CURVE('',#12134,(#12139,#12146),.PCURVE_S1.);
#12134 = CIRCLE('',#12135,18.5);
#12135 = AXIS2_PLACEMENT_3D('',#12136,#12137,#12138);
#12136 = CARTESIAN_POINT('',(106.,0.,80.));
#12137 = DIRECTION('',(1.,0.,0.));
#12138 = DIRECTION('',(0.,1.,0.));
#12139 = PCURVE('',#12076,#12140);
#12140 = DEFINITIONAL_REPRESENTATION('',(#12141),#12145);
#12141 = CIRCLE('',#12142,18.5);
#12142 = AXIS2_PLACEMENT_2D('',#12143,#12144);
#12143 = CARTESIAN_POINT('',(-1.42108547152E-14,-5.913254627198E-16));
#12144 = DIRECTION('',(0.,-1.));
#12145 = ( GEOMETRIC_REPRESENTATION_CONTEXT(2) 
PARAMETRIC_REPRESENTATION_CONTEXT() REPRESENTATION_CONTEXT('2D SPACE',''
  ) );
#12146 = PCURVE('',#12147,#12152);
#12147 = CYLINDRICAL_SURFACE('',#12148,18.5);
#12148 = AXIS2_PLACEMENT_3D('',#12149,#12150,#12151);
#12149 = CARTESIAN_POINT('',(106.,0.,80.));
#12150 = DIRECTION('',(-1.,-0.,-0.));
#12151 = DIRECTION('',(0.,1.,0.));
#12152 = DEFINITIONAL_REPRESENTATION('',(#12153),#12157);
#12153 = LINE('',#12154,#12155);
#12154 = CARTESIAN_POINT('',(-0.,0.));
#12155 = VECTOR('',#12156,1.);
#12156 = DIRECTION('',(-1.,0.));
#12157 = ( GEOMETRIC_REPRESENTATION_CONTEXT(2) 
PARAMETRIC_REPRESENTATION_CONTEXT() REPRESENTATION_CONTEXT('2D SPACE',''
  ) );
#12158 = FACE_BOUND('',#12159,.T.);
#12159 = EDGE_LOOP('',(#12160));
#12160 = ORIENTED_EDGE('',*,*,#12061,.T.);
#12161 = ADVANCED_FACE('',(#12162),#12112,.F.);
#12162 = FACE_BOUND('',#12163,.T.);
#12163 = EDGE_LOOP('',(#12164,#12187,#12188,#12189));
#12164 = ORIENTED_EDGE('',*,*,#12165,.T.);
#12165 = EDGE_CURVE('',#12166,#12096,#12168,.T.);
#12166 = VERTEX_POINT('',#12167);
#12167 = CARTESIAN_POINT('',(118.,20.75,80.));
#12168 = SEAM_CURVE('',#12169,(#12173,#12180),.PCURVE_S1.);
#12169 = LINE('',#12170,#12171);
#12170 = CARTESIAN_POINT('',(118.,20.75,80.));
#12171 = VECTOR('',#12172,1.);
#12172 = DIRECTION('',(1.,0.,0.));
#12173 = PCURVE('',#12112,#12174);
#12174 = DEFINITIONAL_REPRESENTATION('',(#12175),#12179);
#12175 = LINE('',#12176,#12177);
#12176 = CARTESIAN_POINT('',(-0.,0.));
#12177 = VECTOR('',#12178,1.);
#12178 = DIRECTION('',(-0.,-1.));
#12179 = ( GEOMETRIC_REPRESENTATION_CONTEXT(2) 
PARAMETRIC_REPRESENTATION_CONTEXT() REPRESENTATION_CONTEXT('2D SPACE',''
  ) );
#12180 = PCURVE('',#12112,#12181);
#12181 = DEFINITIONAL_REPRESENTATION('',(#12182),#12186);
#12182 = LINE('',#12183,#12184);
#12183 = CARTESIAN_POINT('',(-6.28318530718,0.));
#12184 = VECTOR('',#12185,1.);
#12185 = DIRECTION('',(-0.,-1.));
#12186 = ( GEOMETRIC_REPRESENTATION_CONTEXT(2) 
PARAMETRIC_REPRESENTATION_CONTEXT() REPRESENTATION_CONTEXT('2D SPACE',''
  ) );
#12187 = ORIENTED_EDGE('',*,*,#12095,.T.);
#12188 = ORIENTED_EDGE('',*,*,#12165,.F.);
#12189 = ORIENTED_EDGE('',*,*,#12190,.F.);
#12190 = EDGE_CURVE('',#12166,#12166,#12191,.T.);
#12191 = SURFACE_CURVE('',#12192,(#12197,#12204),.PCURVE_S1.);
#12192 = CIRCLE('',#12193,20.75);
#12193 = AXIS2_PLACEMENT_3D('',#12194,#12195,#12196);
#12194 = CARTESIAN_POINT('',(118.,0.,80.));
#12195 = DIRECTION('',(1.,0.,0.));
#12196 = DIRECTION('',(0.,1.,0.));
#12197 = PCURVE('',#12112,#12198);
#12198 = DEFINITIONAL_REPRESENTATION('',(#12199),#12203);
#12199 = LINE('',#12200,#12201);
#12200 = CARTESIAN_POINT('',(-0.,0.));
#12201 = VECTOR('',#12202,1.);
#12202 = DIRECTION('',(-1.,0.));
#12203 = ( GEOMETRIC_REPRESENTATION_CONTEXT(2) 
PARAMETRIC_REPRESENTATION_CONTEXT() REPRESENTATION_CONTEXT('2D SPACE',''
  ) );
#12204 = PCURVE('',#12205,#12210);
#12205 = PLANE('',#12206);
#12206 = AXIS2_PLACEMENT_3D('',#12207,#12208,#12209);
#12207 = CARTESIAN_POINT('',(118.,-1.054411668464E-15,80.));
#12208 = DIRECTION('',(1.,0.,0.));
#12209 = DIRECTION('',(-0.,0.,1.));
#12210 = DEFINITIONAL_REPRESENTATION('',(#12211),#12215);
#12211 = CIRCLE('',#12212,20.75);
#12212 = AXIS2_PLACEMENT_2D('',#12213,#12214);
#12213 = CARTESIAN_POINT('',(0.,-1.054411668464E-15));
#12214 = DIRECTION('',(0.,-1.));
#12215 = ( GEOMETRIC_REPRESENTATION_CONTEXT(2) 
PARAMETRIC_REPRESENTATION_CONTEXT() REPRESENTATION_CONTEXT('2D SPACE',''
  ) );
#12216 = ADVANCED_FACE('',(#12217),#12147,.F.);
#12217 = FACE_BOUND('',#12218,.T.);
#12218 = EDGE_LOOP('',(#12219,#12242,#12269,#12270));
#12219 = ORIENTED_EDGE('',*,*,#12220,.T.);
#12220 = EDGE_CURVE('',#12131,#12221,#12223,.T.);
#12221 = VERTEX_POINT('',#12222);
#12222 = CARTESIAN_POINT('',(115.7,18.5,80.));
#12223 = SEAM_CURVE('',#12224,(#12228,#12235),.PCURVE_S1.);
#12224 = LINE('',#12225,#12226);
#12225 = CARTESIAN_POINT('',(106.,18.5,80.));
#12226 = VECTOR('',#12227,1.);
#12227 = DIRECTION('',(1.,0.,0.));
#12228 = PCURVE('',#12147,#12229);
#12229 = DEFINITIONAL_REPRESENTATION('',(#12230),#12234);
#12230 = LINE('',#12231,#12232);
#12231 = CARTESIAN_POINT('',(-0.,0.));
#12232 = VECTOR('',#12233,1.);
#12233 = DIRECTION('',(-0.,-1.));
#12234 = ( GEOMETRIC_REPRESENTATION_CONTEXT(2) 
PARAMETRIC_REPRESENTATION_CONTEXT() REPRESENTATION_CONTEXT('2D SPACE',''
  ) );
#12235 = PCURVE('',#12147,#12236);
#12236 = DEFINITIONAL_REPRESENTATION('',(#12237),#12241);
#12237 = LINE('',#12238,#12239);
#12238 = CARTESIAN_POINT('',(-6.28318530718,0.));
#12239 = VECTOR('',#12240,1.);
#12240 = DIRECTION('',(-0.,-1.));
#12241 = ( GEOMETRIC_REPRESENTATION_CONTEXT(2) 
PARAMETRIC_REPRESENTATION_CONTEXT() REPRESENTATION_CONTEXT('2D SPACE',''
  ) );
#12242 = ORIENTED_EDGE('',*,*,#12243,.T.);
#12243 = EDGE_CURVE('',#12221,#12221,#12244,.T.);
#12244 = SURFACE_CURVE('',#12245,(#12250,#12257),.PCURVE_S1.);
#12245 = CIRCLE('',#12246,18.5);
#12246 = AXIS2_PLACEMENT_3D('',#12247,#12248,#12249);
#12247 = CARTESIAN_POINT('',(115.7,0.,80.));
#12248 = DIRECTION('',(1.,0.,0.));
#12249 = DIRECTION('',(0.,1.,0.));
#12250 = PCURVE('',#12147,#12251);
#12251 = DEFINITIONAL_REPRESENTATION('',(#12252),#12256);
#12252 = LINE('',#12253,#12254);
#12253 = CARTESIAN_POINT('',(-0.,-9.7));
#12254 = VECTOR('',#12255,1.);
#12255 = DIRECTION('',(-1.,0.));
#12256 = ( GEOMETRIC_REPRESENTATION_CONTEXT(2) 
PARAMETRIC_REPRESENTATION_CONTEXT() REPRESENTATION_CONTEXT('2D SPACE',''
  ) );
#12257 = PCURVE('',#12258,#12263);
#12258 = PLANE('',#12259);
#12259 = AXIS2_PLACEMENT_3D('',#12260,#12261,#12262);
#12260 = CARTESIAN_POINT('',(115.7,-5.913254627198E-16,80.));
#12261 = DIRECTION('',(1.,0.,0.));
#12262 = DIRECTION('',(-0.,0.,1.));
#12263 = DEFINITIONAL_REPRESENTATION('',(#12264),#12268);
#12264 = CIRCLE('',#12265,18.5);
#12265 = AXIS2_PLACEMENT_2D('',#12266,#12267);
#12266 = CARTESIAN_POINT('',(-1.42108547152E-14,-5.913254627198E-16));
#12267 = DIRECTION('',(0.,-1.));
#12268 = ( GEOMETRIC_REPRESENTATION_CONTEXT(2) 
PARAMETRIC_REPRESENTATION_CONTEXT() REPRESENTATION_CONTEXT('2D SPACE',''
  ) );
#12269 = ORIENTED_EDGE('',*,*,#12220,.F.);
#12270 = ORIENTED_EDGE('',*,*,#12130,.F.);
#12271 = ADVANCED_FACE('',(#12272,#12275),#12205,.T.);
#12272 = FACE_BOUND('',#12273,.T.);
#12273 = EDGE_LOOP('',(#12274));
#12274 = ORIENTED_EDGE('',*,*,#12190,.T.);
#12275 = FACE_BOUND('',#12276,.T.);
#12276 = EDGE_LOOP('',(#12277));
#12277 = ORIENTED_EDGE('',*,*,#12278,.T.);
#12278 = EDGE_CURVE('',#12279,#12279,#12281,.T.);
#12279 = VERTEX_POINT('',#12280);
#12280 = CARTESIAN_POINT('',(118.,16.,80.));
#12281 = SURFACE_CURVE('',#12282,(#12287,#12298),.PCURVE_S1.);
#12282 = CIRCLE('',#12283,16.);
#12283 = AXIS2_PLACEMENT_3D('',#12284,#12285,#12286);
#12284 = CARTESIAN_POINT('',(118.,0.,80.));
#12285 = DIRECTION('',(-1.,0.,0.));
#12286 = DIRECTION('',(0.,1.,0.));
#12287 = PCURVE('',#12205,#12288);
#12288 = DEFINITIONAL_REPRESENTATION('',(#12289),#12297);
#12289 = ( BOUNDED_CURVE() B_SPLINE_CURVE(2,(#12290,#12291,#12292,#12293
    ,#12294,#12295,#12296),.UNSPECIFIED.,.T.,.F.) 
B_SPLINE_CURVE_WITH_KNOTS((1,2,2,2,2,1),(-2.094395102393,0.,
    2.094395102393,4.188790204786,6.28318530718,8.377580409573),
.UNSPECIFIED.) CURVE() GEOMETRIC_REPRESENTATION_ITEM() 
RATIONAL_B_SPLINE_CURVE((1.,0.5,1.,0.5,1.,0.5,1.)) REPRESENTATION_ITEM(
  '') );
#12290 = CARTESIAN_POINT('',(0.,-16.));
#12291 = CARTESIAN_POINT('',(-27.7128129211,-16.));
#12292 = CARTESIAN_POINT('',(-13.85640646055,8.));
#12293 = CARTESIAN_POINT('',(-3.918869757272E-15,32.));
#12294 = CARTESIAN_POINT('',(13.856406460551,8.));
#12295 = CARTESIAN_POINT('',(27.712812921102,-16.));
#12296 = CARTESIAN_POINT('',(0.,-16.));
#12297 = ( GEOMETRIC_REPRESENTATION_CONTEXT(2) 
PARAMETRIC_REPRESENTATION_CONTEXT() REPRESENTATION_CONTEXT('2D SPACE',''
  ) );
#12298 = PCURVE('',#12299,#12304);
#12299 = CYLINDRICAL_SURFACE('',#12300,16.);
#12300 = AXIS2_PLACEMENT_3D('',#12301,#12302,#12303);
#12301 = CARTESIAN_POINT('',(94.,0.,80.));
#12302 = DIRECTION('',(-1.,-0.,-0.));
#12303 = DIRECTION('',(0.,1.,0.));
#12304 = DEFINITIONAL_REPRESENTATION('',(#12305),#12309);
#12305 = LINE('',#12306,#12307);
#12306 = CARTESIAN_POINT('',(-6.28318530718,-24.));
#12307 = VECTOR('',#12308,1.);
#12308 = DIRECTION('',(1.,-0.));
#12309 = ( GEOMETRIC_REPRESENTATION_CONTEXT(2) 
PARAMETRIC_REPRESENTATION_CONTEXT() REPRESENTATION_CONTEXT('2D SPACE',''
  ) );
#12310 = ADVANCED_FACE('',(#12311,#12314),#12258,.F.);
#12311 = FACE_BOUND('',#12312,.F.);
#12312 = EDGE_LOOP('',(#12313));
#12313 = ORIENTED_EDGE('',*,*,#12243,.T.);
#12314 = FACE_BOUND('',#12315,.F.);
#12315 = EDGE_LOOP('',(#12316));
#12316 = ORIENTED_EDGE('',*,*,#12317,.T.);
#12317 = EDGE_CURVE('',#12318,#12318,#12320,.T.);
#12318 = VERTEX_POINT('',#12319);
#12319 = CARTESIAN_POINT('',(115.7,16.,80.));
#12320 = SURFACE_CURVE('',#12321,(#12326,#12337),.PCURVE_S1.);
#12321 = CIRCLE('',#12322,16.);
#12322 = AXIS2_PLACEMENT_3D('',#12323,#12324,#12325);
#12323 = CARTESIAN_POINT('',(115.7,0.,80.));
#12324 = DIRECTION('',(-1.,0.,0.));
#12325 = DIRECTION('',(0.,1.,0.));
#12326 = PCURVE('',#12258,#12327);
#12327 = DEFINITIONAL_REPRESENTATION('',(#12328),#12336);
#12328 = ( BOUNDED_CURVE() B_SPLINE_CURVE(2,(#12329,#12330,#12331,#12332
    ,#12333,#12334,#12335),.UNSPECIFIED.,.T.,.F.) 
B_SPLINE_CURVE_WITH_KNOTS((1,2,2,2,2,1),(-2.094395102393,0.,
    2.094395102393,4.188790204786,6.28318530718,8.377580409573),
.UNSPECIFIED.) CURVE() GEOMETRIC_REPRESENTATION_ITEM() 
RATIONAL_B_SPLINE_CURVE((1.,0.5,1.,0.5,1.,0.5,1.)) REPRESENTATION_ITEM(
  '') );
#12329 = CARTESIAN_POINT('',(-1.42108547152E-14,-16.));
#12330 = CARTESIAN_POINT('',(-27.7128129211,-16.));
#12331 = CARTESIAN_POINT('',(-13.85640646055,8.));
#12332 = CARTESIAN_POINT('',(-1.812972447247E-14,32.));
#12333 = CARTESIAN_POINT('',(13.856406460551,8.));
#12334 = CARTESIAN_POINT('',(27.712812921102,-16.));
#12335 = CARTESIAN_POINT('',(-1.42108547152E-14,-16.));
#12336 = ( GEOMETRIC_REPRESENTATION_CONTEXT(2) 
PARAMETRIC_REPRESENTATION_CONTEXT() REPRESENTATION_CONTEXT('2D SPACE',''
  ) );
#12337 = PCURVE('',#12299,#12338);
#12338 = DEFINITIONAL_REPRESENTATION('',(#12339),#12343);
#12339 = LINE('',#12340,#12341);
#12340 = CARTESIAN_POINT('',(-6.28318530718,-21.7));
#12341 = VECTOR('',#12342,1.);
#12342 = DIRECTION('',(1.,-0.));
#12343 = ( GEOMETRIC_REPRESENTATION_CONTEXT(2) 
PARAMETRIC_REPRESENTATION_CONTEXT() REPRESENTATION_CONTEXT('2D SPACE',''
  ) );
#12344 = ADVANCED_FACE('',(#12345),#12299,.F.);
#12345 = FACE_BOUND('',#12346,.T.);
#12346 = EDGE_LOOP('',(#12347,#12368,#12369,#12370));
#12347 = ORIENTED_EDGE('',*,*,#12348,.F.);
#12348 = EDGE_CURVE('',#12318,#12279,#12349,.T.);
#12349 = SEAM_CURVE('',#12350,(#12354,#12361),.PCURVE_S1.);
#12350 = LINE('',#12351,#12352);
#12351 = CARTESIAN_POINT('',(94.,16.,80.));
#12352 = VECTOR('',#12353,1.);
#12353 = DIRECTION('',(1.,0.,0.));
#12354 = PCURVE('',#12299,#12355);
#12355 = DEFINITIONAL_REPRESENTATION('',(#12356),#12360);
#12356 = LINE('',#12357,#12358);
#12357 = CARTESIAN_POINT('',(-6.28318530718,0.));
#12358 = VECTOR('',#12359,1.);
#12359 = DIRECTION('',(-0.,-1.));
#12360 = ( GEOMETRIC_REPRESENTATION_CONTEXT(2) 
PARAMETRIC_REPRESENTATION_CONTEXT() REPRESENTATION_CONTEXT('2D SPACE',''
  ) );
#12361 = PCURVE('',#12299,#12362);
#12362 = DEFINITIONAL_REPRESENTATION('',(#12363),#12367);
#12363 = LINE('',#12364,#12365);
#12364 = CARTESIAN_POINT('',(-0.,0.));
#12365 = VECTOR('',#12366,1.);
#12366 = DIRECTION('',(-0.,-1.));
#12367 = ( GEOMETRIC_REPRESENTATION_CONTEXT(2) 
PARAMETRIC_REPRESENTATION_CONTEXT() REPRESENTATION_CONTEXT('2D SPACE',''
  ) );
#12368 = ORIENTED_EDGE('',*,*,#12317,.T.);
#12369 = ORIENTED_EDGE('',*,*,#12348,.T.);
#12370 = ORIENTED_EDGE('',*,*,#12278,.F.);
#12371 = ( GEOMETRIC_REPRESENTATION_CONTEXT(3) 
GLOBAL_UNCERTAINTY_ASSIGNED_CONTEXT((#12375)) 
GLOBAL_UNIT_ASSIGNED_CONTEXT((#12372,#12373,#12374)) 
REPRESENTATION_CONTEXT('Context #1',
  '3D Context with UNIT and UNCERTAINTY') );
#12372 = ( LENGTH_UNIT() NAMED_UNIT(*) SI_UNIT(.MILLI.,.METRE.) );
#12373 = ( NAMED_UNIT(*) PLANE_ANGLE_UNIT() SI_UNIT($,.RADIAN.) );
#12374 = ( NAMED_UNIT(*) SI_UNIT($,.STERADIAN.) SOLID_ANGLE_UNIT() );
#12375 = UNCERTAINTY_MEASURE_WITH_UNIT(LENGTH_MEASURE(1.E-07),#12372,
  'distance_accuracy_value','confusion accuracy');
#12376 = CONTEXT_DEPENDENT_SHAPE_REPRESENTATION(#12377,#12379);
#12377 = ( REPRESENTATION_RELATIONSHIP('','',#10832,#10) 
REPRESENTATION_RELATIONSHIP_WITH_TRANSFORMATION(#12378) 
SHAPE_REPRESENTATION_RELATIONSHIP() );
#12378 = ITEM_DEFINED_TRANSFORMATION('','',#11,#47);
#12379 = PRODUCT_DEFINITION_SHAPE('Placement','Placement of an item',
  #12380);
#12380 = NEXT_ASSEMBLY_USAGE_OCCURRENCE('9','P6-gland-cap','',#5,#10827,
  $);
#12381 = PRODUCT_RELATED_PRODUCT_CATEGORY('part',$,(#10829));
#12382 = SHAPE_DEFINITION_REPRESENTATION(#12383,#12389);
#12383 = PRODUCT_DEFINITION_SHAPE('','',#12384);
#12384 = PRODUCT_DEFINITION('design','',#12385,#12388);
#12385 = PRODUCT_DEFINITION_FORMATION('','',#12386);
#12386 = PRODUCT('P6-gland-cap-mirror','P6-gland-cap-mirror','',(#12387)
  );
#12387 = PRODUCT_CONTEXT('',#2,'mechanical');
#12388 = PRODUCT_DEFINITION_CONTEXT('part definition',#2,'design');
#12389 = ADVANCED_BREP_SHAPE_REPRESENTATION('',(#11,#12390),#13936);
#12390 = MANIFOLD_SOLID_BREP('',#12391);
#12391 = CLOSED_SHELL('',(#12392,#12723,#12975,#13010,#13045,#13156,
    #13211,#13265,#13272,#13311,#13350,#13409,#13468,#13503,#13538,
    #13593,#13648,#13687,#13726,#13785,#13844,#13879,#13909));
#12392 = ADVANCED_FACE('',(#12393),#12434,.T.);
#12393 = FACE_BOUND('',#12394,.T.);
#12394 = EDGE_LOOP('',(#12395,#12511,#12534,#12565,#12566,#12668,#12691,
    #12722));
#12395 = ORIENTED_EDGE('',*,*,#12396,.F.);
#12396 = EDGE_CURVE('',#12397,#12399,#12401,.T.);
#12397 = VERTEX_POINT('',#12398);
#12398 = CARTESIAN_POINT('',(139.5,43.,-80.));
#12399 = VERTEX_POINT('',#12400);
#12400 = CARTESIAN_POINT('',(133.5,43.,-80.));
#12401 = SURFACE_CURVE('',#12402,(#12433,#12472),.PCURVE_S1.);
#12402 = B_SPLINE_CURVE_WITH_KNOTS('',8,(#12403,#12404,#12405,#12406,
    #12407,#12408,#12409,#12410,#12411,#12412,#12413,#12414,#12415,
    #12416,#12417,#12418,#12419,#12420,#12421,#12422,#12423,#12424,
    #12425,#12426,#12427,#12428,#12429,#12430,#12431,#12432),
  .UNSPECIFIED.,.F.,.F.,(9,7,7,7,9),(0.,0.160062103884,0.36851706392,
    0.691820367499,1.),.UNSPECIFIED.);
#12403 = CARTESIAN_POINT('',(139.5,43.,-80.));
#12404 = CARTESIAN_POINT('',(139.5,43.,-80.22687766198));
#12405 = CARTESIAN_POINT('',(139.48039066689,42.998632189587,
    -80.45203140761));
#12406 = CARTESIAN_POINT('',(139.44169523534,42.995931794562,
    -80.67286935949));
#12407 = CARTESIAN_POINT('',(139.38496360702,42.992023971134,
    -80.8869086166));
#12408 = CARTESIAN_POINT('',(139.31175222165,42.987109495039,
    -81.09186010949));
#12409 = CARTESIAN_POINT('',(139.22410508588,42.981442531511,
    -81.2857109685));
#12410 = CARTESIAN_POINT('',(139.12453596021,42.975300486123,
    -81.46680440492));
#12411 = CARTESIAN_POINT('',(138.87467644097,42.960670165061,
    -81.85155432447));
#12412 = CARTESIAN_POINT('',(138.71671842805,42.951950494322,
    -82.04768621072));
#12413 = CARTESIAN_POINT('',(138.54565759378,42.943211676254,
    -82.22259548971));
#12414 = CARTESIAN_POINT('',(138.36430921192,42.934798509664,
    -82.37683982237));
#12415 = CARTESIAN_POINT('',(138.17493456246,42.926973078179,
    -82.51110466709));
#12416 = CARTESIAN_POINT('',(137.97935304797,42.919927526618,
    -82.62609620885));
#12417 = CARTESIAN_POINT('',(137.77902367979,42.91380132756,
    -82.72246379028));
#12418 = CARTESIAN_POINT('',(137.258834305,42.900767660652,
    -82.92214578266));
#12419 = CARTESIAN_POINT('',(136.93388948787,42.895288511693,
    -83.0000497699));
#12420 = CARTESIAN_POINT('',(136.60445320854,42.892616637364,
    -83.03647089551));
#12421 = CARTESIAN_POINT('',(136.2735939214,42.892899446421,
    -83.03238737878));
#12422 = CARTESIAN_POINT('',(135.94414149172,42.896146113423,
    -82.98781605352));
#12423 = CARTESIAN_POINT('',(135.61918143435,42.902235917877,
    -82.90186076948));
#12424 = CARTESIAN_POINT('',(135.30258581422,42.910865225259,
    -82.77277421264));
#12425 = CARTESIAN_POINT('',(134.71156872201,42.931519836127,
    -82.43155033536));
#12426 = CARTESIAN_POINT('',(134.42668737807,42.94368824419,
    -82.21828032589));
#12427 = CARTESIAN_POINT('',(134.15824143988,42.957396946352,
    -81.95529726566));
#12428 = CARTESIAN_POINT('',(133.91897645462,42.971552522466,
    -81.642756741));
#12429 = CARTESIAN_POINT('',(133.72142297762,42.984552223383,
    -81.28371949653));
#12430 = CARTESIAN_POINT('',(133.57779889803,42.994572105017,
    -80.88394177471));
#12431 = CARTESIAN_POINT('',(133.5,43.,-80.45191099971));
#12432 = CARTESIAN_POINT('',(133.5,43.,-80.));
#12433 = PCURVE('',#12434,#12439);
#12434 = CYLINDRICAL_SURFACE('',#12435,43.);
#12435 = AXIS2_PLACEMENT_3D('',#12436,#12437,#12438);
#12436 = CARTESIAN_POINT('',(95.,0.,-80.));
#12437 = DIRECTION('',(-1.,-0.,0.));
#12438 = DIRECTION('',(-0.,1.,-0.));
#12439 = DEFINITIONAL_REPRESENTATION('',(#12440),#12471);
#12440 = B_SPLINE_CURVE_WITH_KNOTS('',8,(#12441,#12442,#12443,#12444,
    #12445,#12446,#12447,#12448,#12449,#12450,#12451,#12452,#12453,
    #12454,#12455,#12456,#12457,#12458,#12459,#12460,#12461,#12462,
    #12463,#12464,#12465,#12466,#12467,#12468,#12469,#12470),
  .UNSPECIFIED.,.F.,.F.,(9,7,7,7,9),(0.,0.160062103884,0.36851706392,
    0.691820367499,1.),.UNSPECIFIED.);
#12441 = CARTESIAN_POINT('',(0.,-44.5));
#12442 = CARTESIAN_POINT('',(5.276224697411E-03,-44.5));
#12443 = CARTESIAN_POINT('',(1.051235857397E-02,-44.48039066689));
#12444 = CARTESIAN_POINT('',(1.564834786356E-02,-44.44169523534));
#12445 = CARTESIAN_POINT('',(2.062666327851E-02,-44.38496360702));
#12446 = CARTESIAN_POINT('',(2.539420925742E-02,-44.31175222165));
#12447 = CARTESIAN_POINT('',(2.990420989283E-02,-44.22410508588));
#12448 = CARTESIAN_POINT('',(3.411807153876E-02,-44.12453596021));
#12449 = CARTESIAN_POINT('',(4.307221065418E-02,-43.87467644097));
#12450 = CARTESIAN_POINT('',(4.763782855419E-02,-43.71671842805));
#12451 = CARTESIAN_POINT('',(5.171046921766E-02,-43.54565759378));
#12452 = CARTESIAN_POINT('',(5.530281999313E-02,-43.36430921192));
#12453 = CARTESIAN_POINT('',(5.843052749891E-02,-43.17493456246));
#12454 = CARTESIAN_POINT('',(6.110975194881E-02,-42.97935304797));
#12455 = CARTESIAN_POINT('',(6.335537925998E-02,-42.77902367978));
#12456 = CARTESIAN_POINT('',(6.800902827899E-02,-42.258834305));
#12457 = CARTESIAN_POINT('',(6.982520202111E-02,-41.93388948787));
#12458 = CARTESIAN_POINT('',(7.067448491341E-02,-41.60445320854));
#12459 = CARTESIAN_POINT('',(7.057929832625E-02,-41.2735939214));
#12460 = CARTESIAN_POINT('',(6.953999885051E-02,-40.94414149172));
#12461 = CARTESIAN_POINT('',(6.753603419084E-02,-40.61918143435));
#12462 = CARTESIAN_POINT('',(6.452737987804E-02,-40.30258581422));
#12463 = CARTESIAN_POINT('',(5.657741644803E-02,-39.71156872201));
#12464 = CARTESIAN_POINT('',(5.160961169327E-02,-39.42668737807));
#12465 = CARTESIAN_POINT('',(4.548555080536E-02,-39.15824143988));
#12466 = CARTESIAN_POINT('',(3.821007255021E-02,-38.91897645462));
#12467 = CARTESIAN_POINT('',(2.985570855288E-02,-38.72142297762));
#12468 = CARTESIAN_POINT('',(2.055678585995E-02,-38.57779889803));
#12469 = CARTESIAN_POINT('',(1.0509558133E-02,-38.5));
#12470 = CARTESIAN_POINT('',(0.,-38.5));
#12471 = ( GEOMETRIC_REPRESENTATION_CONTEXT(2) 
PARAMETRIC_REPRESENTATION_CONTEXT() REPRESENTATION_CONTEXT('2D SPACE',''
  ) );
#12472 = PCURVE('',#12473,#12478);
#12473 = CYLINDRICAL_SURFACE('',#12474,3.);
#12474 = AXIS2_PLACEMENT_3D('',#12475,#12476,#12477);
#12475 = CARTESIAN_POINT('',(136.5,86.,-80.));
#12476 = DIRECTION('',(-0.,1.,-0.));
#12477 = DIRECTION('',(1.,-0.,-0.));
#12478 = DEFINITIONAL_REPRESENTATION('',(#12479),#12510);
#12479 = B_SPLINE_CURVE_WITH_KNOTS('',8,(#12480,#12481,#12482,#12483,
    #12484,#12485,#12486,#12487,#12488,#12489,#12490,#12491,#12492,
    #12493,#12494,#12495,#12496,#12497,#12498,#12499,#12500,#12501,
    #12502,#12503,#12504,#12505,#12506,#12507,#12508,#12509),
  .UNSPECIFIED.,.F.,.F.,(9,7,7,7,9),(0.,0.160062103884,0.36851706392,
    0.691820367499,1.),.UNSPECIFIED.);
#12480 = CARTESIAN_POINT('',(0.,-43.));
#12481 = CARTESIAN_POINT('',(7.562588732956E-02,-43.));
#12482 = CARTESIAN_POINT('',(0.150677086519,-43.00136781041));
#12483 = CARTESIAN_POINT('',(0.224949012952,-43.00406820543));
#12484 = CARTESIAN_POINT('',(0.298230323504,-43.00797602886));
#12485 = CARTESIAN_POINT('',(0.370285781526,-43.01289050496));
#12486 = CARTESIAN_POINT('',(0.440836701024,-43.01855746848));
#12487 = CARTESIAN_POINT('',(0.509538970026,-43.02469951387));
#12488 = CARTESIAN_POINT('',(0.662459530361,-43.03932983493));
#12489 = CARTESIAN_POINT('',(0.745966314644,-43.04804950567));
#12490 = CARTESIAN_POINT('',(0.826904791658,-43.05678832374));
#12491 = CARTESIAN_POINT('',(0.905620839937,-43.06520149033));
#12492 = CARTESIAN_POINT('',(0.982426565735,-43.07302692182));
#12493 = CARTESIAN_POINT('',(1.057615157213,-43.08007247338));
#12494 = CARTESIAN_POINT('',(1.131467948462,-43.08619867244));
#12495 = CARTESIAN_POINT('',(1.317200696641,-43.09923233934));
#12496 = CARTESIAN_POINT('',(1.427627517006,-43.1047114883));
#12497 = CARTESIAN_POINT('',(1.536690571375,-43.10738336263));
#12498 = CARTESIAN_POINT('',(1.645340940832,-43.10710055357));
#12499 = CARTESIAN_POINT('',(1.754482195397,-43.10385388657));
#12500 = CARTESIAN_POINT('',(1.865021787043,-43.09776408212));
#12501 = CARTESIAN_POINT('',(1.977929768196,-43.08913477474));
#12502 = CARTESIAN_POINT('',(2.205412353051,-43.06848016387));
#12503 = CARTESIAN_POINT('',(2.323195865396,-43.05631175581));
#12504 = CARTESIAN_POINT('',(2.446603039715,-43.04260305364));
#12505 = CARTESIAN_POINT('',(2.575090996289,-43.02844747753));
#12506 = CARTESIAN_POINT('',(2.708479405501,-43.01544777661));
#12507 = CARTESIAN_POINT('',(2.84694504814,-43.00542789498));
#12508 = CARTESIAN_POINT('',(2.990955653683,-43.));
#12509 = CARTESIAN_POINT('',(3.14159265359,-43.));
#12510 = ( GEOMETRIC_REPRESENTATION_CONTEXT(2) 
PARAMETRIC_REPRESENTATION_CONTEXT() REPRESENTATION_CONTEXT('2D SPACE',''
  ) );
#12511 = ORIENTED_EDGE('',*,*,#12512,.T.);
#12512 = EDGE_CURVE('',#12397,#12513,#12515,.T.);
#12513 = VERTEX_POINT('',#12514);
#12514 = CARTESIAN_POINT('',(170.,43.,-80.));
#12515 = SEAM_CURVE('',#12516,(#12520,#12527),.PCURVE_S1.);
#12516 = LINE('',#12517,#12518);
#12517 = CARTESIAN_POINT('',(95.,43.,-80.));
#12518 = VECTOR('',#12519,1.);
#12519 = DIRECTION('',(1.,-0.,-0.));
#12520 = PCURVE('',#12434,#12521);
#12521 = DEFINITIONAL_REPRESENTATION('',(#12522),#12526);
#12522 = LINE('',#12523,#12524);
#12523 = CARTESIAN_POINT('',(6.28318530718,0.));
#12524 = VECTOR('',#12525,1.);
#12525 = DIRECTION('',(0.,-1.));
#12526 = ( GEOMETRIC_REPRESENTATION_CONTEXT(2) 
PARAMETRIC_REPRESENTATION_CONTEXT() REPRESENTATION_CONTEXT('2D SPACE',''
  ) );
#12527 = PCURVE('',#12434,#12528);
#12528 = DEFINITIONAL_REPRESENTATION('',(#12529),#12533);
#12529 = LINE('',#12530,#12531);
#12530 = CARTESIAN_POINT('',(0.,0.));
#12531 = VECTOR('',#12532,1.);
#12532 = DIRECTION('',(0.,-1.));
#12533 = ( GEOMETRIC_REPRESENTATION_CONTEXT(2) 
PARAMETRIC_REPRESENTATION_CONTEXT() REPRESENTATION_CONTEXT('2D SPACE',''
  ) );
#12534 = ORIENTED_EDGE('',*,*,#12535,.T.);
#12535 = EDGE_CURVE('',#12513,#12513,#12536,.T.);
#12536 = SURFACE_CURVE('',#12537,(#12542,#12549),.PCURVE_S1.);
#12537 = CIRCLE('',#12538,43.);
#12538 = AXIS2_PLACEMENT_3D('',#12539,#12540,#12541);
#12539 = CARTESIAN_POINT('',(170.,0.,-80.));
#12540 = DIRECTION('',(-1.,0.,0.));
#12541 = DIRECTION('',(-0.,1.,-0.));
#12542 = PCURVE('',#12434,#12543);
#12543 = DEFINITIONAL_REPRESENTATION('',(#12544),#12548);
#12544 = LINE('',#12545,#12546);
#12545 = CARTESIAN_POINT('',(0.,-75.));
#12546 = VECTOR('',#12547,1.);
#12547 = DIRECTION('',(1.,0.));
#12548 = ( GEOMETRIC_REPRESENTATION_CONTEXT(2) 
PARAMETRIC_REPRESENTATION_CONTEXT() REPRESENTATION_CONTEXT('2D SPACE',''
  ) );
#12549 = PCURVE('',#12550,#12555);
#12550 = PLANE('',#12551);
#12551 = AXIS2_PLACEMENT_3D('',#12552,#12553,#12554);
#12552 = CARTESIAN_POINT('',(170.,-1.017629866076E-15,-80.));
#12553 = DIRECTION('',(1.,-0.,-0.));
#12554 = DIRECTION('',(0.,0.,1.));
#12555 = DEFINITIONAL_REPRESENTATION('',(#12556),#12564);
#12556 = ( BOUNDED_CURVE() B_SPLINE_CURVE(2,(#12557,#12558,#12559,#12560
    ,#12561,#12562,#12563),.UNSPECIFIED.,.T.,.F.) 
B_SPLINE_CURVE_WITH_KNOTS((1,2,2,2,2,1),(-2.094395102393,0.,
    2.094395102393,4.188790204786,6.28318530718,8.377580409573),
.UNSPECIFIED.) CURVE() GEOMETRIC_REPRESENTATION_ITEM() 
RATIONAL_B_SPLINE_CURVE((1.,0.5,1.,0.5,1.,0.5,1.)) REPRESENTATION_ITEM(
  '') );
#12557 = CARTESIAN_POINT('',(0.,-43.));
#12558 = CARTESIAN_POINT('',(-74.47818472546,-43.));
#12559 = CARTESIAN_POINT('',(-37.23909236273,21.5));
#12560 = CARTESIAN_POINT('',(-1.053196247267E-14,86.));
#12561 = CARTESIAN_POINT('',(37.239092362731,21.5));
#12562 = CARTESIAN_POINT('',(74.478184725462,-43.));
#12563 = CARTESIAN_POINT('',(0.,-43.));
#12564 = ( GEOMETRIC_REPRESENTATION_CONTEXT(2) 
PARAMETRIC_REPRESENTATION_CONTEXT() REPRESENTATION_CONTEXT('2D SPACE',''
  ) );
#12565 = ORIENTED_EDGE('',*,*,#12512,.F.);
#12566 = ORIENTED_EDGE('',*,*,#12567,.F.);
#12567 = EDGE_CURVE('',#12399,#12397,#12568,.T.);
#12568 = SURFACE_CURVE('',#12569,(#12600,#12634),.PCURVE_S1.);
#12569 = B_SPLINE_CURVE_WITH_KNOTS('',8,(#12570,#12571,#12572,#12573,
    #12574,#12575,#12576,#12577,#12578,#12579,#12580,#12581,#12582,
    #12583,#12584,#12585,#12586,#12587,#12588,#12589,#12590,#12591,
    #12592,#12593,#12594,#12595,#12596,#12597,#12598,#12599),
  .UNSPECIFIED.,.F.,.F.,(9,7,7,7,9),(0.,0.160062105074,0.368517066444,
    0.691820365452,1.),.UNSPECIFIED.);
#12570 = CARTESIAN_POINT('',(133.5,43.,-80.));
#12571 = CARTESIAN_POINT('',(133.5,43.,-79.77312233821));
#12572 = CARTESIAN_POINT('',(133.51960933306,42.99863218959,
    -79.54796859246));
#12573 = CARTESIAN_POINT('',(133.55830476465,42.995931794562,
    -79.32713064039));
#12574 = CARTESIAN_POINT('',(133.61503639302,42.99202397113,
    -79.11309138321));
#12575 = CARTESIAN_POINT('',(133.68824777841,42.987109495035,
    -78.9081398904));
#12576 = CARTESIAN_POINT('',(133.77589491411,42.981442531512,
    -78.71428903155));
#12577 = CARTESIAN_POINT('',(133.87546403967,42.975300486129,
    -78.53319559525));
#12578 = CARTESIAN_POINT('',(134.12532355902,42.960670165061,
    -78.14844567552));
#12579 = CARTESIAN_POINT('',(134.28328157194,42.951950494322,
    -77.95231378927));
#12580 = CARTESIAN_POINT('',(134.45434240621,42.943211676254,
    -77.77740451028));
#12581 = CARTESIAN_POINT('',(134.63569078807,42.934798509664,
    -77.62316017762));
#12582 = CARTESIAN_POINT('',(134.82506543753,42.926973078179,
    -77.4888953329));
#12583 = CARTESIAN_POINT('',(135.02064695202,42.919927526618,
    -77.37390379114));
#12584 = CARTESIAN_POINT('',(135.22097632021,42.91380132756,
    -77.27753620971));
#12585 = CARTESIAN_POINT('',(135.74116568849,42.900767660815,
    -77.07785421982));
#12586 = CARTESIAN_POINT('',(136.06611053234,42.89528851149,
    -76.99995022714));
#12587 = CARTESIAN_POINT('',(136.39554676919,42.892616637252,
    -76.96352910244));
#12588 = CARTESIAN_POINT('',(136.72640607846,42.892899446691,
    -76.96761262551));
#12589 = CARTESIAN_POINT('',(137.05585853053,42.896146113522,
    -77.0121839483));
#12590 = CARTESIAN_POINT('',(137.38081854573,42.902235917488,
    -77.09813922405));
#12591 = CARTESIAN_POINT('',(137.69741419206,42.910865225478,
    -77.22722579098));
#12592 = CARTESIAN_POINT('',(138.28843127798,42.931519836127,
    -77.56844966463));
#12593 = CARTESIAN_POINT('',(138.57331262191,42.94368824419,
    -77.7817196741));
#12594 = CARTESIAN_POINT('',(138.84175856012,42.957396946352,
    -78.04470273433));
#12595 = CARTESIAN_POINT('',(139.08102354537,42.971552522466,
    -78.357243259));
#12596 = CARTESIAN_POINT('',(139.27857702238,42.984552223383,
    -78.71628050345));
#12597 = CARTESIAN_POINT('',(139.42220110196,42.994572105017,
    -79.11605822528));
#12598 = CARTESIAN_POINT('',(139.5,43.,-79.54808900028));
#12599 = CARTESIAN_POINT('',(139.5,43.,-80.));
#12600 = PCURVE('',#12434,#12601);
#12601 = DEFINITIONAL_REPRESENTATION('',(#12602),#12633);
#12602 = B_SPLINE_CURVE_WITH_KNOTS('',8,(#12603,#12604,#12605,#12606,
    #12607,#12608,#12609,#12610,#12611,#12612,#12613,#12614,#12615,
    #12616,#12617,#12618,#12619,#12620,#12621,#12622,#12623,#12624,
    #12625,#12626,#12627,#12628,#12629,#12630,#12631,#12632),
  .UNSPECIFIED.,.F.,.F.,(9,7,7,7,9),(0.,0.160062105074,0.368517066444,
    0.691820365452,1.),.UNSPECIFIED.);
#12603 = CARTESIAN_POINT('',(6.28318530718,-38.5));
#12604 = CARTESIAN_POINT('',(6.277909082487,-38.5));
#12605 = CARTESIAN_POINT('',(6.272672948607,-38.51960933306));
#12606 = CARTESIAN_POINT('',(6.267536959314,-38.55830476465));
#12607 = CARTESIAN_POINT('',(6.262558643897,-38.61503639302));
#12608 = CARTESIAN_POINT('',(6.25779109792,-38.68824777841));
#12609 = CARTESIAN_POINT('',(6.253281097288,-38.77589491411));
#12610 = CARTESIAN_POINT('',(6.249067235645,-38.87546403967));
#12611 = CARTESIAN_POINT('',(6.240113096525,-39.12532355902));
#12612 = CARTESIAN_POINT('',(6.235547478625,-39.28328157194));
#12613 = CARTESIAN_POINT('',(6.231474837962,-39.45434240621));
#12614 = CARTESIAN_POINT('',(6.227882487186,-39.63569078807));
#12615 = CARTESIAN_POINT('',(6.224754779681,-39.82506543753));
#12616 = CARTESIAN_POINT('',(6.222075555231,-40.02064695202));
#12617 = CARTESIAN_POINT('',(6.21982992792,-40.22097632021));
#12618 = CARTESIAN_POINT('',(6.215176278959,-40.74116568849));
#12619 = CARTESIAN_POINT('',(6.21336010509,-41.06611053234));
#12620 = CARTESIAN_POINT('',(6.212510822219,-41.39554676919));
#12621 = CARTESIAN_POINT('',(6.212606008953,-41.72640607846));
#12622 = CARTESIAN_POINT('',(6.213645308371,-42.05585853053));
#12623 = CARTESIAN_POINT('',(6.215649272838,-42.38081854573));
#12624 = CARTESIAN_POINT('',(6.218657927386,-42.69741419206));
#12625 = CARTESIAN_POINT('',(6.226607890732,-43.28843127798));
#12626 = CARTESIAN_POINT('',(6.231575695486,-43.57331262191));
#12627 = CARTESIAN_POINT('',(6.237699756374,-43.84175856012));
#12628 = CARTESIAN_POINT('',(6.244975234629,-44.08102354537));
#12629 = CARTESIAN_POINT('',(6.253329598627,-44.27857702237));
#12630 = CARTESIAN_POINT('',(6.26262852132,-44.42220110196));
#12631 = CARTESIAN_POINT('',(6.272675749047,-44.5));
#12632 = CARTESIAN_POINT('',(6.28318530718,-44.5));
#12633 = ( GEOMETRIC_REPRESENTATION_CONTEXT(2) 
PARAMETRIC_REPRESENTATION_CONTEXT() REPRESENTATION_CONTEXT('2D SPACE',''
  ) );
#12634 = PCURVE('',#12473,#12635);
#12635 = DEFINITIONAL_REPRESENTATION('',(#12636),#12667);
#12636 = B_SPLINE_CURVE_WITH_KNOTS('',8,(#12637,#12638,#12639,#12640,
    #12641,#12642,#12643,#12644,#12645,#12646,#12647,#12648,#12649,
    #12650,#12651,#12652,#12653,#12654,#12655,#12656,#12657,#12658,
    #12659,#12660,#12661,#12662,#12663,#12664,#12665,#12666),
  .UNSPECIFIED.,.F.,.F.,(9,7,7,7,9),(0.,0.160062105074,0.368517066444,
    0.691820365452,1.),.UNSPECIFIED.);
#12637 = CARTESIAN_POINT('',(3.14159265359,-43.));
#12638 = CARTESIAN_POINT('',(3.217218540851,-43.));
#12639 = CARTESIAN_POINT('',(3.292269740083,-43.00136781041));
#12640 = CARTESIAN_POINT('',(3.366541666574,-43.00406820543));
#12641 = CARTESIAN_POINT('',(3.439822977153,-43.00797602887));
#12642 = CARTESIAN_POINT('',(3.511878435154,-43.01289050496));
#12643 = CARTESIAN_POINT('',(3.582429354593,-43.01855746848));
#12644 = CARTESIAN_POINT('',(3.651131623547,-43.02469951387));
#12645 = CARTESIAN_POINT('',(3.80405218395,-43.03932983493));
#12646 = CARTESIAN_POINT('',(3.887558968234,-43.04804950567));
#12647 = CARTESIAN_POINT('',(3.968497445248,-43.05678832374));
#12648 = CARTESIAN_POINT('',(4.047213493527,-43.06520149033));
#12649 = CARTESIAN_POINT('',(4.124019219325,-43.07302692182));
#12650 = CARTESIAN_POINT('',(4.199207810802,-43.08007247338));
#12651 = CARTESIAN_POINT('',(4.273060602051,-43.08619867244));
#12652 = CARTESIAN_POINT('',(4.458793347911,-43.09923233918));
#12653 = CARTESIAN_POINT('',(4.569220177828,-43.10471148851));
#12654 = CARTESIAN_POINT('',(4.678283216924,-43.10738336274));
#12655 = CARTESIAN_POINT('',(4.786933594495,-43.1071005533));
#12656 = CARTESIAN_POINT('',(4.896074857024,-43.10385388647));
#12657 = CARTESIAN_POINT('',(5.006614433242,-43.09776408251));
#12658 = CARTESIAN_POINT('',(5.119522424206,-43.08913477452));
#12659 = CARTESIAN_POINT('',(5.347005006641,-43.06848016387));
#12660 = CARTESIAN_POINT('',(5.464788518985,-43.05631175581));
#12661 = CARTESIAN_POINT('',(5.588195693306,-43.04260305364));
#12662 = CARTESIAN_POINT('',(5.716683649879,-43.02844747753));
#12663 = CARTESIAN_POINT('',(5.85007205909,-43.01544777661));
#12664 = CARTESIAN_POINT('',(5.988537701731,-43.00542789498));
#12665 = CARTESIAN_POINT('',(6.132548307273,-43.));
#12666 = CARTESIAN_POINT('',(6.28318530718,-43.));
#12667 = ( GEOMETRIC_REPRESENTATION_CONTEXT(2) 
PARAMETRIC_REPRESENTATION_CONTEXT() REPRESENTATION_CONTEXT('2D SPACE',''
  ) );
#12668 = ORIENTED_EDGE('',*,*,#12669,.F.);
#12669 = EDGE_CURVE('',#12670,#12399,#12672,.T.);
#12670 = VERTEX_POINT('',#12671);
#12671 = CARTESIAN_POINT('',(95.,43.,-80.));
#12672 = SEAM_CURVE('',#12673,(#12677,#12684),.PCURVE_S1.);
#12673 = LINE('',#12674,#12675);
#12674 = CARTESIAN_POINT('',(95.,43.,-80.));
#12675 = VECTOR('',#12676,1.);
#12676 = DIRECTION('',(1.,-0.,-0.));
#12677 = PCURVE('',#12434,#12678);
#12678 = DEFINITIONAL_REPRESENTATION('',(#12679),#12683);
#12679 = LINE('',#12680,#12681);
#12680 = CARTESIAN_POINT('',(0.,0.));
#12681 = VECTOR('',#12682,1.);
#12682 = DIRECTION('',(0.,-1.));
#12683 = ( GEOMETRIC_REPRESENTATION_CONTEXT(2) 
PARAMETRIC_REPRESENTATION_CONTEXT() REPRESENTATION_CONTEXT('2D SPACE',''
  ) );
#12684 = PCURVE('',#12434,#12685);
#12685 = DEFINITIONAL_REPRESENTATION('',(#12686),#12690);
#12686 = LINE('',#12687,#12688);
#12687 = CARTESIAN_POINT('',(6.28318530718,0.));
#12688 = VECTOR('',#12689,1.);
#12689 = DIRECTION('',(0.,-1.));
#12690 = ( GEOMETRIC_REPRESENTATION_CONTEXT(2) 
PARAMETRIC_REPRESENTATION_CONTEXT() REPRESENTATION_CONTEXT('2D SPACE',''
  ) );
#12691 = ORIENTED_EDGE('',*,*,#12692,.F.);
#12692 = EDGE_CURVE('',#12670,#12670,#12693,.T.);
#12693 = SURFACE_CURVE('',#12694,(#12699,#12706),.PCURVE_S1.);
#12694 = CIRCLE('',#12695,43.);
#12695 = AXIS2_PLACEMENT_3D('',#12696,#12697,#12698);
#12696 = CARTESIAN_POINT('',(95.,0.,-80.));
#12697 = DIRECTION('',(-1.,0.,0.));
#12698 = DIRECTION('',(-0.,1.,-0.));
#12699 = PCURVE('',#12434,#12700);
#12700 = DEFINITIONAL_REPRESENTATION('',(#12701),#12705);
#12701 = LINE('',#12702,#12703);
#12702 = CARTESIAN_POINT('',(0.,0.));
#12703 = VECTOR('',#12704,1.);
#12704 = DIRECTION('',(1.,0.));
#12705 = ( GEOMETRIC_REPRESENTATION_CONTEXT(2) 
PARAMETRIC_REPRESENTATION_CONTEXT() REPRESENTATION_CONTEXT('2D SPACE',''
  ) );
#12706 = PCURVE('',#12707,#12712);
#12707 = PLANE('',#12708);
#12708 = AXIS2_PLACEMENT_3D('',#12709,#12710,#12711);
#12709 = CARTESIAN_POINT('',(95.,-1.017629866076E-15,-80.));
#12710 = DIRECTION('',(1.,-0.,-0.));
#12711 = DIRECTION('',(0.,0.,1.));
#12712 = DEFINITIONAL_REPRESENTATION('',(#12713),#12721);
#12713 = ( BOUNDED_CURVE() B_SPLINE_CURVE(2,(#12714,#12715,#12716,#12717
    ,#12718,#12719,#12720),.UNSPECIFIED.,.T.,.F.) 
B_SPLINE_CURVE_WITH_KNOTS((1,2,2,2,2,1),(-2.094395102393,0.,
    2.094395102393,4.188790204786,6.28318530718,8.377580409573),
.UNSPECIFIED.) CURVE() GEOMETRIC_REPRESENTATION_ITEM() 
RATIONAL_B_SPLINE_CURVE((1.,0.5,1.,0.5,1.,0.5,1.)) REPRESENTATION_ITEM(
  '') );
#12714 = CARTESIAN_POINT('',(0.,-43.));
#12715 = CARTESIAN_POINT('',(-74.47818472546,-43.));
#12716 = CARTESIAN_POINT('',(-37.23909236273,21.5));
#12717 = CARTESIAN_POINT('',(-1.053196247267E-14,86.));
#12718 = CARTESIAN_POINT('',(37.239092362731,21.5));
#12719 = CARTESIAN_POINT('',(74.478184725462,-43.));
#12720 = CARTESIAN_POINT('',(0.,-43.));
#12721 = ( GEOMETRIC_REPRESENTATION_CONTEXT(2) 
PARAMETRIC_REPRESENTATION_CONTEXT() REPRESENTATION_CONTEXT('2D SPACE',''
  ) );
#12722 = ORIENTED_EDGE('',*,*,#12669,.T.);
#12723 = ADVANCED_FACE('',(#12724),#12473,.F.);
#12724 = FACE_BOUND('',#12725,.F.);
#12725 = EDGE_LOOP('',(#12726,#12727,#12750,#12865,#12973,#12974));
#12726 = ORIENTED_EDGE('',*,*,#12396,.F.);
#12727 = ORIENTED_EDGE('',*,*,#12728,.T.);
#12728 = EDGE_CURVE('',#12397,#12729,#12731,.T.);
#12729 = VERTEX_POINT('',#12730);
#12730 = CARTESIAN_POINT('',(139.5,16.,-80.));
#12731 = SEAM_CURVE('',#12732,(#12736,#12743),.PCURVE_S1.);
#12732 = LINE('',#12733,#12734);
#12733 = CARTESIAN_POINT('',(139.5,86.,-80.));
#12734 = VECTOR('',#12735,1.);
#12735 = DIRECTION('',(-0.,-1.,-0.));
#12736 = PCURVE('',#12473,#12737);
#12737 = DEFINITIONAL_REPRESENTATION('',(#12738),#12742);
#12738 = LINE('',#12739,#12740);
#12739 = CARTESIAN_POINT('',(6.28318530718,0.));
#12740 = VECTOR('',#12741,1.);
#12741 = DIRECTION('',(0.,-1.));
#12742 = ( GEOMETRIC_REPRESENTATION_CONTEXT(2) 
PARAMETRIC_REPRESENTATION_CONTEXT() REPRESENTATION_CONTEXT('2D SPACE',''
  ) );
#12743 = PCURVE('',#12473,#12744);
#12744 = DEFINITIONAL_REPRESENTATION('',(#12745),#12749);
#12745 = LINE('',#12746,#12747);
#12746 = CARTESIAN_POINT('',(0.,0.));
#12747 = VECTOR('',#12748,1.);
#12748 = DIRECTION('',(0.,-1.));
#12749 = ( GEOMETRIC_REPRESENTATION_CONTEXT(2) 
PARAMETRIC_REPRESENTATION_CONTEXT() REPRESENTATION_CONTEXT('2D SPACE',''
  ) );
#12750 = ORIENTED_EDGE('',*,*,#12751,.T.);
#12751 = EDGE_CURVE('',#12729,#12752,#12754,.T.);
#12752 = VERTEX_POINT('',#12753);
#12753 = CARTESIAN_POINT('',(133.5,16.,-80.));
#12754 = SURFACE_CURVE('',#12755,(#12788,#12824),.PCURVE_S1.);
#12755 = B_SPLINE_CURVE_WITH_KNOTS('',7,(#12756,#12757,#12758,#12759,
    #12760,#12761,#12762,#12763,#12764,#12765,#12766,#12767,#12768,
    #12769,#12770,#12771,#12772,#12773,#12774,#12775,#12776,#12777,
    #12778,#12779,#12780,#12781,#12782,#12783,#12784,#12785,#12786,
    #12787),.UNSPECIFIED.,.F.,.F.,(8,6,6,6,6,8),(0.,0.151850114543,
    0.358451972672,0.500911425125,0.768527385746,1.),.UNSPECIFIED.);
#12756 = CARTESIAN_POINT('',(139.5,16.,-80.));
#12757 = CARTESIAN_POINT('',(139.5,16.,-80.24700026239));
#12758 = CARTESIAN_POINT('',(139.47627386396,15.995551955572,
    -80.49191602473));
#12759 = CARTESIAN_POINT('',(139.42954434452,15.986788108092,
    -80.73110932738));
#12760 = CARTESIAN_POINT('',(139.36143343455,15.974233824374,
    -80.96110826783));
#12761 = CARTESIAN_POINT('',(139.27442938445,15.958738930971,
    -81.17878887395));
#12762 = CARTESIAN_POINT('',(139.17186689609,15.941336957375,
    -81.38155206412));
#12763 = CARTESIAN_POINT('',(138.90288907498,15.898127607025,
    -81.82048397529));
#12764 = CARTESIAN_POINT('',(138.7249635002,15.871260560425,
    -82.04530742028));
#12765 = CARTESIAN_POINT('',(138.52980864095,15.844265581801,
    -82.24229813031));
#12766 = CARTESIAN_POINT('',(138.3216732222,15.818584044147,
    -82.41237888765));
#12767 = CARTESIAN_POINT('',(138.10379205176,15.795227824304,
    -82.55664476005));
#12768 = CARTESIAN_POINT('',(137.8786316947,15.774908550355,
    -82.67612865541));
#12769 = CARTESIAN_POINT('',(137.489056085,15.746526186948,
    -82.83749615652));
#12770 = CARTESIAN_POINT('',(137.32744018933,15.736613616773,
    -82.89197337828));
#12771 = CARTESIAN_POINT('',(137.16384427608,15.728533987678,
    -82.93530783434));
#12772 = CARTESIAN_POINT('',(136.99882252635,15.722402129529,
    -82.96768357049));
#12773 = CARTESIAN_POINT('',(136.83286869369,15.718290434441,
    -82.98922653386));
#12774 = CARTESIAN_POINT('',(136.66644316143,15.716233645502,-83.));
#12775 = CARTESIAN_POINT('',(136.18732965226,15.716233645502,-83.));
#12776 = CARTESIAN_POINT('',(135.87509349495,15.723490806676,
    -82.96198100682));
#12777 = CARTESIAN_POINT('',(135.5659443956,15.73796938001,
    -82.8861343005));
#12778 = CARTESIAN_POINT('',(135.26273534135,15.759241151099,
    -82.77154441306));
#12779 = CARTESIAN_POINT('',(134.96925274252,15.786447114409,
    -82.61653083137));
#12780 = CARTESIAN_POINT('',(134.69067559123,15.818007530572,
    -82.41881066443));
#12781 = CARTESIAN_POINT('',(134.21373628005,15.88014177506,
    -81.96621215765));
#12782 = CARTESIAN_POINT('',(134.00367828424,15.91104718869,
    -81.71702098315));
#12783 = CARTESIAN_POINT('',(133.81722563408,15.941751299538,
    -81.4292085142));
#12784 = CARTESIAN_POINT('',(133.66526894256,15.969013833656,
    -81.10648406605));
#12785 = CARTESIAN_POINT('',(133.55702329637,15.989307728965,
    -80.75502383054));
#12786 = CARTESIAN_POINT('',(133.5,16.,-80.38292712673));
#12787 = CARTESIAN_POINT('',(133.5,16.,-80.));
#12788 = PCURVE('',#12473,#12789);
#12789 = DEFINITIONAL_REPRESENTATION('',(#12790),#12823);
#12790 = B_SPLINE_CURVE_WITH_KNOTS('',7,(#12791,#12792,#12793,#12794,
    #12795,#12796,#12797,#12798,#12799,#12800,#12801,#12802,#12803,
    #12804,#12805,#12806,#12807,#12808,#12809,#12810,#12811,#12812,
    #12813,#12814,#12815,#12816,#12817,#12818,#12819,#12820,#12821,
    #12822),.UNSPECIFIED.,.F.,.F.,(8,6,6,6,6,8),(0.,0.151850114543,
    0.358451972672,0.500911425125,0.768527385746,1.),.UNSPECIFIED.);
#12791 = CARTESIAN_POINT('',(0.,-70.));
#12792 = CARTESIAN_POINT('',(8.233342079928E-02,-70.));
#12793 = CARTESIAN_POINT('',(0.163971938253,-70.00444804442));
#12794 = CARTESIAN_POINT('',(0.244614955806,-70.0132118919));
#12795 = CARTESIAN_POINT('',(0.323946096006,-70.02576617562));
#12796 = CARTESIAN_POINT('',(0.401594571076,-70.04126106902));
#12797 = CARTESIAN_POINT('',(0.477085434612,-70.05866304262));
#12798 = CARTESIAN_POINT('',(0.64868260206,-70.10187239297));
#12799 = CARTESIAN_POINT('',(0.743569149609,-70.12873943957));
#12800 = CARTESIAN_POINT('',(0.835125547409,-70.15573441819));
#12801 = CARTESIAN_POINT('',(0.923879967597,-70.18141595585));
#12802 = CARTESIAN_POINT('',(1.010322336005,-70.20477217569));
#12803 = CARTESIAN_POINT('',(1.094904076327,-70.22509144964));
#12804 = CARTESIAN_POINT('',(1.235461943449,-70.25347381305));
#12805 = CARTESIAN_POINT('',(1.292182495545,-70.26338638322));
#12806 = CARTESIAN_POINT('',(1.348399219714,-70.27146601232));
#12807 = CARTESIAN_POINT('',(1.404243160258,-70.27759787047));
#12808 = CARTESIAN_POINT('',(1.459840216691,-70.28170956555));
#12809 = CARTESIAN_POINT('',(1.515315272983,-70.28376635449));
#12810 = CARTESIAN_POINT('',(1.675019776039,-70.28376635449));
#12811 = CARTESIAN_POINT('',(1.779098303553,-70.27650919332));
#12812 = CARTESIAN_POINT('',(1.883998078547,-70.26203061999));
#12813 = CARTESIAN_POINT('',(1.990589974108,-70.2407588489));
#12814 = CARTESIAN_POINT('',(2.099768860353,-70.21355288559));
#12815 = CARTESIAN_POINT('',(2.212493940199,-70.18199246942));
#12816 = CARTESIAN_POINT('',(2.431663208851,-70.11985822494));
#12817 = CARTESIAN_POINT('',(2.53963079492,-70.08895281131));
#12818 = CARTESIAN_POINT('',(2.652467382726,-70.05824870046));
#12819 = CARTESIAN_POINT('',(2.769367633605,-70.03098616634));
#12820 = CARTESIAN_POINT('',(2.889918148846,-70.01069227103));
#12821 = CARTESIAN_POINT('',(3.013950278012,-70.));
#12822 = CARTESIAN_POINT('',(3.14159265359,-70.));
#12823 = ( GEOMETRIC_REPRESENTATION_CONTEXT(2) 
PARAMETRIC_REPRESENTATION_CONTEXT() REPRESENTATION_CONTEXT('2D SPACE',''
  ) );
#12824 = PCURVE('',#12825,#12830);
#12825 = CYLINDRICAL_SURFACE('',#12826,16.);
#12826 = AXIS2_PLACEMENT_3D('',#12827,#12828,#12829);
#12827 = CARTESIAN_POINT('',(94.,0.,-80.));
#12828 = DIRECTION('',(-1.,-0.,0.));
#12829 = DIRECTION('',(-0.,1.,-0.));
#12830 = DEFINITIONAL_REPRESENTATION('',(#12831),#12864);
#12831 = B_SPLINE_CURVE_WITH_KNOTS('',7,(#12832,#12833,#12834,#12835,
    #12836,#12837,#12838,#12839,#12840,#12841,#12842,#12843,#12844,
    #12845,#12846,#12847,#12848,#12849,#12850,#12851,#12852,#12853,
    #12854,#12855,#12856,#12857,#12858,#12859,#12860,#12861,#12862,
    #12863),.UNSPECIFIED.,.F.,.F.,(8,6,6,6,6,8),(0.,0.151850114543,
    0.358451972672,0.500911425125,0.768527385746,1.),.UNSPECIFIED.);
#12832 = CARTESIAN_POINT('',(0.,-45.5));
#12833 = CARTESIAN_POINT('',(1.543751639986E-02,-45.5));
#12834 = CARTESIAN_POINT('',(3.074475804044E-02,-45.47627386396));
#12835 = CARTESIAN_POINT('',(4.570032210502E-02,-45.42954434452));
#12836 = CARTESIAN_POINT('',(6.009287830163E-02,-45.36143343455));
#12837 = CARTESIAN_POINT('',(7.372992670392E-02,-45.27442938445));
#12838 = CARTESIAN_POINT('',(8.644822364367E-02,-45.17186689609));
#12839 = CARTESIAN_POINT('',(0.114014073114,-44.90288907498));
#12840 = CARTESIAN_POINT('',(0.128162449875,-44.7249635002));
#12841 = CARTESIAN_POINT('',(0.140586996292,-44.52980864095));
#12842 = CARTESIAN_POINT('',(0.151336317013,-44.3216732222));
#12843 = CARTESIAN_POINT('',(0.160469844621,-44.10379205176));
#12844 = CARTESIAN_POINT('',(0.168044682463,-43.8786316947));
#12845 = CARTESIAN_POINT('',(0.178284965389,-43.489056085));
#12846 = CARTESIAN_POINT('',(0.181745644003,-43.32744018933));
#12847 = CARTESIAN_POINT('',(0.184500684321,-43.16384427608));
#12848 = CARTESIAN_POINT('',(0.186560139063,-42.99882252635));
#12849 = CARTESIAN_POINT('',(0.18793088973,-42.83286869369));
#12850 = CARTESIAN_POINT('',(0.188616386175,-42.66644316143));
#12851 = CARTESIAN_POINT('',(0.188616386175,-42.18732965226));
#12852 = CARTESIAN_POINT('',(0.186197298766,-41.87509349495));
#12853 = CARTESIAN_POINT('',(0.181371270985,-41.5659443956));
#12854 = CARTESIAN_POINT('',(0.174087178661,-41.26273534135));
#12855 = CARTESIAN_POINT('',(0.164251737732,-40.96925274252));
#12856 = CARTESIAN_POINT('',(0.151740775795,-40.69067559123));
#12857 = CARTESIAN_POINT('',(0.123188050944,-40.21373628005));
#12858 = CARTESIAN_POINT('',(0.107495628992,-40.00367828424));
#12859 = CARTESIAN_POINT('',(8.940962380289E-02,-39.81722563408));
#12860 = CARTESIAN_POINT('',(6.917755633436E-02,-39.66526894256));
#12861 = CARTESIAN_POINT('',(4.718900878964E-02,-39.55702329637));
#12862 = CARTESIAN_POINT('',(2.393294542078E-02,-39.5));
#12863 = CARTESIAN_POINT('',(0.,-39.5));
#12864 = ( GEOMETRIC_REPRESENTATION_CONTEXT(2) 
PARAMETRIC_REPRESENTATION_CONTEXT() REPRESENTATION_CONTEXT('2D SPACE',''
  ) );
#12865 = ORIENTED_EDGE('',*,*,#12866,.T.);
#12866 = EDGE_CURVE('',#12752,#12729,#12867,.T.);
#12867 = SURFACE_CURVE('',#12868,(#12901,#12937),.PCURVE_S1.);
#12868 = B_SPLINE_CURVE_WITH_KNOTS('',7,(#12869,#12870,#12871,#12872,
    #12873,#12874,#12875,#12876,#12877,#12878,#12879,#12880,#12881,
    #12882,#12883,#12884,#12885,#12886,#12887,#12888,#12889,#12890,
    #12891,#12892,#12893,#12894,#12895,#12896,#12897,#12898,#12899,
    #12900),.UNSPECIFIED.,.F.,.F.,(8,6,6,6,6,8),(0.,0.151850116136,
    0.358451976431,0.500911420105,0.768527383418,1.),.UNSPECIFIED.);
#12869 = CARTESIAN_POINT('',(133.5,16.,-80.));
#12870 = CARTESIAN_POINT('',(133.5,16.,-79.7529997376));
#12871 = CARTESIAN_POINT('',(133.52372613603,15.995551955572,
    -79.50808397526));
#12872 = CARTESIAN_POINT('',(133.57045565547,15.986788108092,
    -79.26889067261));
#12873 = CARTESIAN_POINT('',(133.63856656545,15.974233824374,
    -79.03889173216));
#12874 = CARTESIAN_POINT('',(133.72557061554,15.958738930971,
    -78.82121112604));
#12875 = CARTESIAN_POINT('',(133.82813310391,15.941336957375,
    -78.61844793587));
#12876 = CARTESIAN_POINT('',(134.09711092501,15.898127607025,
    -78.1795160247));
#12877 = CARTESIAN_POINT('',(134.27503649979,15.871260560425,
    -77.95469257971));
#12878 = CARTESIAN_POINT('',(134.47019135904,15.844265581801,
    -77.75770186969));
#12879 = CARTESIAN_POINT('',(134.67832677779,15.818584044147,
    -77.58762111235));
#12880 = CARTESIAN_POINT('',(134.89620794823,15.795227824304,
    -77.44335523994));
#12881 = CARTESIAN_POINT('',(135.12136830529,15.774908550355,
    -77.32387134458));
#12882 = CARTESIAN_POINT('',(135.51094390352,15.746526187783,
    -77.16250384822));
#12883 = CARTESIAN_POINT('',(135.67255982248,15.73661361641,
    -77.10802661968));
#12884 = CARTESIAN_POINT('',(135.83615573316,15.728533987034,
    -77.06469216201));
#12885 = CARTESIAN_POINT('',(136.00117746406,15.722402129564,
    -77.03231642967));
#12886 = CARTESIAN_POINT('',(136.16713129455,15.71829043493,
    -77.01077346888));
#12887 = CARTESIAN_POINT('',(136.33355685049,15.716233645502,-77.));
#12888 = CARTESIAN_POINT('',(136.81267034773,15.716233645502,-77.));
#12889 = CARTESIAN_POINT('',(137.12490650505,15.723490806676,
    -77.03801899317));
#12890 = CARTESIAN_POINT('',(137.43405560439,15.73796938001,
    -77.11386569949));
#12891 = CARTESIAN_POINT('',(137.73726465864,15.759241151099,
    -77.22845558694));
#12892 = CARTESIAN_POINT('',(138.03074725747,15.786447114409,
    -77.38346916862));
#12893 = CARTESIAN_POINT('',(138.30932440876,15.818007530572,
    -77.58118933556));
#12894 = CARTESIAN_POINT('',(138.78626371994,15.88014177506,
    -78.03378784234));
#12895 = CARTESIAN_POINT('',(138.99632171576,15.91104718869,
    -78.28297901685));
#12896 = CARTESIAN_POINT('',(139.18277436591,15.941751299538,
    -78.5707914858));
#12897 = CARTESIAN_POINT('',(139.33473105743,15.969013833656,
    -78.89351593394));
#12898 = CARTESIAN_POINT('',(139.44297670362,15.989307728965,
    -79.24497616945));
#12899 = CARTESIAN_POINT('',(139.5,16.,-79.61707287326));
#12900 = CARTESIAN_POINT('',(139.5,16.,-80.));
#12901 = PCURVE('',#12473,#12902);
#12902 = DEFINITIONAL_REPRESENTATION('',(#12903),#12936);
#12903 = B_SPLINE_CURVE_WITH_KNOTS('',7,(#12904,#12905,#12906,#12907,
    #12908,#12909,#12910,#12911,#12912,#12913,#12914,#12915,#12916,
    #12917,#12918,#12919,#12920,#12921,#12922,#12923,#12924,#12925,
    #12926,#12927,#12928,#12929,#12930,#12931,#12932,#12933,#12934,
    #12935),.UNSPECIFIED.,.F.,.F.,(8,6,6,6,6,8),(0.,0.151850116136,
    0.358451976431,0.500911420105,0.768527383418,1.),.UNSPECIFIED.);
#12904 = CARTESIAN_POINT('',(3.14159265359,-70.));
#12905 = CARTESIAN_POINT('',(3.223926074389,-70.));
#12906 = CARTESIAN_POINT('',(3.305564591843,-70.00444804442));
#12907 = CARTESIAN_POINT('',(3.386207609396,-70.0132118919));
#12908 = CARTESIAN_POINT('',(3.465538749596,-70.02576617562));
#12909 = CARTESIAN_POINT('',(3.543187224666,-70.04126106902));
#12910 = CARTESIAN_POINT('',(3.618678088201,-70.05866304262));
#12911 = CARTESIAN_POINT('',(3.79027525565,-70.10187239297));
#12912 = CARTESIAN_POINT('',(3.885161803198,-70.12873943957));
#12913 = CARTESIAN_POINT('',(3.976718200999,-70.15573441819));
#12914 = CARTESIAN_POINT('',(4.065472621187,-70.18141595585));
#12915 = CARTESIAN_POINT('',(4.151914989594,-70.20477217569));
#12916 = CARTESIAN_POINT('',(4.236496729917,-70.22509144964));
#12917 = CARTESIAN_POINT('',(4.377054592902,-70.25347381221));
#12918 = CARTESIAN_POINT('',(4.433775153195,-70.26338638359));
#12919 = CARTESIAN_POINT('',(4.489991876617,-70.27146601296));
#12920 = CARTESIAN_POINT('',(4.545835810652,-70.27759787043));
#12921 = CARTESIAN_POINT('',(4.601432866198,-70.28170956507));
#12922 = CARTESIAN_POINT('',(4.65690793055,-70.28376635449));
#12923 = CARTESIAN_POINT('',(4.816612429629,-70.28376635449));
#12924 = CARTESIAN_POINT('',(4.920690957143,-70.27650919332));
#12925 = CARTESIAN_POINT('',(5.025590732137,-70.26203061999));
#12926 = CARTESIAN_POINT('',(5.132182627698,-70.2407588489));
#12927 = CARTESIAN_POINT('',(5.241361513943,-70.21355288559));
#12928 = CARTESIAN_POINT('',(5.354086593789,-70.18199246942));
#12929 = CARTESIAN_POINT('',(5.573255862441,-70.11985822494));
#12930 = CARTESIAN_POINT('',(5.68122344851,-70.08895281131));
#12931 = CARTESIAN_POINT('',(5.794060036316,-70.05824870046));
#12932 = CARTESIAN_POINT('',(5.910960287194,-70.03098616634));
#12933 = CARTESIAN_POINT('',(6.031510802436,-70.01069227103));
#12934 = CARTESIAN_POINT('',(6.155542931602,-70.));
#12935 = CARTESIAN_POINT('',(6.28318530718,-70.));
#12936 = ( GEOMETRIC_REPRESENTATION_CONTEXT(2) 
PARAMETRIC_REPRESENTATION_CONTEXT() REPRESENTATION_CONTEXT('2D SPACE',''
  ) );
#12937 = PCURVE('',#12825,#12938);
#12938 = DEFINITIONAL_REPRESENTATION('',(#12939),#12972);
#12939 = B_SPLINE_CURVE_WITH_KNOTS('',7,(#12940,#12941,#12942,#12943,
    #12944,#12945,#12946,#12947,#12948,#12949,#12950,#12951,#12952,
    #12953,#12954,#12955,#12956,#12957,#12958,#12959,#12960,#12961,
    #12962,#12963,#12964,#12965,#12966,#12967,#12968,#12969,#12970,
    #12971),.UNSPECIFIED.,.F.,.F.,(8,6,6,6,6,8),(0.,0.151850116136,
    0.358451976431,0.500911420105,0.768527383418,1.),.UNSPECIFIED.);
#12940 = CARTESIAN_POINT('',(6.28318530718,-39.5));
#12941 = CARTESIAN_POINT('',(6.26774779078,-39.5));
#12942 = CARTESIAN_POINT('',(6.252440549139,-39.52372613603));
#12943 = CARTESIAN_POINT('',(6.237484985075,-39.57045565547));
#12944 = CARTESIAN_POINT('',(6.223092428878,-39.63856656545));
#12945 = CARTESIAN_POINT('',(6.209455380476,-39.72557061554));
#12946 = CARTESIAN_POINT('',(6.196737083536,-39.82813310391));
#12947 = CARTESIAN_POINT('',(6.169171234065,-40.09711092501));
#12948 = CARTESIAN_POINT('',(6.155022857304,-40.27503649979));
#12949 = CARTESIAN_POINT('',(6.142598310888,-40.47019135904));
#12950 = CARTESIAN_POINT('',(6.131848990167,-40.67832677779));
#12951 = CARTESIAN_POINT('',(6.122715462558,-40.89620794823));
#12952 = CARTESIAN_POINT('',(6.115140624717,-41.12136830529));
#12953 = CARTESIAN_POINT('',(6.104900342092,-41.51094390352));
#12954 = CARTESIAN_POINT('',(6.101439663048,-41.67255982248));
#12955 = CARTESIAN_POINT('',(6.098684622627,-41.83615573316));
#12956 = CARTESIAN_POINT('',(6.096625168128,-42.00117746406));
#12957 = CARTESIAN_POINT('',(6.095254417624,-42.16713129455));
#12958 = CARTESIAN_POINT('',(6.094568921004,-42.33355685049));
#12959 = CARTESIAN_POINT('',(6.094568921004,-42.81267034773));
#12960 = CARTESIAN_POINT('',(6.096988008413,-43.12490650505));
#12961 = CARTESIAN_POINT('',(6.101814036195,-43.43405560439));
#12962 = CARTESIAN_POINT('',(6.109098128519,-43.73726465864));
#12963 = CARTESIAN_POINT('',(6.118933569447,-44.03074725747));
#12964 = CARTESIAN_POINT('',(6.131444531384,-44.30932440876));
#12965 = CARTESIAN_POINT('',(6.159997256235,-44.78626371994));
#12966 = CARTESIAN_POINT('',(6.175689678187,-44.99632171576));
#12967 = CARTESIAN_POINT('',(6.193775683377,-45.18277436591));
#12968 = CARTESIAN_POINT('',(6.214007750845,-45.33473105743));
#12969 = CARTESIAN_POINT('',(6.23599629839,-45.44297670362));
#12970 = CARTESIAN_POINT('',(6.259252361759,-45.5));
#12971 = CARTESIAN_POINT('',(6.28318530718,-45.5));
#12972 = ( GEOMETRIC_REPRESENTATION_CONTEXT(2) 
PARAMETRIC_REPRESENTATION_CONTEXT() REPRESENTATION_CONTEXT('2D SPACE',''
  ) );
#12973 = ORIENTED_EDGE('',*,*,#12728,.F.);
#12974 = ORIENTED_EDGE('',*,*,#12567,.F.);
#12975 = ADVANCED_FACE('',(#12976,#12979),#12707,.F.);
#12976 = FACE_BOUND('',#12977,.T.);
#12977 = EDGE_LOOP('',(#12978));
#12978 = ORIENTED_EDGE('',*,*,#12692,.T.);
#12979 = FACE_BOUND('',#12980,.T.);
#12980 = EDGE_LOOP('',(#12981));
#12981 = ORIENTED_EDGE('',*,*,#12982,.T.);
#12982 = EDGE_CURVE('',#12983,#12983,#12985,.T.);
#12983 = VERTEX_POINT('',#12984);
#12984 = CARTESIAN_POINT('',(95.,16.,-80.));
#12985 = SURFACE_CURVE('',#12986,(#12991,#12998),.PCURVE_S1.);
#12986 = CIRCLE('',#12987,16.);
#12987 = AXIS2_PLACEMENT_3D('',#12988,#12989,#12990);
#12988 = CARTESIAN_POINT('',(95.,0.,-80.));
#12989 = DIRECTION('',(1.,0.,0.));
#12990 = DIRECTION('',(-0.,1.,-0.));
#12991 = PCURVE('',#12707,#12992);
#12992 = DEFINITIONAL_REPRESENTATION('',(#12993),#12997);
#12993 = CIRCLE('',#12994,16.);
#12994 = AXIS2_PLACEMENT_2D('',#12995,#12996);
#12995 = CARTESIAN_POINT('',(0.,-1.017629866076E-15));
#12996 = DIRECTION('',(-0.,-1.));
#12997 = ( GEOMETRIC_REPRESENTATION_CONTEXT(2) 
PARAMETRIC_REPRESENTATION_CONTEXT() REPRESENTATION_CONTEXT('2D SPACE',''
  ) );
#12998 = PCURVE('',#12999,#13004);
#12999 = CYLINDRICAL_SURFACE('',#13000,16.);
#13000 = AXIS2_PLACEMENT_3D('',#13001,#13002,#13003);
#13001 = CARTESIAN_POINT('',(94.,0.,-80.));
#13002 = DIRECTION('',(-1.,-0.,0.));
#13003 = DIRECTION('',(-0.,1.,-0.));
#13004 = DEFINITIONAL_REPRESENTATION('',(#13005),#13009);
#13005 = LINE('',#13006,#13007);
#13006 = CARTESIAN_POINT('',(6.28318530718,-1.));
#13007 = VECTOR('',#13008,1.);
#13008 = DIRECTION('',(-1.,0.));
#13009 = ( GEOMETRIC_REPRESENTATION_CONTEXT(2) 
PARAMETRIC_REPRESENTATION_CONTEXT() REPRESENTATION_CONTEXT('2D SPACE',''
  ) );
#13010 = ADVANCED_FACE('',(#13011,#13014),#12550,.T.);
#13011 = FACE_BOUND('',#13012,.F.);
#13012 = EDGE_LOOP('',(#13013));
#13013 = ORIENTED_EDGE('',*,*,#12535,.T.);
#13014 = FACE_BOUND('',#13015,.F.);
#13015 = EDGE_LOOP('',(#13016));
#13016 = ORIENTED_EDGE('',*,*,#13017,.T.);
#13017 = EDGE_CURVE('',#13018,#13018,#13020,.T.);
#13018 = VERTEX_POINT('',#13019);
#13019 = CARTESIAN_POINT('',(170.,35.,-80.));
#13020 = SURFACE_CURVE('',#13021,(#13026,#13033),.PCURVE_S1.);
#13021 = CIRCLE('',#13022,35.);
#13022 = AXIS2_PLACEMENT_3D('',#13023,#13024,#13025);
#13023 = CARTESIAN_POINT('',(170.,0.,-80.));
#13024 = DIRECTION('',(1.,0.,0.));
#13025 = DIRECTION('',(-0.,1.,-0.));
#13026 = PCURVE('',#12550,#13027);
#13027 = DEFINITIONAL_REPRESENTATION('',(#13028),#13032);
#13028 = CIRCLE('',#13029,35.);
#13029 = AXIS2_PLACEMENT_2D('',#13030,#13031);
#13030 = CARTESIAN_POINT('',(0.,-1.017629866076E-15));
#13031 = DIRECTION('',(-0.,-1.));
#13032 = ( GEOMETRIC_REPRESENTATION_CONTEXT(2) 
PARAMETRIC_REPRESENTATION_CONTEXT() REPRESENTATION_CONTEXT('2D SPACE',''
  ) );
#13033 = PCURVE('',#13034,#13039);
#13034 = CYLINDRICAL_SURFACE('',#13035,35.);
#13035 = AXIS2_PLACEMENT_3D('',#13036,#13037,#13038);
#13036 = CARTESIAN_POINT('',(140.,0.,-80.));
#13037 = DIRECTION('',(-1.,-0.,0.));
#13038 = DIRECTION('',(-0.,1.,-0.));
#13039 = DEFINITIONAL_REPRESENTATION('',(#13040),#13044);
#13040 = LINE('',#13041,#13042);
#13041 = CARTESIAN_POINT('',(6.28318530718,-30.));
#13042 = VECTOR('',#13043,1.);
#13043 = DIRECTION('',(-1.,0.));
#13044 = ( GEOMETRIC_REPRESENTATION_CONTEXT(2) 
PARAMETRIC_REPRESENTATION_CONTEXT() REPRESENTATION_CONTEXT('2D SPACE',''
  ) );
#13045 = ADVANCED_FACE('',(#13046),#12825,.F.);
#13046 = FACE_BOUND('',#13047,.F.);
#13047 = EDGE_LOOP('',(#13048,#13071,#13098,#13099,#13100,#13123,#13154,
    #13155));
#13048 = ORIENTED_EDGE('',*,*,#13049,.F.);
#13049 = EDGE_CURVE('',#13050,#12752,#13052,.T.);
#13050 = VERTEX_POINT('',#13051);
#13051 = CARTESIAN_POINT('',(133.3,16.,-80.));
#13052 = SEAM_CURVE('',#13053,(#13057,#13064),.PCURVE_S1.);
#13053 = LINE('',#13054,#13055);
#13054 = CARTESIAN_POINT('',(94.,16.,-80.));
#13055 = VECTOR('',#13056,1.);
#13056 = DIRECTION('',(1.,-0.,-0.));
#13057 = PCURVE('',#12825,#13058);
#13058 = DEFINITIONAL_REPRESENTATION('',(#13059),#13063);
#13059 = LINE('',#13060,#13061);
#13060 = CARTESIAN_POINT('',(6.28318530718,0.));
#13061 = VECTOR('',#13062,1.);
#13062 = DIRECTION('',(0.,-1.));
#13063 = ( GEOMETRIC_REPRESENTATION_CONTEXT(2) 
PARAMETRIC_REPRESENTATION_CONTEXT() REPRESENTATION_CONTEXT('2D SPACE',''
  ) );
#13064 = PCURVE('',#12825,#13065);
#13065 = DEFINITIONAL_REPRESENTATION('',(#13066),#13070);
#13066 = LINE('',#13067,#13068);
#13067 = CARTESIAN_POINT('',(0.,0.));
#13068 = VECTOR('',#13069,1.);
#13069 = DIRECTION('',(0.,-1.));
#13070 = ( GEOMETRIC_REPRESENTATION_CONTEXT(2) 
PARAMETRIC_REPRESENTATION_CONTEXT() REPRESENTATION_CONTEXT('2D SPACE',''
  ) );
#13071 = ORIENTED_EDGE('',*,*,#13072,.T.);
#13072 = EDGE_CURVE('',#13050,#13050,#13073,.T.);
#13073 = SURFACE_CURVE('',#13074,(#13079,#13086),.PCURVE_S1.);
#13074 = CIRCLE('',#13075,16.);
#13075 = AXIS2_PLACEMENT_3D('',#13076,#13077,#13078);
#13076 = CARTESIAN_POINT('',(133.3,0.,-80.));
#13077 = DIRECTION('',(1.,0.,0.));
#13078 = DIRECTION('',(-0.,1.,-0.));
#13079 = PCURVE('',#12825,#13080);
#13080 = DEFINITIONAL_REPRESENTATION('',(#13081),#13085);
#13081 = LINE('',#13082,#13083);
#13082 = CARTESIAN_POINT('',(6.28318530718,-39.3));
#13083 = VECTOR('',#13084,1.);
#13084 = DIRECTION('',(-1.,0.));
#13085 = ( GEOMETRIC_REPRESENTATION_CONTEXT(2) 
PARAMETRIC_REPRESENTATION_CONTEXT() REPRESENTATION_CONTEXT('2D SPACE',''
  ) );
#13086 = PCURVE('',#13087,#13092);
#13087 = PLANE('',#13088);
#13088 = AXIS2_PLACEMENT_3D('',#13089,#13090,#13091);
#13089 = CARTESIAN_POINT('',(133.3,-5.148009910737E-16,-80.));
#13090 = DIRECTION('',(1.,-0.,-0.));
#13091 = DIRECTION('',(0.,0.,1.));
#13092 = DEFINITIONAL_REPRESENTATION('',(#13093),#13097);
#13093 = CIRCLE('',#13094,16.);
#13094 = AXIS2_PLACEMENT_2D('',#13095,#13096);
#13095 = CARTESIAN_POINT('',(1.42108547152E-14,-5.148009910737E-16));
#13096 = DIRECTION('',(-0.,-1.));
#13097 = ( GEOMETRIC_REPRESENTATION_CONTEXT(2) 
PARAMETRIC_REPRESENTATION_CONTEXT() REPRESENTATION_CONTEXT('2D SPACE',''
  ) );
#13098 = ORIENTED_EDGE('',*,*,#13049,.T.);
#13099 = ORIENTED_EDGE('',*,*,#12751,.F.);
#13100 = ORIENTED_EDGE('',*,*,#13101,.T.);
#13101 = EDGE_CURVE('',#12729,#13102,#13104,.T.);
#13102 = VERTEX_POINT('',#13103);
#13103 = CARTESIAN_POINT('',(140.,16.,-80.));
#13104 = SEAM_CURVE('',#13105,(#13109,#13116),.PCURVE_S1.);
#13105 = LINE('',#13106,#13107);
#13106 = CARTESIAN_POINT('',(94.,16.,-80.));
#13107 = VECTOR('',#13108,1.);
#13108 = DIRECTION('',(1.,-0.,-0.));
#13109 = PCURVE('',#12825,#13110);
#13110 = DEFINITIONAL_REPRESENTATION('',(#13111),#13115);
#13111 = LINE('',#13112,#13113);
#13112 = CARTESIAN_POINT('',(6.28318530718,0.));
#13113 = VECTOR('',#13114,1.);
#13114 = DIRECTION('',(0.,-1.));
#13115 = ( GEOMETRIC_REPRESENTATION_CONTEXT(2) 
PARAMETRIC_REPRESENTATION_CONTEXT() REPRESENTATION_CONTEXT('2D SPACE',''
  ) );
#13116 = PCURVE('',#12825,#13117);
#13117 = DEFINITIONAL_REPRESENTATION('',(#13118),#13122);
#13118 = LINE('',#13119,#13120);
#13119 = CARTESIAN_POINT('',(0.,0.));
#13120 = VECTOR('',#13121,1.);
#13121 = DIRECTION('',(0.,-1.));
#13122 = ( GEOMETRIC_REPRESENTATION_CONTEXT(2) 
PARAMETRIC_REPRESENTATION_CONTEXT() REPRESENTATION_CONTEXT('2D SPACE',''
  ) );
#13123 = ORIENTED_EDGE('',*,*,#13124,.T.);
#13124 = EDGE_CURVE('',#13102,#13102,#13125,.T.);
#13125 = SURFACE_CURVE('',#13126,(#13131,#13138),.PCURVE_S1.);
#13126 = CIRCLE('',#13127,16.);
#13127 = AXIS2_PLACEMENT_3D('',#13128,#13129,#13130);
#13128 = CARTESIAN_POINT('',(140.,0.,-80.));
#13129 = DIRECTION('',(-1.,0.,0.));
#13130 = DIRECTION('',(-0.,1.,-0.));
#13131 = PCURVE('',#12825,#13132);
#13132 = DEFINITIONAL_REPRESENTATION('',(#13133),#13137);
#13133 = LINE('',#13134,#13135);
#13134 = CARTESIAN_POINT('',(0.,-46.));
#13135 = VECTOR('',#13136,1.);
#13136 = DIRECTION('',(1.,0.));
#13137 = ( GEOMETRIC_REPRESENTATION_CONTEXT(2) 
PARAMETRIC_REPRESENTATION_CONTEXT() REPRESENTATION_CONTEXT('2D SPACE',''
  ) );
#13138 = PCURVE('',#13139,#13144);
#13139 = PLANE('',#13140);
#13140 = AXIS2_PLACEMENT_3D('',#13141,#13142,#13143);
#13141 = CARTESIAN_POINT('',(140.,-2.500461956644E-15,-80.));
#13142 = DIRECTION('',(1.,-0.,-0.));
#13143 = DIRECTION('',(0.,0.,1.));
#13144 = DEFINITIONAL_REPRESENTATION('',(#13145),#13153);
#13145 = ( BOUNDED_CURVE() B_SPLINE_CURVE(2,(#13146,#13147,#13148,#13149
    ,#13150,#13151,#13152),.UNSPECIFIED.,.T.,.F.) 
B_SPLINE_CURVE_WITH_KNOTS((1,2,2,2,2,1),(-2.094395102393,0.,
    2.094395102393,4.188790204786,6.28318530718,8.377580409573),
.UNSPECIFIED.) CURVE() GEOMETRIC_REPRESENTATION_ITEM() 
RATIONAL_B_SPLINE_CURVE((1.,0.5,1.,0.5,1.,0.5,1.)) REPRESENTATION_ITEM(
  '') );
#13146 = CARTESIAN_POINT('',(0.,-16.));
#13147 = CARTESIAN_POINT('',(-27.7128129211,-16.));
#13148 = CARTESIAN_POINT('',(-13.85640646055,8.));
#13149 = CARTESIAN_POINT('',(-3.918869757272E-15,32.));
#13150 = CARTESIAN_POINT('',(13.856406460551,8.));
#13151 = CARTESIAN_POINT('',(27.712812921102,-16.));
#13152 = CARTESIAN_POINT('',(0.,-16.));
#13153 = ( GEOMETRIC_REPRESENTATION_CONTEXT(2) 
PARAMETRIC_REPRESENTATION_CONTEXT() REPRESENTATION_CONTEXT('2D SPACE',''
  ) );
#13154 = ORIENTED_EDGE('',*,*,#13101,.F.);
#13155 = ORIENTED_EDGE('',*,*,#12866,.F.);
#13156 = ADVANCED_FACE('',(#13157),#12999,.F.);
#13157 = FACE_BOUND('',#13158,.F.);
#13158 = EDGE_LOOP('',(#13159,#13182,#13183,#13184));
#13159 = ORIENTED_EDGE('',*,*,#13160,.F.);
#13160 = EDGE_CURVE('',#12983,#13161,#13163,.T.);
#13161 = VERTEX_POINT('',#13162);
#13162 = CARTESIAN_POINT('',(96.,16.,-80.));
#13163 = SEAM_CURVE('',#13164,(#13168,#13175),.PCURVE_S1.);
#13164 = LINE('',#13165,#13166);
#13165 = CARTESIAN_POINT('',(94.,16.,-80.));
#13166 = VECTOR('',#13167,1.);
#13167 = DIRECTION('',(1.,-0.,-0.));
#13168 = PCURVE('',#12999,#13169);
#13169 = DEFINITIONAL_REPRESENTATION('',(#13170),#13174);
#13170 = LINE('',#13171,#13172);
#13171 = CARTESIAN_POINT('',(6.28318530718,0.));
#13172 = VECTOR('',#13173,1.);
#13173 = DIRECTION('',(0.,-1.));
#13174 = ( GEOMETRIC_REPRESENTATION_CONTEXT(2) 
PARAMETRIC_REPRESENTATION_CONTEXT() REPRESENTATION_CONTEXT('2D SPACE',''
  ) );
#13175 = PCURVE('',#12999,#13176);
#13176 = DEFINITIONAL_REPRESENTATION('',(#13177),#13181);
#13177 = LINE('',#13178,#13179);
#13178 = CARTESIAN_POINT('',(0.,0.));
#13179 = VECTOR('',#13180,1.);
#13180 = DIRECTION('',(0.,-1.));
#13181 = ( GEOMETRIC_REPRESENTATION_CONTEXT(2) 
PARAMETRIC_REPRESENTATION_CONTEXT() REPRESENTATION_CONTEXT('2D SPACE',''
  ) );
#13182 = ORIENTED_EDGE('',*,*,#12982,.T.);
#13183 = ORIENTED_EDGE('',*,*,#13160,.T.);
#13184 = ORIENTED_EDGE('',*,*,#13185,.F.);
#13185 = EDGE_CURVE('',#13161,#13161,#13186,.T.);
#13186 = SURFACE_CURVE('',#13187,(#13192,#13199),.PCURVE_S1.);
#13187 = CIRCLE('',#13188,16.);
#13188 = AXIS2_PLACEMENT_3D('',#13189,#13190,#13191);
#13189 = CARTESIAN_POINT('',(96.,0.,-80.));
#13190 = DIRECTION('',(1.,0.,0.));
#13191 = DIRECTION('',(-0.,1.,-0.));
#13192 = PCURVE('',#12999,#13193);
#13193 = DEFINITIONAL_REPRESENTATION('',(#13194),#13198);
#13194 = LINE('',#13195,#13196);
#13195 = CARTESIAN_POINT('',(6.28318530718,-2.));
#13196 = VECTOR('',#13197,1.);
#13197 = DIRECTION('',(-1.,0.));
#13198 = ( GEOMETRIC_REPRESENTATION_CONTEXT(2) 
PARAMETRIC_REPRESENTATION_CONTEXT() REPRESENTATION_CONTEXT('2D SPACE',''
  ) );
#13199 = PCURVE('',#13200,#13205);
#13200 = PLANE('',#13201);
#13201 = AXIS2_PLACEMENT_3D('',#13202,#13203,#13204);
#13202 = CARTESIAN_POINT('',(96.,0.,-80.));
#13203 = DIRECTION('',(1.,-0.,-0.));
#13204 = DIRECTION('',(0.,0.,1.));
#13205 = DEFINITIONAL_REPRESENTATION('',(#13206),#13210);
#13206 = CIRCLE('',#13207,16.);
#13207 = AXIS2_PLACEMENT_2D('',#13208,#13209);
#13208 = CARTESIAN_POINT('',(0.,0.));
#13209 = DIRECTION('',(-0.,-1.));
#13210 = ( GEOMETRIC_REPRESENTATION_CONTEXT(2) 
PARAMETRIC_REPRESENTATION_CONTEXT() REPRESENTATION_CONTEXT('2D SPACE',''
  ) );
#13211 = ADVANCED_FACE('',(#13212),#13034,.F.);
#13212 = FACE_BOUND('',#13213,.F.);
#13213 = EDGE_LOOP('',(#13214,#13242,#13263,#13264));
#13214 = ORIENTED_EDGE('',*,*,#13215,.F.);
#13215 = EDGE_CURVE('',#13216,#13216,#13218,.T.);
#13216 = VERTEX_POINT('',#13217);
#13217 = CARTESIAN_POINT('',(140.,35.,-80.));
#13218 = SURFACE_CURVE('',#13219,(#13224,#13231),.PCURVE_S1.);
#13219 = CIRCLE('',#13220,35.);
#13220 = AXIS2_PLACEMENT_3D('',#13221,#13222,#13223);
#13221 = CARTESIAN_POINT('',(140.,0.,-80.));
#13222 = DIRECTION('',(-1.,0.,0.));
#13223 = DIRECTION('',(-0.,1.,-0.));
#13224 = PCURVE('',#13034,#13225);
#13225 = DEFINITIONAL_REPRESENTATION('',(#13226),#13230);
#13226 = LINE('',#13227,#13228);
#13227 = CARTESIAN_POINT('',(0.,0.));
#13228 = VECTOR('',#13229,1.);
#13229 = DIRECTION('',(1.,0.));
#13230 = ( GEOMETRIC_REPRESENTATION_CONTEXT(2) 
PARAMETRIC_REPRESENTATION_CONTEXT() REPRESENTATION_CONTEXT('2D SPACE',''
  ) );
#13231 = PCURVE('',#13139,#13232);
#13232 = DEFINITIONAL_REPRESENTATION('',(#13233),#13241);
#13233 = ( BOUNDED_CURVE() B_SPLINE_CURVE(2,(#13234,#13235,#13236,#13237
    ,#13238,#13239,#13240),.UNSPECIFIED.,.T.,.F.) 
B_SPLINE_CURVE_WITH_KNOTS((1,2,2,2,2,1),(-2.094395102393,0.,
    2.094395102393,4.188790204786,6.28318530718,8.377580409573),
.UNSPECIFIED.) CURVE() GEOMETRIC_REPRESENTATION_ITEM() 
RATIONAL_B_SPLINE_CURVE((1.,0.5,1.,0.5,1.,0.5,1.)) REPRESENTATION_ITEM(
  '') );
#13234 = CARTESIAN_POINT('',(0.,-35.));
#13235 = CARTESIAN_POINT('',(-60.62177826491,-35.));
#13236 = CARTESIAN_POINT('',(-30.31088913245,17.5));
#13237 = CARTESIAN_POINT('',(-8.572527594031E-15,70.));
#13238 = CARTESIAN_POINT('',(30.310889132455,17.5));
#13239 = CARTESIAN_POINT('',(60.621778264911,-35.));
#13240 = CARTESIAN_POINT('',(0.,-35.));
#13241 = ( GEOMETRIC_REPRESENTATION_CONTEXT(2) 
PARAMETRIC_REPRESENTATION_CONTEXT() REPRESENTATION_CONTEXT('2D SPACE',''
  ) );
#13242 = ORIENTED_EDGE('',*,*,#13243,.T.);
#13243 = EDGE_CURVE('',#13216,#13018,#13244,.T.);
#13244 = SEAM_CURVE('',#13245,(#13249,#13256),.PCURVE_S1.);
#13245 = LINE('',#13246,#13247);
#13246 = CARTESIAN_POINT('',(140.,35.,-80.));
#13247 = VECTOR('',#13248,1.);
#13248 = DIRECTION('',(1.,-0.,-0.));
#13249 = PCURVE('',#13034,#13250);
#13250 = DEFINITIONAL_REPRESENTATION('',(#13251),#13255);
#13251 = LINE('',#13252,#13253);
#13252 = CARTESIAN_POINT('',(6.28318530718,0.));
#13253 = VECTOR('',#13254,1.);
#13254 = DIRECTION('',(0.,-1.));
#13255 = ( GEOMETRIC_REPRESENTATION_CONTEXT(2) 
PARAMETRIC_REPRESENTATION_CONTEXT() REPRESENTATION_CONTEXT('2D SPACE',''
  ) );
#13256 = PCURVE('',#13034,#13257);
#13257 = DEFINITIONAL_REPRESENTATION('',(#13258),#13262);
#13258 = LINE('',#13259,#13260);
#13259 = CARTESIAN_POINT('',(0.,0.));
#13260 = VECTOR('',#13261,1.);
#13261 = DIRECTION('',(0.,-1.));
#13262 = ( GEOMETRIC_REPRESENTATION_CONTEXT(2) 
PARAMETRIC_REPRESENTATION_CONTEXT() REPRESENTATION_CONTEXT('2D SPACE',''
  ) );
#13263 = ORIENTED_EDGE('',*,*,#13017,.F.);
#13264 = ORIENTED_EDGE('',*,*,#13243,.F.);
#13265 = ADVANCED_FACE('',(#13266,#13269),#13139,.T.);
#13266 = FACE_BOUND('',#13267,.F.);
#13267 = EDGE_LOOP('',(#13268));
#13268 = ORIENTED_EDGE('',*,*,#13215,.T.);
#13269 = FACE_BOUND('',#13270,.F.);
#13270 = EDGE_LOOP('',(#13271));
#13271 = ORIENTED_EDGE('',*,*,#13124,.F.);
#13272 = ADVANCED_FACE('',(#13273,#13308),#13087,.F.);
#13273 = FACE_BOUND('',#13274,.T.);
#13274 = EDGE_LOOP('',(#13275));
#13275 = ORIENTED_EDGE('',*,*,#13276,.T.);
#13276 = EDGE_CURVE('',#13277,#13277,#13279,.T.);
#13277 = VERTEX_POINT('',#13278);
#13278 = CARTESIAN_POINT('',(133.3,21.25,-80.));
#13279 = SURFACE_CURVE('',#13280,(#13285,#13296),.PCURVE_S1.);
#13280 = CIRCLE('',#13281,21.25);
#13281 = AXIS2_PLACEMENT_3D('',#13282,#13283,#13284);
#13282 = CARTESIAN_POINT('',(133.3,0.,-80.));
#13283 = DIRECTION('',(-1.,0.,0.));
#13284 = DIRECTION('',(-0.,1.,-0.));
#13285 = PCURVE('',#13087,#13286);
#13286 = DEFINITIONAL_REPRESENTATION('',(#13287),#13295);
#13287 = ( BOUNDED_CURVE() B_SPLINE_CURVE(2,(#13288,#13289,#13290,#13291
    ,#13292,#13293,#13294),.UNSPECIFIED.,.T.,.F.) 
B_SPLINE_CURVE_WITH_KNOTS((1,2,2,2,2,1),(-2.094395102393,0.,
    2.094395102393,4.188790204786,6.28318530718,8.377580409573),
.UNSPECIFIED.) CURVE() GEOMETRIC_REPRESENTATION_ITEM() 
RATIONAL_B_SPLINE_CURVE((1.,0.5,1.,0.5,1.,0.5,1.)) REPRESENTATION_ITEM(
  '') );
#13288 = CARTESIAN_POINT('',(1.42108547152E-14,-21.25));
#13289 = CARTESIAN_POINT('',(-36.80607966083,-21.25));
#13290 = CARTESIAN_POINT('',(-18.40303983041,10.625));
#13291 = CARTESIAN_POINT('',(9.006105818826E-15,42.5));
#13292 = CARTESIAN_POINT('',(18.403039830419,10.625));
#13293 = CARTESIAN_POINT('',(36.806079660839,-21.25));
#13294 = CARTESIAN_POINT('',(1.42108547152E-14,-21.25));
#13295 = ( GEOMETRIC_REPRESENTATION_CONTEXT(2) 
PARAMETRIC_REPRESENTATION_CONTEXT() REPRESENTATION_CONTEXT('2D SPACE',''
  ) );
#13296 = PCURVE('',#13297,#13302);
#13297 = CYLINDRICAL_SURFACE('',#13298,21.25);
#13298 = AXIS2_PLACEMENT_3D('',#13299,#13300,#13301);
#13299 = CARTESIAN_POINT('',(127.,0.,-80.));
#13300 = DIRECTION('',(-1.,-0.,0.));
#13301 = DIRECTION('',(-0.,1.,-0.));
#13302 = DEFINITIONAL_REPRESENTATION('',(#13303),#13307);
#13303 = LINE('',#13304,#13305);
#13304 = CARTESIAN_POINT('',(0.,-6.3));
#13305 = VECTOR('',#13306,1.);
#13306 = DIRECTION('',(1.,0.));
#13307 = ( GEOMETRIC_REPRESENTATION_CONTEXT(2) 
PARAMETRIC_REPRESENTATION_CONTEXT() REPRESENTATION_CONTEXT('2D SPACE',''
  ) );
#13308 = FACE_BOUND('',#13309,.T.);
#13309 = EDGE_LOOP('',(#13310));
#13310 = ORIENTED_EDGE('',*,*,#13072,.T.);
#13311 = ADVANCED_FACE('',(#13312,#13347),#13200,.T.);
#13312 = FACE_BOUND('',#13313,.F.);
#13313 = EDGE_LOOP('',(#13314));
#13314 = ORIENTED_EDGE('',*,*,#13315,.T.);
#13315 = EDGE_CURVE('',#13316,#13316,#13318,.T.);
#13316 = VERTEX_POINT('',#13317);
#13317 = CARTESIAN_POINT('',(96.,20.,-80.));
#13318 = SURFACE_CURVE('',#13319,(#13324,#13335),.PCURVE_S1.);
#13319 = CIRCLE('',#13320,20.);
#13320 = AXIS2_PLACEMENT_3D('',#13321,#13322,#13323);
#13321 = CARTESIAN_POINT('',(96.,0.,-80.));
#13322 = DIRECTION('',(-1.,0.,0.));
#13323 = DIRECTION('',(-0.,1.,-0.));
#13324 = PCURVE('',#13200,#13325);
#13325 = DEFINITIONAL_REPRESENTATION('',(#13326),#13334);
#13326 = ( BOUNDED_CURVE() B_SPLINE_CURVE(2,(#13327,#13328,#13329,#13330
    ,#13331,#13332,#13333),.UNSPECIFIED.,.T.,.F.) 
B_SPLINE_CURVE_WITH_KNOTS((1,2,2,2,2,1),(-2.094395102393,0.,
    2.094395102393,4.188790204786,6.28318530718,8.377580409573),
.UNSPECIFIED.) CURVE() GEOMETRIC_REPRESENTATION_ITEM() 
RATIONAL_B_SPLINE_CURVE((1.,0.5,1.,0.5,1.,0.5,1.)) REPRESENTATION_ITEM(
  '') );
#13327 = CARTESIAN_POINT('',(0.,-20.));
#13328 = CARTESIAN_POINT('',(-34.64101615137,-20.));
#13329 = CARTESIAN_POINT('',(-17.32050807568,10.));
#13330 = CARTESIAN_POINT('',(-4.898587196589E-15,40.));
#13331 = CARTESIAN_POINT('',(17.320508075689,10.));
#13332 = CARTESIAN_POINT('',(34.641016151378,-20.));
#13333 = CARTESIAN_POINT('',(0.,-20.));
#13334 = ( GEOMETRIC_REPRESENTATION_CONTEXT(2) 
PARAMETRIC_REPRESENTATION_CONTEXT() REPRESENTATION_CONTEXT('2D SPACE',''
  ) );
#13335 = PCURVE('',#13336,#13341);
#13336 = CYLINDRICAL_SURFACE('',#13337,20.);
#13337 = AXIS2_PLACEMENT_3D('',#13338,#13339,#13340);
#13338 = CARTESIAN_POINT('',(96.,0.,-80.));
#13339 = DIRECTION('',(-1.,-0.,0.));
#13340 = DIRECTION('',(-0.,1.,-0.));
#13341 = DEFINITIONAL_REPRESENTATION('',(#13342),#13346);
#13342 = LINE('',#13343,#13344);
#13343 = CARTESIAN_POINT('',(0.,0.));
#13344 = VECTOR('',#13345,1.);
#13345 = DIRECTION('',(1.,0.));
#13346 = ( GEOMETRIC_REPRESENTATION_CONTEXT(2) 
PARAMETRIC_REPRESENTATION_CONTEXT() REPRESENTATION_CONTEXT('2D SPACE',''
  ) );
#13347 = FACE_BOUND('',#13348,.F.);
#13348 = EDGE_LOOP('',(#13349));
#13349 = ORIENTED_EDGE('',*,*,#13185,.T.);
#13350 = ADVANCED_FACE('',(#13351),#13297,.F.);
#13351 = FACE_BOUND('',#13352,.F.);
#13352 = EDGE_LOOP('',(#13353,#13376,#13377,#13378));
#13353 = ORIENTED_EDGE('',*,*,#13354,.T.);
#13354 = EDGE_CURVE('',#13355,#13277,#13357,.T.);
#13355 = VERTEX_POINT('',#13356);
#13356 = CARTESIAN_POINT('',(127.,21.25,-80.));
#13357 = SEAM_CURVE('',#13358,(#13362,#13369),.PCURVE_S1.);
#13358 = LINE('',#13359,#13360);
#13359 = CARTESIAN_POINT('',(127.,21.25,-80.));
#13360 = VECTOR('',#13361,1.);
#13361 = DIRECTION('',(1.,-0.,-0.));
#13362 = PCURVE('',#13297,#13363);
#13363 = DEFINITIONAL_REPRESENTATION('',(#13364),#13368);
#13364 = LINE('',#13365,#13366);
#13365 = CARTESIAN_POINT('',(0.,0.));
#13366 = VECTOR('',#13367,1.);
#13367 = DIRECTION('',(0.,-1.));
#13368 = ( GEOMETRIC_REPRESENTATION_CONTEXT(2) 
PARAMETRIC_REPRESENTATION_CONTEXT() REPRESENTATION_CONTEXT('2D SPACE',''
  ) );
#13369 = PCURVE('',#13297,#13370);
#13370 = DEFINITIONAL_REPRESENTATION('',(#13371),#13375);
#13371 = LINE('',#13372,#13373);
#13372 = CARTESIAN_POINT('',(6.28318530718,0.));
#13373 = VECTOR('',#13374,1.);
#13374 = DIRECTION('',(0.,-1.));
#13375 = ( GEOMETRIC_REPRESENTATION_CONTEXT(2) 
PARAMETRIC_REPRESENTATION_CONTEXT() REPRESENTATION_CONTEXT('2D SPACE',''
  ) );
#13376 = ORIENTED_EDGE('',*,*,#13276,.T.);
#13377 = ORIENTED_EDGE('',*,*,#13354,.F.);
#13378 = ORIENTED_EDGE('',*,*,#13379,.F.);
#13379 = EDGE_CURVE('',#13355,#13355,#13380,.T.);
#13380 = SURFACE_CURVE('',#13381,(#13386,#13393),.PCURVE_S1.);
#13381 = CIRCLE('',#13382,21.25);
#13382 = AXIS2_PLACEMENT_3D('',#13383,#13384,#13385);
#13383 = CARTESIAN_POINT('',(127.,0.,-80.));
#13384 = DIRECTION('',(-1.,0.,0.));
#13385 = DIRECTION('',(-0.,1.,-0.));
#13386 = PCURVE('',#13297,#13387);
#13387 = DEFINITIONAL_REPRESENTATION('',(#13388),#13392);
#13388 = LINE('',#13389,#13390);
#13389 = CARTESIAN_POINT('',(0.,0.));
#13390 = VECTOR('',#13391,1.);
#13391 = DIRECTION('',(1.,0.));
#13392 = ( GEOMETRIC_REPRESENTATION_CONTEXT(2) 
PARAMETRIC_REPRESENTATION_CONTEXT() REPRESENTATION_CONTEXT('2D SPACE',''
  ) );
#13393 = PCURVE('',#13394,#13399);
#13394 = PLANE('',#13395);
#13395 = AXIS2_PLACEMENT_3D('',#13396,#13397,#13398);
#13396 = CARTESIAN_POINT('',(127.,-5.148009910737E-16,-80.));
#13397 = DIRECTION('',(1.,-0.,-0.));
#13398 = DIRECTION('',(0.,0.,1.));
#13399 = DEFINITIONAL_REPRESENTATION('',(#13400),#13408);
#13400 = ( BOUNDED_CURVE() B_SPLINE_CURVE(2,(#13401,#13402,#13403,#13404
    ,#13405,#13406,#13407),.UNSPECIFIED.,.T.,.F.) 
B_SPLINE_CURVE_WITH_KNOTS((1,2,2,2,2,1),(-2.094395102393,0.,
    2.094395102393,4.188790204786,6.28318530718,8.377580409573),
.UNSPECIFIED.) CURVE() GEOMETRIC_REPRESENTATION_ITEM() 
RATIONAL_B_SPLINE_CURVE((1.,0.5,1.,0.5,1.,0.5,1.)) REPRESENTATION_ITEM(
  '') );
#13401 = CARTESIAN_POINT('',(1.42108547152E-14,-21.25));
#13402 = CARTESIAN_POINT('',(-36.80607966083,-21.25));
#13403 = CARTESIAN_POINT('',(-18.40303983041,10.625));
#13404 = CARTESIAN_POINT('',(9.006105818826E-15,42.5));
#13405 = CARTESIAN_POINT('',(18.403039830419,10.625));
#13406 = CARTESIAN_POINT('',(36.806079660839,-21.25));
#13407 = CARTESIAN_POINT('',(1.42108547152E-14,-21.25));
#13408 = ( GEOMETRIC_REPRESENTATION_CONTEXT(2) 
PARAMETRIC_REPRESENTATION_CONTEXT() REPRESENTATION_CONTEXT('2D SPACE',''
  ) );
#13409 = ADVANCED_FACE('',(#13410),#13336,.F.);
#13410 = FACE_BOUND('',#13411,.F.);
#13411 = EDGE_LOOP('',(#13412,#13435,#13466,#13467));
#13412 = ORIENTED_EDGE('',*,*,#13413,.T.);
#13413 = EDGE_CURVE('',#13316,#13414,#13416,.T.);
#13414 = VERTEX_POINT('',#13415);
#13415 = CARTESIAN_POINT('',(103.,20.,-80.));
#13416 = SEAM_CURVE('',#13417,(#13421,#13428),.PCURVE_S1.);
#13417 = LINE('',#13418,#13419);
#13418 = CARTESIAN_POINT('',(96.,20.,-80.));
#13419 = VECTOR('',#13420,1.);
#13420 = DIRECTION('',(1.,-0.,-0.));
#13421 = PCURVE('',#13336,#13422);
#13422 = DEFINITIONAL_REPRESENTATION('',(#13423),#13427);
#13423 = LINE('',#13424,#13425);
#13424 = CARTESIAN_POINT('',(0.,0.));
#13425 = VECTOR('',#13426,1.);
#13426 = DIRECTION('',(0.,-1.));
#13427 = ( GEOMETRIC_REPRESENTATION_CONTEXT(2) 
PARAMETRIC_REPRESENTATION_CONTEXT() REPRESENTATION_CONTEXT('2D SPACE',''
  ) );
#13428 = PCURVE('',#13336,#13429);
#13429 = DEFINITIONAL_REPRESENTATION('',(#13430),#13434);
#13430 = LINE('',#13431,#13432);
#13431 = CARTESIAN_POINT('',(6.28318530718,0.));
#13432 = VECTOR('',#13433,1.);
#13433 = DIRECTION('',(0.,-1.));
#13434 = ( GEOMETRIC_REPRESENTATION_CONTEXT(2) 
PARAMETRIC_REPRESENTATION_CONTEXT() REPRESENTATION_CONTEXT('2D SPACE',''
  ) );
#13435 = ORIENTED_EDGE('',*,*,#13436,.T.);
#13436 = EDGE_CURVE('',#13414,#13414,#13437,.T.);
#13437 = SURFACE_CURVE('',#13438,(#13443,#13450),.PCURVE_S1.);
#13438 = CIRCLE('',#13439,20.);
#13439 = AXIS2_PLACEMENT_3D('',#13440,#13441,#13442);
#13440 = CARTESIAN_POINT('',(103.,0.,-80.));
#13441 = DIRECTION('',(-1.,0.,0.));
#13442 = DIRECTION('',(-0.,1.,-0.));
#13443 = PCURVE('',#13336,#13444);
#13444 = DEFINITIONAL_REPRESENTATION('',(#13445),#13449);
#13445 = LINE('',#13446,#13447);
#13446 = CARTESIAN_POINT('',(0.,-7.));
#13447 = VECTOR('',#13448,1.);
#13448 = DIRECTION('',(1.,0.));
#13449 = ( GEOMETRIC_REPRESENTATION_CONTEXT(2) 
PARAMETRIC_REPRESENTATION_CONTEXT() REPRESENTATION_CONTEXT('2D SPACE',''
  ) );
#13450 = PCURVE('',#13451,#13456);
#13451 = PLANE('',#13452);
#13452 = AXIS2_PLACEMENT_3D('',#13453,#13454,#13455);
#13453 = CARTESIAN_POINT('',(103.,0.,-80.));
#13454 = DIRECTION('',(1.,-0.,-0.));
#13455 = DIRECTION('',(0.,0.,1.));
#13456 = DEFINITIONAL_REPRESENTATION('',(#13457),#13465);
#13457 = ( BOUNDED_CURVE() B_SPLINE_CURVE(2,(#13458,#13459,#13460,#13461
    ,#13462,#13463,#13464),.UNSPECIFIED.,.T.,.F.) 
B_SPLINE_CURVE_WITH_KNOTS((1,2,2,2,2,1),(-2.094395102393,0.,
    2.094395102393,4.188790204786,6.28318530718,8.377580409573),
.UNSPECIFIED.) CURVE() GEOMETRIC_REPRESENTATION_ITEM() 
RATIONAL_B_SPLINE_CURVE((1.,0.5,1.,0.5,1.,0.5,1.)) REPRESENTATION_ITEM(
  '') );
#13458 = CARTESIAN_POINT('',(0.,-20.));
#13459 = CARTESIAN_POINT('',(-34.64101615137,-20.));
#13460 = CARTESIAN_POINT('',(-17.32050807568,10.));
#13461 = CARTESIAN_POINT('',(-4.898587196589E-15,40.));
#13462 = CARTESIAN_POINT('',(17.320508075689,10.));
#13463 = CARTESIAN_POINT('',(34.641016151378,-20.));
#13464 = CARTESIAN_POINT('',(0.,-20.));
#13465 = ( GEOMETRIC_REPRESENTATION_CONTEXT(2) 
PARAMETRIC_REPRESENTATION_CONTEXT() REPRESENTATION_CONTEXT('2D SPACE',''
  ) );
#13466 = ORIENTED_EDGE('',*,*,#13413,.F.);
#13467 = ORIENTED_EDGE('',*,*,#13315,.F.);
#13468 = ADVANCED_FACE('',(#13469,#13472),#13394,.T.);
#13469 = FACE_BOUND('',#13470,.F.);
#13470 = EDGE_LOOP('',(#13471));
#13471 = ORIENTED_EDGE('',*,*,#13379,.T.);
#13472 = FACE_BOUND('',#13473,.F.);
#13473 = EDGE_LOOP('',(#13474));
#13474 = ORIENTED_EDGE('',*,*,#13475,.T.);
#13475 = EDGE_CURVE('',#13476,#13476,#13478,.T.);
#13476 = VERTEX_POINT('',#13477);
#13477 = CARTESIAN_POINT('',(127.,16.,-80.));
#13478 = SURFACE_CURVE('',#13479,(#13484,#13491),.PCURVE_S1.);
#13479 = CIRCLE('',#13480,16.);
#13480 = AXIS2_PLACEMENT_3D('',#13481,#13482,#13483);
#13481 = CARTESIAN_POINT('',(127.,0.,-80.));
#13482 = DIRECTION('',(1.,0.,0.));
#13483 = DIRECTION('',(-0.,1.,-0.));
#13484 = PCURVE('',#13394,#13485);
#13485 = DEFINITIONAL_REPRESENTATION('',(#13486),#13490);
#13486 = CIRCLE('',#13487,16.);
#13487 = AXIS2_PLACEMENT_2D('',#13488,#13489);
#13488 = CARTESIAN_POINT('',(1.42108547152E-14,-5.148009910737E-16));
#13489 = DIRECTION('',(-0.,-1.));
#13490 = ( GEOMETRIC_REPRESENTATION_CONTEXT(2) 
PARAMETRIC_REPRESENTATION_CONTEXT() REPRESENTATION_CONTEXT('2D SPACE',''
  ) );
#13491 = PCURVE('',#13492,#13497);
#13492 = CYLINDRICAL_SURFACE('',#13493,16.);
#13493 = AXIS2_PLACEMENT_3D('',#13494,#13495,#13496);
#13494 = CARTESIAN_POINT('',(94.,0.,-80.));
#13495 = DIRECTION('',(-1.,-0.,0.));
#13496 = DIRECTION('',(-0.,1.,-0.));
#13497 = DEFINITIONAL_REPRESENTATION('',(#13498),#13502);
#13498 = LINE('',#13499,#13500);
#13499 = CARTESIAN_POINT('',(6.28318530718,-33.));
#13500 = VECTOR('',#13501,1.);
#13501 = DIRECTION('',(-1.,0.));
#13502 = ( GEOMETRIC_REPRESENTATION_CONTEXT(2) 
PARAMETRIC_REPRESENTATION_CONTEXT() REPRESENTATION_CONTEXT('2D SPACE',''
  ) );
#13503 = ADVANCED_FACE('',(#13504,#13507),#13451,.F.);
#13504 = FACE_BOUND('',#13505,.T.);
#13505 = EDGE_LOOP('',(#13506));
#13506 = ORIENTED_EDGE('',*,*,#13436,.T.);
#13507 = FACE_BOUND('',#13508,.T.);
#13508 = EDGE_LOOP('',(#13509));
#13509 = ORIENTED_EDGE('',*,*,#13510,.T.);
#13510 = EDGE_CURVE('',#13511,#13511,#13513,.T.);
#13511 = VERTEX_POINT('',#13512);
#13512 = CARTESIAN_POINT('',(103.,16.,-80.));
#13513 = SURFACE_CURVE('',#13514,(#13519,#13526),.PCURVE_S1.);
#13514 = CIRCLE('',#13515,16.);
#13515 = AXIS2_PLACEMENT_3D('',#13516,#13517,#13518);
#13516 = CARTESIAN_POINT('',(103.,0.,-80.));
#13517 = DIRECTION('',(1.,0.,0.));
#13518 = DIRECTION('',(-0.,1.,-0.));
#13519 = PCURVE('',#13451,#13520);
#13520 = DEFINITIONAL_REPRESENTATION('',(#13521),#13525);
#13521 = CIRCLE('',#13522,16.);
#13522 = AXIS2_PLACEMENT_2D('',#13523,#13524);
#13523 = CARTESIAN_POINT('',(0.,0.));
#13524 = DIRECTION('',(-0.,-1.));
#13525 = ( GEOMETRIC_REPRESENTATION_CONTEXT(2) 
PARAMETRIC_REPRESENTATION_CONTEXT() REPRESENTATION_CONTEXT('2D SPACE',''
  ) );
#13526 = PCURVE('',#13527,#13532);
#13527 = CYLINDRICAL_SURFACE('',#13528,16.);
#13528 = AXIS2_PLACEMENT_3D('',#13529,#13530,#13531);
#13529 = CARTESIAN_POINT('',(94.,0.,-80.));
#13530 = DIRECTION('',(-1.,-0.,0.));
#13531 = DIRECTION('',(-0.,1.,-0.));
#13532 = DEFINITIONAL_REPRESENTATION('',(#13533),#13537);
#13533 = LINE('',#13534,#13535);
#13534 = CARTESIAN_POINT('',(6.28318530718,-9.));
#13535 = VECTOR('',#13536,1.);
#13536 = DIRECTION('',(-1.,0.));
#13537 = ( GEOMETRIC_REPRESENTATION_CONTEXT(2) 
PARAMETRIC_REPRESENTATION_CONTEXT() REPRESENTATION_CONTEXT('2D SPACE',''
  ) );
#13538 = ADVANCED_FACE('',(#13539),#13492,.F.);
#13539 = FACE_BOUND('',#13540,.F.);
#13540 = EDGE_LOOP('',(#13541,#13564,#13591,#13592));
#13541 = ORIENTED_EDGE('',*,*,#13542,.F.);
#13542 = EDGE_CURVE('',#13543,#13476,#13545,.T.);
#13543 = VERTEX_POINT('',#13544);
#13544 = CARTESIAN_POINT('',(124.3,16.,-80.));
#13545 = SEAM_CURVE('',#13546,(#13550,#13557),.PCURVE_S1.);
#13546 = LINE('',#13547,#13548);
#13547 = CARTESIAN_POINT('',(94.,16.,-80.));
#13548 = VECTOR('',#13549,1.);
#13549 = DIRECTION('',(1.,-0.,-0.));
#13550 = PCURVE('',#13492,#13551);
#13551 = DEFINITIONAL_REPRESENTATION('',(#13552),#13556);
#13552 = LINE('',#13553,#13554);
#13553 = CARTESIAN_POINT('',(6.28318530718,0.));
#13554 = VECTOR('',#13555,1.);
#13555 = DIRECTION('',(0.,-1.));
#13556 = ( GEOMETRIC_REPRESENTATION_CONTEXT(2) 
PARAMETRIC_REPRESENTATION_CONTEXT() REPRESENTATION_CONTEXT('2D SPACE',''
  ) );
#13557 = PCURVE('',#13492,#13558);
#13558 = DEFINITIONAL_REPRESENTATION('',(#13559),#13563);
#13559 = LINE('',#13560,#13561);
#13560 = CARTESIAN_POINT('',(0.,0.));
#13561 = VECTOR('',#13562,1.);
#13562 = DIRECTION('',(0.,-1.));
#13563 = ( GEOMETRIC_REPRESENTATION_CONTEXT(2) 
PARAMETRIC_REPRESENTATION_CONTEXT() REPRESENTATION_CONTEXT('2D SPACE',''
  ) );
#13564 = ORIENTED_EDGE('',*,*,#13565,.T.);
#13565 = EDGE_CURVE('',#13543,#13543,#13566,.T.);
#13566 = SURFACE_CURVE('',#13567,(#13572,#13579),.PCURVE_S1.);
#13567 = CIRCLE('',#13568,16.);
#13568 = AXIS2_PLACEMENT_3D('',#13569,#13570,#13571);
#13569 = CARTESIAN_POINT('',(124.3,0.,-80.));
#13570 = DIRECTION('',(1.,0.,0.));
#13571 = DIRECTION('',(-0.,1.,-0.));
#13572 = PCURVE('',#13492,#13573);
#13573 = DEFINITIONAL_REPRESENTATION('',(#13574),#13578);
#13574 = LINE('',#13575,#13576);
#13575 = CARTESIAN_POINT('',(6.28318530718,-30.3));
#13576 = VECTOR('',#13577,1.);
#13577 = DIRECTION('',(-1.,0.));
#13578 = ( GEOMETRIC_REPRESENTATION_CONTEXT(2) 
PARAMETRIC_REPRESENTATION_CONTEXT() REPRESENTATION_CONTEXT('2D SPACE',''
  ) );
#13579 = PCURVE('',#13580,#13585);
#13580 = PLANE('',#13581);
#13581 = AXIS2_PLACEMENT_3D('',#13582,#13583,#13584);
#13582 = CARTESIAN_POINT('',(124.3,-1.054411668464E-15,-80.));
#13583 = DIRECTION('',(1.,-0.,-0.));
#13584 = DIRECTION('',(0.,0.,1.));
#13585 = DEFINITIONAL_REPRESENTATION('',(#13586),#13590);
#13586 = CIRCLE('',#13587,16.);
#13587 = AXIS2_PLACEMENT_2D('',#13588,#13589);
#13588 = CARTESIAN_POINT('',(0.,-1.054411668464E-15));
#13589 = DIRECTION('',(-0.,-1.));
#13590 = ( GEOMETRIC_REPRESENTATION_CONTEXT(2) 
PARAMETRIC_REPRESENTATION_CONTEXT() REPRESENTATION_CONTEXT('2D SPACE',''
  ) );
#13591 = ORIENTED_EDGE('',*,*,#13542,.T.);
#13592 = ORIENTED_EDGE('',*,*,#13475,.F.);
#13593 = ADVANCED_FACE('',(#13594),#13527,.F.);
#13594 = FACE_BOUND('',#13595,.F.);
#13595 = EDGE_LOOP('',(#13596,#13619,#13620,#13621));
#13596 = ORIENTED_EDGE('',*,*,#13597,.F.);
#13597 = EDGE_CURVE('',#13511,#13598,#13600,.T.);
#13598 = VERTEX_POINT('',#13599);
#13599 = CARTESIAN_POINT('',(106.,16.,-80.));
#13600 = SEAM_CURVE('',#13601,(#13605,#13612),.PCURVE_S1.);
#13601 = LINE('',#13602,#13603);
#13602 = CARTESIAN_POINT('',(94.,16.,-80.));
#13603 = VECTOR('',#13604,1.);
#13604 = DIRECTION('',(1.,-0.,-0.));
#13605 = PCURVE('',#13527,#13606);
#13606 = DEFINITIONAL_REPRESENTATION('',(#13607),#13611);
#13607 = LINE('',#13608,#13609);
#13608 = CARTESIAN_POINT('',(6.28318530718,0.));
#13609 = VECTOR('',#13610,1.);
#13610 = DIRECTION('',(0.,-1.));
#13611 = ( GEOMETRIC_REPRESENTATION_CONTEXT(2) 
PARAMETRIC_REPRESENTATION_CONTEXT() REPRESENTATION_CONTEXT('2D SPACE',''
  ) );
#13612 = PCURVE('',#13527,#13613);
#13613 = DEFINITIONAL_REPRESENTATION('',(#13614),#13618);
#13614 = LINE('',#13615,#13616);
#13615 = CARTESIAN_POINT('',(0.,0.));
#13616 = VECTOR('',#13617,1.);
#13617 = DIRECTION('',(0.,-1.));
#13618 = ( GEOMETRIC_REPRESENTATION_CONTEXT(2) 
PARAMETRIC_REPRESENTATION_CONTEXT() REPRESENTATION_CONTEXT('2D SPACE',''
  ) );
#13619 = ORIENTED_EDGE('',*,*,#13510,.T.);
#13620 = ORIENTED_EDGE('',*,*,#13597,.T.);
#13621 = ORIENTED_EDGE('',*,*,#13622,.F.);
#13622 = EDGE_CURVE('',#13598,#13598,#13623,.T.);
#13623 = SURFACE_CURVE('',#13624,(#13629,#13636),.PCURVE_S1.);
#13624 = CIRCLE('',#13625,16.);
#13625 = AXIS2_PLACEMENT_3D('',#13626,#13627,#13628);
#13626 = CARTESIAN_POINT('',(106.,0.,-80.));
#13627 = DIRECTION('',(1.,0.,0.));
#13628 = DIRECTION('',(-0.,1.,-0.));
#13629 = PCURVE('',#13527,#13630);
#13630 = DEFINITIONAL_REPRESENTATION('',(#13631),#13635);
#13631 = LINE('',#13632,#13633);
#13632 = CARTESIAN_POINT('',(6.28318530718,-12.));
#13633 = VECTOR('',#13634,1.);
#13634 = DIRECTION('',(-1.,0.));
#13635 = ( GEOMETRIC_REPRESENTATION_CONTEXT(2) 
PARAMETRIC_REPRESENTATION_CONTEXT() REPRESENTATION_CONTEXT('2D SPACE',''
  ) );
#13636 = PCURVE('',#13637,#13642);
#13637 = PLANE('',#13638);
#13638 = AXIS2_PLACEMENT_3D('',#13639,#13640,#13641);
#13639 = CARTESIAN_POINT('',(106.,-5.913254627198E-16,-80.));
#13640 = DIRECTION('',(1.,-0.,-0.));
#13641 = DIRECTION('',(0.,0.,1.));
#13642 = DEFINITIONAL_REPRESENTATION('',(#13643),#13647);
#13643 = CIRCLE('',#13644,16.);
#13644 = AXIS2_PLACEMENT_2D('',#13645,#13646);
#13645 = CARTESIAN_POINT('',(1.42108547152E-14,-5.913254627198E-16));
#13646 = DIRECTION('',(-0.,-1.));
#13647 = ( GEOMETRIC_REPRESENTATION_CONTEXT(2) 
PARAMETRIC_REPRESENTATION_CONTEXT() REPRESENTATION_CONTEXT('2D SPACE',''
  ) );
#13648 = ADVANCED_FACE('',(#13649,#13684),#13580,.F.);
#13649 = FACE_BOUND('',#13650,.T.);
#13650 = EDGE_LOOP('',(#13651));
#13651 = ORIENTED_EDGE('',*,*,#13652,.T.);
#13652 = EDGE_CURVE('',#13653,#13653,#13655,.T.);
#13653 = VERTEX_POINT('',#13654);
#13654 = CARTESIAN_POINT('',(124.3,20.75,-80.));
#13655 = SURFACE_CURVE('',#13656,(#13661,#13672),.PCURVE_S1.);
#13656 = CIRCLE('',#13657,20.75);
#13657 = AXIS2_PLACEMENT_3D('',#13658,#13659,#13660);
#13658 = CARTESIAN_POINT('',(124.3,0.,-80.));
#13659 = DIRECTION('',(-1.,0.,0.));
#13660 = DIRECTION('',(-0.,1.,-0.));
#13661 = PCURVE('',#13580,#13662);
#13662 = DEFINITIONAL_REPRESENTATION('',(#13663),#13671);
#13663 = ( BOUNDED_CURVE() B_SPLINE_CURVE(2,(#13664,#13665,#13666,#13667
    ,#13668,#13669,#13670),.UNSPECIFIED.,.T.,.F.) 
B_SPLINE_CURVE_WITH_KNOTS((1,2,2,2,2,1),(-2.094395102393,0.,
    2.094395102393,4.188790204786,6.28318530718,8.377580409573),
.UNSPECIFIED.) CURVE() GEOMETRIC_REPRESENTATION_ITEM() 
RATIONAL_B_SPLINE_CURVE((1.,0.5,1.,0.5,1.,0.5,1.)) REPRESENTATION_ITEM(
  '') );
#13664 = CARTESIAN_POINT('',(0.,-20.75));
#13665 = CARTESIAN_POINT('',(-35.94005425705,-20.75));
#13666 = CARTESIAN_POINT('',(-17.97002712852,10.375));
#13667 = CARTESIAN_POINT('',(-5.082284216462E-15,41.5));
#13668 = CARTESIAN_POINT('',(17.970027128527,10.375));
#13669 = CARTESIAN_POINT('',(35.940054257054,-20.75));
#13670 = CARTESIAN_POINT('',(0.,-20.75));
#13671 = ( GEOMETRIC_REPRESENTATION_CONTEXT(2) 
PARAMETRIC_REPRESENTATION_CONTEXT() REPRESENTATION_CONTEXT('2D SPACE',''
  ) );
#13672 = PCURVE('',#13673,#13678);
#13673 = CYLINDRICAL_SURFACE('',#13674,20.75);
#13674 = AXIS2_PLACEMENT_3D('',#13675,#13676,#13677);
#13675 = CARTESIAN_POINT('',(118.,0.,-80.));
#13676 = DIRECTION('',(-1.,-0.,0.));
#13677 = DIRECTION('',(-0.,1.,-0.));
#13678 = DEFINITIONAL_REPRESENTATION('',(#13679),#13683);
#13679 = LINE('',#13680,#13681);
#13680 = CARTESIAN_POINT('',(0.,-6.3));
#13681 = VECTOR('',#13682,1.);
#13682 = DIRECTION('',(1.,0.));
#13683 = ( GEOMETRIC_REPRESENTATION_CONTEXT(2) 
PARAMETRIC_REPRESENTATION_CONTEXT() REPRESENTATION_CONTEXT('2D SPACE',''
  ) );
#13684 = FACE_BOUND('',#13685,.T.);
#13685 = EDGE_LOOP('',(#13686));
#13686 = ORIENTED_EDGE('',*,*,#13565,.T.);
#13687 = ADVANCED_FACE('',(#13688,#13723),#13637,.T.);
#13688 = FACE_BOUND('',#13689,.F.);
#13689 = EDGE_LOOP('',(#13690));
#13690 = ORIENTED_EDGE('',*,*,#13691,.T.);
#13691 = EDGE_CURVE('',#13692,#13692,#13694,.T.);
#13692 = VERTEX_POINT('',#13693);
#13693 = CARTESIAN_POINT('',(106.,18.5,-80.));
#13694 = SURFACE_CURVE('',#13695,(#13700,#13711),.PCURVE_S1.);
#13695 = CIRCLE('',#13696,18.5);
#13696 = AXIS2_PLACEMENT_3D('',#13697,#13698,#13699);
#13697 = CARTESIAN_POINT('',(106.,0.,-80.));
#13698 = DIRECTION('',(-1.,0.,0.));
#13699 = DIRECTION('',(-0.,1.,-0.));
#13700 = PCURVE('',#13637,#13701);
#13701 = DEFINITIONAL_REPRESENTATION('',(#13702),#13710);
#13702 = ( BOUNDED_CURVE() B_SPLINE_CURVE(2,(#13703,#13704,#13705,#13706
    ,#13707,#13708,#13709),.UNSPECIFIED.,.T.,.F.) 
B_SPLINE_CURVE_WITH_KNOTS((1,2,2,2,2,1),(-2.094395102393,0.,
    2.094395102393,4.188790204786,6.28318530718,8.377580409573),
.UNSPECIFIED.) CURVE() GEOMETRIC_REPRESENTATION_ITEM() 
RATIONAL_B_SPLINE_CURVE((1.,0.5,1.,0.5,1.,0.5,1.)) REPRESENTATION_ITEM(
  '') );
#13703 = CARTESIAN_POINT('',(1.42108547152E-14,-18.5));
#13704 = CARTESIAN_POINT('',(-32.04293994002,-18.5));
#13705 = CARTESIAN_POINT('',(-16.02146997001,9.25));
#13706 = CARTESIAN_POINT('',(9.679661558357E-15,37.));
#13707 = CARTESIAN_POINT('',(16.021469970012,9.25));
#13708 = CARTESIAN_POINT('',(32.042939940024,-18.5));
#13709 = CARTESIAN_POINT('',(1.42108547152E-14,-18.5));
#13710 = ( GEOMETRIC_REPRESENTATION_CONTEXT(2) 
PARAMETRIC_REPRESENTATION_CONTEXT() REPRESENTATION_CONTEXT('2D SPACE',''
  ) );
#13711 = PCURVE('',#13712,#13717);
#13712 = CYLINDRICAL_SURFACE('',#13713,18.5);
#13713 = AXIS2_PLACEMENT_3D('',#13714,#13715,#13716);
#13714 = CARTESIAN_POINT('',(106.,0.,-80.));
#13715 = DIRECTION('',(-1.,-0.,0.));
#13716 = DIRECTION('',(-0.,1.,-0.));
#13717 = DEFINITIONAL_REPRESENTATION('',(#13718),#13722);
#13718 = LINE('',#13719,#13720);
#13719 = CARTESIAN_POINT('',(0.,0.));
#13720 = VECTOR('',#13721,1.);
#13721 = DIRECTION('',(1.,0.));
#13722 = ( GEOMETRIC_REPRESENTATION_CONTEXT(2) 
PARAMETRIC_REPRESENTATION_CONTEXT() REPRESENTATION_CONTEXT('2D SPACE',''
  ) );
#13723 = FACE_BOUND('',#13724,.F.);
#13724 = EDGE_LOOP('',(#13725));
#13725 = ORIENTED_EDGE('',*,*,#13622,.T.);
#13726 = ADVANCED_FACE('',(#13727),#13673,.F.);
#13727 = FACE_BOUND('',#13728,.F.);
#13728 = EDGE_LOOP('',(#13729,#13752,#13753,#13754));
#13729 = ORIENTED_EDGE('',*,*,#13730,.T.);
#13730 = EDGE_CURVE('',#13731,#13653,#13733,.T.);
#13731 = VERTEX_POINT('',#13732);
#13732 = CARTESIAN_POINT('',(118.,20.75,-80.));
#13733 = SEAM_CURVE('',#13734,(#13738,#13745),.PCURVE_S1.);
#13734 = LINE('',#13735,#13736);
#13735 = CARTESIAN_POINT('',(118.,20.75,-80.));
#13736 = VECTOR('',#13737,1.);
#13737 = DIRECTION('',(1.,-0.,-0.));
#13738 = PCURVE('',#13673,#13739);
#13739 = DEFINITIONAL_REPRESENTATION('',(#13740),#13744);
#13740 = LINE('',#13741,#13742);
#13741 = CARTESIAN_POINT('',(0.,0.));
#13742 = VECTOR('',#13743,1.);
#13743 = DIRECTION('',(0.,-1.));
#13744 = ( GEOMETRIC_REPRESENTATION_CONTEXT(2) 
PARAMETRIC_REPRESENTATION_CONTEXT() REPRESENTATION_CONTEXT('2D SPACE',''
  ) );
#13745 = PCURVE('',#13673,#13746);
#13746 = DEFINITIONAL_REPRESENTATION('',(#13747),#13751);
#13747 = LINE('',#13748,#13749);
#13748 = CARTESIAN_POINT('',(6.28318530718,0.));
#13749 = VECTOR('',#13750,1.);
#13750 = DIRECTION('',(0.,-1.));
#13751 = ( GEOMETRIC_REPRESENTATION_CONTEXT(2) 
PARAMETRIC_REPRESENTATION_CONTEXT() REPRESENTATION_CONTEXT('2D SPACE',''
  ) );
#13752 = ORIENTED_EDGE('',*,*,#13652,.T.);
#13753 = ORIENTED_EDGE('',*,*,#13730,.F.);
#13754 = ORIENTED_EDGE('',*,*,#13755,.F.);
#13755 = EDGE_CURVE('',#13731,#13731,#13756,.T.);
#13756 = SURFACE_CURVE('',#13757,(#13762,#13769),.PCURVE_S1.);
#13757 = CIRCLE('',#13758,20.75);
#13758 = AXIS2_PLACEMENT_3D('',#13759,#13760,#13761);
#13759 = CARTESIAN_POINT('',(118.,0.,-80.));
#13760 = DIRECTION('',(-1.,0.,0.));
#13761 = DIRECTION('',(-0.,1.,-0.));
#13762 = PCURVE('',#13673,#13763);
#13763 = DEFINITIONAL_REPRESENTATION('',(#13764),#13768);
#13764 = LINE('',#13765,#13766);
#13765 = CARTESIAN_POINT('',(0.,0.));
#13766 = VECTOR('',#13767,1.);
#13767 = DIRECTION('',(1.,0.));
#13768 = ( GEOMETRIC_REPRESENTATION_CONTEXT(2) 
PARAMETRIC_REPRESENTATION_CONTEXT() REPRESENTATION_CONTEXT('2D SPACE',''
  ) );
#13769 = PCURVE('',#13770,#13775);
#13770 = PLANE('',#13771);
#13771 = AXIS2_PLACEMENT_3D('',#13772,#13773,#13774);
#13772 = CARTESIAN_POINT('',(118.,-1.054411668464E-15,-80.));
#13773 = DIRECTION('',(1.,-0.,-0.));
#13774 = DIRECTION('',(0.,0.,1.));
#13775 = DEFINITIONAL_REPRESENTATION('',(#13776),#13784);
#13776 = ( BOUNDED_CURVE() B_SPLINE_CURVE(2,(#13777,#13778,#13779,#13780
    ,#13781,#13782,#13783),.UNSPECIFIED.,.T.,.F.) 
B_SPLINE_CURVE_WITH_KNOTS((1,2,2,2,2,1),(-2.094395102393,0.,
    2.094395102393,4.188790204786,6.28318530718,8.377580409573),
.UNSPECIFIED.) CURVE() GEOMETRIC_REPRESENTATION_ITEM() 
RATIONAL_B_SPLINE_CURVE((1.,0.5,1.,0.5,1.,0.5,1.)) REPRESENTATION_ITEM(
  '') );
#13777 = CARTESIAN_POINT('',(0.,-20.75));
#13778 = CARTESIAN_POINT('',(-35.94005425705,-20.75));
#13779 = CARTESIAN_POINT('',(-17.97002712852,10.375));
#13780 = CARTESIAN_POINT('',(-5.082284216462E-15,41.5));
#13781 = CARTESIAN_POINT('',(17.970027128527,10.375));
#13782 = CARTESIAN_POINT('',(35.940054257054,-20.75));
#13783 = CARTESIAN_POINT('',(0.,-20.75));
#13784 = ( GEOMETRIC_REPRESENTATION_CONTEXT(2) 
PARAMETRIC_REPRESENTATION_CONTEXT() REPRESENTATION_CONTEXT('2D SPACE',''
  ) );
#13785 = ADVANCED_FACE('',(#13786),#13712,.F.);
#13786 = FACE_BOUND('',#13787,.F.);
#13787 = EDGE_LOOP('',(#13788,#13811,#13842,#13843));
#13788 = ORIENTED_EDGE('',*,*,#13789,.T.);
#13789 = EDGE_CURVE('',#13692,#13790,#13792,.T.);
#13790 = VERTEX_POINT('',#13791);
#13791 = CARTESIAN_POINT('',(115.7,18.5,-80.));
#13792 = SEAM_CURVE('',#13793,(#13797,#13804),.PCURVE_S1.);
#13793 = LINE('',#13794,#13795);
#13794 = CARTESIAN_POINT('',(106.,18.5,-80.));
#13795 = VECTOR('',#13796,1.);
#13796 = DIRECTION('',(1.,-0.,-0.));
#13797 = PCURVE('',#13712,#13798);
#13798 = DEFINITIONAL_REPRESENTATION('',(#13799),#13803);
#13799 = LINE('',#13800,#13801);
#13800 = CARTESIAN_POINT('',(0.,0.));
#13801 = VECTOR('',#13802,1.);
#13802 = DIRECTION('',(0.,-1.));
#13803 = ( GEOMETRIC_REPRESENTATION_CONTEXT(2) 
PARAMETRIC_REPRESENTATION_CONTEXT() REPRESENTATION_CONTEXT('2D SPACE',''
  ) );
#13804 = PCURVE('',#13712,#13805);
#13805 = DEFINITIONAL_REPRESENTATION('',(#13806),#13810);
#13806 = LINE('',#13807,#13808);
#13807 = CARTESIAN_POINT('',(6.28318530718,0.));
#13808 = VECTOR('',#13809,1.);
#13809 = DIRECTION('',(0.,-1.));
#13810 = ( GEOMETRIC_REPRESENTATION_CONTEXT(2) 
PARAMETRIC_REPRESENTATION_CONTEXT() REPRESENTATION_CONTEXT('2D SPACE',''
  ) );
#13811 = ORIENTED_EDGE('',*,*,#13812,.T.);
#13812 = EDGE_CURVE('',#13790,#13790,#13813,.T.);
#13813 = SURFACE_CURVE('',#13814,(#13819,#13826),.PCURVE_S1.);
#13814 = CIRCLE('',#13815,18.5);
#13815 = AXIS2_PLACEMENT_3D('',#13816,#13817,#13818);
#13816 = CARTESIAN_POINT('',(115.7,0.,-80.));
#13817 = DIRECTION('',(-1.,0.,0.));
#13818 = DIRECTION('',(-0.,1.,-0.));
#13819 = PCURVE('',#13712,#13820);
#13820 = DEFINITIONAL_REPRESENTATION('',(#13821),#13825);
#13821 = LINE('',#13822,#13823);
#13822 = CARTESIAN_POINT('',(0.,-9.7));
#13823 = VECTOR('',#13824,1.);
#13824 = DIRECTION('',(1.,0.));
#13825 = ( GEOMETRIC_REPRESENTATION_CONTEXT(2) 
PARAMETRIC_REPRESENTATION_CONTEXT() REPRESENTATION_CONTEXT('2D SPACE',''
  ) );
#13826 = PCURVE('',#13827,#13832);
#13827 = PLANE('',#13828);
#13828 = AXIS2_PLACEMENT_3D('',#13829,#13830,#13831);
#13829 = CARTESIAN_POINT('',(115.7,-5.913254627198E-16,-80.));
#13830 = DIRECTION('',(1.,-0.,-0.));
#13831 = DIRECTION('',(0.,0.,1.));
#13832 = DEFINITIONAL_REPRESENTATION('',(#13833),#13841);
#13833 = ( BOUNDED_CURVE() B_SPLINE_CURVE(2,(#13834,#13835,#13836,#13837
    ,#13838,#13839,#13840),.UNSPECIFIED.,.T.,.F.) 
B_SPLINE_CURVE_WITH_KNOTS((1,2,2,2,2,1),(-2.094395102393,0.,
    2.094395102393,4.188790204786,6.28318530718,8.377580409573),
.UNSPECIFIED.) CURVE() GEOMETRIC_REPRESENTATION_ITEM() 
RATIONAL_B_SPLINE_CURVE((1.,0.5,1.,0.5,1.,0.5,1.)) REPRESENTATION_ITEM(
  '') );
#13834 = CARTESIAN_POINT('',(1.42108547152E-14,-18.5));
#13835 = CARTESIAN_POINT('',(-32.04293994002,-18.5));
#13836 = CARTESIAN_POINT('',(-16.02146997001,9.25));
#13837 = CARTESIAN_POINT('',(9.679661558357E-15,37.));
#13838 = CARTESIAN_POINT('',(16.021469970012,9.25));
#13839 = CARTESIAN_POINT('',(32.042939940024,-18.5));
#13840 = CARTESIAN_POINT('',(1.42108547152E-14,-18.5));
#13841 = ( GEOMETRIC_REPRESENTATION_CONTEXT(2) 
PARAMETRIC_REPRESENTATION_CONTEXT() REPRESENTATION_CONTEXT('2D SPACE',''
  ) );
#13842 = ORIENTED_EDGE('',*,*,#13789,.F.);
#13843 = ORIENTED_EDGE('',*,*,#13691,.F.);
#13844 = ADVANCED_FACE('',(#13845,#13848),#13770,.T.);
#13845 = FACE_BOUND('',#13846,.F.);
#13846 = EDGE_LOOP('',(#13847));
#13847 = ORIENTED_EDGE('',*,*,#13755,.T.);
#13848 = FACE_BOUND('',#13849,.F.);
#13849 = EDGE_LOOP('',(#13850));
#13850 = ORIENTED_EDGE('',*,*,#13851,.T.);
#13851 = EDGE_CURVE('',#13852,#13852,#13854,.T.);
#13852 = VERTEX_POINT('',#13853);
#13853 = CARTESIAN_POINT('',(118.,16.,-80.));
#13854 = SURFACE_CURVE('',#13855,(#13860,#13867),.PCURVE_S1.);
#13855 = CIRCLE('',#13856,16.);
#13856 = AXIS2_PLACEMENT_3D('',#13857,#13858,#13859);
#13857 = CARTESIAN_POINT('',(118.,0.,-80.));
#13858 = DIRECTION('',(1.,0.,0.));
#13859 = DIRECTION('',(-0.,1.,-0.));
#13860 = PCURVE('',#13770,#13861);
#13861 = DEFINITIONAL_REPRESENTATION('',(#13862),#13866);
#13862 = CIRCLE('',#13863,16.);
#13863 = AXIS2_PLACEMENT_2D('',#13864,#13865);
#13864 = CARTESIAN_POINT('',(0.,-1.054411668464E-15));
#13865 = DIRECTION('',(-0.,-1.));
#13866 = ( GEOMETRIC_REPRESENTATION_CONTEXT(2) 
PARAMETRIC_REPRESENTATION_CONTEXT() REPRESENTATION_CONTEXT('2D SPACE',''
  ) );
#13867 = PCURVE('',#13868,#13873);
#13868 = CYLINDRICAL_SURFACE('',#13869,16.);
#13869 = AXIS2_PLACEMENT_3D('',#13870,#13871,#13872);
#13870 = CARTESIAN_POINT('',(94.,0.,-80.));
#13871 = DIRECTION('',(-1.,-0.,0.));
#13872 = DIRECTION('',(-0.,1.,-0.));
#13873 = DEFINITIONAL_REPRESENTATION('',(#13874),#13878);
#13874 = LINE('',#13875,#13876);
#13875 = CARTESIAN_POINT('',(6.28318530718,-24.));
#13876 = VECTOR('',#13877,1.);
#13877 = DIRECTION('',(-1.,0.));
#13878 = ( GEOMETRIC_REPRESENTATION_CONTEXT(2) 
PARAMETRIC_REPRESENTATION_CONTEXT() REPRESENTATION_CONTEXT('2D SPACE',''
  ) );
#13879 = ADVANCED_FACE('',(#13880,#13883),#13827,.F.);
#13880 = FACE_BOUND('',#13881,.T.);
#13881 = EDGE_LOOP('',(#13882));
#13882 = ORIENTED_EDGE('',*,*,#13812,.T.);
#13883 = FACE_BOUND('',#13884,.T.);
#13884 = EDGE_LOOP('',(#13885));
#13885 = ORIENTED_EDGE('',*,*,#13886,.T.);
#13886 = EDGE_CURVE('',#13887,#13887,#13889,.T.);
#13887 = VERTEX_POINT('',#13888);
#13888 = CARTESIAN_POINT('',(115.7,16.,-80.));
#13889 = SURFACE_CURVE('',#13890,(#13895,#13902),.PCURVE_S1.);
#13890 = CIRCLE('',#13891,16.);
#13891 = AXIS2_PLACEMENT_3D('',#13892,#13893,#13894);
#13892 = CARTESIAN_POINT('',(115.7,0.,-80.));
#13893 = DIRECTION('',(1.,0.,0.));
#13894 = DIRECTION('',(-0.,1.,-0.));
#13895 = PCURVE('',#13827,#13896);
#13896 = DEFINITIONAL_REPRESENTATION('',(#13897),#13901);
#13897 = CIRCLE('',#13898,16.);
#13898 = AXIS2_PLACEMENT_2D('',#13899,#13900);
#13899 = CARTESIAN_POINT('',(1.42108547152E-14,-5.913254627198E-16));
#13900 = DIRECTION('',(-0.,-1.));
#13901 = ( GEOMETRIC_REPRESENTATION_CONTEXT(2) 
PARAMETRIC_REPRESENTATION_CONTEXT() REPRESENTATION_CONTEXT('2D SPACE',''
  ) );
#13902 = PCURVE('',#13868,#13903);
#13903 = DEFINITIONAL_REPRESENTATION('',(#13904),#13908);
#13904 = LINE('',#13905,#13906);
#13905 = CARTESIAN_POINT('',(6.28318530718,-21.7));
#13906 = VECTOR('',#13907,1.);
#13907 = DIRECTION('',(-1.,0.));
#13908 = ( GEOMETRIC_REPRESENTATION_CONTEXT(2) 
PARAMETRIC_REPRESENTATION_CONTEXT() REPRESENTATION_CONTEXT('2D SPACE',''
  ) );
#13909 = ADVANCED_FACE('',(#13910),#13868,.F.);
#13910 = FACE_BOUND('',#13911,.F.);
#13911 = EDGE_LOOP('',(#13912,#13933,#13934,#13935));
#13912 = ORIENTED_EDGE('',*,*,#13913,.F.);
#13913 = EDGE_CURVE('',#13887,#13852,#13914,.T.);
#13914 = SEAM_CURVE('',#13915,(#13919,#13926),.PCURVE_S1.);
#13915 = LINE('',#13916,#13917);
#13916 = CARTESIAN_POINT('',(94.,16.,-80.));
#13917 = VECTOR('',#13918,1.);
#13918 = DIRECTION('',(1.,-0.,-0.));
#13919 = PCURVE('',#13868,#13920);
#13920 = DEFINITIONAL_REPRESENTATION('',(#13921),#13925);
#13921 = LINE('',#13922,#13923);
#13922 = CARTESIAN_POINT('',(6.28318530718,0.));
#13923 = VECTOR('',#13924,1.);
#13924 = DIRECTION('',(0.,-1.));
#13925 = ( GEOMETRIC_REPRESENTATION_CONTEXT(2) 
PARAMETRIC_REPRESENTATION_CONTEXT() REPRESENTATION_CONTEXT('2D SPACE',''
  ) );
#13926 = PCURVE('',#13868,#13927);
#13927 = DEFINITIONAL_REPRESENTATION('',(#13928),#13932);
#13928 = LINE('',#13929,#13930);
#13929 = CARTESIAN_POINT('',(0.,0.));
#13930 = VECTOR('',#13931,1.);
#13931 = DIRECTION('',(0.,-1.));
#13932 = ( GEOMETRIC_REPRESENTATION_CONTEXT(2) 
PARAMETRIC_REPRESENTATION_CONTEXT() REPRESENTATION_CONTEXT('2D SPACE',''
  ) );
#13933 = ORIENTED_EDGE('',*,*,#13886,.T.);
#13934 = ORIENTED_EDGE('',*,*,#13913,.T.);
#13935 = ORIENTED_EDGE('',*,*,#13851,.F.);
#13936 = ( GEOMETRIC_REPRESENTATION_CONTEXT(3) 
GLOBAL_UNCERTAINTY_ASSIGNED_CONTEXT((#13940)) 
GLOBAL_UNIT_ASSIGNED_CONTEXT((#13937,#13938,#13939)) 
REPRESENTATION_CONTEXT('Context #1',
  '3D Context with UNIT and UNCERTAINTY') );
#13937 = ( LENGTH_UNIT() NAMED_UNIT(*) SI_UNIT(.MILLI.,.METRE.) );
#13938 = ( NAMED_UNIT(*) PLANE_ANGLE_UNIT() SI_UNIT($,.RADIAN.) );
#13939 = ( NAMED_UNIT(*) SI_UNIT($,.STERADIAN.) SOLID_ANGLE_UNIT() );
#13940 = UNCERTAINTY_MEASURE_WITH_UNIT(LENGTH_MEASURE(1.E-07),#13937,
  'distance_accuracy_value','confusion accuracy');
#13941 = CONTEXT_DEPENDENT_SHAPE_REPRESENTATION(#13942,#13944);
#13942 = ( REPRESENTATION_RELATIONSHIP('','',#12389,#10) 
REPRESENTATION_RELATIONSHIP_WITH_TRANSFORMATION(#13943) 
SHAPE_REPRESENTATION_RELATIONSHIP() );
#13943 = ITEM_DEFINED_TRANSFORMATION('','',#11,#51);
#13944 = PRODUCT_DEFINITION_SHAPE('Placement','Placement of an item',
  #13945);
#13945 = NEXT_ASSEMBLY_USAGE_OCCURRENCE('10','P6-gland-cap-mirror','',#5
  ,#12384,$);
#13946 = PRODUCT_RELATED_PRODUCT_CATEGORY('part',$,(#12386));
#13947 = SHAPE_DEFINITION_REPRESENTATION(#13948,#13954);
#13948 = PRODUCT_DEFINITION_SHAPE('','',#13949);
#13949 = PRODUCT_DEFINITION('design','',#13950,#13953);
#13950 = PRODUCT_DEFINITION_FORMATION('','',#13951);
#13951 = PRODUCT('P7-bearing-pad','P7-bearing-pad','',(#13952));
#13952 = PRODUCT_CONTEXT('',#2,'mechanical');
#13953 = PRODUCT_DEFINITION_CONTEXT('part definition',#2,'design');
#13954 = ADVANCED_BREP_SHAPE_REPRESENTATION('',(#11,#13955),#14787);
#13955 = MANIFOLD_SOLID_BREP('',#13956);
#13956 = CLOSED_SHELL('',(#13957,#14077,#14176,#14270,#14402,#14499,
    #14506,#14561,#14636,#14664,#14718,#14772,#14779));
#13957 = ADVANCED_FACE('',(#13958),#13972,.F.);
#13958 = FACE_BOUND('',#13959,.F.);
#13959 = EDGE_LOOP('',(#13960,#13995,#14023,#14051));
#13960 = ORIENTED_EDGE('',*,*,#13961,.T.);
#13961 = EDGE_CURVE('',#13962,#13964,#13966,.T.);
#13962 = VERTEX_POINT('',#13963);
#13963 = CARTESIAN_POINT('',(-12.,-25.,11.));
#13964 = VERTEX_POINT('',#13965);
#13965 = CARTESIAN_POINT('',(0.,-25.,11.));
#13966 = SURFACE_CURVE('',#13967,(#13971,#13983),.PCURVE_S1.);
#13967 = LINE('',#13968,#13969);
#13968 = CARTESIAN_POINT('',(-12.,-25.,11.));
#13969 = VECTOR('',#13970,1.);
#13970 = DIRECTION('',(1.,0.,0.));
#13971 = PCURVE('',#13972,#13977);
#13972 = PLANE('',#13973);
#13973 = AXIS2_PLACEMENT_3D('',#13974,#13975,#13976);
#13974 = CARTESIAN_POINT('',(-12.,-25.,11.));
#13975 = DIRECTION('',(0.,0.,1.));
#13976 = DIRECTION('',(0.,1.,0.));
#13977 = DEFINITIONAL_REPRESENTATION('',(#13978),#13982);
#13978 = LINE('',#13979,#13980);
#13979 = CARTESIAN_POINT('',(0.,0.));
#13980 = VECTOR('',#13981,1.);
#13981 = DIRECTION('',(0.,-1.));
#13982 = ( GEOMETRIC_REPRESENTATION_CONTEXT(2) 
PARAMETRIC_REPRESENTATION_CONTEXT() REPRESENTATION_CONTEXT('2D SPACE',''
  ) );
#13983 = PCURVE('',#13984,#13989);
#13984 = PLANE('',#13985);
#13985 = AXIS2_PLACEMENT_3D('',#13986,#13987,#13988);
#13986 = CARTESIAN_POINT('',(-12.,-25.,41.));
#13987 = DIRECTION('',(-0.,1.,0.));
#13988 = DIRECTION('',(0.,0.,-1.));
#13989 = DEFINITIONAL_REPRESENTATION('',(#13990),#13994);
#13990 = LINE('',#13991,#13992);
#13991 = CARTESIAN_POINT('',(30.,0.));
#13992 = VECTOR('',#13993,1.);
#13993 = DIRECTION('',(0.,-1.));
#13994 = ( GEOMETRIC_REPRESENTATION_CONTEXT(2) 
PARAMETRIC_REPRESENTATION_CONTEXT() REPRESENTATION_CONTEXT('2D SPACE',''
  ) );
#13995 = ORIENTED_EDGE('',*,*,#13996,.T.);
#13996 = EDGE_CURVE('',#13964,#13997,#13999,.T.);
#13997 = VERTEX_POINT('',#13998);
#13998 = CARTESIAN_POINT('',(0.,25.,11.));
#13999 = SURFACE_CURVE('',#14000,(#14004,#14011),.PCURVE_S1.);
#14000 = LINE('',#14001,#14002);
#14001 = CARTESIAN_POINT('',(0.,-25.,11.));
#14002 = VECTOR('',#14003,1.);
#14003 = DIRECTION('',(0.,1.,0.));
#14004 = PCURVE('',#13972,#14005);
#14005 = DEFINITIONAL_REPRESENTATION('',(#14006),#14010);
#14006 = LINE('',#14007,#14008);
#14007 = CARTESIAN_POINT('',(0.,-12.));
#14008 = VECTOR('',#14009,1.);
#14009 = DIRECTION('',(1.,0.));
#14010 = ( GEOMETRIC_REPRESENTATION_CONTEXT(2) 
PARAMETRIC_REPRESENTATION_CONTEXT() REPRESENTATION_CONTEXT('2D SPACE',''
  ) );
#14011 = PCURVE('',#14012,#14017);
#14012 = PLANE('',#14013);
#14013 = AXIS2_PLACEMENT_3D('',#14014,#14015,#14016);
#14014 = CARTESIAN_POINT('',(0.,0.,26.));
#14015 = DIRECTION('',(1.,0.,0.));
#14016 = DIRECTION('',(-0.,0.,1.));
#14017 = DEFINITIONAL_REPRESENTATION('',(#14018),#14022);
#14018 = LINE('',#14019,#14020);
#14019 = CARTESIAN_POINT('',(-15.,25.));
#14020 = VECTOR('',#14021,1.);
#14021 = DIRECTION('',(0.,-1.));
#14022 = ( GEOMETRIC_REPRESENTATION_CONTEXT(2) 
PARAMETRIC_REPRESENTATION_CONTEXT() REPRESENTATION_CONTEXT('2D SPACE',''
  ) );
#14023 = ORIENTED_EDGE('',*,*,#14024,.F.);
#14024 = EDGE_CURVE('',#14025,#13997,#14027,.T.);
#14025 = VERTEX_POINT('',#14026);
#14026 = CARTESIAN_POINT('',(-12.,25.,11.));
#14027 = SURFACE_CURVE('',#14028,(#14032,#14039),.PCURVE_S1.);
#14028 = LINE('',#14029,#14030);
#14029 = CARTESIAN_POINT('',(-12.,25.,11.));
#14030 = VECTOR('',#14031,1.);
#14031 = DIRECTION('',(1.,0.,0.));
#14032 = PCURVE('',#13972,#14033);
#14033 = DEFINITIONAL_REPRESENTATION('',(#14034),#14038);
#14034 = LINE('',#14035,#14036);
#14035 = CARTESIAN_POINT('',(50.,0.));
#14036 = VECTOR('',#14037,1.);
#14037 = DIRECTION('',(0.,-1.));
#14038 = ( GEOMETRIC_REPRESENTATION_CONTEXT(2) 
PARAMETRIC_REPRESENTATION_CONTEXT() REPRESENTATION_CONTEXT('2D SPACE',''
  ) );
#14039 = PCURVE('',#14040,#14045);
#14040 = PLANE('',#14041);
#14041 = AXIS2_PLACEMENT_3D('',#14042,#14043,#14044);
#14042 = CARTESIAN_POINT('',(-12.,25.,11.));
#14043 = DIRECTION('',(0.,-1.,0.));
#14044 = DIRECTION('',(0.,0.,1.));
#14045 = DEFINITIONAL_REPRESENTATION('',(#14046),#14050);
#14046 = LINE('',#14047,#14048);
#14047 = CARTESIAN_POINT('',(0.,0.));
#14048 = VECTOR('',#14049,1.);
#14049 = DIRECTION('',(0.,-1.));
#14050 = ( GEOMETRIC_REPRESENTATION_CONTEXT(2) 
PARAMETRIC_REPRESENTATION_CONTEXT() REPRESENTATION_CONTEXT('2D SPACE',''
  ) );
#14051 = ORIENTED_EDGE('',*,*,#14052,.F.);
#14052 = EDGE_CURVE('',#13962,#14025,#14053,.T.);
#14053 = SURFACE_CURVE('',#14054,(#14058,#14065),.PCURVE_S1.);
#14054 = LINE('',#14055,#14056);
#14055 = CARTESIAN_POINT('',(-12.,-25.,11.));
#14056 = VECTOR('',#14057,1.);
#14057 = DIRECTION('',(0.,1.,0.));
#14058 = PCURVE('',#13972,#14059);
#14059 = DEFINITIONAL_REPRESENTATION('',(#14060),#14064);
#14060 = LINE('',#14061,#14062);
#14061 = CARTESIAN_POINT('',(0.,0.));
#14062 = VECTOR('',#14063,1.);
#14063 = DIRECTION('',(1.,0.));
#14064 = ( GEOMETRIC_REPRESENTATION_CONTEXT(2) 
PARAMETRIC_REPRESENTATION_CONTEXT() REPRESENTATION_CONTEXT('2D SPACE',''
  ) );
#14065 = PCURVE('',#14066,#14071);
#14066 = PLANE('',#14067);
#14067 = AXIS2_PLACEMENT_3D('',#14068,#14069,#14070);
#14068 = CARTESIAN_POINT('',(-12.,0.,26.));
#14069 = DIRECTION('',(1.,0.,0.));
#14070 = DIRECTION('',(-0.,0.,1.));
#14071 = DEFINITIONAL_REPRESENTATION('',(#14072),#14076);
#14072 = LINE('',#14073,#14074);
#14073 = CARTESIAN_POINT('',(-15.,25.));
#14074 = VECTOR('',#14075,1.);
#14075 = DIRECTION('',(0.,-1.));
#14076 = ( GEOMETRIC_REPRESENTATION_CONTEXT(2) 
PARAMETRIC_REPRESENTATION_CONTEXT() REPRESENTATION_CONTEXT('2D SPACE',''
  ) );
#14077 = ADVANCED_FACE('',(#14078),#13984,.F.);
#14078 = FACE_BOUND('',#14079,.F.);
#14079 = EDGE_LOOP('',(#14080,#14110,#14131,#14132,#14155));
#14080 = ORIENTED_EDGE('',*,*,#14081,.T.);
#14081 = EDGE_CURVE('',#14082,#14084,#14086,.T.);
#14082 = VERTEX_POINT('',#14083);
#14083 = CARTESIAN_POINT('',(-12.,-25.,41.));
#14084 = VERTEX_POINT('',#14085);
#14085 = CARTESIAN_POINT('',(0.,-25.,41.));
#14086 = SURFACE_CURVE('',#14087,(#14091,#14098),.PCURVE_S1.);
#14087 = LINE('',#14088,#14089);
#14088 = CARTESIAN_POINT('',(-12.,-25.,41.));
#14089 = VECTOR('',#14090,1.);
#14090 = DIRECTION('',(1.,0.,0.));
#14091 = PCURVE('',#13984,#14092);
#14092 = DEFINITIONAL_REPRESENTATION('',(#14093),#14097);
#14093 = LINE('',#14094,#14095);
#14094 = CARTESIAN_POINT('',(0.,0.));
#14095 = VECTOR('',#14096,1.);
#14096 = DIRECTION('',(0.,-1.));
#14097 = ( GEOMETRIC_REPRESENTATION_CONTEXT(2) 
PARAMETRIC_REPRESENTATION_CONTEXT() REPRESENTATION_CONTEXT('2D SPACE',''
  ) );
#14098 = PCURVE('',#14099,#14104);
#14099 = PLANE('',#14100);
#14100 = AXIS2_PLACEMENT_3D('',#14101,#14102,#14103);
#14101 = CARTESIAN_POINT('',(-12.,25.,41.));
#14102 = DIRECTION('',(0.,0.,-1.));
#14103 = DIRECTION('',(0.,-1.,0.));
#14104 = DEFINITIONAL_REPRESENTATION('',(#14105),#14109);
#14105 = LINE('',#14106,#14107);
#14106 = CARTESIAN_POINT('',(50.,0.));
#14107 = VECTOR('',#14108,1.);
#14108 = DIRECTION('',(0.,-1.));
#14109 = ( GEOMETRIC_REPRESENTATION_CONTEXT(2) 
PARAMETRIC_REPRESENTATION_CONTEXT() REPRESENTATION_CONTEXT('2D SPACE',''
  ) );
#14110 = ORIENTED_EDGE('',*,*,#14111,.T.);
#14111 = EDGE_CURVE('',#14084,#13964,#14112,.T.);
#14112 = SURFACE_CURVE('',#14113,(#14117,#14124),.PCURVE_S1.);
#14113 = LINE('',#14114,#14115);
#14114 = CARTESIAN_POINT('',(0.,-25.,41.));
#14115 = VECTOR('',#14116,1.);
#14116 = DIRECTION('',(0.,0.,-1.));
#14117 = PCURVE('',#13984,#14118);
#14118 = DEFINITIONAL_REPRESENTATION('',(#14119),#14123);
#14119 = LINE('',#14120,#14121);
#14120 = CARTESIAN_POINT('',(0.,-12.));
#14121 = VECTOR('',#14122,1.);
#14122 = DIRECTION('',(1.,0.));
#14123 = ( GEOMETRIC_REPRESENTATION_CONTEXT(2) 
PARAMETRIC_REPRESENTATION_CONTEXT() REPRESENTATION_CONTEXT('2D SPACE',''
  ) );
#14124 = PCURVE('',#14012,#14125);
#14125 = DEFINITIONAL_REPRESENTATION('',(#14126),#14130);
#14126 = LINE('',#14127,#14128);
#14127 = CARTESIAN_POINT('',(15.,25.));
#14128 = VECTOR('',#14129,1.);
#14129 = DIRECTION('',(-1.,0.));
#14130 = ( GEOMETRIC_REPRESENTATION_CONTEXT(2) 
PARAMETRIC_REPRESENTATION_CONTEXT() REPRESENTATION_CONTEXT('2D SPACE',''
  ) );
#14131 = ORIENTED_EDGE('',*,*,#13961,.F.);
#14132 = ORIENTED_EDGE('',*,*,#14133,.F.);
#14133 = EDGE_CURVE('',#14134,#13962,#14136,.T.);
#14134 = VERTEX_POINT('',#14135);
#14135 = CARTESIAN_POINT('',(-12.,-25.,26.));
#14136 = SURFACE_CURVE('',#14137,(#14141,#14148),.PCURVE_S1.);
#14137 = LINE('',#14138,#14139);
#14138 = CARTESIAN_POINT('',(-12.,-25.,41.));
#14139 = VECTOR('',#14140,1.);
#14140 = DIRECTION('',(0.,0.,-1.));
#14141 = PCURVE('',#13984,#14142);
#14142 = DEFINITIONAL_REPRESENTATION('',(#14143),#14147);
#14143 = LINE('',#14144,#14145);
#14144 = CARTESIAN_POINT('',(0.,0.));
#14145 = VECTOR('',#14146,1.);
#14146 = DIRECTION('',(1.,0.));
#14147 = ( GEOMETRIC_REPRESENTATION_CONTEXT(2) 
PARAMETRIC_REPRESENTATION_CONTEXT() REPRESENTATION_CONTEXT('2D SPACE',''
  ) );
#14148 = PCURVE('',#14066,#14149);
#14149 = DEFINITIONAL_REPRESENTATION('',(#14150),#14154);
#14150 = LINE('',#14151,#14152);
#14151 = CARTESIAN_POINT('',(15.,25.));
#14152 = VECTOR('',#14153,1.);
#14153 = DIRECTION('',(-1.,0.));
#14154 = ( GEOMETRIC_REPRESENTATION_CONTEXT(2) 
PARAMETRIC_REPRESENTATION_CONTEXT() REPRESENTATION_CONTEXT('2D SPACE',''
  ) );
#14155 = ORIENTED_EDGE('',*,*,#14156,.F.);
#14156 = EDGE_CURVE('',#14082,#14134,#14157,.T.);
#14157 = SURFACE_CURVE('',#14158,(#14162,#14169),.PCURVE_S1.);
#14158 = LINE('',#14159,#14160);
#14159 = CARTESIAN_POINT('',(-12.,-25.,41.));
#14160 = VECTOR('',#14161,1.);
#14161 = DIRECTION('',(0.,0.,-1.));
#14162 = PCURVE('',#13984,#14163);
#14163 = DEFINITIONAL_REPRESENTATION('',(#14164),#14168);
#14164 = LINE('',#14165,#14166);
#14165 = CARTESIAN_POINT('',(0.,0.));
#14166 = VECTOR('',#14167,1.);
#14167 = DIRECTION('',(1.,0.));
#14168 = ( GEOMETRIC_REPRESENTATION_CONTEXT(2) 
PARAMETRIC_REPRESENTATION_CONTEXT() REPRESENTATION_CONTEXT('2D SPACE',''
  ) );
#14169 = PCURVE('',#14066,#14170);
#14170 = DEFINITIONAL_REPRESENTATION('',(#14171),#14175);
#14171 = LINE('',#14172,#14173);
#14172 = CARTESIAN_POINT('',(15.,25.));
#14173 = VECTOR('',#14174,1.);
#14174 = DIRECTION('',(-1.,0.));
#14175 = ( GEOMETRIC_REPRESENTATION_CONTEXT(2) 
PARAMETRIC_REPRESENTATION_CONTEXT() REPRESENTATION_CONTEXT('2D SPACE',''
  ) );
#14176 = ADVANCED_FACE('',(#14177),#14040,.F.);
#14177 = FACE_BOUND('',#14178,.F.);
#14178 = EDGE_LOOP('',(#14179,#14180,#14203,#14226,#14249));
#14179 = ORIENTED_EDGE('',*,*,#14024,.T.);
#14180 = ORIENTED_EDGE('',*,*,#14181,.T.);
#14181 = EDGE_CURVE('',#13997,#14182,#14184,.T.);
#14182 = VERTEX_POINT('',#14183);
#14183 = CARTESIAN_POINT('',(0.,25.,41.));
#14184 = SURFACE_CURVE('',#14185,(#14189,#14196),.PCURVE_S1.);
#14185 = LINE('',#14186,#14187);
#14186 = CARTESIAN_POINT('',(0.,25.,11.));
#14187 = VECTOR('',#14188,1.);
#14188 = DIRECTION('',(0.,0.,1.));
#14189 = PCURVE('',#14040,#14190);
#14190 = DEFINITIONAL_REPRESENTATION('',(#14191),#14195);
#14191 = LINE('',#14192,#14193);
#14192 = CARTESIAN_POINT('',(0.,-12.));
#14193 = VECTOR('',#14194,1.);
#14194 = DIRECTION('',(1.,0.));
#14195 = ( GEOMETRIC_REPRESENTATION_CONTEXT(2) 
PARAMETRIC_REPRESENTATION_CONTEXT() REPRESENTATION_CONTEXT('2D SPACE',''
  ) );
#14196 = PCURVE('',#14012,#14197);
#14197 = DEFINITIONAL_REPRESENTATION('',(#14198),#14202);
#14198 = LINE('',#14199,#14200);
#14199 = CARTESIAN_POINT('',(-15.,-25.));
#14200 = VECTOR('',#14201,1.);
#14201 = DIRECTION('',(1.,0.));
#14202 = ( GEOMETRIC_REPRESENTATION_CONTEXT(2) 
PARAMETRIC_REPRESENTATION_CONTEXT() REPRESENTATION_CONTEXT('2D SPACE',''
  ) );
#14203 = ORIENTED_EDGE('',*,*,#14204,.F.);
#14204 = EDGE_CURVE('',#14205,#14182,#14207,.T.);
#14205 = VERTEX_POINT('',#14206);
#14206 = CARTESIAN_POINT('',(-12.,25.,41.));
#14207 = SURFACE_CURVE('',#14208,(#14212,#14219),.PCURVE_S1.);
#14208 = LINE('',#14209,#14210);
#14209 = CARTESIAN_POINT('',(-12.,25.,41.));
#14210 = VECTOR('',#14211,1.);
#14211 = DIRECTION('',(1.,0.,0.));
#14212 = PCURVE('',#14040,#14213);
#14213 = DEFINITIONAL_REPRESENTATION('',(#14214),#14218);
#14214 = LINE('',#14215,#14216);
#14215 = CARTESIAN_POINT('',(30.,0.));
#14216 = VECTOR('',#14217,1.);
#14217 = DIRECTION('',(0.,-1.));
#14218 = ( GEOMETRIC_REPRESENTATION_CONTEXT(2) 
PARAMETRIC_REPRESENTATION_CONTEXT() REPRESENTATION_CONTEXT('2D SPACE',''
  ) );
#14219 = PCURVE('',#14099,#14220);
#14220 = DEFINITIONAL_REPRESENTATION('',(#14221),#14225);
#14221 = LINE('',#14222,#14223);
#14222 = CARTESIAN_POINT('',(0.,-0.));
#14223 = VECTOR('',#14224,1.);
#14224 = DIRECTION('',(0.,-1.));
#14225 = ( GEOMETRIC_REPRESENTATION_CONTEXT(2) 
PARAMETRIC_REPRESENTATION_CONTEXT() REPRESENTATION_CONTEXT('2D SPACE',''
  ) );
#14226 = ORIENTED_EDGE('',*,*,#14227,.F.);
#14227 = EDGE_CURVE('',#14228,#14205,#14230,.T.);
#14228 = VERTEX_POINT('',#14229);
#14229 = CARTESIAN_POINT('',(-12.,25.,26.));
#14230 = SURFACE_CURVE('',#14231,(#14235,#14242),.PCURVE_S1.);
#14231 = LINE('',#14232,#14233);
#14232 = CARTESIAN_POINT('',(-12.,25.,11.));
#14233 = VECTOR('',#14234,1.);
#14234 = DIRECTION('',(0.,0.,1.));
#14235 = PCURVE('',#14040,#14236);
#14236 = DEFINITIONAL_REPRESENTATION('',(#14237),#14241);
#14237 = LINE('',#14238,#14239);
#14238 = CARTESIAN_POINT('',(0.,0.));
#14239 = VECTOR('',#14240,1.);
#14240 = DIRECTION('',(1.,0.));
#14241 = ( GEOMETRIC_REPRESENTATION_CONTEXT(2) 
PARAMETRIC_REPRESENTATION_CONTEXT() REPRESENTATION_CONTEXT('2D SPACE',''
  ) );
#14242 = PCURVE('',#14066,#14243);
#14243 = DEFINITIONAL_REPRESENTATION('',(#14244),#14248);
#14244 = LINE('',#14245,#14246);
#14245 = CARTESIAN_POINT('',(-15.,-25.));
#14246 = VECTOR('',#14247,1.);
#14247 = DIRECTION('',(1.,0.));
#14248 = ( GEOMETRIC_REPRESENTATION_CONTEXT(2) 
PARAMETRIC_REPRESENTATION_CONTEXT() REPRESENTATION_CONTEXT('2D SPACE',''
  ) );
#14249 = ORIENTED_EDGE('',*,*,#14250,.F.);
#14250 = EDGE_CURVE('',#14025,#14228,#14251,.T.);
#14251 = SURFACE_CURVE('',#14252,(#14256,#14263),.PCURVE_S1.);
#14252 = LINE('',#14253,#14254);
#14253 = CARTESIAN_POINT('',(-12.,25.,11.));
#14254 = VECTOR('',#14255,1.);
#14255 = DIRECTION('',(0.,0.,1.));
#14256 = PCURVE('',#14040,#14257);
#14257 = DEFINITIONAL_REPRESENTATION('',(#14258),#14262);
#14258 = LINE('',#14259,#14260);
#14259 = CARTESIAN_POINT('',(0.,0.));
#14260 = VECTOR('',#14261,1.);
#14261 = DIRECTION('',(1.,0.));
#14262 = ( GEOMETRIC_REPRESENTATION_CONTEXT(2) 
PARAMETRIC_REPRESENTATION_CONTEXT() REPRESENTATION_CONTEXT('2D SPACE',''
  ) );
#14263 = PCURVE('',#14066,#14264);
#14264 = DEFINITIONAL_REPRESENTATION('',(#14265),#14269);
#14265 = LINE('',#14266,#14267);
#14266 = CARTESIAN_POINT('',(-15.,-25.));
#14267 = VECTOR('',#14268,1.);
#14268 = DIRECTION('',(1.,0.));
#14269 = ( GEOMETRIC_REPRESENTATION_CONTEXT(2) 
PARAMETRIC_REPRESENTATION_CONTEXT() REPRESENTATION_CONTEXT('2D SPACE',''
  ) );
#14270 = ADVANCED_FACE('',(#14271,#14299,#14334),#14066,.F.);
#14271 = FACE_BOUND('',#14272,.F.);
#14272 = EDGE_LOOP('',(#14273,#14294,#14295,#14296,#14297,#14298));
#14273 = ORIENTED_EDGE('',*,*,#14274,.T.);
#14274 = EDGE_CURVE('',#14205,#14082,#14275,.T.);
#14275 = SURFACE_CURVE('',#14276,(#14280,#14287),.PCURVE_S1.);
#14276 = LINE('',#14277,#14278);
#14277 = CARTESIAN_POINT('',(-12.,25.,41.));
#14278 = VECTOR('',#14279,1.);
#14279 = DIRECTION('',(0.,-1.,0.));
#14280 = PCURVE('',#14066,#14281);
#14281 = DEFINITIONAL_REPRESENTATION('',(#14282),#14286);
#14282 = LINE('',#14283,#14284);
#14283 = CARTESIAN_POINT('',(15.,-25.));
#14284 = VECTOR('',#14285,1.);
#14285 = DIRECTION('',(0.,1.));
#14286 = ( GEOMETRIC_REPRESENTATION_CONTEXT(2) 
PARAMETRIC_REPRESENTATION_CONTEXT() REPRESENTATION_CONTEXT('2D SPACE',''
  ) );
#14287 = PCURVE('',#14099,#14288);
#14288 = DEFINITIONAL_REPRESENTATION('',(#14289),#14293);
#14289 = LINE('',#14290,#14291);
#14290 = CARTESIAN_POINT('',(0.,-0.));
#14291 = VECTOR('',#14292,1.);
#14292 = DIRECTION('',(1.,0.));
#14293 = ( GEOMETRIC_REPRESENTATION_CONTEXT(2) 
PARAMETRIC_REPRESENTATION_CONTEXT() REPRESENTATION_CONTEXT('2D SPACE',''
  ) );
#14294 = ORIENTED_EDGE('',*,*,#14156,.T.);
#14295 = ORIENTED_EDGE('',*,*,#14133,.T.);
#14296 = ORIENTED_EDGE('',*,*,#14052,.T.);
#14297 = ORIENTED_EDGE('',*,*,#14250,.T.);
#14298 = ORIENTED_EDGE('',*,*,#14227,.T.);
#14299 = FACE_BOUND('',#14300,.F.);
#14300 = EDGE_LOOP('',(#14301));
#14301 = ORIENTED_EDGE('',*,*,#14302,.T.);
#14302 = EDGE_CURVE('',#14228,#14303,#14305,.T.);
#14303 = VERTEX_POINT('',#14304);
#14304 = CARTESIAN_POINT('',(-12.,25.,26.));
#14305 = SURFACE_CURVE('',#14306,(#14311,#14322),.PCURVE_S1.);
#14306 = CIRCLE('',#14307,7.);
#14307 = AXIS2_PLACEMENT_3D('',#14308,#14309,#14310);
#14308 = CARTESIAN_POINT('',(-12.,18.,26.));
#14309 = DIRECTION('',(-1.,0.,0.));
#14310 = DIRECTION('',(0.,1.,0.));
#14311 = PCURVE('',#14066,#14312);
#14312 = DEFINITIONAL_REPRESENTATION('',(#14313),#14321);
#14313 = ( BOUNDED_CURVE() B_SPLINE_CURVE(2,(#14314,#14315,#14316,#14317
    ,#14318,#14319,#14320),.UNSPECIFIED.,.T.,.F.) 
B_SPLINE_CURVE_WITH_KNOTS((1,2,2,2,2,1),(-2.094395102393,0.,
    2.094395102393,4.188790204786,6.28318530718,8.377580409573),
.UNSPECIFIED.) CURVE() GEOMETRIC_REPRESENTATION_ITEM() 
RATIONAL_B_SPLINE_CURVE((1.,0.5,1.,0.5,1.,0.5,1.)) REPRESENTATION_ITEM(
  '') );
#14314 = CARTESIAN_POINT('',(0.,-25.));
#14315 = CARTESIAN_POINT('',(-12.12435565298,-25.));
#14316 = CARTESIAN_POINT('',(-6.062177826491,-14.5));
#14317 = CARTESIAN_POINT('',(-1.714505518806E-15,-4.));
#14318 = CARTESIAN_POINT('',(6.062177826491,-14.5));
#14319 = CARTESIAN_POINT('',(12.124355652982,-25.));
#14320 = CARTESIAN_POINT('',(0.,-25.));
#14321 = ( GEOMETRIC_REPRESENTATION_CONTEXT(2) 
PARAMETRIC_REPRESENTATION_CONTEXT() REPRESENTATION_CONTEXT('2D SPACE',''
  ) );
#14322 = PCURVE('',#14323,#14328);
#14323 = CYLINDRICAL_SURFACE('',#14324,7.);
#14324 = AXIS2_PLACEMENT_3D('',#14325,#14326,#14327);
#14325 = CARTESIAN_POINT('',(-13.,18.,26.));
#14326 = DIRECTION('',(-1.,-0.,-0.));
#14327 = DIRECTION('',(0.,1.,0.));
#14328 = DEFINITIONAL_REPRESENTATION('',(#14329),#14333);
#14329 = LINE('',#14330,#14331);
#14330 = CARTESIAN_POINT('',(-6.28318530718,-1.));
#14331 = VECTOR('',#14332,1.);
#14332 = DIRECTION('',(1.,-0.));
#14333 = ( GEOMETRIC_REPRESENTATION_CONTEXT(2) 
PARAMETRIC_REPRESENTATION_CONTEXT() REPRESENTATION_CONTEXT('2D SPACE',''
  ) );
#14334 = FACE_BOUND('',#14335,.F.);
#14335 = EDGE_LOOP('',(#14336,#14371));
#14336 = ORIENTED_EDGE('',*,*,#14337,.T.);
#14337 = EDGE_CURVE('',#14338,#14340,#14342,.T.);
#14338 = VERTEX_POINT('',#14339);
#14339 = CARTESIAN_POINT('',(-12.,-11.,26.));
#14340 = VERTEX_POINT('',#14341);
#14341 = CARTESIAN_POINT('',(-12.,-25.,26.));
#14342 = SURFACE_CURVE('',#14343,(#14348,#14359),.PCURVE_S1.);
#14343 = CIRCLE('',#14344,7.);
#14344 = AXIS2_PLACEMENT_3D('',#14345,#14346,#14347);
#14345 = CARTESIAN_POINT('',(-12.,-18.,26.));
#14346 = DIRECTION('',(-1.,0.,0.));
#14347 = DIRECTION('',(0.,1.,0.));
#14348 = PCURVE('',#14066,#14349);
#14349 = DEFINITIONAL_REPRESENTATION('',(#14350),#14358);
#14350 = ( BOUNDED_CURVE() B_SPLINE_CURVE(2,(#14351,#14352,#14353,#14354
    ,#14355,#14356,#14357),.UNSPECIFIED.,.T.,.F.) 
B_SPLINE_CURVE_WITH_KNOTS((1,2,2,2,2,1),(-2.094395102393,0.,
    2.094395102393,4.188790204786,6.28318530718,8.377580409573),
.UNSPECIFIED.) CURVE() GEOMETRIC_REPRESENTATION_ITEM() 
RATIONAL_B_SPLINE_CURVE((1.,0.5,1.,0.5,1.,0.5,1.)) REPRESENTATION_ITEM(
  '') );
#14351 = CARTESIAN_POINT('',(0.,11.));
#14352 = CARTESIAN_POINT('',(-12.12435565298,11.));
#14353 = CARTESIAN_POINT('',(-6.062177826491,21.5));
#14354 = CARTESIAN_POINT('',(-1.714505518806E-15,32.));
#14355 = CARTESIAN_POINT('',(6.062177826491,21.5));
#14356 = CARTESIAN_POINT('',(12.124355652982,11.));
#14357 = CARTESIAN_POINT('',(0.,11.));
#14358 = ( GEOMETRIC_REPRESENTATION_CONTEXT(2) 
PARAMETRIC_REPRESENTATION_CONTEXT() REPRESENTATION_CONTEXT('2D SPACE',''
  ) );
#14359 = PCURVE('',#14360,#14365);
#14360 = CYLINDRICAL_SURFACE('',#14361,7.);
#14361 = AXIS2_PLACEMENT_3D('',#14362,#14363,#14364);
#14362 = CARTESIAN_POINT('',(-13.,-18.,26.));
#14363 = DIRECTION('',(-1.,-0.,-0.));
#14364 = DIRECTION('',(0.,1.,0.));
#14365 = DEFINITIONAL_REPRESENTATION('',(#14366),#14370);
#14366 = LINE('',#14367,#14368);
#14367 = CARTESIAN_POINT('',(-6.28318530718,-1.));
#14368 = VECTOR('',#14369,1.);
#14369 = DIRECTION('',(1.,-0.));
#14370 = ( GEOMETRIC_REPRESENTATION_CONTEXT(2) 
PARAMETRIC_REPRESENTATION_CONTEXT() REPRESENTATION_CONTEXT('2D SPACE',''
  ) );
#14371 = ORIENTED_EDGE('',*,*,#14372,.T.);
#14372 = EDGE_CURVE('',#14340,#14338,#14373,.T.);
#14373 = SURFACE_CURVE('',#14374,(#14379,#14390),.PCURVE_S1.);
#14374 = CIRCLE('',#14375,7.);
#14375 = AXIS2_PLACEMENT_3D('',#14376,#14377,#14378);
#14376 = CARTESIAN_POINT('',(-12.,-18.,26.));
#14377 = DIRECTION('',(-1.,0.,0.));
#14378 = DIRECTION('',(0.,1.,0.));
#14379 = PCURVE('',#14066,#14380);
#14380 = DEFINITIONAL_REPRESENTATION('',(#14381),#14389);
#14381 = ( BOUNDED_CURVE() B_SPLINE_CURVE(2,(#14382,#14383,#14384,#14385
    ,#14386,#14387,#14388),.UNSPECIFIED.,.T.,.F.) 
B_SPLINE_CURVE_WITH_KNOTS((1,2,2,2,2,1),(-2.094395102393,0.,
    2.094395102393,4.188790204786,6.28318530718,8.377580409573),
.UNSPECIFIED.) CURVE() GEOMETRIC_REPRESENTATION_ITEM() 
RATIONAL_B_SPLINE_CURVE((1.,0.5,1.,0.5,1.,0.5,1.)) REPRESENTATION_ITEM(
  '') );
#14382 = CARTESIAN_POINT('',(0.,11.));
#14383 = CARTESIAN_POINT('',(-12.12435565298,11.));
#14384 = CARTESIAN_POINT('',(-6.062177826491,21.5));
#14385 = CARTESIAN_POINT('',(-1.714505518806E-15,32.));
#14386 = CARTESIAN_POINT('',(6.062177826491,21.5));
#14387 = CARTESIAN_POINT('',(12.124355652982,11.));
#14388 = CARTESIAN_POINT('',(0.,11.));
#14389 = ( GEOMETRIC_REPRESENTATION_CONTEXT(2) 
PARAMETRIC_REPRESENTATION_CONTEXT() REPRESENTATION_CONTEXT('2D SPACE',''
  ) );
#14390 = PCURVE('',#14391,#14396);
#14391 = CYLINDRICAL_SURFACE('',#14392,7.);
#14392 = AXIS2_PLACEMENT_3D('',#14393,#14394,#14395);
#14393 = CARTESIAN_POINT('',(-13.,-18.,26.));
#14394 = DIRECTION('',(-1.,-0.,-0.));
#14395 = DIRECTION('',(0.,1.,0.));
#14396 = DEFINITIONAL_REPRESENTATION('',(#14397),#14401);
#14397 = LINE('',#14398,#14399);
#14398 = CARTESIAN_POINT('',(-6.28318530718,-1.));
#14399 = VECTOR('',#14400,1.);
#14400 = DIRECTION('',(1.,-0.));
#14401 = ( GEOMETRIC_REPRESENTATION_CONTEXT(2) 
PARAMETRIC_REPRESENTATION_CONTEXT() REPRESENTATION_CONTEXT('2D SPACE',''
  ) );
#14402 = ADVANCED_FACE('',(#14403,#14429,#14464),#14012,.T.);
#14403 = FACE_BOUND('',#14404,.T.);
#14404 = EDGE_LOOP('',(#14405,#14406,#14407,#14428));
#14405 = ORIENTED_EDGE('',*,*,#13996,.T.);
#14406 = ORIENTED_EDGE('',*,*,#14181,.T.);
#14407 = ORIENTED_EDGE('',*,*,#14408,.T.);
#14408 = EDGE_CURVE('',#14182,#14084,#14409,.T.);
#14409 = SURFACE_CURVE('',#14410,(#14414,#14421),.PCURVE_S1.);
#14410 = LINE('',#14411,#14412);
#14411 = CARTESIAN_POINT('',(0.,25.,41.));
#14412 = VECTOR('',#14413,1.);
#14413 = DIRECTION('',(0.,-1.,0.));
#14414 = PCURVE('',#14012,#14415);
#14415 = DEFINITIONAL_REPRESENTATION('',(#14416),#14420);
#14416 = LINE('',#14417,#14418);
#14417 = CARTESIAN_POINT('',(15.,-25.));
#14418 = VECTOR('',#14419,1.);
#14419 = DIRECTION('',(0.,1.));
#14420 = ( GEOMETRIC_REPRESENTATION_CONTEXT(2) 
PARAMETRIC_REPRESENTATION_CONTEXT() REPRESENTATION_CONTEXT('2D SPACE',''
  ) );
#14421 = PCURVE('',#14099,#14422);
#14422 = DEFINITIONAL_REPRESENTATION('',(#14423),#14427);
#14423 = LINE('',#14424,#14425);
#14424 = CARTESIAN_POINT('',(0.,-12.));
#14425 = VECTOR('',#14426,1.);
#14426 = DIRECTION('',(1.,0.));
#14427 = ( GEOMETRIC_REPRESENTATION_CONTEXT(2) 
PARAMETRIC_REPRESENTATION_CONTEXT() REPRESENTATION_CONTEXT('2D SPACE',''
  ) );
#14428 = ORIENTED_EDGE('',*,*,#14111,.T.);
#14429 = FACE_BOUND('',#14430,.T.);
#14430 = EDGE_LOOP('',(#14431));
#14431 = ORIENTED_EDGE('',*,*,#14432,.T.);
#14432 = EDGE_CURVE('',#14433,#14433,#14435,.T.);
#14433 = VERTEX_POINT('',#14434);
#14434 = CARTESIAN_POINT('',(0.,22.5,26.));
#14435 = SURFACE_CURVE('',#14436,(#14441,#14452),.PCURVE_S1.);
#14436 = CIRCLE('',#14437,4.5);
#14437 = AXIS2_PLACEMENT_3D('',#14438,#14439,#14440);
#14438 = CARTESIAN_POINT('',(0.,18.,26.));
#14439 = DIRECTION('',(-1.,0.,0.));
#14440 = DIRECTION('',(0.,1.,0.));
#14441 = PCURVE('',#14012,#14442);
#14442 = DEFINITIONAL_REPRESENTATION('',(#14443),#14451);
#14443 = ( BOUNDED_CURVE() B_SPLINE_CURVE(2,(#14444,#14445,#14446,#14447
    ,#14448,#14449,#14450),.UNSPECIFIED.,.T.,.F.) 
B_SPLINE_CURVE_WITH_KNOTS((1,2,2,2,2,1),(-2.094395102393,0.,
    2.094395102393,4.188790204786,6.28318530718,8.377580409573),
.UNSPECIFIED.) CURVE() GEOMETRIC_REPRESENTATION_ITEM() 
RATIONAL_B_SPLINE_CURVE((1.,0.5,1.,0.5,1.,0.5,1.)) REPRESENTATION_ITEM(
  '') );
#14444 = CARTESIAN_POINT('',(0.,-22.5));
#14445 = CARTESIAN_POINT('',(-7.79422863406,-22.5));
#14446 = CARTESIAN_POINT('',(-3.89711431703,-15.75));
#14447 = CARTESIAN_POINT('',(-1.102182119233E-15,-9.));
#14448 = CARTESIAN_POINT('',(3.89711431703,-15.75));
#14449 = CARTESIAN_POINT('',(7.79422863406,-22.5));
#14450 = CARTESIAN_POINT('',(0.,-22.5));
#14451 = ( GEOMETRIC_REPRESENTATION_CONTEXT(2) 
PARAMETRIC_REPRESENTATION_CONTEXT() REPRESENTATION_CONTEXT('2D SPACE',''
  ) );
#14452 = PCURVE('',#14453,#14458);
#14453 = CYLINDRICAL_SURFACE('',#14454,4.5);
#14454 = AXIS2_PLACEMENT_3D('',#14455,#14456,#14457);
#14455 = CARTESIAN_POINT('',(-13.,18.,26.));
#14456 = DIRECTION('',(-1.,-0.,-0.));
#14457 = DIRECTION('',(0.,1.,0.));
#14458 = DEFINITIONAL_REPRESENTATION('',(#14459),#14463);
#14459 = LINE('',#14460,#14461);
#14460 = CARTESIAN_POINT('',(-6.28318530718,-13.));
#14461 = VECTOR('',#14462,1.);
#14462 = DIRECTION('',(1.,-0.));
#14463 = ( GEOMETRIC_REPRESENTATION_CONTEXT(2) 
PARAMETRIC_REPRESENTATION_CONTEXT() REPRESENTATION_CONTEXT('2D SPACE',''
  ) );
#14464 = FACE_BOUND('',#14465,.T.);
#14465 = EDGE_LOOP('',(#14466));
#14466 = ORIENTED_EDGE('',*,*,#14467,.T.);
#14467 = EDGE_CURVE('',#14468,#14468,#14470,.T.);
#14468 = VERTEX_POINT('',#14469);
#14469 = CARTESIAN_POINT('',(0.,-13.5,26.));
#14470 = SURFACE_CURVE('',#14471,(#14476,#14487),.PCURVE_S1.);
#14471 = CIRCLE('',#14472,4.5);
#14472 = AXIS2_PLACEMENT_3D('',#14473,#14474,#14475);
#14473 = CARTESIAN_POINT('',(0.,-18.,26.));
#14474 = DIRECTION('',(-1.,0.,0.));
#14475 = DIRECTION('',(0.,1.,0.));
#14476 = PCURVE('',#14012,#14477);
#14477 = DEFINITIONAL_REPRESENTATION('',(#14478),#14486);
#14478 = ( BOUNDED_CURVE() B_SPLINE_CURVE(2,(#14479,#14480,#14481,#14482
    ,#14483,#14484,#14485),.UNSPECIFIED.,.T.,.F.) 
B_SPLINE_CURVE_WITH_KNOTS((1,2,2,2,2,1),(-2.094395102393,0.,
    2.094395102393,4.188790204786,6.28318530718,8.377580409573),
.UNSPECIFIED.) CURVE() GEOMETRIC_REPRESENTATION_ITEM() 
RATIONAL_B_SPLINE_CURVE((1.,0.5,1.,0.5,1.,0.5,1.)) REPRESENTATION_ITEM(
  '') );
#14479 = CARTESIAN_POINT('',(0.,13.5));
#14480 = CARTESIAN_POINT('',(-7.79422863406,13.5));
#14481 = CARTESIAN_POINT('',(-3.89711431703,20.25));
#14482 = CARTESIAN_POINT('',(-1.102182119233E-15,27.));
#14483 = CARTESIAN_POINT('',(3.89711431703,20.25));
#14484 = CARTESIAN_POINT('',(7.79422863406,13.5));
#14485 = CARTESIAN_POINT('',(0.,13.5));
#14486 = ( GEOMETRIC_REPRESENTATION_CONTEXT(2) 
PARAMETRIC_REPRESENTATION_CONTEXT() REPRESENTATION_CONTEXT('2D SPACE',''
  ) );
#14487 = PCURVE('',#14488,#14493);
#14488 = CYLINDRICAL_SURFACE('',#14489,4.5);
#14489 = AXIS2_PLACEMENT_3D('',#14490,#14491,#14492);
#14490 = CARTESIAN_POINT('',(-13.,-18.,26.));
#14491 = DIRECTION('',(-1.,-0.,-0.));
#14492 = DIRECTION('',(0.,1.,0.));
#14493 = DEFINITIONAL_REPRESENTATION('',(#14494),#14498);
#14494 = LINE('',#14495,#14496);
#14495 = CARTESIAN_POINT('',(-6.28318530718,-13.));
#14496 = VECTOR('',#14497,1.);
#14497 = DIRECTION('',(1.,-0.));
#14498 = ( GEOMETRIC_REPRESENTATION_CONTEXT(2) 
PARAMETRIC_REPRESENTATION_CONTEXT() REPRESENTATION_CONTEXT('2D SPACE',''
  ) );
#14499 = ADVANCED_FACE('',(#14500),#14099,.F.);
#14500 = FACE_BOUND('',#14501,.F.);
#14501 = EDGE_LOOP('',(#14502,#14503,#14504,#14505));
#14502 = ORIENTED_EDGE('',*,*,#14204,.T.);
#14503 = ORIENTED_EDGE('',*,*,#14408,.T.);
#14504 = ORIENTED_EDGE('',*,*,#14081,.F.);
#14505 = ORIENTED_EDGE('',*,*,#14274,.F.);
#14506 = ADVANCED_FACE('',(#14507),#14323,.F.);
#14507 = FACE_BOUND('',#14508,.T.);
#14508 = EDGE_LOOP('',(#14509,#14510,#14533,#14560));
#14509 = ORIENTED_EDGE('',*,*,#14302,.T.);
#14510 = ORIENTED_EDGE('',*,*,#14511,.T.);
#14511 = EDGE_CURVE('',#14228,#14512,#14514,.T.);
#14512 = VERTEX_POINT('',#14513);
#14513 = CARTESIAN_POINT('',(-6.,25.,26.));
#14514 = SEAM_CURVE('',#14515,(#14519,#14526),.PCURVE_S1.);
#14515 = LINE('',#14516,#14517);
#14516 = CARTESIAN_POINT('',(-13.,25.,26.));
#14517 = VECTOR('',#14518,1.);
#14518 = DIRECTION('',(1.,0.,0.));
#14519 = PCURVE('',#14323,#14520);
#14520 = DEFINITIONAL_REPRESENTATION('',(#14521),#14525);
#14521 = LINE('',#14522,#14523);
#14522 = CARTESIAN_POINT('',(-6.28318530718,0.));
#14523 = VECTOR('',#14524,1.);
#14524 = DIRECTION('',(-0.,-1.));
#14525 = ( GEOMETRIC_REPRESENTATION_CONTEXT(2) 
PARAMETRIC_REPRESENTATION_CONTEXT() REPRESENTATION_CONTEXT('2D SPACE',''
  ) );
#14526 = PCURVE('',#14323,#14527);
#14527 = DEFINITIONAL_REPRESENTATION('',(#14528),#14532);
#14528 = LINE('',#14529,#14530);
#14529 = CARTESIAN_POINT('',(-0.,0.));
#14530 = VECTOR('',#14531,1.);
#14531 = DIRECTION('',(-0.,-1.));
#14532 = ( GEOMETRIC_REPRESENTATION_CONTEXT(2) 
PARAMETRIC_REPRESENTATION_CONTEXT() REPRESENTATION_CONTEXT('2D SPACE',''
  ) );
#14533 = ORIENTED_EDGE('',*,*,#14534,.T.);
#14534 = EDGE_CURVE('',#14512,#14512,#14535,.T.);
#14535 = SURFACE_CURVE('',#14536,(#14541,#14548),.PCURVE_S1.);
#14536 = CIRCLE('',#14537,7.);
#14537 = AXIS2_PLACEMENT_3D('',#14538,#14539,#14540);
#14538 = CARTESIAN_POINT('',(-6.,18.,26.));
#14539 = DIRECTION('',(1.,0.,0.));
#14540 = DIRECTION('',(0.,1.,0.));
#14541 = PCURVE('',#14323,#14542);
#14542 = DEFINITIONAL_REPRESENTATION('',(#14543),#14547);
#14543 = LINE('',#14544,#14545);
#14544 = CARTESIAN_POINT('',(-0.,-7.));
#14545 = VECTOR('',#14546,1.);
#14546 = DIRECTION('',(-1.,0.));
#14547 = ( GEOMETRIC_REPRESENTATION_CONTEXT(2) 
PARAMETRIC_REPRESENTATION_CONTEXT() REPRESENTATION_CONTEXT('2D SPACE',''
  ) );
#14548 = PCURVE('',#14549,#14554);
#14549 = PLANE('',#14550);
#14550 = AXIS2_PLACEMENT_3D('',#14551,#14552,#14553);
#14551 = CARTESIAN_POINT('',(-6.,18.,26.));
#14552 = DIRECTION('',(1.,0.,0.));
#14553 = DIRECTION('',(-0.,0.,1.));
#14554 = DEFINITIONAL_REPRESENTATION('',(#14555),#14559);
#14555 = CIRCLE('',#14556,7.);
#14556 = AXIS2_PLACEMENT_2D('',#14557,#14558);
#14557 = CARTESIAN_POINT('',(-7.105427357601E-15,0.));
#14558 = DIRECTION('',(0.,-1.));
#14559 = ( GEOMETRIC_REPRESENTATION_CONTEXT(2) 
PARAMETRIC_REPRESENTATION_CONTEXT() REPRESENTATION_CONTEXT('2D SPACE',''
  ) );
#14560 = ORIENTED_EDGE('',*,*,#14511,.F.);
#14561 = ADVANCED_FACE('',(#14562),#14360,.F.);
#14562 = FACE_BOUND('',#14563,.T.);
#14563 = EDGE_LOOP('',(#14564,#14587,#14588,#14609));
#14564 = ORIENTED_EDGE('',*,*,#14565,.F.);
#14565 = EDGE_CURVE('',#14338,#14566,#14568,.T.);
#14566 = VERTEX_POINT('',#14567);
#14567 = CARTESIAN_POINT('',(-6.,-11.,26.));
#14568 = SURFACE_CURVE('',#14569,(#14573,#14580),.PCURVE_S1.);
#14569 = LINE('',#14570,#14571);
#14570 = CARTESIAN_POINT('',(-13.,-11.,26.));
#14571 = VECTOR('',#14572,1.);
#14572 = DIRECTION('',(1.,0.,0.));
#14573 = PCURVE('',#14360,#14574);
#14574 = DEFINITIONAL_REPRESENTATION('',(#14575),#14579);
#14575 = LINE('',#14576,#14577);
#14576 = CARTESIAN_POINT('',(-6.28318530718,0.));
#14577 = VECTOR('',#14578,1.);
#14578 = DIRECTION('',(-0.,-1.));
#14579 = ( GEOMETRIC_REPRESENTATION_CONTEXT(2) 
PARAMETRIC_REPRESENTATION_CONTEXT() REPRESENTATION_CONTEXT('2D SPACE',''
  ) );
#14580 = PCURVE('',#14391,#14581);
#14581 = DEFINITIONAL_REPRESENTATION('',(#14582),#14586);
#14582 = LINE('',#14583,#14584);
#14583 = CARTESIAN_POINT('',(-0.,0.));
#14584 = VECTOR('',#14585,1.);
#14585 = DIRECTION('',(-0.,-1.));
#14586 = ( GEOMETRIC_REPRESENTATION_CONTEXT(2) 
PARAMETRIC_REPRESENTATION_CONTEXT() REPRESENTATION_CONTEXT('2D SPACE',''
  ) );
#14587 = ORIENTED_EDGE('',*,*,#14337,.T.);
#14588 = ORIENTED_EDGE('',*,*,#14589,.F.);
#14589 = EDGE_CURVE('',#14590,#14134,#14592,.T.);
#14590 = VERTEX_POINT('',#14591);
#14591 = CARTESIAN_POINT('',(-6.,-25.,26.));
#14592 = SURFACE_CURVE('',#14593,(#14597,#14603),.PCURVE_S1.);
#14593 = LINE('',#14594,#14595);
#14594 = CARTESIAN_POINT('',(-13.,-25.,26.));
#14595 = VECTOR('',#14596,1.);
#14596 = DIRECTION('',(-1.,-0.,-0.));
#14597 = PCURVE('',#14360,#14598);
#14598 = DEFINITIONAL_REPRESENTATION('',(#14599),#14602);
#14599 = B_SPLINE_CURVE_WITH_KNOTS('',1,(#14600,#14601),.UNSPECIFIED.,
  .F.,.F.,(2,2),(-7.0000006,5.999999999062E-07),
  .PIECEWISE_BEZIER_KNOTS.);
#14600 = CARTESIAN_POINT('',(-3.14159265359,-7.0000006));
#14601 = CARTESIAN_POINT('',(-3.14159265359,5.999999999062E-07));
#14602 = ( GEOMETRIC_REPRESENTATION_CONTEXT(2) 
PARAMETRIC_REPRESENTATION_CONTEXT() REPRESENTATION_CONTEXT('2D SPACE',''
  ) );
#14603 = PCURVE('',#14391,#14604);
#14604 = DEFINITIONAL_REPRESENTATION('',(#14605),#14608);
#14605 = B_SPLINE_CURVE_WITH_KNOTS('',1,(#14606,#14607),.UNSPECIFIED.,
  .F.,.F.,(2,2),(-7.0000006,5.999999999062E-07),
  .PIECEWISE_BEZIER_KNOTS.);
#14606 = CARTESIAN_POINT('',(-3.14159265359,-7.0000006));
#14607 = CARTESIAN_POINT('',(-3.14159265359,5.999999999062E-07));
#14608 = ( GEOMETRIC_REPRESENTATION_CONTEXT(2) 
PARAMETRIC_REPRESENTATION_CONTEXT() REPRESENTATION_CONTEXT('2D SPACE',''
  ) );
#14609 = ORIENTED_EDGE('',*,*,#14610,.T.);
#14610 = EDGE_CURVE('',#14590,#14566,#14611,.T.);
#14611 = SURFACE_CURVE('',#14612,(#14617,#14624),.PCURVE_S1.);
#14612 = CIRCLE('',#14613,7.);
#14613 = AXIS2_PLACEMENT_3D('',#14614,#14615,#14616);
#14614 = CARTESIAN_POINT('',(-6.,-18.,26.));
#14615 = DIRECTION('',(1.,0.,0.));
#14616 = DIRECTION('',(0.,1.,0.));
#14617 = PCURVE('',#14360,#14618);
#14618 = DEFINITIONAL_REPRESENTATION('',(#14619),#14623);
#14619 = LINE('',#14620,#14621);
#14620 = CARTESIAN_POINT('',(-0.,-7.));
#14621 = VECTOR('',#14622,1.);
#14622 = DIRECTION('',(-1.,0.));
#14623 = ( GEOMETRIC_REPRESENTATION_CONTEXT(2) 
PARAMETRIC_REPRESENTATION_CONTEXT() REPRESENTATION_CONTEXT('2D SPACE',''
  ) );
#14624 = PCURVE('',#14625,#14630);
#14625 = PLANE('',#14626);
#14626 = AXIS2_PLACEMENT_3D('',#14627,#14628,#14629);
#14627 = CARTESIAN_POINT('',(-6.,-18.,26.));
#14628 = DIRECTION('',(1.,0.,0.));
#14629 = DIRECTION('',(-0.,0.,1.));
#14630 = DEFINITIONAL_REPRESENTATION('',(#14631),#14635);
#14631 = CIRCLE('',#14632,7.);
#14632 = AXIS2_PLACEMENT_2D('',#14633,#14634);
#14633 = CARTESIAN_POINT('',(-7.105427357601E-15,-7.105427357601E-15));
#14634 = DIRECTION('',(0.,-1.));
#14635 = ( GEOMETRIC_REPRESENTATION_CONTEXT(2) 
PARAMETRIC_REPRESENTATION_CONTEXT() REPRESENTATION_CONTEXT('2D SPACE',''
  ) );
#14636 = ADVANCED_FACE('',(#14637),#14391,.F.);
#14637 = FACE_BOUND('',#14638,.T.);
#14638 = EDGE_LOOP('',(#14639,#14640,#14641,#14663));
#14639 = ORIENTED_EDGE('',*,*,#14372,.T.);
#14640 = ORIENTED_EDGE('',*,*,#14565,.T.);
#14641 = ORIENTED_EDGE('',*,*,#14642,.T.);
#14642 = EDGE_CURVE('',#14566,#14590,#14643,.T.);
#14643 = SURFACE_CURVE('',#14644,(#14649,#14656),.PCURVE_S1.);
#14644 = CIRCLE('',#14645,7.);
#14645 = AXIS2_PLACEMENT_3D('',#14646,#14647,#14648);
#14646 = CARTESIAN_POINT('',(-6.,-18.,26.));
#14647 = DIRECTION('',(1.,0.,0.));
#14648 = DIRECTION('',(0.,1.,0.));
#14649 = PCURVE('',#14391,#14650);
#14650 = DEFINITIONAL_REPRESENTATION('',(#14651),#14655);
#14651 = LINE('',#14652,#14653);
#14652 = CARTESIAN_POINT('',(-0.,-7.));
#14653 = VECTOR('',#14654,1.);
#14654 = DIRECTION('',(-1.,0.));
#14655 = ( GEOMETRIC_REPRESENTATION_CONTEXT(2) 
PARAMETRIC_REPRESENTATION_CONTEXT() REPRESENTATION_CONTEXT('2D SPACE',''
  ) );
#14656 = PCURVE('',#14625,#14657);
#14657 = DEFINITIONAL_REPRESENTATION('',(#14658),#14662);
#14658 = CIRCLE('',#14659,7.);
#14659 = AXIS2_PLACEMENT_2D('',#14660,#14661);
#14660 = CARTESIAN_POINT('',(-7.105427357601E-15,-7.105427357601E-15));
#14661 = DIRECTION('',(0.,-1.));
#14662 = ( GEOMETRIC_REPRESENTATION_CONTEXT(2) 
PARAMETRIC_REPRESENTATION_CONTEXT() REPRESENTATION_CONTEXT('2D SPACE',''
  ) );
#14663 = ORIENTED_EDGE('',*,*,#14589,.T.);
#14664 = ADVANCED_FACE('',(#14665),#14453,.F.);
#14665 = FACE_BOUND('',#14666,.T.);
#14666 = EDGE_LOOP('',(#14667,#14695,#14716,#14717));
#14667 = ORIENTED_EDGE('',*,*,#14668,.T.);
#14668 = EDGE_CURVE('',#14669,#14669,#14671,.T.);
#14669 = VERTEX_POINT('',#14670);
#14670 = CARTESIAN_POINT('',(-6.,22.5,26.));
#14671 = SURFACE_CURVE('',#14672,(#14677,#14684),.PCURVE_S1.);
#14672 = CIRCLE('',#14673,4.5);
#14673 = AXIS2_PLACEMENT_3D('',#14674,#14675,#14676);
#14674 = CARTESIAN_POINT('',(-6.,18.,26.));
#14675 = DIRECTION('',(-1.,0.,0.));
#14676 = DIRECTION('',(0.,1.,0.));
#14677 = PCURVE('',#14453,#14678);
#14678 = DEFINITIONAL_REPRESENTATION('',(#14679),#14683);
#14679 = LINE('',#14680,#14681);
#14680 = CARTESIAN_POINT('',(-6.28318530718,-7.));
#14681 = VECTOR('',#14682,1.);
#14682 = DIRECTION('',(1.,-0.));
#14683 = ( GEOMETRIC_REPRESENTATION_CONTEXT(2) 
PARAMETRIC_REPRESENTATION_CONTEXT() REPRESENTATION_CONTEXT('2D SPACE',''
  ) );
#14684 = PCURVE('',#14549,#14685);
#14685 = DEFINITIONAL_REPRESENTATION('',(#14686),#14694);
#14686 = ( BOUNDED_CURVE() B_SPLINE_CURVE(2,(#14687,#14688,#14689,#14690
    ,#14691,#14692,#14693),.UNSPECIFIED.,.T.,.F.) 
B_SPLINE_CURVE_WITH_KNOTS((1,2,2,2,2,1),(-2.094395102393,0.,
    2.094395102393,4.188790204786,6.28318530718,8.377580409573),
.UNSPECIFIED.) CURVE() GEOMETRIC_REPRESENTATION_ITEM() 
RATIONAL_B_SPLINE_CURVE((1.,0.5,1.,0.5,1.,0.5,1.)) REPRESENTATION_ITEM(
  '') );
#14687 = CARTESIAN_POINT('',(-7.105427357601E-15,-4.5));
#14688 = CARTESIAN_POINT('',(-7.79422863406,-4.5));
#14689 = CARTESIAN_POINT('',(-3.89711431703,2.25));
#14690 = CARTESIAN_POINT('',(-8.207609476834E-15,9.));
#14691 = CARTESIAN_POINT('',(3.89711431703,2.25));
#14692 = CARTESIAN_POINT('',(7.79422863406,-4.5));
#14693 = CARTESIAN_POINT('',(-7.105427357601E-15,-4.5));
#14694 = ( GEOMETRIC_REPRESENTATION_CONTEXT(2) 
PARAMETRIC_REPRESENTATION_CONTEXT() REPRESENTATION_CONTEXT('2D SPACE',''
  ) );
#14695 = ORIENTED_EDGE('',*,*,#14696,.T.);
#14696 = EDGE_CURVE('',#14669,#14433,#14697,.T.);
#14697 = SEAM_CURVE('',#14698,(#14702,#14709),.PCURVE_S1.);
#14698 = LINE('',#14699,#14700);
#14699 = CARTESIAN_POINT('',(-13.,22.5,26.));
#14700 = VECTOR('',#14701,1.);
#14701 = DIRECTION('',(1.,0.,0.));
#14702 = PCURVE('',#14453,#14703);
#14703 = DEFINITIONAL_REPRESENTATION('',(#14704),#14708);
#14704 = LINE('',#14705,#14706);
#14705 = CARTESIAN_POINT('',(-6.28318530718,0.));
#14706 = VECTOR('',#14707,1.);
#14707 = DIRECTION('',(-0.,-1.));
#14708 = ( GEOMETRIC_REPRESENTATION_CONTEXT(2) 
PARAMETRIC_REPRESENTATION_CONTEXT() REPRESENTATION_CONTEXT('2D SPACE',''
  ) );
#14709 = PCURVE('',#14453,#14710);
#14710 = DEFINITIONAL_REPRESENTATION('',(#14711),#14715);
#14711 = LINE('',#14712,#14713);
#14712 = CARTESIAN_POINT('',(-0.,0.));
#14713 = VECTOR('',#14714,1.);
#14714 = DIRECTION('',(-0.,-1.));
#14715 = ( GEOMETRIC_REPRESENTATION_CONTEXT(2) 
PARAMETRIC_REPRESENTATION_CONTEXT() REPRESENTATION_CONTEXT('2D SPACE',''
  ) );
#14716 = ORIENTED_EDGE('',*,*,#14432,.F.);
#14717 = ORIENTED_EDGE('',*,*,#14696,.F.);
#14718 = ADVANCED_FACE('',(#14719),#14488,.F.);
#14719 = FACE_BOUND('',#14720,.T.);
#14720 = EDGE_LOOP('',(#14721,#14749,#14770,#14771));
#14721 = ORIENTED_EDGE('',*,*,#14722,.T.);
#14722 = EDGE_CURVE('',#14723,#14723,#14725,.T.);
#14723 = VERTEX_POINT('',#14724);
#14724 = CARTESIAN_POINT('',(-6.,-13.5,26.));
#14725 = SURFACE_CURVE('',#14726,(#14731,#14738),.PCURVE_S1.);
#14726 = CIRCLE('',#14727,4.5);
#14727 = AXIS2_PLACEMENT_3D('',#14728,#14729,#14730);
#14728 = CARTESIAN_POINT('',(-6.,-18.,26.));
#14729 = DIRECTION('',(-1.,0.,0.));
#14730 = DIRECTION('',(0.,1.,0.));
#14731 = PCURVE('',#14488,#14732);
#14732 = DEFINITIONAL_REPRESENTATION('',(#14733),#14737);
#14733 = LINE('',#14734,#14735);
#14734 = CARTESIAN_POINT('',(-6.28318530718,-7.));
#14735 = VECTOR('',#14736,1.);
#14736 = DIRECTION('',(1.,-0.));
#14737 = ( GEOMETRIC_REPRESENTATION_CONTEXT(2) 
PARAMETRIC_REPRESENTATION_CONTEXT() REPRESENTATION_CONTEXT('2D SPACE',''
  ) );
#14738 = PCURVE('',#14625,#14739);
#14739 = DEFINITIONAL_REPRESENTATION('',(#14740),#14748);
#14740 = ( BOUNDED_CURVE() B_SPLINE_CURVE(2,(#14741,#14742,#14743,#14744
    ,#14745,#14746,#14747),.UNSPECIFIED.,.T.,.F.) 
B_SPLINE_CURVE_WITH_KNOTS((1,2,2,2,2,1),(-2.094395102393,0.,
    2.094395102393,4.188790204786,6.28318530718,8.377580409573),
.UNSPECIFIED.) CURVE() GEOMETRIC_REPRESENTATION_ITEM() 
RATIONAL_B_SPLINE_CURVE((1.,0.5,1.,0.5,1.,0.5,1.)) REPRESENTATION_ITEM(
  '') );
#14741 = CARTESIAN_POINT('',(-7.105427357601E-15,-4.5));
#14742 = CARTESIAN_POINT('',(-7.79422863406,-4.5));
#14743 = CARTESIAN_POINT('',(-3.89711431703,2.25));
#14744 = CARTESIAN_POINT('',(-8.207609476834E-15,9.));
#14745 = CARTESIAN_POINT('',(3.89711431703,2.25));
#14746 = CARTESIAN_POINT('',(7.79422863406,-4.5));
#14747 = CARTESIAN_POINT('',(-7.105427357601E-15,-4.5));
#14748 = ( GEOMETRIC_REPRESENTATION_CONTEXT(2) 
PARAMETRIC_REPRESENTATION_CONTEXT() REPRESENTATION_CONTEXT('2D SPACE',''
  ) );
#14749 = ORIENTED_EDGE('',*,*,#14750,.T.);
#14750 = EDGE_CURVE('',#14723,#14468,#14751,.T.);
#14751 = SEAM_CURVE('',#14752,(#14756,#14763),.PCURVE_S1.);
#14752 = LINE('',#14753,#14754);
#14753 = CARTESIAN_POINT('',(-13.,-13.5,26.));
#14754 = VECTOR('',#14755,1.);
#14755 = DIRECTION('',(1.,0.,0.));
#14756 = PCURVE('',#14488,#14757);
#14757 = DEFINITIONAL_REPRESENTATION('',(#14758),#14762);
#14758 = LINE('',#14759,#14760);
#14759 = CARTESIAN_POINT('',(-6.28318530718,0.));
#14760 = VECTOR('',#14761,1.);
#14761 = DIRECTION('',(-0.,-1.));
#14762 = ( GEOMETRIC_REPRESENTATION_CONTEXT(2) 
PARAMETRIC_REPRESENTATION_CONTEXT() REPRESENTATION_CONTEXT('2D SPACE',''
  ) );
#14763 = PCURVE('',#14488,#14764);
#14764 = DEFINITIONAL_REPRESENTATION('',(#14765),#14769);
#14765 = LINE('',#14766,#14767);
#14766 = CARTESIAN_POINT('',(-0.,0.));
#14767 = VECTOR('',#14768,1.);
#14768 = DIRECTION('',(-0.,-1.));
#14769 = ( GEOMETRIC_REPRESENTATION_CONTEXT(2) 
PARAMETRIC_REPRESENTATION_CONTEXT() REPRESENTATION_CONTEXT('2D SPACE',''
  ) );
#14770 = ORIENTED_EDGE('',*,*,#14467,.F.);
#14771 = ORIENTED_EDGE('',*,*,#14750,.F.);
#14772 = ADVANCED_FACE('',(#14773,#14776),#14549,.F.);
#14773 = FACE_BOUND('',#14774,.F.);
#14774 = EDGE_LOOP('',(#14775));
#14775 = ORIENTED_EDGE('',*,*,#14534,.T.);
#14776 = FACE_BOUND('',#14777,.F.);
#14777 = EDGE_LOOP('',(#14778));
#14778 = ORIENTED_EDGE('',*,*,#14668,.T.);
#14779 = ADVANCED_FACE('',(#14780,#14784),#14625,.F.);
#14780 = FACE_BOUND('',#14781,.F.);
#14781 = EDGE_LOOP('',(#14782,#14783));
#14782 = ORIENTED_EDGE('',*,*,#14642,.T.);
#14783 = ORIENTED_EDGE('',*,*,#14610,.T.);
#14784 = FACE_BOUND('',#14785,.F.);
#14785 = EDGE_LOOP('',(#14786));
#14786 = ORIENTED_EDGE('',*,*,#14722,.T.);
#14787 = ( GEOMETRIC_REPRESENTATION_CONTEXT(3) 
GLOBAL_UNCERTAINTY_ASSIGNED_CONTEXT((#14791)) 
GLOBAL_UNIT_ASSIGNED_CONTEXT((#14788,#14789,#14790)) 
REPRESENTATION_CONTEXT('Context #1',
  '3D Context with UNIT and UNCERTAINTY') );
#14788 = ( LENGTH_UNIT() NAMED_UNIT(*) SI_UNIT(.MILLI.,.METRE.) );
#14789 = ( NAMED_UNIT(*) PLANE_ANGLE_UNIT() SI_UNIT($,.RADIAN.) );
#14790 = ( NAMED_UNIT(*) SI_UNIT($,.STERADIAN.) SOLID_ANGLE_UNIT() );
#14791 = UNCERTAINTY_MEASURE_WITH_UNIT(LENGTH_MEASURE(1.E-07),#14788,
  'distance_accuracy_value','confusion accuracy');
#14792 = CONTEXT_DEPENDENT_SHAPE_REPRESENTATION(#14793,#14795);
#14793 = ( REPRESENTATION_RELATIONSHIP('','',#13954,#10) 
REPRESENTATION_RELATIONSHIP_WITH_TRANSFORMATION(#14794) 
SHAPE_REPRESENTATION_RELATIONSHIP() );
#14794 = ITEM_DEFINED_TRANSFORMATION('','',#11,#55);
#14795 = PRODUCT_DEFINITION_SHAPE('Placement','Placement of an item',
  #14796);
#14796 = NEXT_ASSEMBLY_USAGE_OCCURRENCE('11','P7-bearing-pad','',#5,
  #13949,$);
#14797 = PRODUCT_RELATED_PRODUCT_CATEGORY('part',$,(#13951));
#14798 = SHAPE_DEFINITION_REPRESENTATION(#14799,#14805);
#14799 = PRODUCT_DEFINITION_SHAPE('','',#14800);
#14800 = PRODUCT_DEFINITION('design','',#14801,#14804);
#14801 = PRODUCT_DEFINITION_FORMATION('','',#14802);
#14802 = PRODUCT('P7-bearing-pad-mirror','P7-bearing-pad-mirror','',(
    #14803));
#14803 = PRODUCT_CONTEXT('',#2,'mechanical');
#14804 = PRODUCT_DEFINITION_CONTEXT('part definition',#2,'design');
#14805 = ADVANCED_BREP_SHAPE_REPRESENTATION('',(#11,#14806),#15624);
#14806 = MANIFOLD_SOLID_BREP('',#14807);
#14807 = CLOSED_SHELL('',(#14808,#14928,#15027,#15121,#15241,#15330,
    #15337,#15396,#15477,#15509,#15559,#15609,#15616));
#14808 = ADVANCED_FACE('',(#14809),#14823,.F.);
#14809 = FACE_BOUND('',#14810,.T.);
#14810 = EDGE_LOOP('',(#14811,#14846,#14874,#14902));
#14811 = ORIENTED_EDGE('',*,*,#14812,.T.);
#14812 = EDGE_CURVE('',#14813,#14815,#14817,.T.);
#14813 = VERTEX_POINT('',#14814);
#14814 = CARTESIAN_POINT('',(-12.,-25.,-11.));
#14815 = VERTEX_POINT('',#14816);
#14816 = CARTESIAN_POINT('',(0.,-25.,-11.));
#14817 = SURFACE_CURVE('',#14818,(#14822,#14834),.PCURVE_S1.);
#14818 = LINE('',#14819,#14820);
#14819 = CARTESIAN_POINT('',(-12.,-25.,-11.));
#14820 = VECTOR('',#14821,1.);
#14821 = DIRECTION('',(1.,-0.,-0.));
#14822 = PCURVE('',#14823,#14828);
#14823 = PLANE('',#14824);
#14824 = AXIS2_PLACEMENT_3D('',#14825,#14826,#14827);
#14825 = CARTESIAN_POINT('',(-12.,-25.,-11.));
#14826 = DIRECTION('',(-0.,-0.,-1.));
#14827 = DIRECTION('',(0.,-1.,0.));
#14828 = DEFINITIONAL_REPRESENTATION('',(#14829),#14833);
#14829 = LINE('',#14830,#14831);
#14830 = CARTESIAN_POINT('',(-0.,-0.));
#14831 = VECTOR('',#14832,1.);
#14832 = DIRECTION('',(-0.,-1.));
#14833 = ( GEOMETRIC_REPRESENTATION_CONTEXT(2) 
PARAMETRIC_REPRESENTATION_CONTEXT() REPRESENTATION_CONTEXT('2D SPACE',''
  ) );
#14834 = PCURVE('',#14835,#14840);
#14835 = PLANE('',#14836);
#14836 = AXIS2_PLACEMENT_3D('',#14837,#14838,#14839);
#14837 = CARTESIAN_POINT('',(-12.,-25.,-41.));
#14838 = DIRECTION('',(-0.,1.,-0.));
#14839 = DIRECTION('',(0.,0.,-1.));
#14840 = DEFINITIONAL_REPRESENTATION('',(#14841),#14845);
#14841 = LINE('',#14842,#14843);
#14842 = CARTESIAN_POINT('',(-30.,0.));
#14843 = VECTOR('',#14844,1.);
#14844 = DIRECTION('',(-0.,-1.));
#14845 = ( GEOMETRIC_REPRESENTATION_CONTEXT(2) 
PARAMETRIC_REPRESENTATION_CONTEXT() REPRESENTATION_CONTEXT('2D SPACE',''
  ) );
#14846 = ORIENTED_EDGE('',*,*,#14847,.T.);
#14847 = EDGE_CURVE('',#14815,#14848,#14850,.T.);
#14848 = VERTEX_POINT('',#14849);
#14849 = CARTESIAN_POINT('',(0.,25.,-11.));
#14850 = SURFACE_CURVE('',#14851,(#14855,#14862),.PCURVE_S1.);
#14851 = LINE('',#14852,#14853);
#14852 = CARTESIAN_POINT('',(0.,-25.,-11.));
#14853 = VECTOR('',#14854,1.);
#14854 = DIRECTION('',(-0.,1.,-0.));
#14855 = PCURVE('',#14823,#14856);
#14856 = DEFINITIONAL_REPRESENTATION('',(#14857),#14861);
#14857 = LINE('',#14858,#14859);
#14858 = CARTESIAN_POINT('',(-0.,-12.));
#14859 = VECTOR('',#14860,1.);
#14860 = DIRECTION('',(-1.,-0.));
#14861 = ( GEOMETRIC_REPRESENTATION_CONTEXT(2) 
PARAMETRIC_REPRESENTATION_CONTEXT() REPRESENTATION_CONTEXT('2D SPACE',''
  ) );
#14862 = PCURVE('',#14863,#14868);
#14863 = PLANE('',#14864);
#14864 = AXIS2_PLACEMENT_3D('',#14865,#14866,#14867);
#14865 = CARTESIAN_POINT('',(0.,0.,-26.));
#14866 = DIRECTION('',(1.,-0.,-0.));
#14867 = DIRECTION('',(0.,0.,1.));
#14868 = DEFINITIONAL_REPRESENTATION('',(#14869),#14873);
#14869 = LINE('',#14870,#14871);
#14870 = CARTESIAN_POINT('',(15.,25.));
#14871 = VECTOR('',#14872,1.);
#14872 = DIRECTION('',(-0.,-1.));
#14873 = ( GEOMETRIC_REPRESENTATION_CONTEXT(2) 
PARAMETRIC_REPRESENTATION_CONTEXT() REPRESENTATION_CONTEXT('2D SPACE',''
  ) );
#14874 = ORIENTED_EDGE('',*,*,#14875,.F.);
#14875 = EDGE_CURVE('',#14876,#14848,#14878,.T.);
#14876 = VERTEX_POINT('',#14877);
#14877 = CARTESIAN_POINT('',(-12.,25.,-11.));
#14878 = SURFACE_CURVE('',#14879,(#14883,#14890),.PCURVE_S1.);
#14879 = LINE('',#14880,#14881);
#14880 = CARTESIAN_POINT('',(-12.,25.,-11.));
#14881 = VECTOR('',#14882,1.);
#14882 = DIRECTION('',(1.,-0.,-0.));
#14883 = PCURVE('',#14823,#14884);
#14884 = DEFINITIONAL_REPRESENTATION('',(#14885),#14889);
#14885 = LINE('',#14886,#14887);
#14886 = CARTESIAN_POINT('',(-50.,-0.));
#14887 = VECTOR('',#14888,1.);
#14888 = DIRECTION('',(-0.,-1.));
#14889 = ( GEOMETRIC_REPRESENTATION_CONTEXT(2) 
PARAMETRIC_REPRESENTATION_CONTEXT() REPRESENTATION_CONTEXT('2D SPACE',''
  ) );
#14890 = PCURVE('',#14891,#14896);
#14891 = PLANE('',#14892);
#14892 = AXIS2_PLACEMENT_3D('',#14893,#14894,#14895);
#14893 = CARTESIAN_POINT('',(-12.,25.,-11.));
#14894 = DIRECTION('',(-0.,-1.,-0.));
#14895 = DIRECTION('',(0.,0.,1.));
#14896 = DEFINITIONAL_REPRESENTATION('',(#14897),#14901);
#14897 = LINE('',#14898,#14899);
#14898 = CARTESIAN_POINT('',(-0.,-0.));
#14899 = VECTOR('',#14900,1.);
#14900 = DIRECTION('',(-0.,-1.));
#14901 = ( GEOMETRIC_REPRESENTATION_CONTEXT(2) 
PARAMETRIC_REPRESENTATION_CONTEXT() REPRESENTATION_CONTEXT('2D SPACE',''
  ) );
#14902 = ORIENTED_EDGE('',*,*,#14903,.F.);
#14903 = EDGE_CURVE('',#14813,#14876,#14904,.T.);
#14904 = SURFACE_CURVE('',#14905,(#14909,#14916),.PCURVE_S1.);
#14905 = LINE('',#14906,#14907);
#14906 = CARTESIAN_POINT('',(-12.,-25.,-11.));
#14907 = VECTOR('',#14908,1.);
#14908 = DIRECTION('',(-0.,1.,-0.));
#14909 = PCURVE('',#14823,#14910);
#14910 = DEFINITIONAL_REPRESENTATION('',(#14911),#14915);
#14911 = LINE('',#14912,#14913);
#14912 = CARTESIAN_POINT('',(-0.,-0.));
#14913 = VECTOR('',#14914,1.);
#14914 = DIRECTION('',(-1.,-0.));
#14915 = ( GEOMETRIC_REPRESENTATION_CONTEXT(2) 
PARAMETRIC_REPRESENTATION_CONTEXT() REPRESENTATION_CONTEXT('2D SPACE',''
  ) );
#14916 = PCURVE('',#14917,#14922);
#14917 = PLANE('',#14918);
#14918 = AXIS2_PLACEMENT_3D('',#14919,#14920,#14921);
#14919 = CARTESIAN_POINT('',(-12.,0.,-26.));
#14920 = DIRECTION('',(1.,-0.,-0.));
#14921 = DIRECTION('',(0.,0.,1.));
#14922 = DEFINITIONAL_REPRESENTATION('',(#14923),#14927);
#14923 = LINE('',#14924,#14925);
#14924 = CARTESIAN_POINT('',(15.,25.));
#14925 = VECTOR('',#14926,1.);
#14926 = DIRECTION('',(-0.,-1.));
#14927 = ( GEOMETRIC_REPRESENTATION_CONTEXT(2) 
PARAMETRIC_REPRESENTATION_CONTEXT() REPRESENTATION_CONTEXT('2D SPACE',''
  ) );
#14928 = ADVANCED_FACE('',(#14929),#14835,.F.);
#14929 = FACE_BOUND('',#14930,.T.);
#14930 = EDGE_LOOP('',(#14931,#14961,#14982,#14983,#15006));
#14931 = ORIENTED_EDGE('',*,*,#14932,.T.);
#14932 = EDGE_CURVE('',#14933,#14935,#14937,.T.);
#14933 = VERTEX_POINT('',#14934);
#14934 = CARTESIAN_POINT('',(-12.,-25.,-41.));
#14935 = VERTEX_POINT('',#14936);
#14936 = CARTESIAN_POINT('',(0.,-25.,-41.));
#14937 = SURFACE_CURVE('',#14938,(#14942,#14949),.PCURVE_S1.);
#14938 = LINE('',#14939,#14940);
#14939 = CARTESIAN_POINT('',(-12.,-25.,-41.));
#14940 = VECTOR('',#14941,1.);
#14941 = DIRECTION('',(1.,-0.,-0.));
#14942 = PCURVE('',#14835,#14943);
#14943 = DEFINITIONAL_REPRESENTATION('',(#14944),#14948);
#14944 = LINE('',#14945,#14946);
#14945 = CARTESIAN_POINT('',(-0.,0.));
#14946 = VECTOR('',#14947,1.);
#14947 = DIRECTION('',(-0.,-1.));
#14948 = ( GEOMETRIC_REPRESENTATION_CONTEXT(2) 
PARAMETRIC_REPRESENTATION_CONTEXT() REPRESENTATION_CONTEXT('2D SPACE',''
  ) );
#14949 = PCURVE('',#14950,#14955);
#14950 = PLANE('',#14951);
#14951 = AXIS2_PLACEMENT_3D('',#14952,#14953,#14954);
#14952 = CARTESIAN_POINT('',(-12.,25.,-41.));
#14953 = DIRECTION('',(-0.,-0.,1.));
#14954 = DIRECTION('',(0.,1.,0.));
#14955 = DEFINITIONAL_REPRESENTATION('',(#14956),#14960);
#14956 = LINE('',#14957,#14958);
#14957 = CARTESIAN_POINT('',(-50.,0.));
#14958 = VECTOR('',#14959,1.);
#14959 = DIRECTION('',(-0.,-1.));
#14960 = ( GEOMETRIC_REPRESENTATION_CONTEXT(2) 
PARAMETRIC_REPRESENTATION_CONTEXT() REPRESENTATION_CONTEXT('2D SPACE',''
  ) );
#14961 = ORIENTED_EDGE('',*,*,#14962,.T.);
#14962 = EDGE_CURVE('',#14935,#14815,#14963,.T.);
#14963 = SURFACE_CURVE('',#14964,(#14968,#14975),.PCURVE_S1.);
#14964 = LINE('',#14965,#14966);
#14965 = CARTESIAN_POINT('',(0.,-25.,-41.));
#14966 = VECTOR('',#14967,1.);
#14967 = DIRECTION('',(-0.,-0.,1.));
#14968 = PCURVE('',#14835,#14969);
#14969 = DEFINITIONAL_REPRESENTATION('',(#14970),#14974);
#14970 = LINE('',#14971,#14972);
#14971 = CARTESIAN_POINT('',(-0.,-12.));
#14972 = VECTOR('',#14973,1.);
#14973 = DIRECTION('',(-1.,-0.));
#14974 = ( GEOMETRIC_REPRESENTATION_CONTEXT(2) 
PARAMETRIC_REPRESENTATION_CONTEXT() REPRESENTATION_CONTEXT('2D SPACE',''
  ) );
#14975 = PCURVE('',#14863,#14976);
#14976 = DEFINITIONAL_REPRESENTATION('',(#14977),#14981);
#14977 = LINE('',#14978,#14979);
#14978 = CARTESIAN_POINT('',(-15.,25.));
#14979 = VECTOR('',#14980,1.);
#14980 = DIRECTION('',(1.,-0.));
#14981 = ( GEOMETRIC_REPRESENTATION_CONTEXT(2) 
PARAMETRIC_REPRESENTATION_CONTEXT() REPRESENTATION_CONTEXT('2D SPACE',''
  ) );
#14982 = ORIENTED_EDGE('',*,*,#14812,.F.);
#14983 = ORIENTED_EDGE('',*,*,#14984,.F.);
#14984 = EDGE_CURVE('',#14985,#14813,#14987,.T.);
#14985 = VERTEX_POINT('',#14986);
#14986 = CARTESIAN_POINT('',(-12.,-25.,-26.));
#14987 = SURFACE_CURVE('',#14988,(#14992,#14999),.PCURVE_S1.);
#14988 = LINE('',#14989,#14990);
#14989 = CARTESIAN_POINT('',(-12.,-25.,-41.));
#14990 = VECTOR('',#14991,1.);
#14991 = DIRECTION('',(-0.,-0.,1.));
#14992 = PCURVE('',#14835,#14993);
#14993 = DEFINITIONAL_REPRESENTATION('',(#14994),#14998);
#14994 = LINE('',#14995,#14996);
#14995 = CARTESIAN_POINT('',(-0.,0.));
#14996 = VECTOR('',#14997,1.);
#14997 = DIRECTION('',(-1.,-0.));
#14998 = ( GEOMETRIC_REPRESENTATION_CONTEXT(2) 
PARAMETRIC_REPRESENTATION_CONTEXT() REPRESENTATION_CONTEXT('2D SPACE',''
  ) );
#14999 = PCURVE('',#14917,#15000);
#15000 = DEFINITIONAL_REPRESENTATION('',(#15001),#15005);
#15001 = LINE('',#15002,#15003);
#15002 = CARTESIAN_POINT('',(-15.,25.));
#15003 = VECTOR('',#15004,1.);
#15004 = DIRECTION('',(1.,-0.));
#15005 = ( GEOMETRIC_REPRESENTATION_CONTEXT(2) 
PARAMETRIC_REPRESENTATION_CONTEXT() REPRESENTATION_CONTEXT('2D SPACE',''
  ) );
#15006 = ORIENTED_EDGE('',*,*,#15007,.F.);
#15007 = EDGE_CURVE('',#14933,#14985,#15008,.T.);
#15008 = SURFACE_CURVE('',#15009,(#15013,#15020),.PCURVE_S1.);
#15009 = LINE('',#15010,#15011);
#15010 = CARTESIAN_POINT('',(-12.,-25.,-41.));
#15011 = VECTOR('',#15012,1.);
#15012 = DIRECTION('',(-0.,-0.,1.));
#15013 = PCURVE('',#14835,#15014);
#15014 = DEFINITIONAL_REPRESENTATION('',(#15015),#15019);
#15015 = LINE('',#15016,#15017);
#15016 = CARTESIAN_POINT('',(-0.,0.));
#15017 = VECTOR('',#15018,1.);
#15018 = DIRECTION('',(-1.,-0.));
#15019 = ( GEOMETRIC_REPRESENTATION_CONTEXT(2) 
PARAMETRIC_REPRESENTATION_CONTEXT() REPRESENTATION_CONTEXT('2D SPACE',''
  ) );
#15020 = PCURVE('',#14917,#15021);
#15021 = DEFINITIONAL_REPRESENTATION('',(#15022),#15026);
#15022 = LINE('',#15023,#15024);
#15023 = CARTESIAN_POINT('',(-15.,25.));
#15024 = VECTOR('',#15025,1.);
#15025 = DIRECTION('',(1.,-0.));
#15026 = ( GEOMETRIC_REPRESENTATION_CONTEXT(2) 
PARAMETRIC_REPRESENTATION_CONTEXT() REPRESENTATION_CONTEXT('2D SPACE',''
  ) );
#15027 = ADVANCED_FACE('',(#15028),#14891,.F.);
#15028 = FACE_BOUND('',#15029,.T.);
#15029 = EDGE_LOOP('',(#15030,#15031,#15054,#15077,#15100));
#15030 = ORIENTED_EDGE('',*,*,#14875,.T.);
#15031 = ORIENTED_EDGE('',*,*,#15032,.T.);
#15032 = EDGE_CURVE('',#14848,#15033,#15035,.T.);
#15033 = VERTEX_POINT('',#15034);
#15034 = CARTESIAN_POINT('',(0.,25.,-41.));
#15035 = SURFACE_CURVE('',#15036,(#15040,#15047),.PCURVE_S1.);
#15036 = LINE('',#15037,#15038);
#15037 = CARTESIAN_POINT('',(0.,25.,-11.));
#15038 = VECTOR('',#15039,1.);
#15039 = DIRECTION('',(-0.,-0.,-1.));
#15040 = PCURVE('',#14891,#15041);
#15041 = DEFINITIONAL_REPRESENTATION('',(#15042),#15046);
#15042 = LINE('',#15043,#15044);
#15043 = CARTESIAN_POINT('',(-0.,-12.));
#15044 = VECTOR('',#15045,1.);
#15045 = DIRECTION('',(-1.,0.));
#15046 = ( GEOMETRIC_REPRESENTATION_CONTEXT(2) 
PARAMETRIC_REPRESENTATION_CONTEXT() REPRESENTATION_CONTEXT('2D SPACE',''
  ) );
#15047 = PCURVE('',#14863,#15048);
#15048 = DEFINITIONAL_REPRESENTATION('',(#15049),#15053);
#15049 = LINE('',#15050,#15051);
#15050 = CARTESIAN_POINT('',(15.,-25.));
#15051 = VECTOR('',#15052,1.);
#15052 = DIRECTION('',(-1.,0.));
#15053 = ( GEOMETRIC_REPRESENTATION_CONTEXT(2) 
PARAMETRIC_REPRESENTATION_CONTEXT() REPRESENTATION_CONTEXT('2D SPACE',''
  ) );
#15054 = ORIENTED_EDGE('',*,*,#15055,.F.);
#15055 = EDGE_CURVE('',#15056,#15033,#15058,.T.);
#15056 = VERTEX_POINT('',#15057);
#15057 = CARTESIAN_POINT('',(-12.,25.,-41.));
#15058 = SURFACE_CURVE('',#15059,(#15063,#15070),.PCURVE_S1.);
#15059 = LINE('',#15060,#15061);
#15060 = CARTESIAN_POINT('',(-12.,25.,-41.));
#15061 = VECTOR('',#15062,1.);
#15062 = DIRECTION('',(1.,-0.,-0.));
#15063 = PCURVE('',#14891,#15064);
#15064 = DEFINITIONAL_REPRESENTATION('',(#15065),#15069);
#15065 = LINE('',#15066,#15067);
#15066 = CARTESIAN_POINT('',(-30.,0.));
#15067 = VECTOR('',#15068,1.);
#15068 = DIRECTION('',(-0.,-1.));
#15069 = ( GEOMETRIC_REPRESENTATION_CONTEXT(2) 
PARAMETRIC_REPRESENTATION_CONTEXT() REPRESENTATION_CONTEXT('2D SPACE',''
  ) );
#15070 = PCURVE('',#14950,#15071);
#15071 = DEFINITIONAL_REPRESENTATION('',(#15072),#15076);
#15072 = LINE('',#15073,#15074);
#15073 = CARTESIAN_POINT('',(0.,-0.));
#15074 = VECTOR('',#15075,1.);
#15075 = DIRECTION('',(-0.,-1.));
#15076 = ( GEOMETRIC_REPRESENTATION_CONTEXT(2) 
PARAMETRIC_REPRESENTATION_CONTEXT() REPRESENTATION_CONTEXT('2D SPACE',''
  ) );
#15077 = ORIENTED_EDGE('',*,*,#15078,.F.);
#15078 = EDGE_CURVE('',#15079,#15056,#15081,.T.);
#15079 = VERTEX_POINT('',#15080);
#15080 = CARTESIAN_POINT('',(-12.,25.,-26.));
#15081 = SURFACE_CURVE('',#15082,(#15086,#15093),.PCURVE_S1.);
#15082 = LINE('',#15083,#15084);
#15083 = CARTESIAN_POINT('',(-12.,25.,-11.));
#15084 = VECTOR('',#15085,1.);
#15085 = DIRECTION('',(-0.,-0.,-1.));
#15086 = PCURVE('',#14891,#15087);
#15087 = DEFINITIONAL_REPRESENTATION('',(#15088),#15092);
#15088 = LINE('',#15089,#15090);
#15089 = CARTESIAN_POINT('',(-0.,-0.));
#15090 = VECTOR('',#15091,1.);
#15091 = DIRECTION('',(-1.,0.));
#15092 = ( GEOMETRIC_REPRESENTATION_CONTEXT(2) 
PARAMETRIC_REPRESENTATION_CONTEXT() REPRESENTATION_CONTEXT('2D SPACE',''
  ) );
#15093 = PCURVE('',#14917,#15094);
#15094 = DEFINITIONAL_REPRESENTATION('',(#15095),#15099);
#15095 = LINE('',#15096,#15097);
#15096 = CARTESIAN_POINT('',(15.,-25.));
#15097 = VECTOR('',#15098,1.);
#15098 = DIRECTION('',(-1.,0.));
#15099 = ( GEOMETRIC_REPRESENTATION_CONTEXT(2) 
PARAMETRIC_REPRESENTATION_CONTEXT() REPRESENTATION_CONTEXT('2D SPACE',''
  ) );
#15100 = ORIENTED_EDGE('',*,*,#15101,.F.);
#15101 = EDGE_CURVE('',#14876,#15079,#15102,.T.);
#15102 = SURFACE_CURVE('',#15103,(#15107,#15114),.PCURVE_S1.);
#15103 = LINE('',#15104,#15105);
#15104 = CARTESIAN_POINT('',(-12.,25.,-11.));
#15105 = VECTOR('',#15106,1.);
#15106 = DIRECTION('',(-0.,-0.,-1.));
#15107 = PCURVE('',#14891,#15108);
#15108 = DEFINITIONAL_REPRESENTATION('',(#15109),#15113);
#15109 = LINE('',#15110,#15111);
#15110 = CARTESIAN_POINT('',(-0.,-0.));
#15111 = VECTOR('',#15112,1.);
#15112 = DIRECTION('',(-1.,0.));
#15113 = ( GEOMETRIC_REPRESENTATION_CONTEXT(2) 
PARAMETRIC_REPRESENTATION_CONTEXT() REPRESENTATION_CONTEXT('2D SPACE',''
  ) );
#15114 = PCURVE('',#14917,#15115);
#15115 = DEFINITIONAL_REPRESENTATION('',(#15116),#15120);
#15116 = LINE('',#15117,#15118);
#15117 = CARTESIAN_POINT('',(15.,-25.));
#15118 = VECTOR('',#15119,1.);
#15119 = DIRECTION('',(-1.,0.));
#15120 = ( GEOMETRIC_REPRESENTATION_CONTEXT(2) 
PARAMETRIC_REPRESENTATION_CONTEXT() REPRESENTATION_CONTEXT('2D SPACE',''
  ) );
#15121 = ADVANCED_FACE('',(#15122,#15150,#15181),#14917,.F.);
#15122 = FACE_BOUND('',#15123,.T.);
#15123 = EDGE_LOOP('',(#15124,#15145,#15146,#15147,#15148,#15149));
#15124 = ORIENTED_EDGE('',*,*,#15125,.T.);
#15125 = EDGE_CURVE('',#15056,#14933,#15126,.T.);
#15126 = SURFACE_CURVE('',#15127,(#15131,#15138),.PCURVE_S1.);
#15127 = LINE('',#15128,#15129);
#15128 = CARTESIAN_POINT('',(-12.,25.,-41.));
#15129 = VECTOR('',#15130,1.);
#15130 = DIRECTION('',(-0.,-1.,-0.));
#15131 = PCURVE('',#14917,#15132);
#15132 = DEFINITIONAL_REPRESENTATION('',(#15133),#15137);
#15133 = LINE('',#15134,#15135);
#15134 = CARTESIAN_POINT('',(-15.,-25.));
#15135 = VECTOR('',#15136,1.);
#15136 = DIRECTION('',(-0.,1.));
#15137 = ( GEOMETRIC_REPRESENTATION_CONTEXT(2) 
PARAMETRIC_REPRESENTATION_CONTEXT() REPRESENTATION_CONTEXT('2D SPACE',''
  ) );
#15138 = PCURVE('',#14950,#15139);
#15139 = DEFINITIONAL_REPRESENTATION('',(#15140),#15144);
#15140 = LINE('',#15141,#15142);
#15141 = CARTESIAN_POINT('',(0.,-0.));
#15142 = VECTOR('',#15143,1.);
#15143 = DIRECTION('',(-1.,0.));
#15144 = ( GEOMETRIC_REPRESENTATION_CONTEXT(2) 
PARAMETRIC_REPRESENTATION_CONTEXT() REPRESENTATION_CONTEXT('2D SPACE',''
  ) );
#15145 = ORIENTED_EDGE('',*,*,#15007,.T.);
#15146 = ORIENTED_EDGE('',*,*,#14984,.T.);
#15147 = ORIENTED_EDGE('',*,*,#14903,.T.);
#15148 = ORIENTED_EDGE('',*,*,#15101,.T.);
#15149 = ORIENTED_EDGE('',*,*,#15078,.T.);
#15150 = FACE_BOUND('',#15151,.T.);
#15151 = EDGE_LOOP('',(#15152));
#15152 = ORIENTED_EDGE('',*,*,#15153,.T.);
#15153 = EDGE_CURVE('',#15079,#15154,#15156,.T.);
#15154 = VERTEX_POINT('',#15155);
#15155 = CARTESIAN_POINT('',(-12.,25.,-26.));
#15156 = SURFACE_CURVE('',#15157,(#15162,#15169),.PCURVE_S1.);
#15157 = CIRCLE('',#15158,7.);
#15158 = AXIS2_PLACEMENT_3D('',#15159,#15160,#15161);
#15159 = CARTESIAN_POINT('',(-12.,18.,-26.));
#15160 = DIRECTION('',(1.,0.,0.));
#15161 = DIRECTION('',(-0.,1.,-0.));
#15162 = PCURVE('',#14917,#15163);
#15163 = DEFINITIONAL_REPRESENTATION('',(#15164),#15168);
#15164 = CIRCLE('',#15165,7.);
#15165 = AXIS2_PLACEMENT_2D('',#15166,#15167);
#15166 = CARTESIAN_POINT('',(0.,-18.));
#15167 = DIRECTION('',(-0.,-1.));
#15168 = ( GEOMETRIC_REPRESENTATION_CONTEXT(2) 
PARAMETRIC_REPRESENTATION_CONTEXT() REPRESENTATION_CONTEXT('2D SPACE',''
  ) );
#15169 = PCURVE('',#15170,#15175);
#15170 = CYLINDRICAL_SURFACE('',#15171,7.);
#15171 = AXIS2_PLACEMENT_3D('',#15172,#15173,#15174);
#15172 = CARTESIAN_POINT('',(-13.,18.,-26.));
#15173 = DIRECTION('',(-1.,-0.,0.));
#15174 = DIRECTION('',(-0.,1.,-0.));
#15175 = DEFINITIONAL_REPRESENTATION('',(#15176),#15180);
#15176 = LINE('',#15177,#15178);
#15177 = CARTESIAN_POINT('',(6.28318530718,-1.));
#15178 = VECTOR('',#15179,1.);
#15179 = DIRECTION('',(-1.,0.));
#15180 = ( GEOMETRIC_REPRESENTATION_CONTEXT(2) 
PARAMETRIC_REPRESENTATION_CONTEXT() REPRESENTATION_CONTEXT('2D SPACE',''
  ) );
#15181 = FACE_BOUND('',#15182,.T.);
#15182 = EDGE_LOOP('',(#15183,#15214));
#15183 = ORIENTED_EDGE('',*,*,#15184,.T.);
#15184 = EDGE_CURVE('',#15185,#15187,#15189,.T.);
#15185 = VERTEX_POINT('',#15186);
#15186 = CARTESIAN_POINT('',(-12.,-11.,-26.));
#15187 = VERTEX_POINT('',#15188);
#15188 = CARTESIAN_POINT('',(-12.,-25.,-26.));
#15189 = SURFACE_CURVE('',#15190,(#15195,#15202),.PCURVE_S1.);
#15190 = CIRCLE('',#15191,7.);
#15191 = AXIS2_PLACEMENT_3D('',#15192,#15193,#15194);
#15192 = CARTESIAN_POINT('',(-12.,-18.,-26.));
#15193 = DIRECTION('',(1.,0.,0.));
#15194 = DIRECTION('',(-0.,1.,-0.));
#15195 = PCURVE('',#14917,#15196);
#15196 = DEFINITIONAL_REPRESENTATION('',(#15197),#15201);
#15197 = CIRCLE('',#15198,7.);
#15198 = AXIS2_PLACEMENT_2D('',#15199,#15200);
#15199 = CARTESIAN_POINT('',(0.,18.));
#15200 = DIRECTION('',(-0.,-1.));
#15201 = ( GEOMETRIC_REPRESENTATION_CONTEXT(2) 
PARAMETRIC_REPRESENTATION_CONTEXT() REPRESENTATION_CONTEXT('2D SPACE',''
  ) );
#15202 = PCURVE('',#15203,#15208);
#15203 = CYLINDRICAL_SURFACE('',#15204,7.);
#15204 = AXIS2_PLACEMENT_3D('',#15205,#15206,#15207);
#15205 = CARTESIAN_POINT('',(-13.,-18.,-26.));
#15206 = DIRECTION('',(-1.,-0.,0.));
#15207 = DIRECTION('',(-0.,1.,-0.));
#15208 = DEFINITIONAL_REPRESENTATION('',(#15209),#15213);
#15209 = LINE('',#15210,#15211);
#15210 = CARTESIAN_POINT('',(6.28318530718,-1.));
#15211 = VECTOR('',#15212,1.);
#15212 = DIRECTION('',(-1.,0.));
#15213 = ( GEOMETRIC_REPRESENTATION_CONTEXT(2) 
PARAMETRIC_REPRESENTATION_CONTEXT() REPRESENTATION_CONTEXT('2D SPACE',''
  ) );
#15214 = ORIENTED_EDGE('',*,*,#15215,.T.);
#15215 = EDGE_CURVE('',#15187,#15185,#15216,.T.);
#15216 = SURFACE_CURVE('',#15217,(#15222,#15229),.PCURVE_S1.);
#15217 = CIRCLE('',#15218,7.);
#15218 = AXIS2_PLACEMENT_3D('',#15219,#15220,#15221);
#15219 = CARTESIAN_POINT('',(-12.,-18.,-26.));
#15220 = DIRECTION('',(1.,0.,0.));
#15221 = DIRECTION('',(-0.,1.,-0.));
#15222 = PCURVE('',#14917,#15223);
#15223 = DEFINITIONAL_REPRESENTATION('',(#15224),#15228);
#15224 = CIRCLE('',#15225,7.);
#15225 = AXIS2_PLACEMENT_2D('',#15226,#15227);
#15226 = CARTESIAN_POINT('',(0.,18.));
#15227 = DIRECTION('',(-0.,-1.));
#15228 = ( GEOMETRIC_REPRESENTATION_CONTEXT(2) 
PARAMETRIC_REPRESENTATION_CONTEXT() REPRESENTATION_CONTEXT('2D SPACE',''
  ) );
#15229 = PCURVE('',#15230,#15235);
#15230 = CYLINDRICAL_SURFACE('',#15231,7.);
#15231 = AXIS2_PLACEMENT_3D('',#15232,#15233,#15234);
#15232 = CARTESIAN_POINT('',(-13.,-18.,-26.));
#15233 = DIRECTION('',(-1.,-0.,0.));
#15234 = DIRECTION('',(-0.,1.,-0.));
#15235 = DEFINITIONAL_REPRESENTATION('',(#15236),#15240);
#15236 = LINE('',#15237,#15238);
#15237 = CARTESIAN_POINT('',(6.28318530718,-1.));
#15238 = VECTOR('',#15239,1.);
#15239 = DIRECTION('',(-1.,0.));
#15240 = ( GEOMETRIC_REPRESENTATION_CONTEXT(2) 
PARAMETRIC_REPRESENTATION_CONTEXT() REPRESENTATION_CONTEXT('2D SPACE',''
  ) );
#15241 = ADVANCED_FACE('',(#15242,#15268,#15299),#14863,.T.);
#15242 = FACE_BOUND('',#15243,.F.);
#15243 = EDGE_LOOP('',(#15244,#15245,#15246,#15267));
#15244 = ORIENTED_EDGE('',*,*,#14847,.T.);
#15245 = ORIENTED_EDGE('',*,*,#15032,.T.);
#15246 = ORIENTED_EDGE('',*,*,#15247,.T.);
#15247 = EDGE_CURVE('',#15033,#14935,#15248,.T.);
#15248 = SURFACE_CURVE('',#15249,(#15253,#15260),.PCURVE_S1.);
#15249 = LINE('',#15250,#15251);
#15250 = CARTESIAN_POINT('',(0.,25.,-41.));
#15251 = VECTOR('',#15252,1.);
#15252 = DIRECTION('',(-0.,-1.,-0.));
#15253 = PCURVE('',#14863,#15254);
#15254 = DEFINITIONAL_REPRESENTATION('',(#15255),#15259);
#15255 = LINE('',#15256,#15257);
#15256 = CARTESIAN_POINT('',(-15.,-25.));
#15257 = VECTOR('',#15258,1.);
#15258 = DIRECTION('',(-0.,1.));
#15259 = ( GEOMETRIC_REPRESENTATION_CONTEXT(2) 
PARAMETRIC_REPRESENTATION_CONTEXT() REPRESENTATION_CONTEXT('2D SPACE',''
  ) );
#15260 = PCURVE('',#14950,#15261);
#15261 = DEFINITIONAL_REPRESENTATION('',(#15262),#15266);
#15262 = LINE('',#15263,#15264);
#15263 = CARTESIAN_POINT('',(-0.,-12.));
#15264 = VECTOR('',#15265,1.);
#15265 = DIRECTION('',(-1.,0.));
#15266 = ( GEOMETRIC_REPRESENTATION_CONTEXT(2) 
PARAMETRIC_REPRESENTATION_CONTEXT() REPRESENTATION_CONTEXT('2D SPACE',''
  ) );
#15267 = ORIENTED_EDGE('',*,*,#14962,.T.);
#15268 = FACE_BOUND('',#15269,.F.);
#15269 = EDGE_LOOP('',(#15270));
#15270 = ORIENTED_EDGE('',*,*,#15271,.T.);
#15271 = EDGE_CURVE('',#15272,#15272,#15274,.T.);
#15272 = VERTEX_POINT('',#15273);
#15273 = CARTESIAN_POINT('',(0.,22.5,-26.));
#15274 = SURFACE_CURVE('',#15275,(#15280,#15287),.PCURVE_S1.);
#15275 = CIRCLE('',#15276,4.5);
#15276 = AXIS2_PLACEMENT_3D('',#15277,#15278,#15279);
#15277 = CARTESIAN_POINT('',(0.,18.,-26.));
#15278 = DIRECTION('',(1.,0.,0.));
#15279 = DIRECTION('',(-0.,1.,-0.));
#15280 = PCURVE('',#14863,#15281);
#15281 = DEFINITIONAL_REPRESENTATION('',(#15282),#15286);
#15282 = CIRCLE('',#15283,4.5);
#15283 = AXIS2_PLACEMENT_2D('',#15284,#15285);
#15284 = CARTESIAN_POINT('',(0.,-18.));
#15285 = DIRECTION('',(-0.,-1.));
#15286 = ( GEOMETRIC_REPRESENTATION_CONTEXT(2) 
PARAMETRIC_REPRESENTATION_CONTEXT() REPRESENTATION_CONTEXT('2D SPACE',''
  ) );
#15287 = PCURVE('',#15288,#15293);
#15288 = CYLINDRICAL_SURFACE('',#15289,4.5);
#15289 = AXIS2_PLACEMENT_3D('',#15290,#15291,#15292);
#15290 = CARTESIAN_POINT('',(-13.,18.,-26.));
#15291 = DIRECTION('',(-1.,-0.,0.));
#15292 = DIRECTION('',(-0.,1.,-0.));
#15293 = DEFINITIONAL_REPRESENTATION('',(#15294),#15298);
#15294 = LINE('',#15295,#15296);
#15295 = CARTESIAN_POINT('',(6.28318530718,-13.));
#15296 = VECTOR('',#15297,1.);
#15297 = DIRECTION('',(-1.,0.));
#15298 = ( GEOMETRIC_REPRESENTATION_CONTEXT(2) 
PARAMETRIC_REPRESENTATION_CONTEXT() REPRESENTATION_CONTEXT('2D SPACE',''
  ) );
#15299 = FACE_BOUND('',#15300,.F.);
#15300 = EDGE_LOOP('',(#15301));
#15301 = ORIENTED_EDGE('',*,*,#15302,.T.);
#15302 = EDGE_CURVE('',#15303,#15303,#15305,.T.);
#15303 = VERTEX_POINT('',#15304);
#15304 = CARTESIAN_POINT('',(0.,-13.5,-26.));
#15305 = SURFACE_CURVE('',#15306,(#15311,#15318),.PCURVE_S1.);
#15306 = CIRCLE('',#15307,4.5);
#15307 = AXIS2_PLACEMENT_3D('',#15308,#15309,#15310);
#15308 = CARTESIAN_POINT('',(0.,-18.,-26.));
#15309 = DIRECTION('',(1.,0.,0.));
#15310 = DIRECTION('',(-0.,1.,-0.));
#15311 = PCURVE('',#14863,#15312);
#15312 = DEFINITIONAL_REPRESENTATION('',(#15313),#15317);
#15313 = CIRCLE('',#15314,4.5);
#15314 = AXIS2_PLACEMENT_2D('',#15315,#15316);
#15315 = CARTESIAN_POINT('',(0.,18.));
#15316 = DIRECTION('',(-0.,-1.));
#15317 = ( GEOMETRIC_REPRESENTATION_CONTEXT(2) 
PARAMETRIC_REPRESENTATION_CONTEXT() REPRESENTATION_CONTEXT('2D SPACE',''
  ) );
#15318 = PCURVE('',#15319,#15324);
#15319 = CYLINDRICAL_SURFACE('',#15320,4.5);
#15320 = AXIS2_PLACEMENT_3D('',#15321,#15322,#15323);
#15321 = CARTESIAN_POINT('',(-13.,-18.,-26.));
#15322 = DIRECTION('',(-1.,-0.,0.));
#15323 = DIRECTION('',(-0.,1.,-0.));
#15324 = DEFINITIONAL_REPRESENTATION('',(#15325),#15329);
#15325 = LINE('',#15326,#15327);
#15326 = CARTESIAN_POINT('',(6.28318530718,-13.));
#15327 = VECTOR('',#15328,1.);
#15328 = DIRECTION('',(-1.,0.));
#15329 = ( GEOMETRIC_REPRESENTATION_CONTEXT(2) 
PARAMETRIC_REPRESENTATION_CONTEXT() REPRESENTATION_CONTEXT('2D SPACE',''
  ) );
#15330 = ADVANCED_FACE('',(#15331),#14950,.F.);
#15331 = FACE_BOUND('',#15332,.T.);
#15332 = EDGE_LOOP('',(#15333,#15334,#15335,#15336));
#15333 = ORIENTED_EDGE('',*,*,#15055,.T.);
#15334 = ORIENTED_EDGE('',*,*,#15247,.T.);
#15335 = ORIENTED_EDGE('',*,*,#14932,.F.);
#15336 = ORIENTED_EDGE('',*,*,#15125,.F.);
#15337 = ADVANCED_FACE('',(#15338),#15170,.F.);
#15338 = FACE_BOUND('',#15339,.F.);
#15339 = EDGE_LOOP('',(#15340,#15341,#15364,#15395));
#15340 = ORIENTED_EDGE('',*,*,#15153,.T.);
#15341 = ORIENTED_EDGE('',*,*,#15342,.T.);
#15342 = EDGE_CURVE('',#15079,#15343,#15345,.T.);
#15343 = VERTEX_POINT('',#15344);
#15344 = CARTESIAN_POINT('',(-6.,25.,-26.));
#15345 = SEAM_CURVE('',#15346,(#15350,#15357),.PCURVE_S1.);
#15346 = LINE('',#15347,#15348);
#15347 = CARTESIAN_POINT('',(-13.,25.,-26.));
#15348 = VECTOR('',#15349,1.);
#15349 = DIRECTION('',(1.,-0.,-0.));
#15350 = PCURVE('',#15170,#15351);
#15351 = DEFINITIONAL_REPRESENTATION('',(#15352),#15356);
#15352 = LINE('',#15353,#15354);
#15353 = CARTESIAN_POINT('',(6.28318530718,0.));
#15354 = VECTOR('',#15355,1.);
#15355 = DIRECTION('',(0.,-1.));
#15356 = ( GEOMETRIC_REPRESENTATION_CONTEXT(2) 
PARAMETRIC_REPRESENTATION_CONTEXT() REPRESENTATION_CONTEXT('2D SPACE',''
  ) );
#15357 = PCURVE('',#15170,#15358);
#15358 = DEFINITIONAL_REPRESENTATION('',(#15359),#15363);
#15359 = LINE('',#15360,#15361);
#15360 = CARTESIAN_POINT('',(0.,0.));
#15361 = VECTOR('',#15362,1.);
#15362 = DIRECTION('',(0.,-1.));
#15363 = ( GEOMETRIC_REPRESENTATION_CONTEXT(2) 
PARAMETRIC_REPRESENTATION_CONTEXT() REPRESENTATION_CONTEXT('2D SPACE',''
  ) );
#15364 = ORIENTED_EDGE('',*,*,#15365,.T.);
#15365 = EDGE_CURVE('',#15343,#15343,#15366,.T.);
#15366 = SURFACE_CURVE('',#15367,(#15372,#15379),.PCURVE_S1.);
#15367 = CIRCLE('',#15368,7.);
#15368 = AXIS2_PLACEMENT_3D('',#15369,#15370,#15371);
#15369 = CARTESIAN_POINT('',(-6.,18.,-26.));
#15370 = DIRECTION('',(-1.,0.,0.));
#15371 = DIRECTION('',(-0.,1.,-0.));
#15372 = PCURVE('',#15170,#15373);
#15373 = DEFINITIONAL_REPRESENTATION('',(#15374),#15378);
#15374 = LINE('',#15375,#15376);
#15375 = CARTESIAN_POINT('',(0.,-7.));
#15376 = VECTOR('',#15377,1.);
#15377 = DIRECTION('',(1.,0.));
#15378 = ( GEOMETRIC_REPRESENTATION_CONTEXT(2) 
PARAMETRIC_REPRESENTATION_CONTEXT() REPRESENTATION_CONTEXT('2D SPACE',''
  ) );
#15379 = PCURVE('',#15380,#15385);
#15380 = PLANE('',#15381);
#15381 = AXIS2_PLACEMENT_3D('',#15382,#15383,#15384);
#15382 = CARTESIAN_POINT('',(-6.,18.,-26.));
#15383 = DIRECTION('',(1.,-0.,-0.));
#15384 = DIRECTION('',(0.,0.,1.));
#15385 = DEFINITIONAL_REPRESENTATION('',(#15386),#15394);
#15386 = ( BOUNDED_CURVE() B_SPLINE_CURVE(2,(#15387,#15388,#15389,#15390
    ,#15391,#15392,#15393),.UNSPECIFIED.,.T.,.F.) 
B_SPLINE_CURVE_WITH_KNOTS((1,2,2,2,2,1),(-2.094395102393,0.,
    2.094395102393,4.188790204786,6.28318530718,8.377580409573),
.UNSPECIFIED.) CURVE() GEOMETRIC_REPRESENTATION_ITEM() 
RATIONAL_B_SPLINE_CURVE((1.,0.5,1.,0.5,1.,0.5,1.)) REPRESENTATION_ITEM(
  '') );
#15387 = CARTESIAN_POINT('',(7.105427357601E-15,-7.));
#15388 = CARTESIAN_POINT('',(-12.12435565298,-7.));
#15389 = CARTESIAN_POINT('',(-6.062177826491,3.5));
#15390 = CARTESIAN_POINT('',(5.390921838795E-15,14.));
#15391 = CARTESIAN_POINT('',(6.062177826491,3.5));
#15392 = CARTESIAN_POINT('',(12.124355652982,-7.));
#15393 = CARTESIAN_POINT('',(7.105427357601E-15,-7.));
#15394 = ( GEOMETRIC_REPRESENTATION_CONTEXT(2) 
PARAMETRIC_REPRESENTATION_CONTEXT() REPRESENTATION_CONTEXT('2D SPACE',''
  ) );
#15395 = ORIENTED_EDGE('',*,*,#15342,.F.);
#15396 = ADVANCED_FACE('',(#15397),#15203,.F.);
#15397 = FACE_BOUND('',#15398,.F.);
#15398 = EDGE_LOOP('',(#15399,#15422,#15423,#15446));
#15399 = ORIENTED_EDGE('',*,*,#15400,.F.);
#15400 = EDGE_CURVE('',#15185,#15401,#15403,.T.);
#15401 = VERTEX_POINT('',#15402);
#15402 = CARTESIAN_POINT('',(-6.,-11.,-26.));
#15403 = SURFACE_CURVE('',#15404,(#15408,#15415),.PCURVE_S1.);
#15404 = LINE('',#15405,#15406);
#15405 = CARTESIAN_POINT('',(-13.,-11.,-26.));
#15406 = VECTOR('',#15407,1.);
#15407 = DIRECTION('',(1.,-0.,-0.));
#15408 = PCURVE('',#15203,#15409);
#15409 = DEFINITIONAL_REPRESENTATION('',(#15410),#15414);
#15410 = LINE('',#15411,#15412);
#15411 = CARTESIAN_POINT('',(6.28318530718,0.));
#15412 = VECTOR('',#15413,1.);
#15413 = DIRECTION('',(0.,-1.));
#15414 = ( GEOMETRIC_REPRESENTATION_CONTEXT(2) 
PARAMETRIC_REPRESENTATION_CONTEXT() REPRESENTATION_CONTEXT('2D SPACE',''
  ) );
#15415 = PCURVE('',#15230,#15416);
#15416 = DEFINITIONAL_REPRESENTATION('',(#15417),#15421);
#15417 = LINE('',#15418,#15419);
#15418 = CARTESIAN_POINT('',(0.,0.));
#15419 = VECTOR('',#15420,1.);
#15420 = DIRECTION('',(0.,-1.));
#15421 = ( GEOMETRIC_REPRESENTATION_CONTEXT(2) 
PARAMETRIC_REPRESENTATION_CONTEXT() REPRESENTATION_CONTEXT('2D SPACE',''
  ) );
#15422 = ORIENTED_EDGE('',*,*,#15184,.T.);
#15423 = ORIENTED_EDGE('',*,*,#15424,.F.);
#15424 = EDGE_CURVE('',#15425,#14985,#15427,.T.);
#15425 = VERTEX_POINT('',#15426);
#15426 = CARTESIAN_POINT('',(-6.,-25.,-26.));
#15427 = SURFACE_CURVE('',#15428,(#15432,#15439),.PCURVE_S1.);
#15428 = LINE('',#15429,#15430);
#15429 = CARTESIAN_POINT('',(-13.,-25.,-26.));
#15430 = VECTOR('',#15431,1.);
#15431 = DIRECTION('',(-1.,-0.,0.));
#15432 = PCURVE('',#15203,#15433);
#15433 = DEFINITIONAL_REPRESENTATION('',(#15434),#15438);
#15434 = LINE('',#15435,#15436);
#15435 = CARTESIAN_POINT('',(3.14159265359,0.));
#15436 = VECTOR('',#15437,1.);
#15437 = DIRECTION('',(0.,1.));
#15438 = ( GEOMETRIC_REPRESENTATION_CONTEXT(2) 
PARAMETRIC_REPRESENTATION_CONTEXT() REPRESENTATION_CONTEXT('2D SPACE',''
  ) );
#15439 = PCURVE('',#15230,#15440);
#15440 = DEFINITIONAL_REPRESENTATION('',(#15441),#15445);
#15441 = LINE('',#15442,#15443);
#15442 = CARTESIAN_POINT('',(3.14159265359,0.));
#15443 = VECTOR('',#15444,1.);
#15444 = DIRECTION('',(0.,1.));
#15445 = ( GEOMETRIC_REPRESENTATION_CONTEXT(2) 
PARAMETRIC_REPRESENTATION_CONTEXT() REPRESENTATION_CONTEXT('2D SPACE',''
  ) );
#15446 = ORIENTED_EDGE('',*,*,#15447,.T.);
#15447 = EDGE_CURVE('',#15425,#15401,#15448,.T.);
#15448 = SURFACE_CURVE('',#15449,(#15454,#15461),.PCURVE_S1.);
#15449 = CIRCLE('',#15450,7.);
#15450 = AXIS2_PLACEMENT_3D('',#15451,#15452,#15453);
#15451 = CARTESIAN_POINT('',(-6.,-18.,-26.));
#15452 = DIRECTION('',(-1.,0.,0.));
#15453 = DIRECTION('',(-0.,1.,-0.));
#15454 = PCURVE('',#15203,#15455);
#15455 = DEFINITIONAL_REPRESENTATION('',(#15456),#15460);
#15456 = LINE('',#15457,#15458);
#15457 = CARTESIAN_POINT('',(0.,-7.));
#15458 = VECTOR('',#15459,1.);
#15459 = DIRECTION('',(1.,0.));
#15460 = ( GEOMETRIC_REPRESENTATION_CONTEXT(2) 
PARAMETRIC_REPRESENTATION_CONTEXT() REPRESENTATION_CONTEXT('2D SPACE',''
  ) );
#15461 = PCURVE('',#15462,#15467);
#15462 = PLANE('',#15463);
#15463 = AXIS2_PLACEMENT_3D('',#15464,#15465,#15466);
#15464 = CARTESIAN_POINT('',(-6.,-18.,-26.));
#15465 = DIRECTION('',(1.,-0.,-0.));
#15466 = DIRECTION('',(0.,0.,1.));
#15467 = DEFINITIONAL_REPRESENTATION('',(#15468),#15476);
#15468 = ( BOUNDED_CURVE() B_SPLINE_CURVE(2,(#15469,#15470,#15471,#15472
    ,#15473,#15474,#15475),.UNSPECIFIED.,.T.,.F.) 
B_SPLINE_CURVE_WITH_KNOTS((1,2,2,2,2,1),(-2.094395102393,0.,
    2.094395102393,4.188790204786,6.28318530718,8.377580409573),
.UNSPECIFIED.) CURVE() GEOMETRIC_REPRESENTATION_ITEM() 
RATIONAL_B_SPLINE_CURVE((1.,0.5,1.,0.5,1.,0.5,1.)) REPRESENTATION_ITEM(
  '') );
#15469 = CARTESIAN_POINT('',(7.105427357601E-15,-7.));
#15470 = CARTESIAN_POINT('',(-12.12435565298,-7.));
#15471 = CARTESIAN_POINT('',(-6.062177826491,3.5));
#15472 = CARTESIAN_POINT('',(5.390921838795E-15,14.));
#15473 = CARTESIAN_POINT('',(6.062177826491,3.5));
#15474 = CARTESIAN_POINT('',(12.124355652982,-7.));
#15475 = CARTESIAN_POINT('',(7.105427357601E-15,-7.));
#15476 = ( GEOMETRIC_REPRESENTATION_CONTEXT(2) 
PARAMETRIC_REPRESENTATION_CONTEXT() REPRESENTATION_CONTEXT('2D SPACE',''
  ) );
#15477 = ADVANCED_FACE('',(#15478),#15230,.F.);
#15478 = FACE_BOUND('',#15479,.F.);
#15479 = EDGE_LOOP('',(#15480,#15481,#15482,#15508));
#15480 = ORIENTED_EDGE('',*,*,#15215,.T.);
#15481 = ORIENTED_EDGE('',*,*,#15400,.T.);
#15482 = ORIENTED_EDGE('',*,*,#15483,.T.);
#15483 = EDGE_CURVE('',#15401,#15425,#15484,.T.);
#15484 = SURFACE_CURVE('',#15485,(#15490,#15497),.PCURVE_S1.);
#15485 = CIRCLE('',#15486,7.);
#15486 = AXIS2_PLACEMENT_3D('',#15487,#15488,#15489);
#15487 = CARTESIAN_POINT('',(-6.,-18.,-26.));
#15488 = DIRECTION('',(-1.,0.,0.));
#15489 = DIRECTION('',(-0.,1.,-0.));
#15490 = PCURVE('',#15230,#15491);
#15491 = DEFINITIONAL_REPRESENTATION('',(#15492),#15496);
#15492 = LINE('',#15493,#15494);
#15493 = CARTESIAN_POINT('',(0.,-7.));
#15494 = VECTOR('',#15495,1.);
#15495 = DIRECTION('',(1.,0.));
#15496 = ( GEOMETRIC_REPRESENTATION_CONTEXT(2) 
PARAMETRIC_REPRESENTATION_CONTEXT() REPRESENTATION_CONTEXT('2D SPACE',''
  ) );
#15497 = PCURVE('',#15462,#15498);
#15498 = DEFINITIONAL_REPRESENTATION('',(#15499),#15507);
#15499 = ( BOUNDED_CURVE() B_SPLINE_CURVE(2,(#15500,#15501,#15502,#15503
    ,#15504,#15505,#15506),.UNSPECIFIED.,.T.,.F.) 
B_SPLINE_CURVE_WITH_KNOTS((1,2,2,2,2,1),(-2.094395102393,0.,
    2.094395102393,4.188790204786,6.28318530718,8.377580409573),
.UNSPECIFIED.) CURVE() GEOMETRIC_REPRESENTATION_ITEM() 
RATIONAL_B_SPLINE_CURVE((1.,0.5,1.,0.5,1.,0.5,1.)) REPRESENTATION_ITEM(
  '') );
#15500 = CARTESIAN_POINT('',(7.105427357601E-15,-7.));
#15501 = CARTESIAN_POINT('',(-12.12435565298,-7.));
#15502 = CARTESIAN_POINT('',(-6.062177826491,3.5));
#15503 = CARTESIAN_POINT('',(5.390921838795E-15,14.));
#15504 = CARTESIAN_POINT('',(6.062177826491,3.5));
#15505 = CARTESIAN_POINT('',(12.124355652982,-7.));
#15506 = CARTESIAN_POINT('',(7.105427357601E-15,-7.));
#15507 = ( GEOMETRIC_REPRESENTATION_CONTEXT(2) 
PARAMETRIC_REPRESENTATION_CONTEXT() REPRESENTATION_CONTEXT('2D SPACE',''
  ) );
#15508 = ORIENTED_EDGE('',*,*,#15424,.T.);
#15509 = ADVANCED_FACE('',(#15510),#15288,.F.);
#15510 = FACE_BOUND('',#15511,.F.);
#15511 = EDGE_LOOP('',(#15512,#15536,#15557,#15558));
#15512 = ORIENTED_EDGE('',*,*,#15513,.T.);
#15513 = EDGE_CURVE('',#15514,#15514,#15516,.T.);
#15514 = VERTEX_POINT('',#15515);
#15515 = CARTESIAN_POINT('',(-6.,22.5,-26.));
#15516 = SURFACE_CURVE('',#15517,(#15522,#15529),.PCURVE_S1.);
#15517 = CIRCLE('',#15518,4.5);
#15518 = AXIS2_PLACEMENT_3D('',#15519,#15520,#15521);
#15519 = CARTESIAN_POINT('',(-6.,18.,-26.));
#15520 = DIRECTION('',(1.,0.,0.));
#15521 = DIRECTION('',(-0.,1.,-0.));
#15522 = PCURVE('',#15288,#15523);
#15523 = DEFINITIONAL_REPRESENTATION('',(#15524),#15528);
#15524 = LINE('',#15525,#15526);
#15525 = CARTESIAN_POINT('',(6.28318530718,-7.));
#15526 = VECTOR('',#15527,1.);
#15527 = DIRECTION('',(-1.,0.));
#15528 = ( GEOMETRIC_REPRESENTATION_CONTEXT(2) 
PARAMETRIC_REPRESENTATION_CONTEXT() REPRESENTATION_CONTEXT('2D SPACE',''
  ) );
#15529 = PCURVE('',#15380,#15530);
#15530 = DEFINITIONAL_REPRESENTATION('',(#15531),#15535);
#15531 = CIRCLE('',#15532,4.5);
#15532 = AXIS2_PLACEMENT_2D('',#15533,#15534);
#15533 = CARTESIAN_POINT('',(7.105427357601E-15,0.));
#15534 = DIRECTION('',(-0.,-1.));
#15535 = ( GEOMETRIC_REPRESENTATION_CONTEXT(2) 
PARAMETRIC_REPRESENTATION_CONTEXT() REPRESENTATION_CONTEXT('2D SPACE',''
  ) );
#15536 = ORIENTED_EDGE('',*,*,#15537,.T.);
#15537 = EDGE_CURVE('',#15514,#15272,#15538,.T.);
#15538 = SEAM_CURVE('',#15539,(#15543,#15550),.PCURVE_S1.);
#15539 = LINE('',#15540,#15541);
#15540 = CARTESIAN_POINT('',(-13.,22.5,-26.));
#15541 = VECTOR('',#15542,1.);
#15542 = DIRECTION('',(1.,-0.,-0.));
#15543 = PCURVE('',#15288,#15544);
#15544 = DEFINITIONAL_REPRESENTATION('',(#15545),#15549);
#15545 = LINE('',#15546,#15547);
#15546 = CARTESIAN_POINT('',(6.28318530718,0.));
#15547 = VECTOR('',#15548,1.);
#15548 = DIRECTION('',(0.,-1.));
#15549 = ( GEOMETRIC_REPRESENTATION_CONTEXT(2) 
PARAMETRIC_REPRESENTATION_CONTEXT() REPRESENTATION_CONTEXT('2D SPACE',''
  ) );
#15550 = PCURVE('',#15288,#15551);
#15551 = DEFINITIONAL_REPRESENTATION('',(#15552),#15556);
#15552 = LINE('',#15553,#15554);
#15553 = CARTESIAN_POINT('',(0.,0.));
#15554 = VECTOR('',#15555,1.);
#15555 = DIRECTION('',(0.,-1.));
#15556 = ( GEOMETRIC_REPRESENTATION_CONTEXT(2) 
PARAMETRIC_REPRESENTATION_CONTEXT() REPRESENTATION_CONTEXT('2D SPACE',''
  ) );
#15557 = ORIENTED_EDGE('',*,*,#15271,.F.);
#15558 = ORIENTED_EDGE('',*,*,#15537,.F.);
#15559 = ADVANCED_FACE('',(#15560),#15319,.F.);
#15560 = FACE_BOUND('',#15561,.F.);
#15561 = EDGE_LOOP('',(#15562,#15586,#15607,#15608));
#15562 = ORIENTED_EDGE('',*,*,#15563,.T.);
#15563 = EDGE_CURVE('',#15564,#15564,#15566,.T.);
#15564 = VERTEX_POINT('',#15565);
#15565 = CARTESIAN_POINT('',(-6.,-13.5,-26.));
#15566 = SURFACE_CURVE('',#15567,(#15572,#15579),.PCURVE_S1.);
#15567 = CIRCLE('',#15568,4.5);
#15568 = AXIS2_PLACEMENT_3D('',#15569,#15570,#15571);
#15569 = CARTESIAN_POINT('',(-6.,-18.,-26.));
#15570 = DIRECTION('',(1.,0.,0.));
#15571 = DIRECTION('',(-0.,1.,-0.));
#15572 = PCURVE('',#15319,#15573);
#15573 = DEFINITIONAL_REPRESENTATION('',(#15574),#15578);
#15574 = LINE('',#15575,#15576);
#15575 = CARTESIAN_POINT('',(6.28318530718,-7.));
#15576 = VECTOR('',#15577,1.);
#15577 = DIRECTION('',(-1.,0.));
#15578 = ( GEOMETRIC_REPRESENTATION_CONTEXT(2) 
PARAMETRIC_REPRESENTATION_CONTEXT() REPRESENTATION_CONTEXT('2D SPACE',''
  ) );
#15579 = PCURVE('',#15462,#15580);
#15580 = DEFINITIONAL_REPRESENTATION('',(#15581),#15585);
#15581 = CIRCLE('',#15582,4.5);
#15582 = AXIS2_PLACEMENT_2D('',#15583,#15584);
#15583 = CARTESIAN_POINT('',(7.105427357601E-15,-7.105427357601E-15));
#15584 = DIRECTION('',(-0.,-1.));
#15585 = ( GEOMETRIC_REPRESENTATION_CONTEXT(2) 
PARAMETRIC_REPRESENTATION_CONTEXT() REPRESENTATION_CONTEXT('2D SPACE',''
  ) );
#15586 = ORIENTED_EDGE('',*,*,#15587,.T.);
#15587 = EDGE_CURVE('',#15564,#15303,#15588,.T.);
#15588 = SEAM_CURVE('',#15589,(#15593,#15600),.PCURVE_S1.);
#15589 = LINE('',#15590,#15591);
#15590 = CARTESIAN_POINT('',(-13.,-13.5,-26.));
#15591 = VECTOR('',#15592,1.);
#15592 = DIRECTION('',(1.,-0.,-0.));
#15593 = PCURVE('',#15319,#15594);
#15594 = DEFINITIONAL_REPRESENTATION('',(#15595),#15599);
#15595 = LINE('',#15596,#15597);
#15596 = CARTESIAN_POINT('',(6.28318530718,0.));
#15597 = VECTOR('',#15598,1.);
#15598 = DIRECTION('',(0.,-1.));
#15599 = ( GEOMETRIC_REPRESENTATION_CONTEXT(2) 
PARAMETRIC_REPRESENTATION_CONTEXT() REPRESENTATION_CONTEXT('2D SPACE',''
  ) );
#15600 = PCURVE('',#15319,#15601);
#15601 = DEFINITIONAL_REPRESENTATION('',(#15602),#15606);
#15602 = LINE('',#15603,#15604);
#15603 = CARTESIAN_POINT('',(0.,0.));
#15604 = VECTOR('',#15605,1.);
#15605 = DIRECTION('',(0.,-1.));
#15606 = ( GEOMETRIC_REPRESENTATION_CONTEXT(2) 
PARAMETRIC_REPRESENTATION_CONTEXT() REPRESENTATION_CONTEXT('2D SPACE',''
  ) );
#15607 = ORIENTED_EDGE('',*,*,#15302,.F.);
#15608 = ORIENTED_EDGE('',*,*,#15587,.F.);
#15609 = ADVANCED_FACE('',(#15610,#15613),#15380,.F.);
#15610 = FACE_BOUND('',#15611,.T.);
#15611 = EDGE_LOOP('',(#15612));
#15612 = ORIENTED_EDGE('',*,*,#15365,.T.);
#15613 = FACE_BOUND('',#15614,.T.);
#15614 = EDGE_LOOP('',(#15615));
#15615 = ORIENTED_EDGE('',*,*,#15513,.T.);
#15616 = ADVANCED_FACE('',(#15617,#15621),#15462,.F.);
#15617 = FACE_BOUND('',#15618,.T.);
#15618 = EDGE_LOOP('',(#15619,#15620));
#15619 = ORIENTED_EDGE('',*,*,#15483,.T.);
#15620 = ORIENTED_EDGE('',*,*,#15447,.T.);
#15621 = FACE_BOUND('',#15622,.T.);
#15622 = EDGE_LOOP('',(#15623));
#15623 = ORIENTED_EDGE('',*,*,#15563,.T.);
#15624 = ( GEOMETRIC_REPRESENTATION_CONTEXT(3) 
GLOBAL_UNCERTAINTY_ASSIGNED_CONTEXT((#15628)) 
GLOBAL_UNIT_ASSIGNED_CONTEXT((#15625,#15626,#15627)) 
REPRESENTATION_CONTEXT('Context #1',
  '3D Context with UNIT and UNCERTAINTY') );
#15625 = ( LENGTH_UNIT() NAMED_UNIT(*) SI_UNIT(.MILLI.,.METRE.) );
#15626 = ( NAMED_UNIT(*) PLANE_ANGLE_UNIT() SI_UNIT($,.RADIAN.) );
#15627 = ( NAMED_UNIT(*) SI_UNIT($,.STERADIAN.) SOLID_ANGLE_UNIT() );
#15628 = UNCERTAINTY_MEASURE_WITH_UNIT(LENGTH_MEASURE(1.E-07),#15625,
  'distance_accuracy_value','confusion accuracy');
#15629 = CONTEXT_DEPENDENT_SHAPE_REPRESENTATION(#15630,#15632);
#15630 = ( REPRESENTATION_RELATIONSHIP('','',#14805,#10) 
REPRESENTATION_RELATIONSHIP_WITH_TRANSFORMATION(#15631) 
SHAPE_REPRESENTATION_RELATIONSHIP() );
#15631 = ITEM_DEFINED_TRANSFORMATION('','',#11,#59);
#15632 = PRODUCT_DEFINITION_SHAPE('Placement','Placement of an item',
  #15633);
#15633 = NEXT_ASSEMBLY_USAGE_OCCURRENCE('12','P7-bearing-pad-mirror','',
  #5,#14800,$);
#15634 = PRODUCT_RELATED_PRODUCT_CATEGORY('part',$,(#14802));
#15635 = SHAPE_DEFINITION_REPRESENTATION(#15636,#15642);
#15636 = PRODUCT_DEFINITION_SHAPE('','',#15637);
#15637 = PRODUCT_DEFINITION('design','',#15638,#15641);
#15638 = PRODUCT_DEFINITION_FORMATION('','',#15639);
#15639 = PRODUCT('P8-gripper-barrel','P8-gripper-barrel','',(#15640));
#15640 = PRODUCT_CONTEXT('',#2,'mechanical');
#15641 = PRODUCT_DEFINITION_CONTEXT('part definition',#2,'design');
#15642 = ADVANCED_BREP_SHAPE_REPRESENTATION('',(#11,#15643),#16096);
#15643 = MANIFOLD_SOLID_BREP('',#15644);
#15644 = CLOSED_SHELL('',(#15645,#15733,#15768,#15807,#15862,#15917,
    #15952,#15987,#16039,#16089));
#15645 = ADVANCED_FACE('',(#15646),#15660,.T.);
#15646 = FACE_BOUND('',#15647,.F.);
#15647 = EDGE_LOOP('',(#15648,#15678,#15705,#15706));
#15648 = ORIENTED_EDGE('',*,*,#15649,.T.);
#15649 = EDGE_CURVE('',#15650,#15652,#15654,.T.);
#15650 = VERTEX_POINT('',#15651);
#15651 = CARTESIAN_POINT('',(500.,32.5,0.));
#15652 = VERTEX_POINT('',#15653);
#15653 = CARTESIAN_POINT('',(575.,32.5,0.));
#15654 = SEAM_CURVE('',#15655,(#15659,#15671),.PCURVE_S1.);
#15655 = LINE('',#15656,#15657);
#15656 = CARTESIAN_POINT('',(500.,32.5,0.));
#15657 = VECTOR('',#15658,1.);
#15658 = DIRECTION('',(1.,0.,0.));
#15659 = PCURVE('',#15660,#15665);
#15660 = CYLINDRICAL_SURFACE('',#15661,32.5);
#15661 = AXIS2_PLACEMENT_3D('',#15662,#15663,#15664);
#15662 = CARTESIAN_POINT('',(500.,0.,0.));
#15663 = DIRECTION('',(-1.,-0.,-0.));
#15664 = DIRECTION('',(0.,1.,0.));
#15665 = DEFINITIONAL_REPRESENTATION('',(#15666),#15670);
#15666 = LINE('',#15667,#15668);
#15667 = CARTESIAN_POINT('',(-0.,0.));
#15668 = VECTOR('',#15669,1.);
#15669 = DIRECTION('',(-0.,-1.));
#15670 = ( GEOMETRIC_REPRESENTATION_CONTEXT(2) 
PARAMETRIC_REPRESENTATION_CONTEXT() REPRESENTATION_CONTEXT('2D SPACE',''
  ) );
#15671 = PCURVE('',#15660,#15672);
#15672 = DEFINITIONAL_REPRESENTATION('',(#15673),#15677);
#15673 = LINE('',#15674,#15675);
#15674 = CARTESIAN_POINT('',(-6.28318530718,0.));
#15675 = VECTOR('',#15676,1.);
#15676 = DIRECTION('',(-0.,-1.));
#15677 = ( GEOMETRIC_REPRESENTATION_CONTEXT(2) 
PARAMETRIC_REPRESENTATION_CONTEXT() REPRESENTATION_CONTEXT('2D SPACE',''
  ) );
#15678 = ORIENTED_EDGE('',*,*,#15679,.T.);
#15679 = EDGE_CURVE('',#15652,#15652,#15680,.T.);
#15680 = SURFACE_CURVE('',#15681,(#15686,#15693),.PCURVE_S1.);
#15681 = CIRCLE('',#15682,32.5);
#15682 = AXIS2_PLACEMENT_3D('',#15683,#15684,#15685);
#15683 = CARTESIAN_POINT('',(575.,0.,0.));
#15684 = DIRECTION('',(1.,0.,0.));
#15685 = DIRECTION('',(0.,1.,0.));
#15686 = PCURVE('',#15660,#15687);
#15687 = DEFINITIONAL_REPRESENTATION('',(#15688),#15692);
#15688 = LINE('',#15689,#15690);
#15689 = CARTESIAN_POINT('',(-0.,-75.));
#15690 = VECTOR('',#15691,1.);
#15691 = DIRECTION('',(-1.,0.));
#15692 = ( GEOMETRIC_REPRESENTATION_CONTEXT(2) 
PARAMETRIC_REPRESENTATION_CONTEXT() REPRESENTATION_CONTEXT('2D SPACE',''
  ) );
#15693 = PCURVE('',#15694,#15699);
#15694 = PLANE('',#15695);
#15695 = AXIS2_PLACEMENT_3D('',#15696,#15697,#15698);
#15696 = CARTESIAN_POINT('',(575.,-2.019603888058E-15,1.366104485001E-15
    ));
#15697 = DIRECTION('',(1.,0.,0.));
#15698 = DIRECTION('',(-0.,0.,1.));
#15699 = DEFINITIONAL_REPRESENTATION('',(#15700),#15704);
#15700 = CIRCLE('',#15701,32.5);
#15701 = AXIS2_PLACEMENT_2D('',#15702,#15703);
#15702 = CARTESIAN_POINT('',(-1.366104485001E-15,-2.019603888058E-15));
#15703 = DIRECTION('',(0.,-1.));
#15704 = ( GEOMETRIC_REPRESENTATION_CONTEXT(2) 
PARAMETRIC_REPRESENTATION_CONTEXT() REPRESENTATION_CONTEXT('2D SPACE',''
  ) );
#15705 = ORIENTED_EDGE('',*,*,#15649,.F.);
#15706 = ORIENTED_EDGE('',*,*,#15707,.F.);
#15707 = EDGE_CURVE('',#15650,#15650,#15708,.T.);
#15708 = SURFACE_CURVE('',#15709,(#15714,#15721),.PCURVE_S1.);
#15709 = CIRCLE('',#15710,32.5);
#15710 = AXIS2_PLACEMENT_3D('',#15711,#15712,#15713);
#15711 = CARTESIAN_POINT('',(500.,0.,0.));
#15712 = DIRECTION('',(1.,0.,0.));
#15713 = DIRECTION('',(0.,1.,0.));
#15714 = PCURVE('',#15660,#15715);
#15715 = DEFINITIONAL_REPRESENTATION('',(#15716),#15720);
#15716 = LINE('',#15717,#15718);
#15717 = CARTESIAN_POINT('',(-0.,0.));
#15718 = VECTOR('',#15719,1.);
#15719 = DIRECTION('',(-1.,0.));
#15720 = ( GEOMETRIC_REPRESENTATION_CONTEXT(2) 
PARAMETRIC_REPRESENTATION_CONTEXT() REPRESENTATION_CONTEXT('2D SPACE',''
  ) );
#15721 = PCURVE('',#15722,#15727);
#15722 = PLANE('',#15723);
#15723 = AXIS2_PLACEMENT_3D('',#15724,#15725,#15726);
#15724 = CARTESIAN_POINT('',(500.,-2.019603888058E-15,1.366104485001E-15
    ));
#15725 = DIRECTION('',(1.,0.,0.));
#15726 = DIRECTION('',(-0.,0.,1.));
#15727 = DEFINITIONAL_REPRESENTATION('',(#15728),#15732);
#15728 = CIRCLE('',#15729,32.5);
#15729 = AXIS2_PLACEMENT_2D('',#15730,#15731);
#15730 = CARTESIAN_POINT('',(-1.366104485001E-15,-2.019603888058E-15));
#15731 = DIRECTION('',(0.,-1.));
#15732 = ( GEOMETRIC_REPRESENTATION_CONTEXT(2) 
PARAMETRIC_REPRESENTATION_CONTEXT() REPRESENTATION_CONTEXT('2D SPACE',''
  ) );
#15733 = ADVANCED_FACE('',(#15734,#15737),#15722,.F.);
#15734 = FACE_BOUND('',#15735,.F.);
#15735 = EDGE_LOOP('',(#15736));
#15736 = ORIENTED_EDGE('',*,*,#15707,.T.);
#15737 = FACE_BOUND('',#15738,.F.);
#15738 = EDGE_LOOP('',(#15739));
#15739 = ORIENTED_EDGE('',*,*,#15740,.F.);
#15740 = EDGE_CURVE('',#15741,#15741,#15743,.T.);
#15741 = VERTEX_POINT('',#15742);
#15742 = CARTESIAN_POINT('',(500.,29.,0.));
#15743 = SURFACE_CURVE('',#15744,(#15749,#15756),.PCURVE_S1.);
#15744 = CIRCLE('',#15745,29.);
#15745 = AXIS2_PLACEMENT_3D('',#15746,#15747,#15748);
#15746 = CARTESIAN_POINT('',(500.,0.,0.));
#15747 = DIRECTION('',(1.,0.,0.));
#15748 = DIRECTION('',(0.,1.,0.));
#15749 = PCURVE('',#15722,#15750);
#15750 = DEFINITIONAL_REPRESENTATION('',(#15751),#15755);
#15751 = CIRCLE('',#15752,29.);
#15752 = AXIS2_PLACEMENT_2D('',#15753,#15754);
#15753 = CARTESIAN_POINT('',(-1.366104485001E-15,-2.019603888058E-15));
#15754 = DIRECTION('',(0.,-1.));
#15755 = ( GEOMETRIC_REPRESENTATION_CONTEXT(2) 
PARAMETRIC_REPRESENTATION_CONTEXT() REPRESENTATION_CONTEXT('2D SPACE',''
  ) );
#15756 = PCURVE('',#15757,#15762);
#15757 = CYLINDRICAL_SURFACE('',#15758,29.);
#15758 = AXIS2_PLACEMENT_3D('',#15759,#15760,#15761);
#15759 = CARTESIAN_POINT('',(465.,0.,0.));
#15760 = DIRECTION('',(-1.,-0.,-0.));
#15761 = DIRECTION('',(0.,1.,0.));
#15762 = DEFINITIONAL_REPRESENTATION('',(#15763),#15767);
#15763 = LINE('',#15764,#15765);
#15764 = CARTESIAN_POINT('',(-0.,-35.));
#15765 = VECTOR('',#15766,1.);
#15766 = DIRECTION('',(-1.,0.));
#15767 = ( GEOMETRIC_REPRESENTATION_CONTEXT(2) 
PARAMETRIC_REPRESENTATION_CONTEXT() REPRESENTATION_CONTEXT('2D SPACE',''
  ) );
#15768 = ADVANCED_FACE('',(#15769,#15772),#15694,.T.);
#15769 = FACE_BOUND('',#15770,.T.);
#15770 = EDGE_LOOP('',(#15771));
#15771 = ORIENTED_EDGE('',*,*,#15679,.T.);
#15772 = FACE_BOUND('',#15773,.T.);
#15773 = EDGE_LOOP('',(#15774));
#15774 = ORIENTED_EDGE('',*,*,#15775,.T.);
#15775 = EDGE_CURVE('',#15776,#15776,#15778,.T.);
#15776 = VERTEX_POINT('',#15777);
#15777 = CARTESIAN_POINT('',(575.,26.,0.));
#15778 = SURFACE_CURVE('',#15779,(#15784,#15795),.PCURVE_S1.);
#15779 = CIRCLE('',#15780,26.);
#15780 = AXIS2_PLACEMENT_3D('',#15781,#15782,#15783);
#15781 = CARTESIAN_POINT('',(575.,0.,0.));
#15782 = DIRECTION('',(-1.,0.,0.));
#15783 = DIRECTION('',(0.,1.,0.));
#15784 = PCURVE('',#15694,#15785);
#15785 = DEFINITIONAL_REPRESENTATION('',(#15786),#15794);
#15786 = ( BOUNDED_CURVE() B_SPLINE_CURVE(2,(#15787,#15788,#15789,#15790
    ,#15791,#15792,#15793),.UNSPECIFIED.,.T.,.F.) 
B_SPLINE_CURVE_WITH_KNOTS((1,2,2,2,2,1),(-2.094395102393,0.,
    2.094395102393,4.188790204786,6.28318530718,8.377580409573),
.UNSPECIFIED.) CURVE() GEOMETRIC_REPRESENTATION_ITEM() 
RATIONAL_B_SPLINE_CURVE((1.,0.5,1.,0.5,1.,0.5,1.)) REPRESENTATION_ITEM(
  '') );
#15787 = CARTESIAN_POINT('',(-1.366104485001E-15,-26.));
#15788 = CARTESIAN_POINT('',(-45.03332099679,-26.));
#15789 = CARTESIAN_POINT('',(-22.51666049839,13.));
#15790 = CARTESIAN_POINT('',(-7.734267840568E-15,52.));
#15791 = CARTESIAN_POINT('',(22.516660498395,13.));
#15792 = CARTESIAN_POINT('',(45.033320996791,-26.));
#15793 = CARTESIAN_POINT('',(-1.366104485001E-15,-26.));
#15794 = ( GEOMETRIC_REPRESENTATION_CONTEXT(2) 
PARAMETRIC_REPRESENTATION_CONTEXT() REPRESENTATION_CONTEXT('2D SPACE',''
  ) );
#15795 = PCURVE('',#15796,#15801);
#15796 = CYLINDRICAL_SURFACE('',#15797,26.);
#15797 = AXIS2_PLACEMENT_3D('',#15798,#15799,#15800);
#15798 = CARTESIAN_POINT('',(557.,0.,0.));
#15799 = DIRECTION('',(-1.,-0.,-0.));
#15800 = DIRECTION('',(0.,1.,0.));
#15801 = DEFINITIONAL_REPRESENTATION('',(#15802),#15806);
#15802 = LINE('',#15803,#15804);
#15803 = CARTESIAN_POINT('',(-6.28318530718,-18.));
#15804 = VECTOR('',#15805,1.);
#15805 = DIRECTION('',(1.,-0.));
#15806 = ( GEOMETRIC_REPRESENTATION_CONTEXT(2) 
PARAMETRIC_REPRESENTATION_CONTEXT() REPRESENTATION_CONTEXT('2D SPACE',''
  ) );
#15807 = ADVANCED_FACE('',(#15808),#15757,.T.);
#15808 = FACE_BOUND('',#15809,.F.);
#15809 = EDGE_LOOP('',(#15810,#15833,#15834,#15835));
#15810 = ORIENTED_EDGE('',*,*,#15811,.T.);
#15811 = EDGE_CURVE('',#15812,#15741,#15814,.T.);
#15812 = VERTEX_POINT('',#15813);
#15813 = CARTESIAN_POINT('',(465.,29.,0.));
#15814 = SEAM_CURVE('',#15815,(#15819,#15826),.PCURVE_S1.);
#15815 = LINE('',#15816,#15817);
#15816 = CARTESIAN_POINT('',(465.,29.,0.));
#15817 = VECTOR('',#15818,1.);
#15818 = DIRECTION('',(1.,0.,0.));
#15819 = PCURVE('',#15757,#15820);
#15820 = DEFINITIONAL_REPRESENTATION('',(#15821),#15825);
#15821 = LINE('',#15822,#15823);
#15822 = CARTESIAN_POINT('',(-0.,0.));
#15823 = VECTOR('',#15824,1.);
#15824 = DIRECTION('',(-0.,-1.));
#15825 = ( GEOMETRIC_REPRESENTATION_CONTEXT(2) 
PARAMETRIC_REPRESENTATION_CONTEXT() REPRESENTATION_CONTEXT('2D SPACE',''
  ) );
#15826 = PCURVE('',#15757,#15827);
#15827 = DEFINITIONAL_REPRESENTATION('',(#15828),#15832);
#15828 = LINE('',#15829,#15830);
#15829 = CARTESIAN_POINT('',(-6.28318530718,0.));
#15830 = VECTOR('',#15831,1.);
#15831 = DIRECTION('',(-0.,-1.));
#15832 = ( GEOMETRIC_REPRESENTATION_CONTEXT(2) 
PARAMETRIC_REPRESENTATION_CONTEXT() REPRESENTATION_CONTEXT('2D SPACE',''
  ) );
#15833 = ORIENTED_EDGE('',*,*,#15740,.T.);
#15834 = ORIENTED_EDGE('',*,*,#15811,.F.);
#15835 = ORIENTED_EDGE('',*,*,#15836,.F.);
#15836 = EDGE_CURVE('',#15812,#15812,#15837,.T.);
#15837 = SURFACE_CURVE('',#15838,(#15843,#15850),.PCURVE_S1.);
#15838 = CIRCLE('',#15839,29.);
#15839 = AXIS2_PLACEMENT_3D('',#15840,#15841,#15842);
#15840 = CARTESIAN_POINT('',(465.,0.,0.));
#15841 = DIRECTION('',(1.,0.,0.));
#15842 = DIRECTION('',(0.,1.,0.));
#15843 = PCURVE('',#15757,#15844);
#15844 = DEFINITIONAL_REPRESENTATION('',(#15845),#15849);
#15845 = LINE('',#15846,#15847);
#15846 = CARTESIAN_POINT('',(-0.,0.));
#15847 = VECTOR('',#15848,1.);
#15848 = DIRECTION('',(-1.,0.));
#15849 = ( GEOMETRIC_REPRESENTATION_CONTEXT(2) 
PARAMETRIC_REPRESENTATION_CONTEXT() REPRESENTATION_CONTEXT('2D SPACE',''
  ) );
#15850 = PCURVE('',#15851,#15856);
#15851 = PLANE('',#15852);
#15852 = AXIS2_PLACEMENT_3D('',#15853,#15854,#15855);
#15853 = CARTESIAN_POINT('',(465.,-7.544497282976E-16,1.833973674015E-15
    ));
#15854 = DIRECTION('',(1.,0.,0.));
#15855 = DIRECTION('',(-0.,0.,1.));
#15856 = DEFINITIONAL_REPRESENTATION('',(#15857),#15861);
#15857 = CIRCLE('',#15858,29.);
#15858 = AXIS2_PLACEMENT_2D('',#15859,#15860);
#15859 = CARTESIAN_POINT('',(-1.833973674015E-15,-7.544497282976E-16));
#15860 = DIRECTION('',(0.,-1.));
#15861 = ( GEOMETRIC_REPRESENTATION_CONTEXT(2) 
PARAMETRIC_REPRESENTATION_CONTEXT() REPRESENTATION_CONTEXT('2D SPACE',''
  ) );
#15862 = ADVANCED_FACE('',(#15863),#15796,.F.);
#15863 = FACE_BOUND('',#15864,.T.);
#15864 = EDGE_LOOP('',(#15865,#15894,#15915,#15916));
#15865 = ORIENTED_EDGE('',*,*,#15866,.F.);
#15866 = EDGE_CURVE('',#15867,#15867,#15869,.T.);
#15867 = VERTEX_POINT('',#15868);
#15868 = CARTESIAN_POINT('',(557.,26.,0.));
#15869 = SURFACE_CURVE('',#15870,(#15875,#15882),.PCURVE_S1.);
#15870 = CIRCLE('',#15871,26.);
#15871 = AXIS2_PLACEMENT_3D('',#15872,#15873,#15874);
#15872 = CARTESIAN_POINT('',(557.,0.,0.));
#15873 = DIRECTION('',(1.,0.,0.));
#15874 = DIRECTION('',(0.,1.,0.));
#15875 = PCURVE('',#15796,#15876);
#15876 = DEFINITIONAL_REPRESENTATION('',(#15877),#15881);
#15877 = LINE('',#15878,#15879);
#15878 = CARTESIAN_POINT('',(-0.,0.));
#15879 = VECTOR('',#15880,1.);
#15880 = DIRECTION('',(-1.,0.));
#15881 = ( GEOMETRIC_REPRESENTATION_CONTEXT(2) 
PARAMETRIC_REPRESENTATION_CONTEXT() REPRESENTATION_CONTEXT('2D SPACE',''
  ) );
#15882 = PCURVE('',#15883,#15888);
#15883 = PLANE('',#15884);
#15884 = AXIS2_PLACEMENT_3D('',#15885,#15886,#15887);
#15885 = CARTESIAN_POINT('',(557.,-8.415016200243E-16,2.304645920836E-15
    ));
#15886 = DIRECTION('',(1.,0.,0.));
#15887 = DIRECTION('',(-0.,0.,1.));
#15888 = DEFINITIONAL_REPRESENTATION('',(#15889),#15893);
#15889 = CIRCLE('',#15890,26.);
#15890 = AXIS2_PLACEMENT_2D('',#15891,#15892);
#15891 = CARTESIAN_POINT('',(-2.304645920836E-15,-8.415016200243E-16));
#15892 = DIRECTION('',(0.,-1.));
#15893 = ( GEOMETRIC_REPRESENTATION_CONTEXT(2) 
PARAMETRIC_REPRESENTATION_CONTEXT() REPRESENTATION_CONTEXT('2D SPACE',''
  ) );
#15894 = ORIENTED_EDGE('',*,*,#15895,.T.);
#15895 = EDGE_CURVE('',#15867,#15776,#15896,.T.);
#15896 = SEAM_CURVE('',#15897,(#15901,#15908),.PCURVE_S1.);
#15897 = LINE('',#15898,#15899);
#15898 = CARTESIAN_POINT('',(557.,26.,0.));
#15899 = VECTOR('',#15900,1.);
#15900 = DIRECTION('',(1.,0.,0.));
#15901 = PCURVE('',#15796,#15902);
#15902 = DEFINITIONAL_REPRESENTATION('',(#15903),#15907);
#15903 = LINE('',#15904,#15905);
#15904 = CARTESIAN_POINT('',(-6.28318530718,0.));
#15905 = VECTOR('',#15906,1.);
#15906 = DIRECTION('',(-0.,-1.));
#15907 = ( GEOMETRIC_REPRESENTATION_CONTEXT(2) 
PARAMETRIC_REPRESENTATION_CONTEXT() REPRESENTATION_CONTEXT('2D SPACE',''
  ) );
#15908 = PCURVE('',#15796,#15909);
#15909 = DEFINITIONAL_REPRESENTATION('',(#15910),#15914);
#15910 = LINE('',#15911,#15912);
#15911 = CARTESIAN_POINT('',(-0.,0.));
#15912 = VECTOR('',#15913,1.);
#15913 = DIRECTION('',(-0.,-1.));
#15914 = ( GEOMETRIC_REPRESENTATION_CONTEXT(2) 
PARAMETRIC_REPRESENTATION_CONTEXT() REPRESENTATION_CONTEXT('2D SPACE',''
  ) );
#15915 = ORIENTED_EDGE('',*,*,#15775,.F.);
#15916 = ORIENTED_EDGE('',*,*,#15895,.F.);
#15917 = ADVANCED_FACE('',(#15918,#15921),#15851,.F.);
#15918 = FACE_BOUND('',#15919,.F.);
#15919 = EDGE_LOOP('',(#15920));
#15920 = ORIENTED_EDGE('',*,*,#15836,.T.);
#15921 = FACE_BOUND('',#15922,.F.);
#15922 = EDGE_LOOP('',(#15923));
#15923 = ORIENTED_EDGE('',*,*,#15924,.F.);
#15924 = EDGE_CURVE('',#15925,#15925,#15927,.T.);
#15925 = VERTEX_POINT('',#15926);
#15926 = CARTESIAN_POINT('',(465.,12.5,0.));
#15927 = SURFACE_CURVE('',#15928,(#15933,#15940),.PCURVE_S1.);
#15928 = CIRCLE('',#15929,12.5);
#15929 = AXIS2_PLACEMENT_3D('',#15930,#15931,#15932);
#15930 = CARTESIAN_POINT('',(465.,0.,0.));
#15931 = DIRECTION('',(1.,0.,0.));
#15932 = DIRECTION('',(0.,1.,0.));
#15933 = PCURVE('',#15851,#15934);
#15934 = DEFINITIONAL_REPRESENTATION('',(#15935),#15939);
#15935 = CIRCLE('',#15936,12.5);
#15936 = AXIS2_PLACEMENT_2D('',#15937,#15938);
#15937 = CARTESIAN_POINT('',(-1.833973674015E-15,-7.544497282976E-16));
#15938 = DIRECTION('',(0.,-1.));
#15939 = ( GEOMETRIC_REPRESENTATION_CONTEXT(2) 
PARAMETRIC_REPRESENTATION_CONTEXT() REPRESENTATION_CONTEXT('2D SPACE',''
  ) );
#15940 = PCURVE('',#15941,#15946);
#15941 = CONICAL_SURFACE('',#15942,12.5,6.10865238198E-02);
#15942 = AXIS2_PLACEMENT_3D('',#15943,#15944,#15945);
#15943 = CARTESIAN_POINT('',(465.,0.,0.));
#15944 = DIRECTION('',(1.,0.,0.));
#15945 = DIRECTION('',(0.,1.,0.));
#15946 = DEFINITIONAL_REPRESENTATION('',(#15947),#15951);
#15947 = LINE('',#15948,#15949);
#15948 = CARTESIAN_POINT('',(0.,0.));
#15949 = VECTOR('',#15950,1.);
#15950 = DIRECTION('',(1.,0.));
#15951 = ( GEOMETRIC_REPRESENTATION_CONTEXT(2) 
PARAMETRIC_REPRESENTATION_CONTEXT() REPRESENTATION_CONTEXT('2D SPACE',''
  ) );
#15952 = ADVANCED_FACE('',(#15953,#15956),#15883,.T.);
#15953 = FACE_BOUND('',#15954,.T.);
#15954 = EDGE_LOOP('',(#15955));
#15955 = ORIENTED_EDGE('',*,*,#15866,.T.);
#15956 = FACE_BOUND('',#15957,.T.);
#15957 = EDGE_LOOP('',(#15958));
#15958 = ORIENTED_EDGE('',*,*,#15959,.F.);
#15959 = EDGE_CURVE('',#15960,#15960,#15962,.T.);
#15960 = VERTEX_POINT('',#15961);
#15961 = CARTESIAN_POINT('',(557.,18.031383410534,0.));
#15962 = SURFACE_CURVE('',#15963,(#15968,#15975),.PCURVE_S1.);
#15963 = CIRCLE('',#15964,18.031383410534);
#15964 = AXIS2_PLACEMENT_3D('',#15965,#15966,#15967);
#15965 = CARTESIAN_POINT('',(557.,0.,0.));
#15966 = DIRECTION('',(1.,0.,0.));
#15967 = DIRECTION('',(0.,1.,0.));
#15968 = PCURVE('',#15883,#15969);
#15969 = DEFINITIONAL_REPRESENTATION('',(#15970),#15974);
#15970 = CIRCLE('',#15971,18.031383410534);
#15971 = AXIS2_PLACEMENT_2D('',#15972,#15973);
#15972 = CARTESIAN_POINT('',(-2.304645920836E-15,-8.415016200243E-16));
#15973 = DIRECTION('',(0.,-1.));
#15974 = ( GEOMETRIC_REPRESENTATION_CONTEXT(2) 
PARAMETRIC_REPRESENTATION_CONTEXT() REPRESENTATION_CONTEXT('2D SPACE',''
  ) );
#15975 = PCURVE('',#15976,#15981);
#15976 = CYLINDRICAL_SURFACE('',#15977,18.031383410534);
#15977 = AXIS2_PLACEMENT_3D('',#15978,#15979,#15980);
#15978 = CARTESIAN_POINT('',(535.,0.,0.));
#15979 = DIRECTION('',(-1.,-0.,-0.));
#15980 = DIRECTION('',(0.,1.,0.));
#15981 = DEFINITIONAL_REPRESENTATION('',(#15982),#15986);
#15982 = LINE('',#15983,#15984);
#15983 = CARTESIAN_POINT('',(-0.,-22.));
#15984 = VECTOR('',#15985,1.);
#15985 = DIRECTION('',(-1.,0.));
#15986 = ( GEOMETRIC_REPRESENTATION_CONTEXT(2) 
PARAMETRIC_REPRESENTATION_CONTEXT() REPRESENTATION_CONTEXT('2D SPACE',''
  ) );
#15987 = ADVANCED_FACE('',(#15988),#15941,.F.);
#15988 = FACE_BOUND('',#15989,.F.);
#15989 = EDGE_LOOP('',(#15990,#15991,#16011,#16038));
#15990 = ORIENTED_EDGE('',*,*,#15924,.T.);
#15991 = ORIENTED_EDGE('',*,*,#15992,.T.);
#15992 = EDGE_CURVE('',#15925,#15993,#15995,.T.);
#15993 = VERTEX_POINT('',#15994);
#15994 = CARTESIAN_POINT('',(535.,16.781383410534,0.));
#15995 = SEAM_CURVE('',#15996,(#15999,#16005),.PCURVE_S1.);
#15996 = B_SPLINE_CURVE_WITH_KNOTS('',1,(#15997,#15998),.UNSPECIFIED.,
  .F.,.F.,(2,2),(0.,1.),.PIECEWISE_BEZIER_KNOTS.);
#15997 = CARTESIAN_POINT('',(465.,12.5,0.));
#15998 = CARTESIAN_POINT('',(535.,16.781383410534,0.));
#15999 = PCURVE('',#15941,#16000);
#16000 = DEFINITIONAL_REPRESENTATION('',(#16001),#16004);
#16001 = B_SPLINE_CURVE_WITH_KNOTS('',1,(#16002,#16003),.UNSPECIFIED.,
  .F.,.F.,(2,2),(0.,1.),.PIECEWISE_BEZIER_KNOTS.);
#16002 = CARTESIAN_POINT('',(6.28318530718,0.));
#16003 = CARTESIAN_POINT('',(6.28318530718,70.));
#16004 = ( GEOMETRIC_REPRESENTATION_CONTEXT(2) 
PARAMETRIC_REPRESENTATION_CONTEXT() REPRESENTATION_CONTEXT('2D SPACE',''
  ) );
#16005 = PCURVE('',#15941,#16006);
#16006 = DEFINITIONAL_REPRESENTATION('',(#16007),#16010);
#16007 = B_SPLINE_CURVE_WITH_KNOTS('',1,(#16008,#16009),.UNSPECIFIED.,
  .F.,.F.,(2,2),(0.,1.),.PIECEWISE_BEZIER_KNOTS.);
#16008 = CARTESIAN_POINT('',(0.,0.));
#16009 = CARTESIAN_POINT('',(0.,70.));
#16010 = ( GEOMETRIC_REPRESENTATION_CONTEXT(2) 
PARAMETRIC_REPRESENTATION_CONTEXT() REPRESENTATION_CONTEXT('2D SPACE',''
  ) );
#16011 = ORIENTED_EDGE('',*,*,#16012,.F.);
#16012 = EDGE_CURVE('',#15993,#15993,#16013,.T.);
#16013 = SURFACE_CURVE('',#16014,(#16019,#16026),.PCURVE_S1.);
#16014 = CIRCLE('',#16015,16.781383410534);
#16015 = AXIS2_PLACEMENT_3D('',#16016,#16017,#16018);
#16016 = CARTESIAN_POINT('',(535.,0.,0.));
#16017 = DIRECTION('',(1.,0.,0.));
#16018 = DIRECTION('',(0.,1.,0.));
#16019 = PCURVE('',#15941,#16020);
#16020 = DEFINITIONAL_REPRESENTATION('',(#16021),#16025);
#16021 = LINE('',#16022,#16023);
#16022 = CARTESIAN_POINT('',(0.,70.));
#16023 = VECTOR('',#16024,1.);
#16024 = DIRECTION('',(1.,0.));
#16025 = ( GEOMETRIC_REPRESENTATION_CONTEXT(2) 
PARAMETRIC_REPRESENTATION_CONTEXT() REPRESENTATION_CONTEXT('2D SPACE',''
  ) );
#16026 = PCURVE('',#16027,#16032);
#16027 = PLANE('',#16028);
#16028 = AXIS2_PLACEMENT_3D('',#16029,#16030,#16031);
#16029 = CARTESIAN_POINT('',(535.,-1.213386772523E-15,4.773175732593E-16
    ));
#16030 = DIRECTION('',(1.,0.,0.));
#16031 = DIRECTION('',(-0.,0.,1.));
#16032 = DEFINITIONAL_REPRESENTATION('',(#16033),#16037);
#16033 = CIRCLE('',#16034,16.781383410534);
#16034 = AXIS2_PLACEMENT_2D('',#16035,#16036);
#16035 = CARTESIAN_POINT('',(-4.773175732593E-16,-1.213386772523E-15));
#16036 = DIRECTION('',(0.,-1.));
#16037 = ( GEOMETRIC_REPRESENTATION_CONTEXT(2) 
PARAMETRIC_REPRESENTATION_CONTEXT() REPRESENTATION_CONTEXT('2D SPACE',''
  ) );
#16038 = ORIENTED_EDGE('',*,*,#15992,.F.);
#16039 = ADVANCED_FACE('',(#16040),#15976,.F.);
#16040 = FACE_BOUND('',#16041,.T.);
#16041 = EDGE_LOOP('',(#16042,#16065,#16066,#16067));
#16042 = ORIENTED_EDGE('',*,*,#16043,.T.);
#16043 = EDGE_CURVE('',#16044,#15960,#16046,.T.);
#16044 = VERTEX_POINT('',#16045);
#16045 = CARTESIAN_POINT('',(535.,18.031383410534,0.));
#16046 = SEAM_CURVE('',#16047,(#16051,#16058),.PCURVE_S1.);
#16047 = LINE('',#16048,#16049);
#16048 = CARTESIAN_POINT('',(535.,18.031383410534,0.));
#16049 = VECTOR('',#16050,1.);
#16050 = DIRECTION('',(1.,0.,0.));
#16051 = PCURVE('',#15976,#16052);
#16052 = DEFINITIONAL_REPRESENTATION('',(#16053),#16057);
#16053 = LINE('',#16054,#16055);
#16054 = CARTESIAN_POINT('',(-0.,0.));
#16055 = VECTOR('',#16056,1.);
#16056 = DIRECTION('',(-0.,-1.));
#16057 = ( GEOMETRIC_REPRESENTATION_CONTEXT(2) 
PARAMETRIC_REPRESENTATION_CONTEXT() REPRESENTATION_CONTEXT('2D SPACE',''
  ) );
#16058 = PCURVE('',#15976,#16059);
#16059 = DEFINITIONAL_REPRESENTATION('',(#16060),#16064);
#16060 = LINE('',#16061,#16062);
#16061 = CARTESIAN_POINT('',(-6.28318530718,0.));
#16062 = VECTOR('',#16063,1.);
#16063 = DIRECTION('',(-0.,-1.));
#16064 = ( GEOMETRIC_REPRESENTATION_CONTEXT(2) 
PARAMETRIC_REPRESENTATION_CONTEXT() REPRESENTATION_CONTEXT('2D SPACE',''
  ) );
#16065 = ORIENTED_EDGE('',*,*,#15959,.T.);
#16066 = ORIENTED_EDGE('',*,*,#16043,.F.);
#16067 = ORIENTED_EDGE('',*,*,#16068,.F.);
#16068 = EDGE_CURVE('',#16044,#16044,#16069,.T.);
#16069 = SURFACE_CURVE('',#16070,(#16075,#16082),.PCURVE_S1.);
#16070 = CIRCLE('',#16071,18.031383410534);
#16071 = AXIS2_PLACEMENT_3D('',#16072,#16073,#16074);
#16072 = CARTESIAN_POINT('',(535.,0.,0.));
#16073 = DIRECTION('',(1.,0.,0.));
#16074 = DIRECTION('',(0.,1.,0.));
#16075 = PCURVE('',#15976,#16076);
#16076 = DEFINITIONAL_REPRESENTATION('',(#16077),#16081);
#16077 = LINE('',#16078,#16079);
#16078 = CARTESIAN_POINT('',(-0.,0.));
#16079 = VECTOR('',#16080,1.);
#16080 = DIRECTION('',(-1.,0.));
#16081 = ( GEOMETRIC_REPRESENTATION_CONTEXT(2) 
PARAMETRIC_REPRESENTATION_CONTEXT() REPRESENTATION_CONTEXT('2D SPACE',''
  ) );
#16082 = PCURVE('',#16027,#16083);
#16083 = DEFINITIONAL_REPRESENTATION('',(#16084),#16088);
#16084 = CIRCLE('',#16085,18.031383410534);
#16085 = AXIS2_PLACEMENT_2D('',#16086,#16087);
#16086 = CARTESIAN_POINT('',(-4.773175732593E-16,-1.213386772523E-15));
#16087 = DIRECTION('',(0.,-1.));
#16088 = ( GEOMETRIC_REPRESENTATION_CONTEXT(2) 
PARAMETRIC_REPRESENTATION_CONTEXT() REPRESENTATION_CONTEXT('2D SPACE',''
  ) );
#16089 = ADVANCED_FACE('',(#16090,#16093),#16027,.T.);
#16090 = FACE_BOUND('',#16091,.T.);
#16091 = EDGE_LOOP('',(#16092));
#16092 = ORIENTED_EDGE('',*,*,#16068,.T.);
#16093 = FACE_BOUND('',#16094,.T.);
#16094 = EDGE_LOOP('',(#16095));
#16095 = ORIENTED_EDGE('',*,*,#16012,.F.);
#16096 = ( GEOMETRIC_REPRESENTATION_CONTEXT(3) 
GLOBAL_UNCERTAINTY_ASSIGNED_CONTEXT((#16100)) 
GLOBAL_UNIT_ASSIGNED_CONTEXT((#16097,#16098,#16099)) 
REPRESENTATION_CONTEXT('Context #1',
  '3D Context with UNIT and UNCERTAINTY') );
#16097 = ( LENGTH_UNIT() NAMED_UNIT(*) SI_UNIT(.MILLI.,.METRE.) );
#16098 = ( NAMED_UNIT(*) PLANE_ANGLE_UNIT() SI_UNIT($,.RADIAN.) );
#16099 = ( NAMED_UNIT(*) SI_UNIT($,.STERADIAN.) SOLID_ANGLE_UNIT() );
#16100 = UNCERTAINTY_MEASURE_WITH_UNIT(LENGTH_MEASURE(1.E-07),#16097,
  'distance_accuracy_value','confusion accuracy');
#16101 = CONTEXT_DEPENDENT_SHAPE_REPRESENTATION(#16102,#16104);
#16102 = ( REPRESENTATION_RELATIONSHIP('','',#15642,#10) 
REPRESENTATION_RELATIONSHIP_WITH_TRANSFORMATION(#16103) 
SHAPE_REPRESENTATION_RELATIONSHIP() );
#16103 = ITEM_DEFINED_TRANSFORMATION('','',#11,#63);
#16104 = PRODUCT_DEFINITION_SHAPE('Placement','Placement of an item',
  #16105);
#16105 = NEXT_ASSEMBLY_USAGE_OCCURRENCE('13','P8-gripper-barrel','',#5,
  #15637,$);
#16106 = PRODUCT_RELATED_PRODUCT_CATEGORY('part',$,(#15639));
#16107 = SHAPE_DEFINITION_REPRESENTATION(#16108,#16114);
#16108 = PRODUCT_DEFINITION_SHAPE('','',#16109);
#16109 = PRODUCT_DEFINITION('design','',#16110,#16113);
#16110 = PRODUCT_DEFINITION_FORMATION('','',#16111);
#16111 = PRODUCT('P10-stop-ring','P10-stop-ring','',(#16112));
#16112 = PRODUCT_CONTEXT('',#2,'mechanical');
#16113 = PRODUCT_DEFINITION_CONTEXT('part definition',#2,'design');
#16114 = ADVANCED_BREP_SHAPE_REPRESENTATION('',(#11,#16115),#16305);
#16115 = MANIFOLD_SOLID_BREP('',#16116);
#16116 = CLOSED_SHELL('',(#16117,#16205,#16244,#16278));
#16117 = ADVANCED_FACE('',(#16118),#16132,.T.);
#16118 = FACE_BOUND('',#16119,.F.);
#16119 = EDGE_LOOP('',(#16120,#16150,#16177,#16178));
#16120 = ORIENTED_EDGE('',*,*,#16121,.T.);
#16121 = EDGE_CURVE('',#16122,#16124,#16126,.T.);
#16122 = VERTEX_POINT('',#16123);
#16123 = CARTESIAN_POINT('',(175.,24.9,80.));
#16124 = VERTEX_POINT('',#16125);
#16125 = CARTESIAN_POINT('',(215.,24.9,80.));
#16126 = SEAM_CURVE('',#16127,(#16131,#16143),.PCURVE_S1.);
#16127 = LINE('',#16128,#16129);
#16128 = CARTESIAN_POINT('',(175.,24.9,80.));
#16129 = VECTOR('',#16130,1.);
#16130 = DIRECTION('',(1.,0.,0.));
#16131 = PCURVE('',#16132,#16137);
#16132 = CYLINDRICAL_SURFACE('',#16133,24.9);
#16133 = AXIS2_PLACEMENT_3D('',#16134,#16135,#16136);
#16134 = CARTESIAN_POINT('',(175.,0.,80.));
#16135 = DIRECTION('',(-1.,-0.,-0.));
#16136 = DIRECTION('',(0.,1.,0.));
#16137 = DEFINITIONAL_REPRESENTATION('',(#16138),#16142);
#16138 = LINE('',#16139,#16140);
#16139 = CARTESIAN_POINT('',(-0.,0.));
#16140 = VECTOR('',#16141,1.);
#16141 = DIRECTION('',(-0.,-1.));
#16142 = ( GEOMETRIC_REPRESENTATION_CONTEXT(2) 
PARAMETRIC_REPRESENTATION_CONTEXT() REPRESENTATION_CONTEXT('2D SPACE',''
  ) );
#16143 = PCURVE('',#16132,#16144);
#16144 = DEFINITIONAL_REPRESENTATION('',(#16145),#16149);
#16145 = LINE('',#16146,#16147);
#16146 = CARTESIAN_POINT('',(-6.28318530718,0.));
#16147 = VECTOR('',#16148,1.);
#16148 = DIRECTION('',(-0.,-1.));
#16149 = ( GEOMETRIC_REPRESENTATION_CONTEXT(2) 
PARAMETRIC_REPRESENTATION_CONTEXT() REPRESENTATION_CONTEXT('2D SPACE',''
  ) );
#16150 = ORIENTED_EDGE('',*,*,#16151,.T.);
#16151 = EDGE_CURVE('',#16124,#16124,#16152,.T.);
#16152 = SURFACE_CURVE('',#16153,(#16158,#16165),.PCURVE_S1.);
#16153 = CIRCLE('',#16154,24.9);
#16154 = AXIS2_PLACEMENT_3D('',#16155,#16156,#16157);
#16155 = CARTESIAN_POINT('',(215.,0.,80.));
#16156 = DIRECTION('',(1.,0.,0.));
#16157 = DIRECTION('',(0.,1.,0.));
#16158 = PCURVE('',#16132,#16159);
#16159 = DEFINITIONAL_REPRESENTATION('',(#16160),#16164);
#16160 = LINE('',#16161,#16162);
#16161 = CARTESIAN_POINT('',(-0.,-40.));
#16162 = VECTOR('',#16163,1.);
#16163 = DIRECTION('',(-1.,0.));
#16164 = ( GEOMETRIC_REPRESENTATION_CONTEXT(2) 
PARAMETRIC_REPRESENTATION_CONTEXT() REPRESENTATION_CONTEXT('2D SPACE',''
  ) );
#16165 = PCURVE('',#16166,#16171);
#16166 = PLANE('',#16167);
#16167 = AXIS2_PLACEMENT_3D('',#16168,#16169,#16170);
#16168 = CARTESIAN_POINT('',(215.,0.,80.));
#16169 = DIRECTION('',(1.,0.,0.));
#16170 = DIRECTION('',(-0.,0.,1.));
#16171 = DEFINITIONAL_REPRESENTATION('',(#16172),#16176);
#16172 = CIRCLE('',#16173,24.9);
#16173 = AXIS2_PLACEMENT_2D('',#16174,#16175);
#16174 = CARTESIAN_POINT('',(0.,0.));
#16175 = DIRECTION('',(0.,-1.));
#16176 = ( GEOMETRIC_REPRESENTATION_CONTEXT(2) 
PARAMETRIC_REPRESENTATION_CONTEXT() REPRESENTATION_CONTEXT('2D SPACE',''
  ) );
#16177 = ORIENTED_EDGE('',*,*,#16121,.F.);
#16178 = ORIENTED_EDGE('',*,*,#16179,.F.);
#16179 = EDGE_CURVE('',#16122,#16122,#16180,.T.);
#16180 = SURFACE_CURVE('',#16181,(#16186,#16193),.PCURVE_S1.);
#16181 = CIRCLE('',#16182,24.9);
#16182 = AXIS2_PLACEMENT_3D('',#16183,#16184,#16185);
#16183 = CARTESIAN_POINT('',(175.,0.,80.));
#16184 = DIRECTION('',(1.,0.,0.));
#16185 = DIRECTION('',(0.,1.,0.));
#16186 = PCURVE('',#16132,#16187);
#16187 = DEFINITIONAL_REPRESENTATION('',(#16188),#16192);
#16188 = LINE('',#16189,#16190);
#16189 = CARTESIAN_POINT('',(-0.,0.));
#16190 = VECTOR('',#16191,1.);
#16191 = DIRECTION('',(-1.,0.));
#16192 = ( GEOMETRIC_REPRESENTATION_CONTEXT(2) 
PARAMETRIC_REPRESENTATION_CONTEXT() REPRESENTATION_CONTEXT('2D SPACE',''
  ) );
#16193 = PCURVE('',#16194,#16199);
#16194 = PLANE('',#16195);
#16195 = AXIS2_PLACEMENT_3D('',#16196,#16197,#16198);
#16196 = CARTESIAN_POINT('',(175.,0.,80.));
#16197 = DIRECTION('',(1.,0.,0.));
#16198 = DIRECTION('',(-0.,0.,1.));
#16199 = DEFINITIONAL_REPRESENTATION('',(#16200),#16204);
#16200 = CIRCLE('',#16201,24.9);
#16201 = AXIS2_PLACEMENT_2D('',#16202,#16203);
#16202 = CARTESIAN_POINT('',(0.,0.));
#16203 = DIRECTION('',(0.,-1.));
#16204 = ( GEOMETRIC_REPRESENTATION_CONTEXT(2) 
PARAMETRIC_REPRESENTATION_CONTEXT() REPRESENTATION_CONTEXT('2D SPACE',''
  ) );
#16205 = ADVANCED_FACE('',(#16206,#16209),#16194,.F.);
#16206 = FACE_BOUND('',#16207,.F.);
#16207 = EDGE_LOOP('',(#16208));
#16208 = ORIENTED_EDGE('',*,*,#16179,.T.);
#16209 = FACE_BOUND('',#16210,.F.);
#16210 = EDGE_LOOP('',(#16211));
#16211 = ORIENTED_EDGE('',*,*,#16212,.T.);
#16212 = EDGE_CURVE('',#16213,#16213,#16215,.T.);
#16213 = VERTEX_POINT('',#16214);
#16214 = CARTESIAN_POINT('',(175.,17.,80.));
#16215 = SURFACE_CURVE('',#16216,(#16221,#16232),.PCURVE_S1.);
#16216 = CIRCLE('',#16217,17.);
#16217 = AXIS2_PLACEMENT_3D('',#16218,#16219,#16220);
#16218 = CARTESIAN_POINT('',(175.,0.,80.));
#16219 = DIRECTION('',(-1.,0.,0.));
#16220 = DIRECTION('',(0.,1.,0.));
#16221 = PCURVE('',#16194,#16222);
#16222 = DEFINITIONAL_REPRESENTATION('',(#16223),#16231);
#16223 = ( BOUNDED_CURVE() B_SPLINE_CURVE(2,(#16224,#16225,#16226,#16227
    ,#16228,#16229,#16230),.UNSPECIFIED.,.T.,.F.) 
B_SPLINE_CURVE_WITH_KNOTS((1,2,2,2,2,1),(-2.094395102393,0.,
    2.094395102393,4.188790204786,6.28318530718,8.377580409573),
.UNSPECIFIED.) CURVE() GEOMETRIC_REPRESENTATION_ITEM() 
RATIONAL_B_SPLINE_CURVE((1.,0.5,1.,0.5,1.,0.5,1.)) REPRESENTATION_ITEM(
  '') );
#16224 = CARTESIAN_POINT('',(0.,-17.));
#16225 = CARTESIAN_POINT('',(-29.44486372867,-17.));
#16226 = CARTESIAN_POINT('',(-14.72243186433,8.5));
#16227 = CARTESIAN_POINT('',(-4.163799117101E-15,34.));
#16228 = CARTESIAN_POINT('',(14.722431864335,8.5));
#16229 = CARTESIAN_POINT('',(29.444863728671,-17.));
#16230 = CARTESIAN_POINT('',(0.,-17.));
#16231 = ( GEOMETRIC_REPRESENTATION_CONTEXT(2) 
PARAMETRIC_REPRESENTATION_CONTEXT() REPRESENTATION_CONTEXT('2D SPACE',''
  ) );
#16232 = PCURVE('',#16233,#16238);
#16233 = CYLINDRICAL_SURFACE('',#16234,17.);
#16234 = AXIS2_PLACEMENT_3D('',#16235,#16236,#16237);
#16235 = CARTESIAN_POINT('',(174.,0.,80.));
#16236 = DIRECTION('',(-1.,-0.,-0.));
#16237 = DIRECTION('',(0.,1.,0.));
#16238 = DEFINITIONAL_REPRESENTATION('',(#16239),#16243);
#16239 = LINE('',#16240,#16241);
#16240 = CARTESIAN_POINT('',(-6.28318530718,-1.));
#16241 = VECTOR('',#16242,1.);
#16242 = DIRECTION('',(1.,-0.));
#16243 = ( GEOMETRIC_REPRESENTATION_CONTEXT(2) 
PARAMETRIC_REPRESENTATION_CONTEXT() REPRESENTATION_CONTEXT('2D SPACE',''
  ) );
#16244 = ADVANCED_FACE('',(#16245,#16248),#16166,.T.);
#16245 = FACE_BOUND('',#16246,.T.);
#16246 = EDGE_LOOP('',(#16247));
#16247 = ORIENTED_EDGE('',*,*,#16151,.T.);
#16248 = FACE_BOUND('',#16249,.T.);
#16249 = EDGE_LOOP('',(#16250));
#16250 = ORIENTED_EDGE('',*,*,#16251,.T.);
#16251 = EDGE_CURVE('',#16252,#16252,#16254,.T.);
#16252 = VERTEX_POINT('',#16253);
#16253 = CARTESIAN_POINT('',(215.,17.,80.));
#16254 = SURFACE_CURVE('',#16255,(#16260,#16271),.PCURVE_S1.);
#16255 = CIRCLE('',#16256,17.);
#16256 = AXIS2_PLACEMENT_3D('',#16257,#16258,#16259);
#16257 = CARTESIAN_POINT('',(215.,0.,80.));
#16258 = DIRECTION('',(-1.,0.,0.));
#16259 = DIRECTION('',(0.,1.,0.));
#16260 = PCURVE('',#16166,#16261);
#16261 = DEFINITIONAL_REPRESENTATION('',(#16262),#16270);
#16262 = ( BOUNDED_CURVE() B_SPLINE_CURVE(2,(#16263,#16264,#16265,#16266
    ,#16267,#16268,#16269),.UNSPECIFIED.,.T.,.F.) 
B_SPLINE_CURVE_WITH_KNOTS((1,2,2,2,2,1),(-2.094395102393,0.,
    2.094395102393,4.188790204786,6.28318530718,8.377580409573),
.UNSPECIFIED.) CURVE() GEOMETRIC_REPRESENTATION_ITEM() 
RATIONAL_B_SPLINE_CURVE((1.,0.5,1.,0.5,1.,0.5,1.)) REPRESENTATION_ITEM(
  '') );
#16263 = CARTESIAN_POINT('',(0.,-17.));
#16264 = CARTESIAN_POINT('',(-29.44486372867,-17.));
#16265 = CARTESIAN_POINT('',(-14.72243186433,8.5));
#16266 = CARTESIAN_POINT('',(-4.163799117101E-15,34.));
#16267 = CARTESIAN_POINT('',(14.722431864335,8.5));
#16268 = CARTESIAN_POINT('',(29.444863728671,-17.));
#16269 = CARTESIAN_POINT('',(0.,-17.));
#16270 = ( GEOMETRIC_REPRESENTATION_CONTEXT(2) 
PARAMETRIC_REPRESENTATION_CONTEXT() REPRESENTATION_CONTEXT('2D SPACE',''
  ) );
#16271 = PCURVE('',#16233,#16272);
#16272 = DEFINITIONAL_REPRESENTATION('',(#16273),#16277);
#16273 = LINE('',#16274,#16275);
#16274 = CARTESIAN_POINT('',(-6.28318530718,-41.));
#16275 = VECTOR('',#16276,1.);
#16276 = DIRECTION('',(1.,-0.));
#16277 = ( GEOMETRIC_REPRESENTATION_CONTEXT(2) 
PARAMETRIC_REPRESENTATION_CONTEXT() REPRESENTATION_CONTEXT('2D SPACE',''
  ) );
#16278 = ADVANCED_FACE('',(#16279),#16233,.F.);
#16279 = FACE_BOUND('',#16280,.T.);
#16280 = EDGE_LOOP('',(#16281,#16282,#16303,#16304));
#16281 = ORIENTED_EDGE('',*,*,#16212,.T.);
#16282 = ORIENTED_EDGE('',*,*,#16283,.T.);
#16283 = EDGE_CURVE('',#16213,#16252,#16284,.T.);
#16284 = SEAM_CURVE('',#16285,(#16289,#16296),.PCURVE_S1.);
#16285 = LINE('',#16286,#16287);
#16286 = CARTESIAN_POINT('',(174.,17.,80.));
#16287 = VECTOR('',#16288,1.);
#16288 = DIRECTION('',(1.,0.,0.));
#16289 = PCURVE('',#16233,#16290);
#16290 = DEFINITIONAL_REPRESENTATION('',(#16291),#16295);
#16291 = LINE('',#16292,#16293);
#16292 = CARTESIAN_POINT('',(-6.28318530718,0.));
#16293 = VECTOR('',#16294,1.);
#16294 = DIRECTION('',(-0.,-1.));
#16295 = ( GEOMETRIC_REPRESENTATION_CONTEXT(2) 
PARAMETRIC_REPRESENTATION_CONTEXT() REPRESENTATION_CONTEXT('2D SPACE',''
  ) );
#16296 = PCURVE('',#16233,#16297);
#16297 = DEFINITIONAL_REPRESENTATION('',(#16298),#16302);
#16298 = LINE('',#16299,#16300);
#16299 = CARTESIAN_POINT('',(-0.,0.));
#16300 = VECTOR('',#16301,1.);
#16301 = DIRECTION('',(-0.,-1.));
#16302 = ( GEOMETRIC_REPRESENTATION_CONTEXT(2) 
PARAMETRIC_REPRESENTATION_CONTEXT() REPRESENTATION_CONTEXT('2D SPACE',''
  ) );
#16303 = ORIENTED_EDGE('',*,*,#16251,.F.);
#16304 = ORIENTED_EDGE('',*,*,#16283,.F.);
#16305 = ( GEOMETRIC_REPRESENTATION_CONTEXT(3) 
GLOBAL_UNCERTAINTY_ASSIGNED_CONTEXT((#16309)) 
GLOBAL_UNIT_ASSIGNED_CONTEXT((#16306,#16307,#16308)) 
REPRESENTATION_CONTEXT('Context #1',
  '3D Context with UNIT and UNCERTAINTY') );
#16306 = ( LENGTH_UNIT() NAMED_UNIT(*) SI_UNIT(.MILLI.,.METRE.) );
#16307 = ( NAMED_UNIT(*) PLANE_ANGLE_UNIT() SI_UNIT($,.RADIAN.) );
#16308 = ( NAMED_UNIT(*) SI_UNIT($,.STERADIAN.) SOLID_ANGLE_UNIT() );
#16309 = UNCERTAINTY_MEASURE_WITH_UNIT(LENGTH_MEASURE(1.E-07),#16306,
  'distance_accuracy_value','confusion accuracy');
#16310 = CONTEXT_DEPENDENT_SHAPE_REPRESENTATION(#16311,#16313);
#16311 = ( REPRESENTATION_RELATIONSHIP('','',#16114,#10) 
REPRESENTATION_RELATIONSHIP_WITH_TRANSFORMATION(#16312) 
SHAPE_REPRESENTATION_RELATIONSHIP() );
#16312 = ITEM_DEFINED_TRANSFORMATION('','',#11,#67);
#16313 = PRODUCT_DEFINITION_SHAPE('Placement','Placement of an item',
  #16314);
#16314 = NEXT_ASSEMBLY_USAGE_OCCURRENCE('14','P10-stop-ring','',#5,
  #16109,$);
#16315 = PRODUCT_RELATED_PRODUCT_CATEGORY('part',$,(#16111));
#16316 = SHAPE_DEFINITION_REPRESENTATION(#16317,#16323);
#16317 = PRODUCT_DEFINITION_SHAPE('','',#16318);
#16318 = PRODUCT_DEFINITION('design','',#16319,#16322);
#16319 = PRODUCT_DEFINITION_FORMATION('','',#16320);
#16320 = PRODUCT('P10-stop-ring-mirror','P10-stop-ring-mirror','',(
    #16321));
#16321 = PRODUCT_CONTEXT('',#2,'mechanical');
#16322 = PRODUCT_DEFINITION_CONTEXT('part definition',#2,'design');
#16323 = ADVANCED_BREP_SHAPE_REPRESENTATION('',(#11,#16324),#16514);
#16324 = MANIFOLD_SOLID_BREP('',#16325);
#16325 = CLOSED_SHELL('',(#16326,#16422,#16457,#16487));
#16326 = ADVANCED_FACE('',(#16327),#16341,.T.);
#16327 = FACE_BOUND('',#16328,.T.);
#16328 = EDGE_LOOP('',(#16329,#16359,#16390,#16391));
#16329 = ORIENTED_EDGE('',*,*,#16330,.T.);
#16330 = EDGE_CURVE('',#16331,#16333,#16335,.T.);
#16331 = VERTEX_POINT('',#16332);
#16332 = CARTESIAN_POINT('',(175.,24.9,-80.));
#16333 = VERTEX_POINT('',#16334);
#16334 = CARTESIAN_POINT('',(215.,24.9,-80.));
#16335 = SEAM_CURVE('',#16336,(#16340,#16352),.PCURVE_S1.);
#16336 = LINE('',#16337,#16338);
#16337 = CARTESIAN_POINT('',(175.,24.9,-80.));
#16338 = VECTOR('',#16339,1.);
#16339 = DIRECTION('',(1.,-0.,-0.));
#16340 = PCURVE('',#16341,#16346);
#16341 = CYLINDRICAL_SURFACE('',#16342,24.9);
#16342 = AXIS2_PLACEMENT_3D('',#16343,#16344,#16345);
#16343 = CARTESIAN_POINT('',(175.,0.,-80.));
#16344 = DIRECTION('',(-1.,-0.,0.));
#16345 = DIRECTION('',(-0.,1.,-0.));
#16346 = DEFINITIONAL_REPRESENTATION('',(#16347),#16351);
#16347 = LINE('',#16348,#16349);
#16348 = CARTESIAN_POINT('',(0.,0.));
#16349 = VECTOR('',#16350,1.);
#16350 = DIRECTION('',(0.,-1.));
#16351 = ( GEOMETRIC_REPRESENTATION_CONTEXT(2) 
PARAMETRIC_REPRESENTATION_CONTEXT() REPRESENTATION_CONTEXT('2D SPACE',''
  ) );
#16352 = PCURVE('',#16341,#16353);
#16353 = DEFINITIONAL_REPRESENTATION('',(#16354),#16358);
#16354 = LINE('',#16355,#16356);
#16355 = CARTESIAN_POINT('',(6.28318530718,0.));
#16356 = VECTOR('',#16357,1.);
#16357 = DIRECTION('',(0.,-1.));
#16358 = ( GEOMETRIC_REPRESENTATION_CONTEXT(2) 
PARAMETRIC_REPRESENTATION_CONTEXT() REPRESENTATION_CONTEXT('2D SPACE',''
  ) );
#16359 = ORIENTED_EDGE('',*,*,#16360,.T.);
#16360 = EDGE_CURVE('',#16333,#16333,#16361,.T.);
#16361 = SURFACE_CURVE('',#16362,(#16367,#16374),.PCURVE_S1.);
#16362 = CIRCLE('',#16363,24.9);
#16363 = AXIS2_PLACEMENT_3D('',#16364,#16365,#16366);
#16364 = CARTESIAN_POINT('',(215.,0.,-80.));
#16365 = DIRECTION('',(-1.,0.,0.));
#16366 = DIRECTION('',(-0.,1.,-0.));
#16367 = PCURVE('',#16341,#16368);
#16368 = DEFINITIONAL_REPRESENTATION('',(#16369),#16373);
#16369 = LINE('',#16370,#16371);
#16370 = CARTESIAN_POINT('',(0.,-40.));
#16371 = VECTOR('',#16372,1.);
#16372 = DIRECTION('',(1.,0.));
#16373 = ( GEOMETRIC_REPRESENTATION_CONTEXT(2) 
PARAMETRIC_REPRESENTATION_CONTEXT() REPRESENTATION_CONTEXT('2D SPACE',''
  ) );
#16374 = PCURVE('',#16375,#16380);
#16375 = PLANE('',#16376);
#16376 = AXIS2_PLACEMENT_3D('',#16377,#16378,#16379);
#16377 = CARTESIAN_POINT('',(215.,0.,-80.));
#16378 = DIRECTION('',(1.,-0.,-0.));
#16379 = DIRECTION('',(0.,0.,1.));
#16380 = DEFINITIONAL_REPRESENTATION('',(#16381),#16389);
#16381 = ( BOUNDED_CURVE() B_SPLINE_CURVE(2,(#16382,#16383,#16384,#16385
    ,#16386,#16387,#16388),.UNSPECIFIED.,.T.,.F.) 
B_SPLINE_CURVE_WITH_KNOTS((1,2,2,2,2,1),(-2.094395102393,0.,
    2.094395102393,4.188790204786,6.28318530718,8.377580409573),
.UNSPECIFIED.) CURVE() GEOMETRIC_REPRESENTATION_ITEM() 
RATIONAL_B_SPLINE_CURVE((1.,0.5,1.,0.5,1.,0.5,1.)) REPRESENTATION_ITEM(
  '') );
#16382 = CARTESIAN_POINT('',(0.,-24.9));
#16383 = CARTESIAN_POINT('',(-43.12806510846,-24.9));
#16384 = CARTESIAN_POINT('',(-21.56403255423,12.45));
#16385 = CARTESIAN_POINT('',(-6.098741059754E-15,49.8));
#16386 = CARTESIAN_POINT('',(21.564032554233,12.45));
#16387 = CARTESIAN_POINT('',(43.128065108465,-24.9));
#16388 = CARTESIAN_POINT('',(0.,-24.9));
#16389 = ( GEOMETRIC_REPRESENTATION_CONTEXT(2) 
PARAMETRIC_REPRESENTATION_CONTEXT() REPRESENTATION_CONTEXT('2D SPACE',''
  ) );
#16390 = ORIENTED_EDGE('',*,*,#16330,.F.);
#16391 = ORIENTED_EDGE('',*,*,#16392,.F.);
#16392 = EDGE_CURVE('',#16331,#16331,#16393,.T.);
#16393 = SURFACE_CURVE('',#16394,(#16399,#16406),.PCURVE_S1.);
#16394 = CIRCLE('',#16395,24.9);
#16395 = AXIS2_PLACEMENT_3D('',#16396,#16397,#16398);
#16396 = CARTESIAN_POINT('',(175.,0.,-80.));
#16397 = DIRECTION('',(-1.,0.,0.));
#16398 = DIRECTION('',(-0.,1.,-0.));
#16399 = PCURVE('',#16341,#16400);
#16400 = DEFINITIONAL_REPRESENTATION('',(#16401),#16405);
#16401 = LINE('',#16402,#16403);
#16402 = CARTESIAN_POINT('',(0.,0.));
#16403 = VECTOR('',#16404,1.);
#16404 = DIRECTION('',(1.,0.));
#16405 = ( GEOMETRIC_REPRESENTATION_CONTEXT(2) 
PARAMETRIC_REPRESENTATION_CONTEXT() REPRESENTATION_CONTEXT('2D SPACE',''
  ) );
#16406 = PCURVE('',#16407,#16412);
#16407 = PLANE('',#16408);
#16408 = AXIS2_PLACEMENT_3D('',#16409,#16410,#16411);
#16409 = CARTESIAN_POINT('',(175.,0.,-80.));
#16410 = DIRECTION('',(1.,-0.,-0.));
#16411 = DIRECTION('',(0.,0.,1.));
#16412 = DEFINITIONAL_REPRESENTATION('',(#16413),#16421);
#16413 = ( BOUNDED_CURVE() B_SPLINE_CURVE(2,(#16414,#16415,#16416,#16417
    ,#16418,#16419,#16420),.UNSPECIFIED.,.T.,.F.) 
B_SPLINE_CURVE_WITH_KNOTS((1,2,2,2,2,1),(-2.094395102393,0.,
    2.094395102393,4.188790204786,6.28318530718,8.377580409573),
.UNSPECIFIED.) CURVE() GEOMETRIC_REPRESENTATION_ITEM() 
RATIONAL_B_SPLINE_CURVE((1.,0.5,1.,0.5,1.,0.5,1.)) REPRESENTATION_ITEM(
  '') );
#16414 = CARTESIAN_POINT('',(0.,-24.9));
#16415 = CARTESIAN_POINT('',(-43.12806510846,-24.9));
#16416 = CARTESIAN_POINT('',(-21.56403255423,12.45));
#16417 = CARTESIAN_POINT('',(-6.098741059754E-15,49.8));
#16418 = CARTESIAN_POINT('',(21.564032554233,12.45));
#16419 = CARTESIAN_POINT('',(43.128065108465,-24.9));
#16420 = CARTESIAN_POINT('',(0.,-24.9));
#16421 = ( GEOMETRIC_REPRESENTATION_CONTEXT(2) 
PARAMETRIC_REPRESENTATION_CONTEXT() REPRESENTATION_CONTEXT('2D SPACE',''
  ) );
#16422 = ADVANCED_FACE('',(#16423,#16426),#16407,.F.);
#16423 = FACE_BOUND('',#16424,.T.);
#16424 = EDGE_LOOP('',(#16425));
#16425 = ORIENTED_EDGE('',*,*,#16392,.T.);
#16426 = FACE_BOUND('',#16427,.T.);
#16427 = EDGE_LOOP('',(#16428));
#16428 = ORIENTED_EDGE('',*,*,#16429,.T.);
#16429 = EDGE_CURVE('',#16430,#16430,#16432,.T.);
#16430 = VERTEX_POINT('',#16431);
#16431 = CARTESIAN_POINT('',(175.,17.,-80.));
#16432 = SURFACE_CURVE('',#16433,(#16438,#16445),.PCURVE_S1.);
#16433 = CIRCLE('',#16434,17.);
#16434 = AXIS2_PLACEMENT_3D('',#16435,#16436,#16437);
#16435 = CARTESIAN_POINT('',(175.,0.,-80.));
#16436 = DIRECTION('',(1.,0.,0.));
#16437 = DIRECTION('',(-0.,1.,-0.));
#16438 = PCURVE('',#16407,#16439);
#16439 = DEFINITIONAL_REPRESENTATION('',(#16440),#16444);
#16440 = CIRCLE('',#16441,17.);
#16441 = AXIS2_PLACEMENT_2D('',#16442,#16443);
#16442 = CARTESIAN_POINT('',(0.,0.));
#16443 = DIRECTION('',(-0.,-1.));
#16444 = ( GEOMETRIC_REPRESENTATION_CONTEXT(2) 
PARAMETRIC_REPRESENTATION_CONTEXT() REPRESENTATION_CONTEXT('2D SPACE',''
  ) );
#16445 = PCURVE('',#16446,#16451);
#16446 = CYLINDRICAL_SURFACE('',#16447,17.);
#16447 = AXIS2_PLACEMENT_3D('',#16448,#16449,#16450);
#16448 = CARTESIAN_POINT('',(174.,0.,-80.));
#16449 = DIRECTION('',(-1.,-0.,0.));
#16450 = DIRECTION('',(-0.,1.,-0.));
#16451 = DEFINITIONAL_REPRESENTATION('',(#16452),#16456);
#16452 = LINE('',#16453,#16454);
#16453 = CARTESIAN_POINT('',(6.28318530718,-1.));
#16454 = VECTOR('',#16455,1.);
#16455 = DIRECTION('',(-1.,0.));
#16456 = ( GEOMETRIC_REPRESENTATION_CONTEXT(2) 
PARAMETRIC_REPRESENTATION_CONTEXT() REPRESENTATION_CONTEXT('2D SPACE',''
  ) );
#16457 = ADVANCED_FACE('',(#16458,#16461),#16375,.T.);
#16458 = FACE_BOUND('',#16459,.F.);
#16459 = EDGE_LOOP('',(#16460));
#16460 = ORIENTED_EDGE('',*,*,#16360,.T.);
#16461 = FACE_BOUND('',#16462,.F.);
#16462 = EDGE_LOOP('',(#16463));
#16463 = ORIENTED_EDGE('',*,*,#16464,.T.);
#16464 = EDGE_CURVE('',#16465,#16465,#16467,.T.);
#16465 = VERTEX_POINT('',#16466);
#16466 = CARTESIAN_POINT('',(215.,17.,-80.));
#16467 = SURFACE_CURVE('',#16468,(#16473,#16480),.PCURVE_S1.);
#16468 = CIRCLE('',#16469,17.);
#16469 = AXIS2_PLACEMENT_3D('',#16470,#16471,#16472);
#16470 = CARTESIAN_POINT('',(215.,0.,-80.));
#16471 = DIRECTION('',(1.,0.,0.));
#16472 = DIRECTION('',(-0.,1.,-0.));
#16473 = PCURVE('',#16375,#16474);
#16474 = DEFINITIONAL_REPRESENTATION('',(#16475),#16479);
#16475 = CIRCLE('',#16476,17.);
#16476 = AXIS2_PLACEMENT_2D('',#16477,#16478);
#16477 = CARTESIAN_POINT('',(0.,0.));
#16478 = DIRECTION('',(-0.,-1.));
#16479 = ( GEOMETRIC_REPRESENTATION_CONTEXT(2) 
PARAMETRIC_REPRESENTATION_CONTEXT() REPRESENTATION_CONTEXT('2D SPACE',''
  ) );
#16480 = PCURVE('',#16446,#16481);
#16481 = DEFINITIONAL_REPRESENTATION('',(#16482),#16486);
#16482 = LINE('',#16483,#16484);
#16483 = CARTESIAN_POINT('',(6.28318530718,-41.));
#16484 = VECTOR('',#16485,1.);
#16485 = DIRECTION('',(-1.,0.));
#16486 = ( GEOMETRIC_REPRESENTATION_CONTEXT(2) 
PARAMETRIC_REPRESENTATION_CONTEXT() REPRESENTATION_CONTEXT('2D SPACE',''
  ) );
#16487 = ADVANCED_FACE('',(#16488),#16446,.F.);
#16488 = FACE_BOUND('',#16489,.F.);
#16489 = EDGE_LOOP('',(#16490,#16491,#16512,#16513));
#16490 = ORIENTED_EDGE('',*,*,#16429,.T.);
#16491 = ORIENTED_EDGE('',*,*,#16492,.T.);
#16492 = EDGE_CURVE('',#16430,#16465,#16493,.T.);
#16493 = SEAM_CURVE('',#16494,(#16498,#16505),.PCURVE_S1.);
#16494 = LINE('',#16495,#16496);
#16495 = CARTESIAN_POINT('',(174.,17.,-80.));
#16496 = VECTOR('',#16497,1.);
#16497 = DIRECTION('',(1.,-0.,-0.));
#16498 = PCURVE('',#16446,#16499);
#16499 = DEFINITIONAL_REPRESENTATION('',(#16500),#16504);
#16500 = LINE('',#16501,#16502);
#16501 = CARTESIAN_POINT('',(6.28318530718,0.));
#16502 = VECTOR('',#16503,1.);
#16503 = DIRECTION('',(0.,-1.));
#16504 = ( GEOMETRIC_REPRESENTATION_CONTEXT(2) 
PARAMETRIC_REPRESENTATION_CONTEXT() REPRESENTATION_CONTEXT('2D SPACE',''
  ) );
#16505 = PCURVE('',#16446,#16506);
#16506 = DEFINITIONAL_REPRESENTATION('',(#16507),#16511);
#16507 = LINE('',#16508,#16509);
#16508 = CARTESIAN_POINT('',(0.,0.));
#16509 = VECTOR('',#16510,1.);
#16510 = DIRECTION('',(0.,-1.));
#16511 = ( GEOMETRIC_REPRESENTATION_CONTEXT(2) 
PARAMETRIC_REPRESENTATION_CONTEXT() REPRESENTATION_CONTEXT('2D SPACE',''
  ) );
#16512 = ORIENTED_EDGE('',*,*,#16464,.F.);
#16513 = ORIENTED_EDGE('',*,*,#16492,.F.);
#16514 = ( GEOMETRIC_REPRESENTATION_CONTEXT(3) 
GLOBAL_UNCERTAINTY_ASSIGNED_CONTEXT((#16518)) 
GLOBAL_UNIT_ASSIGNED_CONTEXT((#16515,#16516,#16517)) 
REPRESENTATION_CONTEXT('Context #1',
  '3D Context with UNIT and UNCERTAINTY') );
#16515 = ( LENGTH_UNIT() NAMED_UNIT(*) SI_UNIT(.MILLI.,.METRE.) );
#16516 = ( NAMED_UNIT(*) PLANE_ANGLE_UNIT() SI_UNIT($,.RADIAN.) );
#16517 = ( NAMED_UNIT(*) SI_UNIT($,.STERADIAN.) SOLID_ANGLE_UNIT() );
#16518 = UNCERTAINTY_MEASURE_WITH_UNIT(LENGTH_MEASURE(1.E-07),#16515,
  'distance_accuracy_value','confusion accuracy');
#16519 = CONTEXT_DEPENDENT_SHAPE_REPRESENTATION(#16520,#16522);
#16520 = ( REPRESENTATION_RELATIONSHIP('','',#16323,#10) 
REPRESENTATION_RELATIONSHIP_WITH_TRANSFORMATION(#16521) 
SHAPE_REPRESENTATION_RELATIONSHIP() );
#16521 = ITEM_DEFINED_TRANSFORMATION('','',#11,#71);
#16522 = PRODUCT_DEFINITION_SHAPE('Placement','Placement of an item',
  #16523);
#16523 = NEXT_ASSEMBLY_USAGE_OCCURRENCE('15','P10-stop-ring-mirror','',
  #5,#16318,$);
#16524 = PRODUCT_RELATED_PRODUCT_CATEGORY('part',$,(#16320));
ENDSEC;
END-ISO-10303-21;
